family	rung	repeat	fold	metric	value	note
anchor_lda4	60	1	0	val_logloss	0.11284696306433994	
anchor_lda4	60	1	0	val_auc	1.0	
anchor_lda4	60	1	0	val_pr_auc	1.0	
anchor_lda4	60	1	0	val_accuracy	0.95	
anchor_lda4	60	1	0	val_f1	0.9473684210526315	
anchor_lda4	60	1	0	cal_intercept	-255.30957522118	
anchor_lda4	60	1	0	cal_slope	181.31260254175552	
anchor_lda4	60	1	1	val_logloss	0.07210095432787904	
anchor_lda4	60	1	1	val_auc	1.0	
anchor_lda4	60	1	1	val_pr_auc	0.9999999999999999	
anchor_lda4	60	1	1	val_accuracy	1.0	
anchor_lda4	60	1	1	val_f1	1.0	
anchor_lda4	60	1	1	cal_intercept	-3.5920334168503936	
anchor_lda4	60	1	1	cal_slope	13.588357168924968	
anchor_lda4	60	1	2	val_logloss	0.08769523273743947	
anchor_lda4	60	1	2	val_auc	1.0	
anchor_lda4	60	1	2	val_pr_auc	0.9999999999999999	
anchor_lda4	60	1	2	val_accuracy	0.9	
anchor_lda4	60	1	2	val_f1	0.9090909090909091	
anchor_lda4	60	1	2	cal_intercept	-10.350323171175878	
anchor_lda4	60	1	2	cal_slope	6.568598385582198	
anchor_lda4	60	1	3	val_logloss	0.037234591975505764	
anchor_lda4	60	1	3	val_auc	1.0	
anchor_lda4	60	1	3	val_pr_auc	0.9999999999999999	
anchor_lda4	60	1	3	val_accuracy	1.0	
anchor_lda4	60	1	3	val_f1	1.0	
anchor_lda4	60	1	3	cal_intercept	1.585122274724068	
anchor_lda4	60	1	3	cal_slope	6.077366044835009	
anchor_lda4	60	2	0	val_logloss	0.3014484150297596	
anchor_lda4	60	2	0	val_auc	0.99	
anchor_lda4	60	2	0	val_pr_auc	0.9909090909090909	
anchor_lda4	60	2	0	val_accuracy	0.9	
anchor_lda4	60	2	0	val_f1	0.9090909090909091	
anchor_lda4	60	2	0	cal_intercept	-2.772659874663144	
anchor_lda4	60	2	0	cal_slope	1.0004112962260658	
anchor_lda4	60	2	1	val_logloss	0.016783704265823124	
anchor_lda4	60	2	1	val_auc	1.0	
anchor_lda4	60	2	1	val_pr_auc	1.0000000000000002	
anchor_lda4	60	2	1	val_accuracy	1.0	
anchor_lda4	60	2	1	val_f1	1.0	
anchor_lda4	60	2	1	cal_intercept	-3.103113315155105	
anchor_lda4	60	2	1	cal_slope	3.5610426877517014	
anchor_lda4	60	2	2	val_logloss	0.3625991384871437	
anchor_lda4	60	2	2	val_auc	1.0	
anchor_lda4	60	2	2	val_pr_auc	0.9999999999999999	
anchor_lda4	60	2	2	val_accuracy	0.85	
anchor_lda4	60	2	2	val_f1	0.8235294117647058	
anchor_lda4	60	2	2	cal_intercept	29.681439766188873	
anchor_lda4	60	2	2	cal_slope	9.29764278771299	
anchor_lda4	60	2	3	val_logloss	0.020127162068191765	
anchor_lda4	60	2	3	val_auc	1.0	
anchor_lda4	60	2	3	val_pr_auc	0.9999999999999999	
anchor_lda4	60	2	3	val_accuracy	1.0	
anchor_lda4	60	2	3	val_f1	1.0	
anchor_lda4	60	2	3	cal_intercept	1.330398683082963	
anchor_lda4	60	2	3	cal_slope	3.728692184742587	
anchor_lda4	60	3	0	val_logloss	0.019887799565849035	
anchor_lda4	60	3	0	val_auc	1.0	
anchor_lda4	60	3	0	val_pr_auc	0.9999999999999999	
anchor_lda4	60	3	0	val_accuracy	1.0	
anchor_lda4	60	3	0	val_f1	1.0	
anchor_lda4	60	3	0	cal_intercept	2.4052878246756975	
anchor_lda4	60	3	0	cal_slope	3.724650284727614	
anchor_lda4	60	3	1	val_logloss	0.07133165017859121	
anchor_lda4	60	3	1	val_auc	1.0	
anchor_lda4	60	3	1	val_pr_auc	0.9999999999999999	
anchor_lda4	60	3	1	val_accuracy	0.95	
anchor_lda4	60	3	1	val_f1	0.9473684210526315	
anchor_lda4	60	3	1	cal_intercept	7.24888606858887	
anchor_lda4	60	3	1	cal_slope	4.632764284612363	
anchor_lda4	60	3	2	val_logloss	0.17697517128304135	
anchor_lda4	60	3	2	val_auc	0.98	
anchor_lda4	60	3	2	val_pr_auc	0.9809090909090908	
anchor_lda4	60	3	2	val_accuracy	0.95	
anchor_lda4	60	3	2	val_f1	0.9523809523809523	
anchor_lda4	60	3	2	cal_intercept	-0.4769517632460456	
anchor_lda4	60	3	2	cal_slope	0.5925253625015525	
anchor_lda4	60	3	3	val_logloss	0.13424631902798848	
anchor_lda4	60	3	3	val_auc	1.0	
anchor_lda4	60	3	3	val_pr_auc	1.0000000000000002	
anchor_lda4	60	3	3	val_accuracy	0.9	
anchor_lda4	60	3	3	val_f1	0.9	
anchor_lda4	60	3	3	cal_intercept	-8.977260556801061	
anchor_lda4	60	3	3	cal_slope	7.541421848574065	
anchor_lda4	60	4	0	val_logloss	0.07748795962925528	
anchor_lda4	60	4	0	val_auc	1.0	
anchor_lda4	60	4	0	val_pr_auc	1.0	
anchor_lda4	60	4	0	val_accuracy	0.95	
anchor_lda4	60	4	0	val_f1	0.9473684210526315	
anchor_lda4	60	4	0	cal_intercept	-10.783707678015999	
anchor_lda4	60	4	0	cal_slope	10.698806786221095	
anchor_lda4	60	4	1	val_logloss	0.04757572594016652	
anchor_lda4	60	4	1	val_auc	1.0	
anchor_lda4	60	4	1	val_pr_auc	0.9999999999999999	
anchor_lda4	60	4	1	val_accuracy	0.95	
anchor_lda4	60	4	1	val_f1	0.9523809523809523	
anchor_lda4	60	4	1	cal_intercept	-7.767707487323579	
anchor_lda4	60	4	1	cal_slope	9.286058224431095	
anchor_lda4	60	4	2	val_logloss	0.16971833931238683	
anchor_lda4	60	4	2	val_auc	0.98	
anchor_lda4	60	4	2	val_pr_auc	0.9809090909090908	
anchor_lda4	60	4	2	val_accuracy	0.95	
anchor_lda4	60	4	2	val_f1	0.9523809523809523	
anchor_lda4	60	4	2	cal_intercept	-0.2706238952975153	
anchor_lda4	60	4	2	cal_slope	0.6661061196015801	
anchor_lda4	60	4	3	val_logloss	0.05705635110775079	
anchor_lda4	60	4	3	val_auc	1.0	
anchor_lda4	60	4	3	val_pr_auc	0.9999999999999999	
anchor_lda4	60	4	3	val_accuracy	1.0	
anchor_lda4	60	4	3	val_f1	1.0	
anchor_lda4	60	4	3	cal_intercept	-5.429224960377812	
anchor_lda4	60	4	3	cal_slope	7.060183706099588	
anchor_lda4	60	5	0	val_logloss	0.022877272243871295	
anchor_lda4	60	5	0	val_auc	1.0	
anchor_lda4	60	5	0	val_pr_auc	0.9999999999999999	
anchor_lda4	60	5	0	val_accuracy	1.0	
anchor_lda4	60	5	0	val_f1	1.0	
anchor_lda4	60	5	0	cal_intercept	2.0548763492967144	
anchor_lda4	60	5	0	cal_slope	3.6328071215922715	
anchor_lda4	60	5	1	val_logloss	0.14589983203341525	
anchor_lda4	60	5	1	val_auc	1.0	
anchor_lda4	60	5	1	val_pr_auc	0.9999999999999999	
anchor_lda4	60	5	1	val_accuracy	0.9	
anchor_lda4	60	5	1	val_f1	0.9090909090909091	
anchor_lda4	60	5	1	cal_intercept	-21.1961879512073	
anchor_lda4	60	5	1	cal_slope	14.358633052682354	
anchor_lda4	60	5	2	val_logloss	0.20575099944967437	
anchor_lda4	60	5	2	val_auc	0.98	
anchor_lda4	60	5	2	val_pr_auc	0.9809090909090908	
anchor_lda4	60	5	2	val_accuracy	0.9	
anchor_lda4	60	5	2	val_f1	0.9090909090909091	
anchor_lda4	60	5	2	cal_intercept	-0.9502394684291642	
anchor_lda4	60	5	2	cal_slope	0.7701332048208016	
anchor_lda4	60	5	3	val_logloss	0.06179454180376108	
anchor_lda4	60	5	3	val_auc	1.0	
anchor_lda4	60	5	3	val_pr_auc	1.0000000000000002	
anchor_lda4	60	5	3	val_accuracy	1.0	
anchor_lda4	60	5	3	val_f1	1.0	
anchor_lda4	60	5	3	cal_intercept	4.909860883895493	
anchor_lda4	60	5	3	cal_slope	3.842357501188381	
anchor_lda4	60	6	0	val_logloss	0.028351699537332093	
anchor_lda4	60	6	0	val_auc	1.0	
anchor_lda4	60	6	0	val_pr_auc	1.0000000000000002	
anchor_lda4	60	6	0	val_accuracy	1.0	
anchor_lda4	60	6	0	val_f1	1.0	
anchor_lda4	60	6	0	cal_intercept	-1.2564825873339354	
anchor_lda4	60	6	0	cal_slope	4.69580589336144	
anchor_lda4	60	6	1	val_logloss	0.2836185156934912	
anchor_lda4	60	6	1	val_auc	0.99	
anchor_lda4	60	6	1	val_pr_auc	0.9909090909090909	
anchor_lda4	60	6	1	val_accuracy	0.85	
anchor_lda4	60	6	1	val_f1	0.8695652173913043	
anchor_lda4	60	6	1	cal_intercept	-1.9898060024257798	
anchor_lda4	60	6	1	cal_slope	0.7726360531430848	
anchor_lda4	60	6	2	val_logloss	0.026235256994020666	
anchor_lda4	60	6	2	val_auc	1.0	
anchor_lda4	60	6	2	val_pr_auc	0.9999999999999999	
anchor_lda4	60	6	2	val_accuracy	1.0	
anchor_lda4	60	6	2	val_f1	1.0	
anchor_lda4	60	6	2	cal_intercept	2.4305332335994967	
anchor_lda4	60	6	2	cal_slope	3.649580003837663	
anchor_lda4	60	6	3	val_logloss	0.11334701268611573	
anchor_lda4	60	6	3	val_auc	0.99	
anchor_lda4	60	6	3	val_pr_auc	0.9909090909090909	
anchor_lda4	60	6	3	val_accuracy	0.95	
anchor_lda4	60	6	3	val_f1	0.9523809523809523	
anchor_lda4	60	6	3	cal_intercept	-0.12175138671724797	
anchor_lda4	60	6	3	cal_slope	1.2916526297331714	
anchor_lda4	60	7	0	val_logloss	0.18234018739567534	
anchor_lda4	60	7	0	val_auc	0.98	
anchor_lda4	60	7	0	val_pr_auc	0.9809090909090908	
anchor_lda4	60	7	0	val_accuracy	0.95	
anchor_lda4	60	7	0	val_f1	0.9523809523809523	
anchor_lda4	60	7	0	cal_intercept	-1.2953984058581052	
anchor_lda4	60	7	0	cal_slope	0.7791260404522153	
anchor_lda4	60	7	1	val_logloss	0.042627629869051734	
anchor_lda4	60	7	1	val_auc	1.0	
anchor_lda4	60	7	1	val_pr_auc	0.9999999999999999	
anchor_lda4	60	7	1	val_accuracy	1.0	
anchor_lda4	60	7	1	val_f1	1.0	
anchor_lda4	60	7	1	cal_intercept	5.045315205927433	
anchor_lda4	60	7	1	cal_slope	3.4210010470865027	
anchor_lda4	60	7	2	val_logloss	0.07343427551458832	
anchor_lda4	60	7	2	val_auc	1.0	
anchor_lda4	60	7	2	val_pr_auc	0.9999999999999999	
anchor_lda4	60	7	2	val_accuracy	1.0	
anchor_lda4	60	7	2	val_f1	1.0	
anchor_lda4	60	7	2	cal_intercept	-5.911693542999578	
anchor_lda4	60	7	2	cal_slope	9.478787148103825	
anchor_lda4	60	7	3	val_logloss	0.08837548863985462	
anchor_lda4	60	7	3	val_auc	1.0	
anchor_lda4	60	7	3	val_pr_auc	1.0000000000000002	
anchor_lda4	60	7	3	val_accuracy	1.0	
anchor_lda4	60	7	3	val_f1	1.0	
anchor_lda4	60	7	3	cal_intercept	1.2748383605404214	
anchor_lda4	60	7	3	cal_slope	17.03957301675057	
anchor_lda4	60	8	0	val_logloss	0.027263905408884813	
anchor_lda4	60	8	0	val_auc	1.0	
anchor_lda4	60	8	0	val_pr_auc	0.9999999999999999	
anchor_lda4	60	8	0	val_accuracy	1.0	
anchor_lda4	60	8	0	val_f1	1.0	
anchor_lda4	60	8	0	cal_intercept	3.088717545082053	
anchor_lda4	60	8	0	cal_slope	4.2420519335594244	
anchor_lda4	60	8	1	val_logloss	0.08910984870533646	
anchor_lda4	60	8	1	val_auc	1.0	
anchor_lda4	60	8	1	val_pr_auc	0.9999999999999999	
anchor_lda4	60	8	1	val_accuracy	0.95	
anchor_lda4	60	8	1	val_f1	0.9473684210526315	
anchor_lda4	60	8	1	cal_intercept	14.872924905254258	
anchor_lda4	60	8	1	cal_slope	15.7969869028898	
anchor_lda4	60	8	2	val_logloss	0.21227465673020718	
anchor_lda4	60	8	2	val_auc	0.9797979797979798	
anchor_lda4	60	8	2	val_pr_auc	0.9765432098765434	
anchor_lda4	60	8	2	val_accuracy	0.95	
anchor_lda4	60	8	2	val_f1	0.9473684210526315	
anchor_lda4	60	8	2	cal_intercept	-0.7990304772339293	
anchor_lda4	60	8	2	cal_slope	0.6319666299649904	
anchor_lda4	60	8	3	val_logloss	0.08463853884935632	
anchor_lda4	60	8	3	val_auc	1.0	
anchor_lda4	60	8	3	val_pr_auc	0.9999999999999999	
anchor_lda4	60	8	3	val_accuracy	0.95	
anchor_lda4	60	8	3	val_f1	0.9523809523809523	
anchor_lda4	60	8	3	cal_intercept	-6.990748188732768	
anchor_lda4	60	8	3	cal_slope	15.778765506233952	
anchor_lda4	60	9	0	val_logloss	0.032255653271132126	
anchor_lda4	60	9	0	val_auc	1.0	
anchor_lda4	60	9	0	val_pr_auc	0.9999999999999999	
anchor_lda4	60	9	0	val_accuracy	1.0	
anchor_lda4	60	9	0	val_f1	1.0	
anchor_lda4	60	9	0	cal_intercept	-0.7451909309922474	
anchor_lda4	60	9	0	cal_slope	6.618425427375158	
anchor_lda4	60	9	1	val_logloss	0.385386046805691	
anchor_lda4	60	9	1	val_auc	0.9400000000000001	
anchor_lda4	60	9	1	val_pr_auc	0.941540404040404	
anchor_lda4	60	9	1	val_accuracy	0.8	
anchor_lda4	60	9	1	val_f1	0.8	
anchor_lda4	60	9	1	cal_intercept	0.4512034656220727	
anchor_lda4	60	9	1	cal_slope	0.4137561285494684	
anchor_lda4	60	9	2	val_logloss	0.10429334710468183	
anchor_lda4	60	9	2	val_auc	1.0	
anchor_lda4	60	9	2	val_pr_auc	0.9999999999999999	
anchor_lda4	60	9	2	val_accuracy	0.95	
anchor_lda4	60	9	2	val_f1	0.9523809523809523	
anchor_lda4	60	9	2	cal_intercept	-166.0904537237345	
anchor_lda4	60	9	2	cal_slope	111.37318077786425	
anchor_lda4	60	9	3	val_logloss	0.014299444798432015	
anchor_lda4	60	9	3	val_auc	1.0	
anchor_lda4	60	9	3	val_pr_auc	1.0000000000000002	
anchor_lda4	60	9	3	val_accuracy	1.0	
anchor_lda4	60	9	3	val_f1	1.0	
anchor_lda4	60	9	3	cal_intercept	0.40966259249774917	
anchor_lda4	60	9	3	cal_slope	3.4935384026455107	
anchor_lda4	60	10	0	val_logloss	0.03466290736019044	
anchor_lda4	60	10	0	val_auc	1.0	
anchor_lda4	60	10	0	val_pr_auc	0.9999999999999999	
anchor_lda4	60	10	0	val_accuracy	1.0	
anchor_lda4	60	10	0	val_f1	1.0	
anchor_lda4	60	10	0	cal_intercept	3.6659589819557548	
anchor_lda4	60	10	0	cal_slope	4.021627534202893	
anchor_lda4	60	10	1	val_logloss	0.010767693232133236	
anchor_lda4	60	10	1	val_auc	1.0	
anchor_lda4	60	10	1	val_pr_auc	0.9999999999999999	
anchor_lda4	60	10	1	val_accuracy	1.0	
anchor_lda4	60	10	1	val_f1	1.0	
anchor_lda4	60	10	1	cal_intercept	0.8899445018658205	
anchor_lda4	60	10	1	cal_slope	2.8291473078547793	
anchor_lda4	60	10	2	val_logloss	0.08575151607609399	
anchor_lda4	60	10	2	val_auc	1.0	
anchor_lda4	60	10	2	val_pr_auc	0.9999999999999999	
anchor_lda4	60	10	2	val_accuracy	1.0	
anchor_lda4	60	10	2	val_f1	1.0	
anchor_lda4	60	10	2	cal_intercept	1.908065823850781	
anchor_lda4	60	10	2	cal_slope	21.483525112225937	
anchor_lda4	60	10	3	val_logloss	0.2932199460262232	
anchor_lda4	60	10	3	val_auc	1.0	
anchor_lda4	60	10	3	val_pr_auc	1.0000000000000002	
anchor_lda4	60	10	3	val_accuracy	0.9	
anchor_lda4	60	10	3	val_f1	0.9	
anchor_lda4	60	10	3	cal_intercept	-198.14837590917884	
anchor_lda4	60	10	3	cal_slope	57.21710098318518	
anchor_lda4	45	1	0	val_logloss	0.15544894662014058	
anchor_lda4	45	1	0	val_auc	0.9797979797979798	
anchor_lda4	45	1	0	val_pr_auc	0.9765432098765432	
anchor_lda4	45	1	0	val_accuracy	0.95	
anchor_lda4	45	1	0	val_f1	0.9473684210526315	
anchor_lda4	45	1	0	cal_intercept	-1.5148489528556512	
anchor_lda4	45	1	0	cal_slope	1.0150114546784395	
anchor_lda4	45	1	1	val_logloss	0.08156238514437958	
anchor_lda4	45	1	1	val_auc	1.0	
anchor_lda4	45	1	1	val_pr_auc	0.9999999999999999	
anchor_lda4	45	1	1	val_accuracy	1.0	
anchor_lda4	45	1	1	val_f1	1.0	
anchor_lda4	45	1	1	cal_intercept	-5.8307354616697475	
anchor_lda4	45	1	1	cal_slope	21.34163163039497	
anchor_lda4	45	1	2	val_logloss	0.07835047722551003	
anchor_lda4	45	1	2	val_auc	1.0	
anchor_lda4	45	1	2	val_pr_auc	0.9999999999999999	
anchor_lda4	45	1	2	val_accuracy	0.95	
anchor_lda4	45	1	2	val_f1	0.9523809523809523	
anchor_lda4	45	1	2	cal_intercept	-9.774370721314794	
anchor_lda4	45	1	2	cal_slope	5.04114324304092	
anchor_lda4	45	1	3	val_logloss	0.04932167965933615	
anchor_lda4	45	1	3	val_auc	1.0	
anchor_lda4	45	1	3	val_pr_auc	0.9999999999999999	
anchor_lda4	45	1	3	val_accuracy	1.0	
anchor_lda4	45	1	3	val_f1	1.0	
anchor_lda4	45	1	3	cal_intercept	2.5220301982289888	
anchor_lda4	45	1	3	cal_slope	8.23157676649554	
anchor_lda4	45	2	0	val_logloss	0.34920464731968703	
anchor_lda4	45	2	0	val_auc	0.98	
anchor_lda4	45	2	0	val_pr_auc	0.9809090909090908	
anchor_lda4	45	2	0	val_accuracy	0.9	
anchor_lda4	45	2	0	val_f1	0.9090909090909091	
anchor_lda4	45	2	0	cal_intercept	-3.0117528709672583	
anchor_lda4	45	2	0	cal_slope	1.0041965305421743	
anchor_lda4	45	2	1	val_logloss	0.01885871455440188	
anchor_lda4	45	2	1	val_auc	1.0	
anchor_lda4	45	2	1	val_pr_auc	1.0000000000000002	
anchor_lda4	45	2	1	val_accuracy	1.0	
anchor_lda4	45	2	1	val_f1	1.0	
anchor_lda4	45	2	1	cal_intercept	-2.9567745779409442	
anchor_lda4	45	2	1	cal_slope	3.3769844211893982	
anchor_lda4	45	2	2	val_logloss	0.3549808826087798	
anchor_lda4	45	2	2	val_auc	0.9800000000000001	
anchor_lda4	45	2	2	val_pr_auc	0.9833333333333333	
anchor_lda4	45	2	2	val_accuracy	0.85	
anchor_lda4	45	2	2	val_f1	0.8235294117647058	
anchor_lda4	45	2	2	cal_intercept	1.6570017077268333	
anchor_lda4	45	2	2	cal_slope	0.6519171574719104	
anchor_lda4	45	2	3	val_logloss	0.013970631852481753	
anchor_lda4	45	2	3	val_auc	1.0	
anchor_lda4	45	2	3	val_pr_auc	0.9999999999999999	
anchor_lda4	45	2	3	val_accuracy	1.0	
anchor_lda4	45	2	3	val_f1	1.0	
anchor_lda4	45	2	3	cal_intercept	1.1356722696840311	
anchor_lda4	45	2	3	cal_slope	3.435876146451786	
anchor_lda4	45	3	0	val_logloss	0.020441576867584833	
anchor_lda4	45	3	0	val_auc	1.0	
anchor_lda4	45	3	0	val_pr_auc	0.9999999999999999	
anchor_lda4	45	3	0	val_accuracy	1.0	
anchor_lda4	45	3	0	val_f1	1.0	
anchor_lda4	45	3	0	cal_intercept	1.5631078201735995	
anchor_lda4	45	3	0	cal_slope	4.028460062942764	
anchor_lda4	45	3	1	val_logloss	0.05197785004517218	
anchor_lda4	45	3	1	val_auc	1.0	
anchor_lda4	45	3	1	val_pr_auc	0.9999999999999999	
anchor_lda4	45	3	1	val_accuracy	1.0	
anchor_lda4	45	3	1	val_f1	1.0	
anchor_lda4	45	3	1	cal_intercept	4.145142780703917	
anchor_lda4	45	3	1	cal_slope	4.605622187701011	
anchor_lda4	45	3	2	val_logloss	0.15227073368901306	
anchor_lda4	45	3	2	val_auc	0.98	
anchor_lda4	45	3	2	val_pr_auc	0.9809090909090908	
anchor_lda4	45	3	2	val_accuracy	0.95	
anchor_lda4	45	3	2	val_f1	0.9523809523809523	
anchor_lda4	45	3	2	cal_intercept	-0.3164566477856188	
anchor_lda4	45	3	2	cal_slope	0.6854142265629207	
anchor_lda4	45	3	3	val_logloss	0.14332947443828464	
anchor_lda4	45	3	3	val_auc	1.0	
anchor_lda4	45	3	3	val_pr_auc	1.0000000000000002	
anchor_lda4	45	3	3	val_accuracy	0.9	
anchor_lda4	45	3	3	val_f1	0.9	
anchor_lda4	45	3	3	cal_intercept	-7.883942801931004	
anchor_lda4	45	3	3	cal_slope	8.533295352468768	
anchor_lda4	45	4	0	val_logloss	0.08357449061191527	
anchor_lda4	45	4	0	val_auc	1.0	
anchor_lda4	45	4	0	val_pr_auc	1.0	
anchor_lda4	45	4	0	val_accuracy	0.95	
anchor_lda4	45	4	0	val_f1	0.9473684210526315	
anchor_lda4	45	4	0	cal_intercept	-12.152561400589963	
anchor_lda4	45	4	0	cal_slope	8.458955010053959	
anchor_lda4	45	4	1	val_logloss	0.1127417079648704	
anchor_lda4	45	4	1	val_auc	1.0	
anchor_lda4	45	4	1	val_pr_auc	0.9999999999999999	
anchor_lda4	45	4	1	val_accuracy	0.95	
anchor_lda4	45	4	1	val_f1	0.9523809523809523	
anchor_lda4	45	4	1	cal_intercept	-40.43395802200384	
anchor_lda4	45	4	1	cal_slope	15.569514341003256	
anchor_lda4	45	4	2	val_logloss	0.15780449273258318	
anchor_lda4	45	4	2	val_auc	0.98	
anchor_lda4	45	4	2	val_pr_auc	0.9809090909090908	
anchor_lda4	45	4	2	val_accuracy	0.95	
anchor_lda4	45	4	2	val_f1	0.9523809523809523	
anchor_lda4	45	4	2	cal_intercept	-0.14085635680659248	
anchor_lda4	45	4	2	cal_slope	0.7300145480962587	
anchor_lda4	45	4	3	val_logloss	0.061683396781176084	
anchor_lda4	45	4	3	val_auc	1.0	
anchor_lda4	45	4	3	val_pr_auc	0.9999999999999999	
anchor_lda4	45	4	3	val_accuracy	1.0	
anchor_lda4	45	4	3	val_f1	1.0	
anchor_lda4	45	4	3	cal_intercept	-3.605367671580406	
anchor_lda4	45	4	3	cal_slope	8.924864743540992	
anchor_lda4	45	5	0	val_logloss	0.08513515104267703	
anchor_lda4	45	5	0	val_auc	1.0	
anchor_lda4	45	5	0	val_pr_auc	0.9999999999999999	
anchor_lda4	45	5	0	val_accuracy	0.95	
anchor_lda4	45	5	0	val_f1	0.9473684210526315	
anchor_lda4	45	5	0	cal_intercept	13.600042531522652	
anchor_lda4	45	5	0	cal_slope	4.4533465394790905	
anchor_lda4	45	5	1	val_logloss	0.11302884444043652	
anchor_lda4	45	5	1	val_auc	1.0	
anchor_lda4	45	5	1	val_pr_auc	0.9999999999999999	
anchor_lda4	45	5	1	val_accuracy	0.9	
anchor_lda4	45	5	1	val_f1	0.9090909090909091	
anchor_lda4	45	5	1	cal_intercept	-9.080505816482107	
anchor_lda4	45	5	1	cal_slope	10.09269387938089	
anchor_lda4	45	5	2	val_logloss	0.18493684660560308	
anchor_lda4	45	5	2	val_auc	0.98	
anchor_lda4	45	5	2	val_pr_auc	0.9809090909090908	
anchor_lda4	45	5	2	val_accuracy	0.95	
anchor_lda4	45	5	2	val_f1	0.9523809523809523	
anchor_lda4	45	5	2	cal_intercept	-0.9356177780517246	
anchor_lda4	45	5	2	cal_slope	0.8281196243741508	
anchor_lda4	45	5	3	val_logloss	0.07795061433169284	
anchor_lda4	45	5	3	val_auc	1.0	
anchor_lda4	45	5	3	val_pr_auc	1.0000000000000002	
anchor_lda4	45	5	3	val_accuracy	1.0	
anchor_lda4	45	5	3	val_f1	1.0	
anchor_lda4	45	5	3	cal_intercept	6.7593253118185315	
anchor_lda4	45	5	3	cal_slope	4.060839724002221	
anchor_lda4	45	6	0	val_logloss	0.02372828831375442	
anchor_lda4	45	6	0	val_auc	1.0	
anchor_lda4	45	6	0	val_pr_auc	1.0000000000000002	
anchor_lda4	45	6	0	val_accuracy	1.0	
anchor_lda4	45	6	0	val_f1	1.0	
anchor_lda4	45	6	0	cal_intercept	-3.131408333707928	
anchor_lda4	45	6	0	cal_slope	4.114739905072318	
anchor_lda4	45	6	1	val_logloss	0.35431722232897034	
anchor_lda4	45	6	1	val_auc	0.9800000000000001	
anchor_lda4	45	6	1	val_pr_auc	0.9833333333333333	
anchor_lda4	45	6	1	val_accuracy	0.85	
anchor_lda4	45	6	1	val_f1	0.8695652173913043	
anchor_lda4	45	6	1	cal_intercept	-1.8626937804206953	
anchor_lda4	45	6	1	cal_slope	0.6620089543275286	
anchor_lda4	45	6	2	val_logloss	0.02660796196614635	
anchor_lda4	45	6	2	val_auc	1.0	
anchor_lda4	45	6	2	val_pr_auc	0.9999999999999999	
anchor_lda4	45	6	2	val_accuracy	1.0	
anchor_lda4	45	6	2	val_f1	1.0	
anchor_lda4	45	6	2	cal_intercept	2.1924695738528523	
anchor_lda4	45	6	2	cal_slope	3.6296957757996546	
anchor_lda4	45	6	3	val_logloss	0.13826911631177824	
anchor_lda4	45	6	3	val_auc	0.98	
anchor_lda4	45	6	3	val_pr_auc	0.9809090909090908	
anchor_lda4	45	6	3	val_accuracy	0.9	
anchor_lda4	45	6	3	val_f1	0.9	
anchor_lda4	45	6	3	cal_intercept	0.43805386064691304	
anchor_lda4	45	6	3	cal_slope	1.0695062806520677	
anchor_lda4	45	7	0	val_logloss	0.1758060404862864	
anchor_lda4	45	7	0	val_auc	0.98	
anchor_lda4	45	7	0	val_pr_auc	0.9809090909090908	
anchor_lda4	45	7	0	val_accuracy	0.95	
anchor_lda4	45	7	0	val_f1	0.9523809523809523	
anchor_lda4	45	7	0	cal_intercept	-1.260515174622337	
anchor_lda4	45	7	0	cal_slope	0.7632764049012092	
anchor_lda4	45	7	1	val_logloss	0.04041080654440378	
anchor_lda4	45	7	1	val_auc	1.0	
anchor_lda4	45	7	1	val_pr_auc	0.9999999999999999	
anchor_lda4	45	7	1	val_accuracy	1.0	
anchor_lda4	45	7	1	val_f1	1.0	
anchor_lda4	45	7	1	cal_intercept	3.0439707972354504	
anchor_lda4	45	7	1	cal_slope	3.8461888899417276	
anchor_lda4	45	7	2	val_logloss	0.1369799726270933	
anchor_lda4	45	7	2	val_auc	0.99	
anchor_lda4	45	7	2	val_pr_auc	0.9909090909090909	
anchor_lda4	45	7	2	val_accuracy	0.95	
anchor_lda4	45	7	2	val_f1	0.9523809523809523	
anchor_lda4	45	7	2	cal_intercept	-0.9789874787884987	
anchor_lda4	45	7	2	cal_slope	0.8510185466426123	
anchor_lda4	45	7	3	val_logloss	0.06997067667211293	
anchor_lda4	45	7	3	val_auc	1.0	
anchor_lda4	45	7	3	val_pr_auc	1.0000000000000002	
anchor_lda4	45	7	3	val_accuracy	0.95	
anchor_lda4	45	7	3	val_f1	0.9473684210526315	
anchor_lda4	45	7	3	cal_intercept	-6.79305167073642	
anchor_lda4	45	7	3	cal_slope	13.466613271499071	
anchor_lda4	45	8	0	val_logloss	0.019522919218149273	
anchor_lda4	45	8	0	val_auc	1.0	
anchor_lda4	45	8	0	val_pr_auc	0.9999999999999999	
anchor_lda4	45	8	0	val_accuracy	1.0	
anchor_lda4	45	8	0	val_f1	1.0	
anchor_lda4	45	8	0	cal_intercept	2.715983094634509	
anchor_lda4	45	8	0	cal_slope	3.7807861219049306	
anchor_lda4	45	8	1	val_logloss	0.06423058515682253	
anchor_lda4	45	8	1	val_auc	1.0	
anchor_lda4	45	8	1	val_pr_auc	0.9999999999999999	
anchor_lda4	45	8	1	val_accuracy	1.0	
anchor_lda4	45	8	1	val_f1	1.0	
anchor_lda4	45	8	1	cal_intercept	4.811765797107517	
anchor_lda4	45	8	1	cal_slope	11.171015800085707	
anchor_lda4	45	8	2	val_logloss	0.2310997847513113	
anchor_lda4	45	8	2	val_auc	0.9797979797979798	
anchor_lda4	45	8	2	val_pr_auc	0.9765432098765434	
anchor_lda4	45	8	2	val_accuracy	0.95	
anchor_lda4	45	8	2	val_f1	0.9473684210526315	
anchor_lda4	45	8	2	cal_intercept	-0.7859034451695361	
anchor_lda4	45	8	2	cal_slope	0.6045337044639938	
anchor_lda4	45	8	3	val_logloss	0.06581176324828904	
anchor_lda4	45	8	3	val_auc	1.0	
anchor_lda4	45	8	3	val_pr_auc	0.9999999999999999	
anchor_lda4	45	8	3	val_accuracy	1.0	
anchor_lda4	45	8	3	val_f1	1.0	
anchor_lda4	45	8	3	cal_intercept	0.6869754727273841	
anchor_lda4	45	8	3	cal_slope	13.461128467447553	
anchor_lda4	45	9	0	val_logloss	0.03997513350918391	
anchor_lda4	45	9	0	val_auc	1.0	
anchor_lda4	45	9	0	val_pr_auc	0.9999999999999999	
anchor_lda4	45	9	0	val_accuracy	1.0	
anchor_lda4	45	9	0	val_f1	1.0	
anchor_lda4	45	9	0	cal_intercept	-1.4674051212571497	
anchor_lda4	45	9	0	cal_slope	8.368376955333451	
anchor_lda4	45	9	1	val_logloss	0.4652638741566794	
anchor_lda4	45	9	1	val_auc	0.9199999999999999	
anchor_lda4	45	9	1	val_pr_auc	0.9283119658119657	
anchor_lda4	45	9	1	val_accuracy	0.85	
anchor_lda4	45	9	1	val_f1	0.8421052631578947	
anchor_lda4	45	9	1	cal_intercept	0.5779628961763116	
anchor_lda4	45	9	1	cal_slope	0.3881571953402191	
anchor_lda4	45	9	2	val_logloss	0.10853610613649937	
anchor_lda4	45	9	2	val_auc	0.99	
anchor_lda4	45	9	2	val_pr_auc	0.9909090909090909	
anchor_lda4	45	9	2	val_accuracy	0.95	
anchor_lda4	45	9	2	val_f1	0.9523809523809523	
anchor_lda4	45	9	2	cal_intercept	-1.396627395232213	
anchor_lda4	45	9	2	cal_slope	1.4755181697293414	
anchor_lda4	45	9	3	val_logloss	0.023063372083467336	
anchor_lda4	45	9	3	val_auc	1.0	
anchor_lda4	45	9	3	val_pr_auc	1.0000000000000002	
anchor_lda4	45	9	3	val_accuracy	1.0	
anchor_lda4	45	9	3	val_f1	1.0	
anchor_lda4	45	9	3	cal_intercept	0.8785792097851066	
anchor_lda4	45	9	3	cal_slope	3.6711195420440177	
anchor_lda4	45	10	0	val_logloss	0.020004650415954138	
anchor_lda4	45	10	0	val_auc	1.0	
anchor_lda4	45	10	0	val_pr_auc	0.9999999999999999	
anchor_lda4	45	10	0	val_accuracy	1.0	
anchor_lda4	45	10	0	val_f1	1.0	
anchor_lda4	45	10	0	cal_intercept	1.9717984768720442	
anchor_lda4	45	10	0	cal_slope	3.618582318783754	
anchor_lda4	45	10	1	val_logloss	0.009849249110946801	
anchor_lda4	45	10	1	val_auc	1.0	
anchor_lda4	45	10	1	val_pr_auc	0.9999999999999999	
anchor_lda4	45	10	1	val_accuracy	1.0	
anchor_lda4	45	10	1	val_f1	1.0	
anchor_lda4	45	10	1	cal_intercept	0.9094311690834063	
anchor_lda4	45	10	1	cal_slope	2.839594090165492	
anchor_lda4	45	10	2	val_logloss	0.14412088611816418	
anchor_lda4	45	10	2	val_auc	0.98	
anchor_lda4	45	10	2	val_pr_auc	0.9809090909090908	
anchor_lda4	45	10	2	val_accuracy	0.9	
anchor_lda4	45	10	2	val_f1	0.9	
anchor_lda4	45	10	2	cal_intercept	0.6113858651013172	
anchor_lda4	45	10	2	cal_slope	1.0317712311835108	
anchor_lda4	45	10	3	val_logloss	0.29170642811506575	
anchor_lda4	45	10	3	val_auc	0.9898989898989898	
anchor_lda4	45	10	3	val_pr_auc	0.9888888888888892	
anchor_lda4	45	10	3	val_accuracy	0.9	
anchor_lda4	45	10	3	val_f1	0.9	
anchor_lda4	45	10	3	cal_intercept	-6.185304219587234	
anchor_lda4	45	10	3	cal_slope	2.5479930378412208	
anchor_lda4	30	1	0	val_logloss	0.24299415157781185	
anchor_lda4	30	1	0	val_auc	0.9898989898989898	
anchor_lda4	30	1	0	val_pr_auc	0.9888888888888889	
anchor_lda4	30	1	0	val_accuracy	0.95	
anchor_lda4	30	1	0	val_f1	0.9473684210526315	
anchor_lda4	30	1	0	cal_intercept	-1.9403812450366593	
anchor_lda4	30	1	0	cal_slope	0.7453947148130268	
anchor_lda4	30	1	1	val_logloss	0.08150852183481926	
anchor_lda4	30	1	1	val_auc	1.0	
anchor_lda4	30	1	1	val_pr_auc	0.9999999999999999	
anchor_lda4	30	1	1	val_accuracy	1.0	
anchor_lda4	30	1	1	val_f1	1.0	
anchor_lda4	30	1	1	cal_intercept	2.560683702045725	
anchor_lda4	30	1	1	cal_slope	10.015004238887483	
anchor_lda4	30	1	2	val_logloss	0.05375603443414506	
anchor_lda4	30	1	2	val_auc	1.0	
anchor_lda4	30	1	2	val_pr_auc	0.9999999999999999	
anchor_lda4	30	1	2	val_accuracy	0.95	
anchor_lda4	30	1	2	val_f1	0.9523809523809523	
anchor_lda4	30	1	2	cal_intercept	-14.158512678890895	
anchor_lda4	30	1	2	cal_slope	4.509492895858219	
anchor_lda4	30	1	3	val_logloss	0.021945109043697324	
anchor_lda4	30	1	3	val_auc	1.0	
anchor_lda4	30	1	3	val_pr_auc	0.9999999999999999	
anchor_lda4	30	1	3	val_accuracy	1.0	
anchor_lda4	30	1	3	val_f1	1.0	
anchor_lda4	30	1	3	cal_intercept	1.606751023451475	
anchor_lda4	30	1	3	cal_slope	4.813409803660135	
anchor_lda4	30	2	0	val_logloss	0.24273314767579532	
anchor_lda4	30	2	0	val_auc	0.99	
anchor_lda4	30	2	0	val_pr_auc	0.9909090909090909	
anchor_lda4	30	2	0	val_accuracy	0.9	
anchor_lda4	30	2	0	val_f1	0.9090909090909091	
anchor_lda4	30	2	0	cal_intercept	-20.690879961589722	
anchor_lda4	30	2	0	cal_slope	10.778513550196736	
anchor_lda4	30	2	1	val_logloss	0.021720966716949435	
anchor_lda4	30	2	1	val_auc	1.0	
anchor_lda4	30	2	1	val_pr_auc	1.0000000000000002	
anchor_lda4	30	2	1	val_accuracy	1.0	
anchor_lda4	30	2	1	val_f1	1.0	
anchor_lda4	30	2	1	cal_intercept	-2.6622608372701926	
anchor_lda4	30	2	1	cal_slope	4.414992143594902	
anchor_lda4	30	2	2	val_logloss	0.41491387439856575	
anchor_lda4	30	2	2	val_auc	0.9400000000000001	
anchor_lda4	30	2	2	val_pr_auc	0.9532467532467531	
anchor_lda4	30	2	2	val_accuracy	0.9	
anchor_lda4	30	2	2	val_f1	0.8888888888888888	
anchor_lda4	30	2	2	cal_intercept	0.868606514395384	
anchor_lda4	30	2	2	cal_slope	0.5499469968246594	
anchor_lda4	30	2	3	val_logloss	0.008101638047269873	
anchor_lda4	30	2	3	val_auc	1.0	
anchor_lda4	30	2	3	val_pr_auc	0.9999999999999999	
anchor_lda4	30	2	3	val_accuracy	1.0	
anchor_lda4	30	2	3	val_f1	1.0	
anchor_lda4	30	2	3	cal_intercept	0.9603257144362238	
anchor_lda4	30	2	3	cal_slope	2.953387478704338	
anchor_lda4	30	3	0	val_logloss	0.04025532803599516	
anchor_lda4	30	3	0	val_auc	1.0	
anchor_lda4	30	3	0	val_pr_auc	0.9999999999999999	
anchor_lda4	30	3	0	val_accuracy	1.0	
anchor_lda4	30	3	0	val_f1	1.0	
anchor_lda4	30	3	0	cal_intercept	2.751173600481419	
anchor_lda4	30	3	0	cal_slope	4.913584639808401	
anchor_lda4	30	3	1	val_logloss	0.02207210248601511	
anchor_lda4	30	3	1	val_auc	1.0	
anchor_lda4	30	3	1	val_pr_auc	0.9999999999999999	
anchor_lda4	30	3	1	val_accuracy	1.0	
anchor_lda4	30	3	1	val_f1	1.0	
anchor_lda4	30	3	1	cal_intercept	2.5919769020628456	
anchor_lda4	30	3	1	cal_slope	3.6614635256992876	
anchor_lda4	30	3	2	val_logloss	0.18056179428803049	
anchor_lda4	30	3	2	val_auc	0.98	
anchor_lda4	30	3	2	val_pr_auc	0.9809090909090908	
anchor_lda4	30	3	2	val_accuracy	0.95	
anchor_lda4	30	3	2	val_f1	0.9523809523809523	
anchor_lda4	30	3	2	cal_intercept	-0.40665452474119884	
anchor_lda4	30	3	2	cal_slope	0.7964098700489645	
anchor_lda4	30	3	3	val_logloss	0.198090002963116	
anchor_lda4	30	3	3	val_auc	1.0	
anchor_lda4	30	3	3	val_pr_auc	1.0000000000000002	
anchor_lda4	30	3	3	val_accuracy	0.8	
anchor_lda4	30	3	3	val_f1	0.8181818181818182	
anchor_lda4	30	3	3	cal_intercept	-13.322308914071307	
anchor_lda4	30	3	3	cal_slope	8.416221252579291	
anchor_lda4	30	4	0	val_logloss	0.06727792572762674	
anchor_lda4	30	4	0	val_auc	1.0	
anchor_lda4	30	4	0	val_pr_auc	1.0000000000000002	
anchor_lda4	30	4	0	val_accuracy	1.0	
anchor_lda4	30	4	0	val_f1	1.0	
anchor_lda4	30	4	0	cal_intercept	3.716830260299469	
anchor_lda4	30	4	0	cal_slope	9.093087469101718	
anchor_lda4	30	4	1	val_logloss	0.08999533948358657	
anchor_lda4	30	4	1	val_auc	1.0	
anchor_lda4	30	4	1	val_pr_auc	0.9999999999999999	
anchor_lda4	30	4	1	val_accuracy	0.95	
anchor_lda4	30	4	1	val_f1	0.9523809523809523	
anchor_lda4	30	4	1	cal_intercept	-39.56404045216717	
anchor_lda4	30	4	1	cal_slope	23.162325150115414	
anchor_lda4	30	4	2	val_logloss	0.16857475760445512	
anchor_lda4	30	4	2	val_auc	0.98	
anchor_lda4	30	4	2	val_pr_auc	0.9809090909090908	
anchor_lda4	30	4	2	val_accuracy	0.95	
anchor_lda4	30	4	2	val_f1	0.9523809523809523	
anchor_lda4	30	4	2	cal_intercept	-0.4444314801361907	
anchor_lda4	30	4	2	cal_slope	0.6872770843791685	
anchor_lda4	30	4	3	val_logloss	0.01219922981441495	
anchor_lda4	30	4	3	val_auc	1.0	
anchor_lda4	30	4	3	val_pr_auc	0.9999999999999999	
anchor_lda4	30	4	3	val_accuracy	1.0	
anchor_lda4	30	4	3	val_f1	1.0	
anchor_lda4	30	4	3	cal_intercept	0.8942392335038861	
anchor_lda4	30	4	3	cal_slope	3.298022285968283	
anchor_lda4	30	5	0	val_logloss	0.07139413392976968	
anchor_lda4	30	5	0	val_auc	1.0	
anchor_lda4	30	5	0	val_pr_auc	0.9999999999999999	
anchor_lda4	30	5	0	val_accuracy	0.95	
anchor_lda4	30	5	0	val_f1	0.9473684210526315	
anchor_lda4	30	5	0	cal_intercept	7.731512041197915	
anchor_lda4	30	5	0	cal_slope	3.602791438591791	
anchor_lda4	30	5	1	val_logloss	0.08901093900461536	
anchor_lda4	30	5	1	val_auc	1.0	
anchor_lda4	30	5	1	val_pr_auc	0.9999999999999999	
anchor_lda4	30	5	1	val_accuracy	1.0	
anchor_lda4	30	5	1	val_f1	1.0	
anchor_lda4	30	5	1	cal_intercept	-5.754575907759669	
anchor_lda4	30	5	1	cal_slope	9.1752173789026	
anchor_lda4	30	5	2	val_logloss	0.13262174407056665	
anchor_lda4	30	5	2	val_auc	0.99	
anchor_lda4	30	5	2	val_pr_auc	0.9909090909090909	
anchor_lda4	30	5	2	val_accuracy	0.95	
anchor_lda4	30	5	2	val_f1	0.9523809523809523	
anchor_lda4	30	5	2	cal_intercept	-1.144742107690977	
anchor_lda4	30	5	2	cal_slope	1.256200489950819	
anchor_lda4	30	5	3	val_logloss	0.09182811315275964	
anchor_lda4	30	5	3	val_auc	1.0	
anchor_lda4	30	5	3	val_pr_auc	1.0000000000000002	
anchor_lda4	30	5	3	val_accuracy	0.95	
anchor_lda4	30	5	3	val_f1	0.9411764705882353	
anchor_lda4	30	5	3	cal_intercept	8.884123164863915	
anchor_lda4	30	5	3	cal_slope	5.431684379169931	
anchor_lda4	30	6	0	val_logloss	0.02566302379595991	
anchor_lda4	30	6	0	val_auc	1.0	
anchor_lda4	30	6	0	val_pr_auc	1.0000000000000002	
anchor_lda4	30	6	0	val_accuracy	1.0	
anchor_lda4	30	6	0	val_f1	1.0	
anchor_lda4	30	6	0	cal_intercept	-2.03100296418835	
anchor_lda4	30	6	0	cal_slope	3.9864389701335936	
anchor_lda4	30	6	1	val_logloss	0.38126034250962826	
anchor_lda4	30	6	1	val_auc	0.99	
anchor_lda4	30	6	1	val_pr_auc	0.9909090909090909	
anchor_lda4	30	6	1	val_accuracy	0.9	
anchor_lda4	30	6	1	val_f1	0.9090909090909091	
anchor_lda4	30	6	1	cal_intercept	-2.2575287779849904	
anchor_lda4	30	6	1	cal_slope	0.7155779209855215	
anchor_lda4	30	6	2	val_logloss	0.021910024332036624	
anchor_lda4	30	6	2	val_auc	1.0	
anchor_lda4	30	6	2	val_pr_auc	0.9999999999999999	
anchor_lda4	30	6	2	val_accuracy	1.0	
anchor_lda4	30	6	2	val_f1	1.0	
anchor_lda4	30	6	2	cal_intercept	1.7764031280295471	
anchor_lda4	30	6	2	cal_slope	3.5441303169046297	
anchor_lda4	30	6	3	val_logloss	0.18191597142566884	
anchor_lda4	30	6	3	val_auc	0.98	
anchor_lda4	30	6	3	val_pr_auc	0.9809090909090908	
anchor_lda4	30	6	3	val_accuracy	0.85	
anchor_lda4	30	6	3	val_f1	0.8421052631578947	
anchor_lda4	30	6	3	cal_intercept	0.9421425947726393	
anchor_lda4	30	6	3	cal_slope	1.1078140460390562	
anchor_lda4	30	7	0	val_logloss	0.2544907201016119	
anchor_lda4	30	7	0	val_auc	0.98	
anchor_lda4	30	7	0	val_pr_auc	0.9809090909090908	
anchor_lda4	30	7	0	val_accuracy	0.95	
anchor_lda4	30	7	0	val_f1	0.9523809523809523	
anchor_lda4	30	7	0	cal_intercept	-0.599985520087524	
anchor_lda4	30	7	0	cal_slope	0.4925184125750688	
anchor_lda4	30	7	1	val_logloss	0.09602197483531022	
anchor_lda4	30	7	1	val_auc	1.0	
anchor_lda4	30	7	1	val_pr_auc	0.9999999999999999	
anchor_lda4	30	7	1	val_accuracy	0.95	
anchor_lda4	30	7	1	val_f1	0.9473684210526315	
anchor_lda4	30	7	1	cal_intercept	13.305622227718343	
anchor_lda4	30	7	1	cal_slope	8.159234552995487	
anchor_lda4	30	7	2	val_logloss	0.1292863305321133	
anchor_lda4	30	7	2	val_auc	0.99	
anchor_lda4	30	7	2	val_pr_auc	0.9909090909090909	
anchor_lda4	30	7	2	val_accuracy	0.95	
anchor_lda4	30	7	2	val_f1	0.9523809523809523	
anchor_lda4	30	7	2	cal_intercept	-1.5073266312667957	
anchor_lda4	30	7	2	cal_slope	1.1035204468404167	
anchor_lda4	30	7	3	val_logloss	0.08224383427857201	
anchor_lda4	30	7	3	val_auc	1.0	
anchor_lda4	30	7	3	val_pr_auc	1.0000000000000002	
anchor_lda4	30	7	3	val_accuracy	0.95	
anchor_lda4	30	7	3	val_f1	0.9473684210526315	
anchor_lda4	30	7	3	cal_intercept	-295.14158185570835	
anchor_lda4	30	7	3	cal_slope	327.3183323328502	
anchor_lda4	30	8	0	val_logloss	0.02313626788345181	
anchor_lda4	30	8	0	val_auc	1.0	
anchor_lda4	30	8	0	val_pr_auc	0.9999999999999999	
anchor_lda4	30	8	0	val_accuracy	1.0	
anchor_lda4	30	8	0	val_f1	1.0	
anchor_lda4	30	8	0	cal_intercept	3.3516733974634594	
anchor_lda4	30	8	0	cal_slope	3.89691431801933	
anchor_lda4	30	8	1	val_logloss	0.04697141080050811	
anchor_lda4	30	8	1	val_auc	1.0	
anchor_lda4	30	8	1	val_pr_auc	0.9999999999999999	
anchor_lda4	30	8	1	val_accuracy	1.0	
anchor_lda4	30	8	1	val_f1	1.0	
anchor_lda4	30	8	1	cal_intercept	-0.4278560727617479	
anchor_lda4	30	8	1	cal_slope	5.8544236967744965	
anchor_lda4	30	8	2	val_logloss	0.3141780005559667	
anchor_lda4	30	8	2	val_auc	0.9696969696969697	
anchor_lda4	30	8	2	val_pr_auc	0.9626543209876546	
anchor_lda4	30	8	2	val_accuracy	0.9	
anchor_lda4	30	8	2	val_f1	0.9	
anchor_lda4	30	8	2	cal_intercept	-0.8623676539063763	
anchor_lda4	30	8	2	cal_slope	0.5103608864640451	
anchor_lda4	30	8	3	val_logloss	0.07990997516324197	
anchor_lda4	30	8	3	val_auc	1.0	
anchor_lda4	30	8	3	val_pr_auc	0.9999999999999999	
anchor_lda4	30	8	3	val_accuracy	0.95	
anchor_lda4	30	8	3	val_f1	0.9473684210526315	
anchor_lda4	30	8	3	cal_intercept	6.228829103164214	
anchor_lda4	30	8	3	cal_slope	20.366695445140934	
anchor_lda4	30	9	0	val_logloss	0.01771640299139341	
anchor_lda4	30	9	0	val_auc	1.0	
anchor_lda4	30	9	0	val_pr_auc	0.9999999999999999	
anchor_lda4	30	9	0	val_accuracy	1.0	
anchor_lda4	30	9	0	val_f1	1.0	
anchor_lda4	30	9	0	cal_intercept	-0.9471317026589512	
anchor_lda4	30	9	0	cal_slope	4.544181744866551	
anchor_lda4	30	9	1	val_logloss	0.4479375766531484	
anchor_lda4	30	9	1	val_auc	0.91	
anchor_lda4	30	9	1	val_pr_auc	0.9086435786435786	
anchor_lda4	30	9	1	val_accuracy	0.9	
anchor_lda4	30	9	1	val_f1	0.9090909090909091	
anchor_lda4	30	9	1	cal_intercept	-0.03536200804525785	
anchor_lda4	30	9	1	cal_slope	0.3423797893152573	
anchor_lda4	30	9	2	val_logloss	0.18502172277764037	
anchor_lda4	30	9	2	val_auc	0.99	
anchor_lda4	30	9	2	val_pr_auc	0.9909090909090909	
anchor_lda4	30	9	2	val_accuracy	0.95	
anchor_lda4	30	9	2	val_f1	0.9523809523809523	
anchor_lda4	30	9	2	cal_intercept	-9.752950699684744	
anchor_lda4	30	9	2	cal_slope	2.891898098117932	
anchor_lda4	30	9	3	val_logloss	0.02698313292292731	
anchor_lda4	30	9	3	val_auc	1.0	
anchor_lda4	30	9	3	val_pr_auc	1.0000000000000002	
anchor_lda4	30	9	3	val_accuracy	1.0	
anchor_lda4	30	9	3	val_f1	1.0	
anchor_lda4	30	9	3	cal_intercept	2.7280384556443376	
anchor_lda4	30	9	3	cal_slope	3.808321465664893	
anchor_lda4	30	10	0	val_logloss	0.08136929131451986	
anchor_lda4	30	10	0	val_auc	1.0	
anchor_lda4	30	10	0	val_pr_auc	0.9999999999999999	
anchor_lda4	30	10	0	val_accuracy	0.95	
anchor_lda4	30	10	0	val_f1	0.9473684210526315	
anchor_lda4	30	10	0	cal_intercept	11.569762946568757	
anchor_lda4	30	10	0	cal_slope	2.5935662780070676	
anchor_lda4	30	10	1	val_logloss	0.0025769933952364973	
anchor_lda4	30	10	1	val_auc	1.0	
anchor_lda4	30	10	1	val_pr_auc	0.9999999999999999	
anchor_lda4	30	10	1	val_accuracy	1.0	
anchor_lda4	30	10	1	val_f1	1.0	
anchor_lda4	30	10	1	cal_intercept	0.22371770035843977	
anchor_lda4	30	10	1	cal_slope	2.0981078264701982	
anchor_lda4	30	10	2	val_logloss	0.2703267297311649	
anchor_lda4	30	10	2	val_auc	0.98	
anchor_lda4	30	10	2	val_pr_auc	0.9809090909090908	
anchor_lda4	30	10	2	val_accuracy	0.85	
anchor_lda4	30	10	2	val_f1	0.8421052631578947	
anchor_lda4	30	10	2	cal_intercept	1.1125087238187361	
anchor_lda4	30	10	2	cal_slope	0.5384347542670987	
anchor_lda4	30	10	3	val_logloss	0.47999580729005836	
anchor_lda4	30	10	3	val_auc	0.9595959595959596	
anchor_lda4	30	10	3	val_pr_auc	0.9575757575757577	
anchor_lda4	30	10	3	val_accuracy	0.85	
anchor_lda4	30	10	3	val_f1	0.8571428571428571	
anchor_lda4	30	10	3	cal_intercept	-2.7399128208118615	
anchor_lda4	30	10	3	cal_slope	0.8244286247442631	
anchor_lda4	20	1	0	val_logloss	0.31276339619104215	
anchor_lda4	20	1	0	val_auc	0.9797979797979798	
anchor_lda4	20	1	0	val_pr_auc	0.9765432098765432	
anchor_lda4	20	1	0	val_accuracy	0.95	
anchor_lda4	20	1	0	val_f1	0.9473684210526315	
anchor_lda4	20	1	0	cal_intercept	-3.2735188530923374	
anchor_lda4	20	1	0	cal_slope	0.7703852572456817	
anchor_lda4	20	1	1	val_logloss	0.0945202629837734	
anchor_lda4	20	1	1	val_auc	1.0	
anchor_lda4	20	1	1	val_pr_auc	0.9999999999999999	
anchor_lda4	20	1	1	val_accuracy	1.0	
anchor_lda4	20	1	1	val_f1	1.0	
anchor_lda4	20	1	1	cal_intercept	2.8320040872589454	
anchor_lda4	20	1	1	cal_slope	20.712175012388865	
anchor_lda4	20	1	2	val_logloss	0.03309428187765352	
anchor_lda4	20	1	2	val_auc	1.0	
anchor_lda4	20	1	2	val_pr_auc	0.9999999999999999	
anchor_lda4	20	1	2	val_accuracy	1.0	
anchor_lda4	20	1	2	val_f1	1.0	
anchor_lda4	20	1	2	cal_intercept	0.4395790005025968	
anchor_lda4	20	1	2	cal_slope	6.766525156483359	
anchor_lda4	20	1	3	val_logloss	0.011544205514964661	
anchor_lda4	20	1	3	val_auc	1.0	
anchor_lda4	20	1	3	val_pr_auc	0.9999999999999999	
anchor_lda4	20	1	3	val_accuracy	1.0	
anchor_lda4	20	1	3	val_f1	1.0	
anchor_lda4	20	1	3	cal_intercept	0.3627168341768112	
anchor_lda4	20	1	3	cal_slope	3.527649795568284	
anchor_lda4	20	2	0	val_logloss	0.324996091042503	
anchor_lda4	20	2	0	val_auc	0.96	
anchor_lda4	20	2	0	val_pr_auc	0.9669230769230769	
anchor_lda4	20	2	0	val_accuracy	0.85	
anchor_lda4	20	2	0	val_f1	0.8571428571428571	
anchor_lda4	20	2	0	cal_intercept	-0.8267175912577244	
anchor_lda4	20	2	0	cal_slope	0.5075283867707435	
anchor_lda4	20	2	1	val_logloss	0.017264468330208622	
anchor_lda4	20	2	1	val_auc	1.0	
anchor_lda4	20	2	1	val_pr_auc	1.0000000000000002	
anchor_lda4	20	2	1	val_accuracy	1.0	
anchor_lda4	20	2	1	val_f1	1.0	
anchor_lda4	20	2	1	cal_intercept	-0.5221193689162646	
anchor_lda4	20	2	1	cal_slope	3.726428146445372	
anchor_lda4	20	2	2	val_logloss	1.044412586098457	
anchor_lda4	20	2	2	val_auc	0.8300000000000001	
anchor_lda4	20	2	2	val_pr_auc	0.8752913752913752	
anchor_lda4	20	2	2	val_accuracy	0.75	
anchor_lda4	20	2	2	val_f1	0.7368421052631579	
anchor_lda4	20	2	2	cal_intercept	0.42871353807165635	
anchor_lda4	20	2	2	cal_slope	0.2235854639668524	
anchor_lda4	20	2	3	val_logloss	0.011636811715990044	
anchor_lda4	20	2	3	val_auc	1.0	
anchor_lda4	20	2	3	val_pr_auc	0.9999999999999999	
anchor_lda4	20	2	3	val_accuracy	1.0	
anchor_lda4	20	2	3	val_f1	1.0	
anchor_lda4	20	2	3	cal_intercept	-1.5329393036992884	
anchor_lda4	20	2	3	cal_slope	3.3126444977950844	
anchor_lda4	20	3	0	val_logloss	0.007684773862494765	
anchor_lda4	20	3	0	val_auc	1.0	
anchor_lda4	20	3	0	val_pr_auc	0.9999999999999999	
anchor_lda4	20	3	0	val_accuracy	1.0	
anchor_lda4	20	3	0	val_f1	1.0	
anchor_lda4	20	3	0	cal_intercept	0.011415856942377699	
anchor_lda4	20	3	0	cal_slope	2.7218263401870386	
anchor_lda4	20	3	1	val_logloss	0.0378246151057447	
anchor_lda4	20	3	1	val_auc	1.0	
anchor_lda4	20	3	1	val_pr_auc	0.9999999999999999	
anchor_lda4	20	3	1	val_accuracy	1.0	
anchor_lda4	20	3	1	val_f1	1.0	
anchor_lda4	20	3	1	cal_intercept	5.110725797596356	
anchor_lda4	20	3	1	cal_slope	3.754837694705418	
anchor_lda4	20	3	2	val_logloss	0.39210426463378917	
anchor_lda4	20	3	2	val_auc	0.9600000000000001	
anchor_lda4	20	3	2	val_pr_auc	0.9651515151515152	
anchor_lda4	20	3	2	val_accuracy	0.85	
anchor_lda4	20	3	2	val_f1	0.8571428571428571	
anchor_lda4	20	3	2	cal_intercept	-0.5171542542157583	
anchor_lda4	20	3	2	cal_slope	0.4333360642681573	
anchor_lda4	20	3	3	val_logloss	0.18616450840192328	
anchor_lda4	20	3	3	val_auc	0.9898989898989898	
anchor_lda4	20	3	3	val_pr_auc	0.9888888888888892	
anchor_lda4	20	3	3	val_accuracy	0.95	
anchor_lda4	20	3	3	val_f1	0.9473684210526315	
anchor_lda4	20	3	3	cal_intercept	-1.249936592709962	
anchor_lda4	20	3	3	cal_slope	1.3059933071286318	
anchor_lda4	20	4	0	val_logloss	0.05992011133778952	
anchor_lda4	20	4	0	val_auc	1.0	
anchor_lda4	20	4	0	val_pr_auc	1.0	
anchor_lda4	20	4	0	val_accuracy	1.0	
anchor_lda4	20	4	0	val_f1	1.0	
anchor_lda4	20	4	0	cal_intercept	6.396419425755612	
anchor_lda4	20	4	0	cal_slope	8.490229400308447	
anchor_lda4	20	4	1	val_logloss	0.20706023048481054	
anchor_lda4	20	4	1	val_auc	0.99	
anchor_lda4	20	4	1	val_pr_auc	0.9909090909090909	
anchor_lda4	20	4	1	val_accuracy	0.95	
anchor_lda4	20	4	1	val_f1	0.9523809523809523	
anchor_lda4	20	4	1	cal_intercept	-1.1936257910475983	
anchor_lda4	20	4	1	cal_slope	0.43381040017945305	
anchor_lda4	20	4	2	val_logloss	0.17575383327457117	
anchor_lda4	20	4	2	val_auc	0.98	
anchor_lda4	20	4	2	val_pr_auc	0.9809090909090908	
anchor_lda4	20	4	2	val_accuracy	0.95	
anchor_lda4	20	4	2	val_f1	0.9523809523809523	
anchor_lda4	20	4	2	cal_intercept	-0.17693808010131076	
anchor_lda4	20	4	2	cal_slope	0.7943072094318993	
anchor_lda4	20	4	3	val_logloss	0.0029462512344256304	
anchor_lda4	20	4	3	val_auc	1.0	
anchor_lda4	20	4	3	val_pr_auc	0.9999999999999999	
anchor_lda4	20	4	3	val_accuracy	1.0	
anchor_lda4	20	4	3	val_f1	1.0	
anchor_lda4	20	4	3	cal_intercept	0.3991086401765173	
anchor_lda4	20	4	3	cal_slope	2.299673696921032	
anchor_lda4	20	5	0	val_logloss	0.1302640393095263	
anchor_lda4	20	5	0	val_auc	1.0	
anchor_lda4	20	5	0	val_pr_auc	0.9999999999999999	
anchor_lda4	20	5	0	val_accuracy	0.95	
anchor_lda4	20	5	0	val_f1	0.9473684210526315	
anchor_lda4	20	5	0	cal_intercept	22.55505741213244	
anchor_lda4	20	5	0	cal_slope	8.63530244486018	
anchor_lda4	20	5	1	val_logloss	0.07707396180376752	
anchor_lda4	20	5	1	val_auc	1.0	
anchor_lda4	20	5	1	val_pr_auc	0.9999999999999999	
anchor_lda4	20	5	1	val_accuracy	0.95	
anchor_lda4	20	5	1	val_f1	0.9523809523809523	
anchor_lda4	20	5	1	cal_intercept	-13.365290203794185	
anchor_lda4	20	5	1	cal_slope	208.8311048470676	
anchor_lda4	20	5	2	val_logloss	0.15056565453072698	
anchor_lda4	20	5	2	val_auc	0.98	
anchor_lda4	20	5	2	val_pr_auc	0.9809090909090908	
anchor_lda4	20	5	2	val_accuracy	0.95	
anchor_lda4	20	5	2	val_f1	0.9523809523809523	
anchor_lda4	20	5	2	cal_intercept	-0.34034568391928355	
anchor_lda4	20	5	2	cal_slope	0.950190292189941	
anchor_lda4	20	5	3	val_logloss	0.12583788565744078	
anchor_lda4	20	5	3	val_auc	1.0	
anchor_lda4	20	5	3	val_pr_auc	1.0000000000000002	
anchor_lda4	20	5	3	val_accuracy	0.95	
anchor_lda4	20	5	3	val_f1	0.9411764705882353	
anchor_lda4	20	5	3	cal_intercept	8.383720566322555	
anchor_lda4	20	5	3	cal_slope	6.240759653406024	
anchor_lda4	20	6	0	val_logloss	0.047355624414720306	
anchor_lda4	20	6	0	val_auc	1.0	
anchor_lda4	20	6	0	val_pr_auc	1.0000000000000002	
anchor_lda4	20	6	0	val_accuracy	1.0	
anchor_lda4	20	6	0	val_f1	1.0	
anchor_lda4	20	6	0	cal_intercept	-4.56109279575595	
anchor_lda4	20	6	0	cal_slope	3.968050481219516	
anchor_lda4	20	6	1	val_logloss	0.5966075005904912	
anchor_lda4	20	6	1	val_auc	0.97	
anchor_lda4	20	6	1	val_pr_auc	0.9697979797979798	
anchor_lda4	20	6	1	val_accuracy	0.85	
anchor_lda4	20	6	1	val_f1	0.8695652173913043	
anchor_lda4	20	6	1	cal_intercept	-1.7930331856348418	
anchor_lda4	20	6	1	cal_slope	0.4601301264023395	
anchor_lda4	20	6	2	val_logloss	0.06283618359550237	
anchor_lda4	20	6	2	val_auc	1.0	
anchor_lda4	20	6	2	val_pr_auc	0.9999999999999999	
anchor_lda4	20	6	2	val_accuracy	1.0	
anchor_lda4	20	6	2	val_f1	1.0	
anchor_lda4	20	6	2	cal_intercept	4.263410475104533	
anchor_lda4	20	6	2	cal_slope	4.158151693346983	
anchor_lda4	20	6	3	val_logloss	0.2504588097625468	
anchor_lda4	20	6	3	val_auc	0.98	
anchor_lda4	20	6	3	val_pr_auc	0.9809090909090908	
anchor_lda4	20	6	3	val_accuracy	0.85	
anchor_lda4	20	6	3	val_f1	0.8235294117647058	
anchor_lda4	20	6	3	cal_intercept	1.8953827164358874	
anchor_lda4	20	6	3	cal_slope	0.9912313249030803	
anchor_lda4	20	7	0	val_logloss	0.32703639025047276	
anchor_lda4	20	7	0	val_auc	0.98	
anchor_lda4	20	7	0	val_pr_auc	0.9809090909090908	
anchor_lda4	20	7	0	val_accuracy	0.95	
anchor_lda4	20	7	0	val_f1	0.9523809523809523	
anchor_lda4	20	7	0	cal_intercept	-0.31378857218252676	
anchor_lda4	20	7	0	cal_slope	0.3513751276804593	
anchor_lda4	20	7	1	val_logloss	0.10927857276648054	
anchor_lda4	20	7	1	val_auc	1.0	
anchor_lda4	20	7	1	val_pr_auc	0.9999999999999999	
anchor_lda4	20	7	1	val_accuracy	0.95	
anchor_lda4	20	7	1	val_f1	0.9473684210526315	
anchor_lda4	20	7	1	cal_intercept	19.666673440924463	
anchor_lda4	20	7	1	cal_slope	18.857449986820576	
anchor_lda4	20	7	2	val_logloss	0.17098349331146406	
anchor_lda4	20	7	2	val_auc	0.98	
anchor_lda4	20	7	2	val_pr_auc	0.9809090909090908	
anchor_lda4	20	7	2	val_accuracy	0.9	
anchor_lda4	20	7	2	val_f1	0.9	
anchor_lda4	20	7	2	cal_intercept	0.15225302186042577	
anchor_lda4	20	7	2	cal_slope	0.6922402416489687	
anchor_lda4	20	7	3	val_logloss	0.07797289288612451	
anchor_lda4	20	7	3	val_auc	1.0	
anchor_lda4	20	7	3	val_pr_auc	1.0000000000000002	
anchor_lda4	20	7	3	val_accuracy	0.95	
anchor_lda4	20	7	3	val_f1	0.9473684210526315	
anchor_lda4	20	7	3	cal_intercept	-16.033073136524415	
anchor_lda4	20	7	3	cal_slope	17.581896049443074	
anchor_lda4	20	8	0	val_logloss	0.0211990357989176	
anchor_lda4	20	8	0	val_auc	1.0	
anchor_lda4	20	8	0	val_pr_auc	0.9999999999999999	
anchor_lda4	20	8	0	val_accuracy	1.0	
anchor_lda4	20	8	0	val_f1	1.0	
anchor_lda4	20	8	0	cal_intercept	3.160687308258255	
anchor_lda4	20	8	0	cal_slope	3.3066247531073025	
anchor_lda4	20	8	1	val_logloss	0.1330289242752068	
anchor_lda4	20	8	1	val_auc	1.0	
anchor_lda4	20	8	1	val_pr_auc	0.9999999999999999	
anchor_lda4	20	8	1	val_accuracy	0.9	
anchor_lda4	20	8	1	val_f1	0.9090909090909091	
anchor_lda4	20	8	1	cal_intercept	-8.696670417359936	
anchor_lda4	20	8	1	cal_slope	10.327561475218275	
anchor_lda4	20	8	2	val_logloss	0.2925208181900999	
anchor_lda4	20	8	2	val_auc	0.9595959595959596	
anchor_lda4	20	8	2	val_pr_auc	0.9467813051146385	
anchor_lda4	20	8	2	val_accuracy	0.9	
anchor_lda4	20	8	2	val_f1	0.9	
anchor_lda4	20	8	2	cal_intercept	-0.2241374033200701	
anchor_lda4	20	8	2	cal_slope	0.44398004622087206	
anchor_lda4	20	8	3	val_logloss	0.09432369709222763	
anchor_lda4	20	8	3	val_auc	1.0	
anchor_lda4	20	8	3	val_pr_auc	0.9999999999999999	
anchor_lda4	20	8	3	val_accuracy	0.95	
anchor_lda4	20	8	3	val_f1	0.9523809523809523	
anchor_lda4	20	8	3	cal_intercept	-7.040671459168066	
anchor_lda4	20	8	3	cal_slope	12.486239355884841	
anchor_lda4	20	9	0	val_logloss	0.00473507087787864	
anchor_lda4	20	9	0	val_auc	1.0	
anchor_lda4	20	9	0	val_pr_auc	0.9999999999999999	
anchor_lda4	20	9	0	val_accuracy	1.0	
anchor_lda4	20	9	0	val_f1	1.0	
anchor_lda4	20	9	0	cal_intercept	-0.11927756658361521	
anchor_lda4	20	9	0	cal_slope	2.7248153327601803	
anchor_lda4	20	9	1	val_logloss	0.21069130648297052	
anchor_lda4	20	9	1	val_auc	1.0	
anchor_lda4	20	9	1	val_pr_auc	0.9999999999999999	
anchor_lda4	20	9	1	val_accuracy	0.85	
anchor_lda4	20	9	1	val_f1	0.8695652173913043	
anchor_lda4	20	9	1	cal_intercept	-18.0381515048867	
anchor_lda4	20	9	1	cal_slope	8.85275440705036	
anchor_lda4	20	9	2	val_logloss	0.2782283878656342	
anchor_lda4	20	9	2	val_auc	0.9800000000000001	
anchor_lda4	20	9	2	val_pr_auc	0.9833333333333333	
anchor_lda4	20	9	2	val_accuracy	0.9	
anchor_lda4	20	9	2	val_f1	0.9	
anchor_lda4	20	9	2	cal_intercept	0.4239564571611853	
anchor_lda4	20	9	2	cal_slope	0.5038520873806537	
anchor_lda4	20	9	3	val_logloss	0.06733932659982694	
anchor_lda4	20	9	3	val_auc	1.0	
anchor_lda4	20	9	3	val_pr_auc	1.0000000000000002	
anchor_lda4	20	9	3	val_accuracy	1.0	
anchor_lda4	20	9	3	val_f1	1.0	
anchor_lda4	20	9	3	cal_intercept	5.743823875769475	
anchor_lda4	20	9	3	cal_slope	13.029921340958804	
anchor_lda4	20	10	0	val_logloss	0.02382209070224623	
anchor_lda4	20	10	0	val_auc	1.0	
anchor_lda4	20	10	0	val_pr_auc	0.9999999999999999	
anchor_lda4	20	10	0	val_accuracy	1.0	
anchor_lda4	20	10	0	val_f1	1.0	
anchor_lda4	20	10	0	cal_intercept	4.281581606590548	
anchor_lda4	20	10	0	cal_slope	3.6424997591356956	
anchor_lda4	20	10	1	val_logloss	0.008236761320248495	
anchor_lda4	20	10	1	val_auc	1.0	
anchor_lda4	20	10	1	val_pr_auc	0.9999999999999999	
anchor_lda4	20	10	1	val_accuracy	1.0	
anchor_lda4	20	10	1	val_f1	1.0	
anchor_lda4	20	10	1	cal_intercept	-1.0186968854294416	
anchor_lda4	20	10	1	cal_slope	3.147801668505955	
anchor_lda4	20	10	2	val_logloss	0.3863671276134616	
anchor_lda4	20	10	2	val_auc	0.9600000000000001	
anchor_lda4	20	10	2	val_pr_auc	0.9622222222222222	
anchor_lda4	20	10	2	val_accuracy	0.85	
anchor_lda4	20	10	2	val_f1	0.8421052631578947	
anchor_lda4	20	10	2	cal_intercept	1.10790157618138	
anchor_lda4	20	10	2	cal_slope	0.40638013176264226	
anchor_lda4	20	10	3	val_logloss	0.7237944386113441	
anchor_lda4	20	10	3	val_auc	0.9393939393939394	
anchor_lda4	20	10	3	val_pr_auc	0.941919191919192	
anchor_lda4	20	10	3	val_accuracy	0.85	
anchor_lda4	20	10	3	val_f1	0.8571428571428571	
anchor_lda4	20	10	3	cal_intercept	-1.3281466452122064	
anchor_lda4	20	10	3	cal_slope	0.372795558571451	
anchor_lda4	12	1	0	val_logloss	0.716801584595413	
anchor_lda4	12	1	0	val_auc	0.9797979797979798	
anchor_lda4	12	1	0	val_pr_auc	0.9765432098765432	
anchor_lda4	12	1	0	val_accuracy	0.95	
anchor_lda4	12	1	0	val_f1	0.9473684210526315	
anchor_lda4	12	1	0	cal_intercept	-2.8618103142739977	
anchor_lda4	12	1	0	cal_slope	0.3770244874233142	
anchor_lda4	12	1	1	val_logloss	0.36494204860023605	
anchor_lda4	12	1	1	val_auc	0.97	
anchor_lda4	12	1	1	val_pr_auc	0.9769230769230769	
anchor_lda4	12	1	1	val_accuracy	0.95	
anchor_lda4	12	1	1	val_f1	0.9473684210526315	
anchor_lda4	12	1	1	cal_intercept	1.4583772062167968	
anchor_lda4	12	1	1	cal_slope	0.49862657283699713	
anchor_lda4	12	1	2	val_logloss	0.08084732406280258	
anchor_lda4	12	1	2	val_auc	1.0	
anchor_lda4	12	1	2	val_pr_auc	0.9999999999999999	
anchor_lda4	12	1	2	val_accuracy	0.95	
anchor_lda4	12	1	2	val_f1	0.9523809523809523	
anchor_lda4	12	1	2	cal_intercept	-12.826534246997083	
anchor_lda4	12	1	2	cal_slope	3.3789497424039276	
anchor_lda4	12	1	3	val_logloss	0.004312200453150604	
anchor_lda4	12	1	3	val_auc	1.0	
anchor_lda4	12	1	3	val_pr_auc	0.9999999999999999	
anchor_lda4	12	1	3	val_accuracy	1.0	
anchor_lda4	12	1	3	val_f1	1.0	
anchor_lda4	12	1	3	cal_intercept	0.7064319450754272	
anchor_lda4	12	1	3	cal_slope	2.67386342320741	
anchor_lda4	12	2	0	val_logloss	0.7459317721267238	
anchor_lda4	12	2	0	val_auc	0.9	
anchor_lda4	12	2	0	val_pr_auc	0.9180555555555555	
anchor_lda4	12	2	0	val_accuracy	0.85	
anchor_lda4	12	2	0	val_f1	0.8421052631578947	
anchor_lda4	12	2	0	cal_intercept	0.07254995485291801	
anchor_lda4	12	2	0	cal_slope	0.2764054320170318	
anchor_lda4	12	2	1	val_logloss	0.0739442821655993	
anchor_lda4	12	2	1	val_auc	1.0	
anchor_lda4	12	2	1	val_pr_auc	1.0000000000000002	
anchor_lda4	12	2	1	val_accuracy	0.95	
anchor_lda4	12	2	1	val_f1	0.9411764705882353	
anchor_lda4	12	2	1	cal_intercept	21.911149785563534	
anchor_lda4	12	2	1	cal_slope	20.688408875955346	
anchor_lda4	12	2	2	val_logloss	0.6722844993437685	
anchor_lda4	12	2	2	val_auc	0.84	
anchor_lda4	12	2	2	val_pr_auc	0.881060606060606	
anchor_lda4	12	2	2	val_accuracy	0.7	
anchor_lda4	12	2	2	val_f1	0.7	
anchor_lda4	12	2	2	cal_intercept	0.1690839133490295	
anchor_lda4	12	2	2	cal_slope	0.35138857298935666	
anchor_lda4	12	2	3	val_logloss	0.017629347498066304	
anchor_lda4	12	2	3	val_auc	1.0	
anchor_lda4	12	2	3	val_pr_auc	0.9999999999999999	
anchor_lda4	12	2	3	val_accuracy	1.0	
anchor_lda4	12	2	3	val_f1	1.0	
anchor_lda4	12	2	3	cal_intercept	-2.008930402754355	
anchor_lda4	12	2	3	cal_slope	3.7361815024997256	
anchor_lda4	12	3	0	val_logloss	0.0362964005447751	
anchor_lda4	12	3	0	val_auc	1.0	
anchor_lda4	12	3	0	val_pr_auc	0.9999999999999999	
anchor_lda4	12	3	0	val_accuracy	1.0	
anchor_lda4	12	3	0	val_f1	1.0	
anchor_lda4	12	3	0	cal_intercept	-2.212453048208508	
anchor_lda4	12	3	0	cal_slope	5.106434294423306	
anchor_lda4	12	3	1	val_logloss	0.04512988344478639	
anchor_lda4	12	3	1	val_auc	1.0	
anchor_lda4	12	3	1	val_pr_auc	0.9999999999999999	
anchor_lda4	12	3	1	val_accuracy	1.0	
anchor_lda4	12	3	1	val_f1	1.0	
anchor_lda4	12	3	1	cal_intercept	5.5328553155880975	
anchor_lda4	12	3	1	cal_slope	3.3858581417035323	
anchor_lda4	12	3	2	val_logloss	0.23406386704648727	
anchor_lda4	12	3	2	val_auc	0.97	
anchor_lda4	12	3	2	val_pr_auc	0.9697979797979798	
anchor_lda4	12	3	2	val_accuracy	0.95	
anchor_lda4	12	3	2	val_f1	0.9523809523809523	
anchor_lda4	12	3	2	cal_intercept	-0.4987371419769948	
anchor_lda4	12	3	2	cal_slope	0.5549215665958944	
anchor_lda4	12	3	3	val_logloss	0.5287915764421897	
anchor_lda4	12	3	3	val_auc	0.9797979797979798	
anchor_lda4	12	3	3	val_pr_auc	0.9765432098765434	
anchor_lda4	12	3	3	val_accuracy	0.85	
anchor_lda4	12	3	3	val_f1	0.8571428571428571	
anchor_lda4	12	3	3	cal_intercept	-12.909278371253183	
anchor_lda4	12	3	3	cal_slope	3.618899745552346	
anchor_lda4	12	4	0	val_logloss	0.12795465693723318	
anchor_lda4	12	4	0	val_auc	1.0	
anchor_lda4	12	4	0	val_pr_auc	1.0000000000000002	
anchor_lda4	12	4	0	val_accuracy	1.0	
anchor_lda4	12	4	0	val_f1	1.0	
anchor_lda4	12	4	0	cal_intercept	2.0775146629438006	
anchor_lda4	12	4	0	cal_slope	16.14833823076322	
anchor_lda4	12	4	1	val_logloss	0.14541199222883525	
anchor_lda4	12	4	1	val_auc	0.99	
anchor_lda4	12	4	1	val_pr_auc	0.9909090909090909	
anchor_lda4	12	4	1	val_accuracy	0.95	
anchor_lda4	12	4	1	val_f1	0.9523809523809523	
anchor_lda4	12	4	1	cal_intercept	-0.8171380446317819	
anchor_lda4	12	4	1	cal_slope	0.4873649547261097	
anchor_lda4	12	4	2	val_logloss	0.43554375752741425	
anchor_lda4	12	4	2	val_auc	0.92	
anchor_lda4	12	4	2	val_pr_auc	0.9555555555555556	
anchor_lda4	12	4	2	val_accuracy	0.95	
anchor_lda4	12	4	2	val_f1	0.9473684210526315	
anchor_lda4	12	4	2	cal_intercept	0.552979850442953	
anchor_lda4	12	4	2	cal_slope	0.5038422360582531	
anchor_lda4	12	4	3	val_logloss	0.005968274420998217	
anchor_lda4	12	4	3	val_auc	1.0	
anchor_lda4	12	4	3	val_pr_auc	0.9999999999999999	
anchor_lda4	12	4	3	val_accuracy	1.0	
anchor_lda4	12	4	3	val_f1	1.0	
anchor_lda4	12	4	3	cal_intercept	-1.0514930584621618	
anchor_lda4	12	4	3	cal_slope	2.84161663159963	
anchor_lda4	12	5	0	val_logloss	0.12010612295310216	
anchor_lda4	12	5	0	val_auc	1.0	
anchor_lda4	12	5	0	val_pr_auc	0.9999999999999999	
anchor_lda4	12	5	0	val_accuracy	0.9	
anchor_lda4	12	5	0	val_f1	0.8888888888888888	
anchor_lda4	12	5	0	cal_intercept	9.317965908148922	
anchor_lda4	12	5	0	cal_slope	3.4139732495329236	
anchor_lda4	12	5	1	val_logloss	0.1853658908375146	
anchor_lda4	12	5	1	val_auc	1.0	
anchor_lda4	12	5	1	val_pr_auc	1.0	
anchor_lda4	12	5	1	val_accuracy	0.9	
anchor_lda4	12	5	1	val_f1	0.8888888888888888	
anchor_lda4	12	5	1	cal_intercept	16.685401247980508	
anchor_lda4	12	5	1	cal_slope	2.7427412505299933	
anchor_lda4	12	5	2	val_logloss	0.3001813982044098	
anchor_lda4	12	5	2	val_auc	0.9500000000000001	
anchor_lda4	12	5	2	val_pr_auc	0.9430122655122654	
anchor_lda4	12	5	2	val_accuracy	0.9	
anchor_lda4	12	5	2	val_f1	0.9	
anchor_lda4	12	5	2	cal_intercept	0.5297543059545458	
anchor_lda4	12	5	2	cal_slope	0.5460753361037307	
anchor_lda4	12	5	3	val_logloss	0.1060467392230569	
anchor_lda4	12	5	3	val_auc	0.9898989898989898	
anchor_lda4	12	5	3	val_pr_auc	0.9888888888888892	
anchor_lda4	12	5	3	val_accuracy	0.9	
anchor_lda4	12	5	3	val_f1	0.8888888888888888	
anchor_lda4	12	5	3	cal_intercept	-0.4505677676615151	
anchor_lda4	12	5	3	cal_slope	0.9369177517012622	
anchor_lda4	12	6	0	val_logloss	0.04580231702033408	
anchor_lda4	12	6	0	val_auc	1.0	
anchor_lda4	12	6	0	val_pr_auc	1.0	
anchor_lda4	12	6	0	val_accuracy	1.0	
anchor_lda4	12	6	0	val_f1	1.0	
anchor_lda4	12	6	0	cal_intercept	5.184799674354448	
anchor_lda4	12	6	0	cal_slope	6.243288997914078	
anchor_lda4	12	6	1	val_logloss	0.5730576377835059	
anchor_lda4	12	6	1	val_auc	0.9500000000000001	
anchor_lda4	12	6	1	val_pr_auc	0.9540404040404039	
anchor_lda4	12	6	1	val_accuracy	0.9	
anchor_lda4	12	6	1	val_f1	0.9090909090909091	
anchor_lda4	12	6	1	cal_intercept	-1.2397678293352496	
anchor_lda4	12	6	1	cal_slope	0.3766658790673904	
anchor_lda4	12	6	2	val_logloss	0.09880510614009362	
anchor_lda4	12	6	2	val_auc	1.0	
anchor_lda4	12	6	2	val_pr_auc	0.9999999999999999	
anchor_lda4	12	6	2	val_accuracy	1.0	
anchor_lda4	12	6	2	val_f1	1.0	
anchor_lda4	12	6	2	cal_intercept	3.840549673512953	
anchor_lda4	12	6	2	cal_slope	8.21658552091016	
anchor_lda4	12	6	3	val_logloss	2.2316414022049096	
anchor_lda4	12	6	3	val_auc	0.7200000000000001	
anchor_lda4	12	6	3	val_pr_auc	0.7919948107448107	
anchor_lda4	12	6	3	val_accuracy	0.75	
anchor_lda4	12	6	3	val_f1	0.7368421052631579	
anchor_lda4	12	6	3	cal_intercept	0.045334062843736596	
anchor_lda4	12	6	3	cal_slope	0.1001346623621169	
anchor_lda4	12	7	0	val_logloss	0.42344809213972195	
anchor_lda4	12	7	0	val_auc	0.98	
anchor_lda4	12	7	0	val_pr_auc	0.9809090909090908	
anchor_lda4	12	7	0	val_accuracy	0.95	
anchor_lda4	12	7	0	val_f1	0.9523809523809523	
anchor_lda4	12	7	0	cal_intercept	-0.9248356027556693	
anchor_lda4	12	7	0	cal_slope	0.3306248771538876	
anchor_lda4	12	7	1	val_logloss	0.054507599218517354	
anchor_lda4	12	7	1	val_auc	1.0	
anchor_lda4	12	7	1	val_pr_auc	0.9999999999999999	
anchor_lda4	12	7	1	val_accuracy	1.0	
anchor_lda4	12	7	1	val_f1	1.0	
anchor_lda4	12	7	1	cal_intercept	3.0288066219937146	
anchor_lda4	12	7	1	cal_slope	5.380046399199136	
anchor_lda4	12	7	2	val_logloss	0.6188082872516916	
anchor_lda4	12	7	2	val_auc	0.99	
anchor_lda4	12	7	2	val_pr_auc	0.9909090909090909	
anchor_lda4	12	7	2	val_accuracy	0.9	
anchor_lda4	12	7	2	val_f1	0.9090909090909091	
anchor_lda4	12	7	2	cal_intercept	-5.208480650691117	
anchor_lda4	12	7	2	cal_slope	0.7070893585203972	
anchor_lda4	12	7	3	val_logloss	1.4946576994273582	
anchor_lda4	12	7	3	val_auc	0.9494949494949494	
anchor_lda4	12	7	3	val_pr_auc	0.9376903960237295	
anchor_lda4	12	7	3	val_accuracy	0.8	
anchor_lda4	12	7	3	val_f1	0.75	
anchor_lda4	12	7	3	cal_intercept	0.7532322452354827	
anchor_lda4	12	7	3	cal_slope	0.18171379182368108	
anchor_lda4	12	8	0	val_logloss	0.0545095639433241	
anchor_lda4	12	8	0	val_auc	1.0	
anchor_lda4	12	8	0	val_pr_auc	0.9999999999999999	
anchor_lda4	12	8	0	val_accuracy	1.0	
anchor_lda4	12	8	0	val_f1	1.0	
anchor_lda4	12	8	0	cal_intercept	4.599077061733197	
anchor_lda4	12	8	0	cal_slope	5.17893442633158	
anchor_lda4	12	8	1	val_logloss	0.24141016607297824	
anchor_lda4	12	8	1	val_auc	0.98	
anchor_lda4	12	8	1	val_pr_auc	0.9809090909090908	
anchor_lda4	12	8	1	val_accuracy	0.9	
anchor_lda4	12	8	1	val_f1	0.8888888888888888	
anchor_lda4	12	8	1	cal_intercept	1.289381804563795	
anchor_lda4	12	8	1	cal_slope	1.388254667459711	
anchor_lda4	12	8	2	val_logloss	0.16254296238601243	
anchor_lda4	12	8	2	val_auc	0.9797979797979797	
anchor_lda4	12	8	2	val_pr_auc	0.9797979797979799	
anchor_lda4	12	8	2	val_accuracy	0.85	
anchor_lda4	12	8	2	val_f1	0.8421052631578947	
anchor_lda4	12	8	2	cal_intercept	-0.6701993093549046	
anchor_lda4	12	8	2	cal_slope	0.980423005417166	
anchor_lda4	12	8	3	val_logloss	0.2603063203760983	
anchor_lda4	12	8	3	val_auc	0.97	
anchor_lda4	12	8	3	val_pr_auc	0.9697979797979798	
anchor_lda4	12	8	3	val_accuracy	0.9	
anchor_lda4	12	8	3	val_f1	0.9	
anchor_lda4	12	8	3	cal_intercept	0.6735218200144125	
anchor_lda4	12	8	3	cal_slope	0.5032786995135416	
anchor_lda4	12	9	0	val_logloss	0.003564649835190413	
anchor_lda4	12	9	0	val_auc	1.0	
anchor_lda4	12	9	0	val_pr_auc	0.9999999999999999	
anchor_lda4	12	9	0	val_accuracy	1.0	
anchor_lda4	12	9	0	val_f1	1.0	
anchor_lda4	12	9	0	cal_intercept	-0.3689835560524475	
anchor_lda4	12	9	0	cal_slope	2.5724984454931556	
anchor_lda4	12	9	1	val_logloss	1.1088416037264115	
anchor_lda4	12	9	1	val_auc	0.8600000000000001	
anchor_lda4	12	9	1	val_pr_auc	0.8625396825396825	
anchor_lda4	12	9	1	val_accuracy	0.75	
anchor_lda4	12	9	1	val_f1	0.7619047619047619	
anchor_lda4	12	9	1	cal_intercept	-0.041101133336380345	
anchor_lda4	12	9	1	cal_slope	0.18960875120169202	
anchor_lda4	12	9	2	val_logloss	0.20624964296503698	
anchor_lda4	12	9	2	val_auc	0.99	
anchor_lda4	12	9	2	val_pr_auc	0.9909090909090909	
anchor_lda4	12	9	2	val_accuracy	0.95	
anchor_lda4	12	9	2	val_f1	0.9523809523809523	
anchor_lda4	12	9	2	cal_intercept	-0.8067277224587764	
anchor_lda4	12	9	2	cal_slope	0.5748582783719698	
anchor_lda4	12	9	3	val_logloss	0.0542982379566743	
anchor_lda4	12	9	3	val_auc	1.0	
anchor_lda4	12	9	3	val_pr_auc	1.0000000000000002	
anchor_lda4	12	9	3	val_accuracy	1.0	
anchor_lda4	12	9	3	val_f1	1.0	
anchor_lda4	12	9	3	cal_intercept	2.559074777375753	
anchor_lda4	12	9	3	cal_slope	15.097426456198656	
anchor_lda4	12	10	0	val_logloss	0.0619670199389474	
anchor_lda4	12	10	0	val_auc	1.0	
anchor_lda4	12	10	0	val_pr_auc	0.9999999999999999	
anchor_lda4	12	10	0	val_accuracy	0.95	
anchor_lda4	12	10	0	val_f1	0.9473684210526315	
anchor_lda4	12	10	0	cal_intercept	10.682330456459901	
anchor_lda4	12	10	0	cal_slope	2.029804012959403	
anchor_lda4	12	10	1	val_logloss	0.01797352749195939	
anchor_lda4	12	10	1	val_auc	1.0	
anchor_lda4	12	10	1	val_pr_auc	0.9999999999999999	
anchor_lda4	12	10	1	val_accuracy	1.0	
anchor_lda4	12	10	1	val_f1	1.0	
anchor_lda4	12	10	1	cal_intercept	-2.8385431438117115	
anchor_lda4	12	10	1	cal_slope	3.7849901696463766	
anchor_lda4	12	10	2	val_logloss	2.317098467987249	
anchor_lda4	12	10	2	val_auc	0.92	
anchor_lda4	12	10	2	val_pr_auc	0.9229292929292929	
anchor_lda4	12	10	2	val_accuracy	0.7	
anchor_lda4	12	10	2	val_f1	0.6666666666666666	
anchor_lda4	12	10	2	cal_intercept	0.4639323466793391	
anchor_lda4	12	10	2	cal_slope	0.12397398392721722	
anchor_lda4	12	10	3	val_logloss	1.1801416484920457	
anchor_lda4	12	10	3	val_auc	0.9393939393939394	
anchor_lda4	12	10	3	val_pr_auc	0.9361111111111113	
anchor_lda4	12	10	3	val_accuracy	0.85	
anchor_lda4	12	10	3	val_f1	0.8571428571428571	
anchor_lda4	12	10	3	cal_intercept	-1.7078996874068049	
anchor_lda4	12	10	3	cal_slope	0.28672340503805316	
anchor_lda4	8	1	0	val_logloss	1.1768426825240084	
anchor_lda4	8	1	0	val_auc	0.9797979797979798	
anchor_lda4	8	1	0	val_pr_auc	0.9765432098765432	
anchor_lda4	8	1	0	val_accuracy	0.85	
anchor_lda4	8	1	0	val_f1	0.8571428571428571	
anchor_lda4	8	1	0	cal_intercept	-19.9919767699845	
anchor_lda4	8	1	0	cal_slope	1.6061076602900164	
anchor_lda4	8	1	1	val_logloss	0.4305733307012338	
anchor_lda4	8	1	1	val_auc	0.99	
anchor_lda4	8	1	1	val_pr_auc	0.9909090909090909	
anchor_lda4	8	1	1	val_accuracy	0.85	
anchor_lda4	8	1	1	val_f1	0.8235294117647058	
anchor_lda4	8	1	1	cal_intercept	2.8448690438414497	
anchor_lda4	8	1	1	cal_slope	0.5953075192247451	
anchor_lda4	8	1	2	val_logloss	9.132915255286653e-06	
anchor_lda4	8	1	2	val_auc	1.0	
anchor_lda4	8	1	2	val_pr_auc	1.0	
anchor_lda4	8	1	2	val_accuracy	1.0	
anchor_lda4	8	1	2	val_f1	1.0	
anchor_lda4	8	1	2	cal_intercept	-1.0233891524284188e-18	
anchor_lda4	8	1	2	cal_slope	1.0	
anchor_lda4	8	1	3	val_logloss	0.025745506210853537	
anchor_lda4	8	1	3	val_auc	1.0	
anchor_lda4	8	1	3	val_pr_auc	0.9999999999999999	
anchor_lda4	8	1	3	val_accuracy	1.0	
anchor_lda4	8	1	3	val_f1	1.0	
anchor_lda4	8	1	3	cal_intercept	-4.639866706297123	
anchor_lda4	8	1	3	cal_slope	3.5401592593074387	
anchor_lda4	8	2	0	val_logloss	0.27384772682006553	
anchor_lda4	8	2	0	val_auc	1.0	
anchor_lda4	8	2	0	val_pr_auc	0.9999999999999999	
anchor_lda4	8	2	0	val_accuracy	0.85	
anchor_lda4	8	2	0	val_f1	0.8695652173913043	
anchor_lda4	8	2	0	cal_intercept	-196.94357204638115	
anchor_lda4	8	2	0	cal_slope	63.54359877148521	
anchor_lda4	8	2	1	val_logloss	0.8591599402696325	
anchor_lda4	8	2	1	val_auc	0.9090909090909091	
anchor_lda4	8	2	1	val_pr_auc	0.9353667392883078	
anchor_lda4	8	2	1	val_accuracy	0.85	
anchor_lda4	8	2	1	val_f1	0.8235294117647058	
anchor_lda4	8	2	1	cal_intercept	0.3280754101728718	
anchor_lda4	8	2	1	cal_slope	0.2070128950527531	
anchor_lda4	8	2	2	val_logloss	0.7232699381782103	
anchor_lda4	8	2	2	val_auc	0.97	
anchor_lda4	8	2	2	val_pr_auc	0.9697979797979798	
anchor_lda4	8	2	2	val_accuracy	0.9	
anchor_lda4	8	2	2	val_f1	0.9	
anchor_lda4	8	2	2	cal_intercept	-0.09875228715930452	
anchor_lda4	8	2	2	cal_slope	0.22872416430332082	
anchor_lda4	8	2	3	val_logloss	0.016898188832033586	
anchor_lda4	8	2	3	val_auc	1.0	
anchor_lda4	8	2	3	val_pr_auc	0.9999999999999999	
anchor_lda4	8	2	3	val_accuracy	1.0	
anchor_lda4	8	2	3	val_f1	1.0	
anchor_lda4	8	2	3	cal_intercept	-1.2756423855805759	
anchor_lda4	8	2	3	cal_slope	3.918940303787132	
anchor_lda4	8	3	0	val_logloss	0.06399803886945685	
anchor_lda4	8	3	0	val_auc	1.0	
anchor_lda4	8	3	0	val_pr_auc	0.9999999999999999	
anchor_lda4	8	3	0	val_accuracy	1.0	
anchor_lda4	8	3	0	val_f1	1.0	
anchor_lda4	8	3	0	cal_intercept	-1.5865166461546427	
anchor_lda4	8	3	0	cal_slope	7.531142406580657	
anchor_lda4	8	3	1	val_logloss	0.14960774680721298	
anchor_lda4	8	3	1	val_auc	0.99	
anchor_lda4	8	3	1	val_pr_auc	0.9909090909090909	
anchor_lda4	8	3	1	val_accuracy	0.95	
anchor_lda4	8	3	1	val_f1	0.9523809523809523	
anchor_lda4	8	3	1	cal_intercept	-0.19841411590485086	
anchor_lda4	8	3	1	cal_slope	0.9735645364453925	
anchor_lda4	8	3	2	val_logloss	1.9503853493089658	
anchor_lda4	8	3	2	val_auc	0.7899999999999999	
anchor_lda4	8	3	2	val_pr_auc	0.8722394220846232	
anchor_lda4	8	3	2	val_accuracy	0.85	
anchor_lda4	8	3	2	val_f1	0.8235294117647058	
anchor_lda4	8	3	2	cal_intercept	1.1759284794923952	
anchor_lda4	8	3	2	cal_slope	0.1919837658504586	
anchor_lda4	8	3	3	val_logloss	0.8769938683556979	
anchor_lda4	8	3	3	val_auc	0.9090909090909091	
anchor_lda4	8	3	3	val_pr_auc	0.9085858585858588	
anchor_lda4	8	3	3	val_accuracy	0.85	
anchor_lda4	8	3	3	val_f1	0.8571428571428571	
anchor_lda4	8	3	3	cal_intercept	-1.734565326856389	
anchor_lda4	8	3	3	cal_slope	0.4135610794456775	
anchor_lda4	8	4	0	val_logloss	2.70350027479084	
anchor_lda4	8	4	0	val_auc	0.8383838383838383	
anchor_lda4	8	4	0	val_pr_auc	0.810171261487051	
anchor_lda4	8	4	0	val_accuracy	0.8	
anchor_lda4	8	4	0	val_f1	0.75	
anchor_lda4	8	4	0	cal_intercept	0.30074246419536926	
anchor_lda4	8	4	0	cal_slope	0.11069197795073953	
anchor_lda4	8	4	1	val_logloss	0.09527943049821694	
anchor_lda4	8	4	1	val_auc	0.99	
anchor_lda4	8	4	1	val_pr_auc	0.990909090909091	
anchor_lda4	8	4	1	val_accuracy	0.95	
anchor_lda4	8	4	1	val_f1	0.9473684210526315	
anchor_lda4	8	4	1	cal_intercept	0.5714361401933417	
anchor_lda4	8	4	1	cal_slope	0.5295419541911752	
anchor_lda4	8	4	2	val_logloss	0.543243549947285	
anchor_lda4	8	4	2	val_auc	0.93	
anchor_lda4	8	4	2	val_pr_auc	0.9588235294117647	
anchor_lda4	8	4	2	val_accuracy	0.95	
anchor_lda4	8	4	2	val_f1	0.9473684210526315	
anchor_lda4	8	4	2	cal_intercept	0.7687672450800378	
anchor_lda4	8	4	2	cal_slope	0.3650740219169332	
anchor_lda4	8	4	3	val_logloss	0.00588355896073161	
anchor_lda4	8	4	3	val_auc	1.0	
anchor_lda4	8	4	3	val_pr_auc	0.9999999999999999	
anchor_lda4	8	4	3	val_accuracy	1.0	
anchor_lda4	8	4	3	val_f1	1.0	
anchor_lda4	8	4	3	cal_intercept	0.7368495416973109	
anchor_lda4	8	4	3	cal_slope	2.640056871654775	
anchor_lda4	8	5	0	val_logloss	0.16911067182427225	
anchor_lda4	8	5	0	val_auc	1.0	
anchor_lda4	8	5	0	val_pr_auc	0.9999999999999999	
anchor_lda4	8	5	0	val_accuracy	0.95	
anchor_lda4	8	5	0	val_f1	0.9473684210526315	
anchor_lda4	8	5	0	cal_intercept	25.770168090321743	
anchor_lda4	8	5	0	cal_slope	6.662045214704863	
anchor_lda4	8	5	1	val_logloss	0.19125993500688768	
anchor_lda4	8	5	1	val_auc	1.0	
anchor_lda4	8	5	1	val_pr_auc	1.0	
anchor_lda4	8	5	1	val_accuracy	0.9	
anchor_lda4	8	5	1	val_f1	0.8888888888888888	
anchor_lda4	8	5	1	cal_intercept	47.182981433322944	
anchor_lda4	8	5	1	cal_slope	17.721735586665016	
anchor_lda4	8	5	2	val_logloss	0.20689616190574062	
anchor_lda4	8	5	2	val_auc	0.97	
anchor_lda4	8	5	2	val_pr_auc	0.9697979797979798	
anchor_lda4	8	5	2	val_accuracy	0.9	
anchor_lda4	8	5	2	val_f1	0.9	
anchor_lda4	8	5	2	cal_intercept	0.1913578248599237	
anchor_lda4	8	5	2	cal_slope	0.9114964055189796	
anchor_lda4	8	5	3	val_logloss	0.17603179501429994	
anchor_lda4	8	5	3	val_auc	0.9898989898989898	
anchor_lda4	8	5	3	val_pr_auc	0.9888888888888892	
anchor_lda4	8	5	3	val_accuracy	0.95	
anchor_lda4	8	5	3	val_f1	0.9473684210526315	
anchor_lda4	8	5	3	cal_intercept	-1.0996648311474773	
anchor_lda4	8	5	3	cal_slope	0.5952921397076045	
anchor_lda4	8	6	0	val_logloss	0.03772879779307997	
anchor_lda4	8	6	0	val_auc	1.0	
anchor_lda4	8	6	0	val_pr_auc	1.0000000000000002	
anchor_lda4	8	6	0	val_accuracy	1.0	
anchor_lda4	8	6	0	val_f1	1.0	
anchor_lda4	8	6	0	cal_intercept	-0.7589796536560949	
anchor_lda4	8	6	0	cal_slope	5.156870777130214	
anchor_lda4	8	6	1	val_logloss	0.295901362759273	
anchor_lda4	8	6	1	val_auc	0.99	
anchor_lda4	8	6	1	val_pr_auc	0.9909090909090909	
anchor_lda4	8	6	1	val_accuracy	0.9	
anchor_lda4	8	6	1	val_f1	0.8888888888888888	
anchor_lda4	8	6	1	cal_intercept	3.0214592567741074	
anchor_lda4	8	6	1	cal_slope	0.9140502295226706	
anchor_lda4	8	6	2	val_logloss	1.8763929524904603	
anchor_lda4	8	6	2	val_auc	0.9099999999999999	
anchor_lda4	8	6	2	val_pr_auc	0.8923595848595848	
anchor_lda4	8	6	2	val_accuracy	0.7	
anchor_lda4	8	6	2	val_f1	0.625	
anchor_lda4	8	6	2	cal_intercept	1.1224591898645342	
anchor_lda4	8	6	2	cal_slope	0.18777466545916602	
anchor_lda4	8	6	3	val_logloss	1.1643483772618417	
anchor_lda4	8	6	3	val_auc	0.9	
anchor_lda4	8	6	3	val_pr_auc	0.9263888888888888	
anchor_lda4	8	6	3	val_accuracy	0.8	
anchor_lda4	8	6	3	val_f1	0.7777777777777778	
anchor_lda4	8	6	3	cal_intercept	1.1571509190111908	
anchor_lda4	8	6	3	cal_slope	0.2835993257236124	
anchor_lda4	8	7	0	val_logloss	0.31298777240008496	
anchor_lda4	8	7	0	val_auc	0.98	
anchor_lda4	8	7	0	val_pr_auc	0.9809090909090908	
anchor_lda4	8	7	0	val_accuracy	0.95	
anchor_lda4	8	7	0	val_f1	0.9523809523809523	
anchor_lda4	8	7	0	cal_intercept	-1.6775086875746894	
anchor_lda4	8	7	0	cal_slope	0.4848833041396677	
anchor_lda4	8	7	1	val_logloss	0.25674231450083995	
anchor_lda4	8	7	1	val_auc	0.96	
anchor_lda4	8	7	1	val_pr_auc	0.9714285714285714	
anchor_lda4	8	7	1	val_accuracy	0.9	
anchor_lda4	8	7	1	val_f1	0.8888888888888888	
anchor_lda4	8	7	1	cal_intercept	3.031549690555899	
anchor_lda4	8	7	1	cal_slope	1.6403254110757086	
anchor_lda4	8	7	2	val_logloss	0.7150621622598607	
anchor_lda4	8	7	2	val_auc	0.97	
anchor_lda4	8	7	2	val_pr_auc	0.9697979797979798	
anchor_lda4	8	7	2	val_accuracy	0.95	
anchor_lda4	8	7	2	val_f1	0.9523809523809523	
anchor_lda4	8	7	2	cal_intercept	-2.5365853413100563	
anchor_lda4	8	7	2	cal_slope	0.36036859053373543	
anchor_lda4	8	7	3	val_logloss	0.6300009762287266	
anchor_lda4	8	7	3	val_auc	0.9595959595959596	
anchor_lda4	8	7	3	val_pr_auc	0.9467813051146385	
anchor_lda4	8	7	3	val_accuracy	0.9	
anchor_lda4	8	7	3	val_f1	0.8888888888888888	
anchor_lda4	8	7	3	cal_intercept	0.6361504394067488	
anchor_lda4	8	7	3	cal_slope	0.27085707400209424	
anchor_lda4	8	8	0	val_logloss	0.41944307472392495	
anchor_lda4	8	8	0	val_auc	0.9400000000000001	
anchor_lda4	8	8	0	val_pr_auc	0.9429292929292928	
anchor_lda4	8	8	0	val_accuracy	0.8	
anchor_lda4	8	8	0	val_f1	0.75	
anchor_lda4	8	8	0	cal_intercept	1.4072883267932834	
anchor_lda4	8	8	0	cal_slope	0.5223163129458193	
anchor_lda4	8	8	1	val_logloss	0.4728047791665408	
anchor_lda4	8	8	1	val_auc	0.95	
anchor_lda4	8	8	1	val_pr_auc	0.9587412587412588	
anchor_lda4	8	8	1	val_accuracy	0.9	
anchor_lda4	8	8	1	val_f1	0.8888888888888888	
anchor_lda4	8	8	1	cal_intercept	1.2170647939869685	
anchor_lda4	8	8	1	cal_slope	0.4756705378037563	
anchor_lda4	8	8	2	val_logloss	0.349173539779922	
anchor_lda4	8	8	2	val_auc	0.9696969696969697	
anchor_lda4	8	8	2	val_pr_auc	0.9722222222222223	
anchor_lda4	8	8	2	val_accuracy	0.9	
anchor_lda4	8	8	2	val_f1	0.8888888888888888	
anchor_lda4	8	8	2	cal_intercept	0.1885633351600044	
anchor_lda4	8	8	2	cal_slope	0.4051687412177956	
anchor_lda4	8	8	3	val_logloss	2.075079116572172	
anchor_lda4	8	8	3	val_auc	0.8800000000000001	
anchor_lda4	8	8	3	val_pr_auc	0.8871031746031746	
anchor_lda4	8	8	3	val_accuracy	0.85	
anchor_lda4	8	8	3	val_f1	0.8421052631578947	
anchor_lda4	8	8	3	cal_intercept	0.34767762139162406	
anchor_lda4	8	8	3	cal_slope	0.12901534311600593	
anchor_lda4	8	9	0	val_logloss	1.5760654783807726	
anchor_lda4	8	9	0	val_auc	0.92	
anchor_lda4	8	9	0	val_pr_auc	0.9244444444444444	
anchor_lda4	8	9	0	val_accuracy	0.75	
anchor_lda4	8	9	0	val_f1	0.8	
anchor_lda4	8	9	0	cal_intercept	-1.4038408133279336	
anchor_lda4	8	9	0	cal_slope	0.2510501558496297	
anchor_lda4	8	9	1	val_logloss	3.9828499361812697	
anchor_lda4	8	9	1	val_auc	0.58	
anchor_lda4	8	9	1	val_pr_auc	0.7195588235294117	
anchor_lda4	8	9	1	val_accuracy	0.55	
anchor_lda4	8	9	1	val_f1	0.47058823529411764	
anchor_lda4	8	9	1	cal_intercept	0.29293904662067954	
anchor_lda4	8	9	1	cal_slope	0.05380098390342182	
anchor_lda4	8	9	2	val_logloss	1.120904064122316	
anchor_lda4	8	9	2	val_auc	0.93	
anchor_lda4	8	9	2	val_pr_auc	0.9484848484848485	
anchor_lda4	8	9	2	val_accuracy	0.9	
anchor_lda4	8	9	2	val_f1	0.8888888888888888	
anchor_lda4	8	9	2	cal_intercept	1.1320511071315216	
anchor_lda4	8	9	2	cal_slope	0.24081266495265402	
anchor_lda4	8	9	3	val_logloss	0.10660969961800189	
anchor_lda4	8	9	3	val_auc	1.0	
anchor_lda4	8	9	3	val_pr_auc	1.0000000000000002	
anchor_lda4	8	9	3	val_accuracy	0.95	
anchor_lda4	8	9	3	val_f1	0.9473684210526315	
anchor_lda4	8	9	3	cal_intercept	-10.936051856288318	
anchor_lda4	8	9	3	cal_slope	1.681070776366515	
anchor_lda4	8	10	0	val_logloss	0.8743814533495436	
anchor_lda4	8	10	0	val_auc	1.0	
anchor_lda4	8	10	0	val_pr_auc	0.9999999999999999	
anchor_lda4	8	10	0	val_accuracy	0.9	
anchor_lda4	8	10	0	val_f1	0.8888888888888888	
anchor_lda4	8	10	0	cal_intercept	48.8557863687063	
anchor_lda4	8	10	0	cal_slope	4.233768981087087	
anchor_lda4	8	10	1	val_logloss	2.7062603725546874	
anchor_lda4	8	10	1	val_auc	0.9299999999999999	
anchor_lda4	8	10	1	val_pr_auc	0.9351301476301477	
anchor_lda4	8	10	1	val_accuracy	0.75	
anchor_lda4	8	10	1	val_f1	0.7058823529411765	
anchor_lda4	8	10	1	cal_intercept	0.948137390645125	
anchor_lda4	8	10	1	cal_slope	0.13986549198282602	
anchor_lda4	8	10	2	val_logloss	1.5433004383488256	
anchor_lda4	8	10	2	val_auc	0.92	
anchor_lda4	8	10	2	val_pr_auc	0.9229292929292929	
anchor_lda4	8	10	2	val_accuracy	0.7	
anchor_lda4	8	10	2	val_f1	0.6666666666666666	
anchor_lda4	8	10	2	cal_intercept	0.5580237820855984	
anchor_lda4	8	10	2	cal_slope	0.16346969177961826	
anchor_lda4	8	10	3	val_logloss	0.7166272714695684	
anchor_lda4	8	10	3	val_auc	0.9595959595959596	
anchor_lda4	8	10	3	val_pr_auc	0.9575757575757577	
anchor_lda4	8	10	3	val_accuracy	0.85	
anchor_lda4	8	10	3	val_f1	0.8571428571428571	
anchor_lda4	8	10	3	cal_intercept	-1.7040501637355177	
anchor_lda4	8	10	3	cal_slope	0.37029985573268936	
lda_petal	60	1	0	val_logloss	0.31716053174834125	
lda_petal	60	1	0	val_auc	0.9595959595959596	
lda_petal	60	1	0	val_pr_auc	0.9575757575757577	
lda_petal	60	1	0	val_accuracy	0.9	
lda_petal	60	1	0	val_f1	0.875	
lda_petal	60	1	0	cal_intercept	1.3648525795341344	
lda_petal	60	1	0	cal_slope	0.8762559724587449	
lda_petal	60	1	1	val_logloss	0.11443080945501927	
lda_petal	60	1	1	val_auc	1.0	
lda_petal	60	1	1	val_pr_auc	0.9999999999999999	
lda_petal	60	1	1	val_accuracy	0.95	
lda_petal	60	1	1	val_f1	0.9473684210526315	
lda_petal	60	1	1	cal_intercept	16.25614602472868	
lda_petal	60	1	1	cal_slope	13.635253197284557	
lda_petal	60	1	2	val_logloss	0.12375651446340404	
lda_petal	60	1	2	val_auc	1.0	
lda_petal	60	1	2	val_pr_auc	0.9999999999999999	
lda_petal	60	1	2	val_accuracy	0.95	
lda_petal	60	1	2	val_f1	0.9523809523809523	
lda_petal	60	1	2	cal_intercept	-39.055791217691336	
lda_petal	60	1	2	cal_slope	22.50161165232245	
lda_petal	60	1	3	val_logloss	0.09195193621661339	
lda_petal	60	1	3	val_auc	1.0	
lda_petal	60	1	3	val_pr_auc	0.9999999999999999	
lda_petal	60	1	3	val_accuracy	0.95	
lda_petal	60	1	3	val_f1	0.9523809523809523	
lda_petal	60	1	3	cal_intercept	-16.793356033618647	
lda_petal	60	1	3	cal_slope	36.220012066861955	
lda_petal	60	2	0	val_logloss	0.2365389425852144	
lda_petal	60	2	0	val_auc	0.975	
lda_petal	60	2	0	val_pr_auc	0.9733333333333334	
lda_petal	60	2	0	val_accuracy	0.85	
lda_petal	60	2	0	val_f1	0.8571428571428571	
lda_petal	60	2	0	cal_intercept	-0.48196820034233767	
lda_petal	60	2	0	cal_slope	0.8926075900074096	
lda_petal	60	2	1	val_logloss	0.07118344877981884	
lda_petal	60	2	1	val_auc	1.0	
lda_petal	60	2	1	val_pr_auc	1.0000000000000002	
lda_petal	60	2	1	val_accuracy	0.95	
lda_petal	60	2	1	val_f1	0.9473684210526315	
lda_petal	60	2	1	cal_intercept	-8.411623301571632	
lda_petal	60	2	1	cal_slope	5.535996136833158	
lda_petal	60	2	2	val_logloss	0.28446758420773327	
lda_petal	60	2	2	val_auc	0.99	
lda_petal	60	2	2	val_pr_auc	0.9909090909090909	
lda_petal	60	2	2	val_accuracy	0.85	
lda_petal	60	2	2	val_f1	0.8235294117647058	
lda_petal	60	2	2	cal_intercept	11.04783798961255	
lda_petal	60	2	2	cal_slope	3.728879149689611	
lda_petal	60	2	3	val_logloss	0.059310452224825436	
lda_petal	60	2	3	val_auc	1.0	
lda_petal	60	2	3	val_pr_auc	1.0	
lda_petal	60	2	3	val_accuracy	1.0	
lda_petal	60	2	3	val_f1	1.0	
lda_petal	60	2	3	cal_intercept	2.1819496791253528	
lda_petal	60	2	3	cal_slope	4.775856956107681	
lda_petal	60	3	0	val_logloss	0.05724378889110524	
lda_petal	60	3	0	val_auc	1.0	
lda_petal	60	3	0	val_pr_auc	1.0	
lda_petal	60	3	0	val_accuracy	1.0	
lda_petal	60	3	0	val_f1	1.0	
lda_petal	60	3	0	cal_intercept	0.9237566626837463	
lda_petal	60	3	0	cal_slope	5.448134818171248	
lda_petal	60	3	1	val_logloss	0.2715772532783362	
lda_petal	60	3	1	val_auc	1.0	
lda_petal	60	3	1	val_pr_auc	0.9999999999999999	
lda_petal	60	3	1	val_accuracy	0.85	
lda_petal	60	3	1	val_f1	0.8235294117647058	
lda_petal	60	3	1	cal_intercept	81.88715218755587	
lda_petal	60	3	1	cal_slope	25.9905961853589	
lda_petal	60	3	2	val_logloss	0.07444353682801735	
lda_petal	60	3	2	val_auc	1.0	
lda_petal	60	3	2	val_pr_auc	0.9999999999999999	
lda_petal	60	3	2	val_accuracy	0.95	
lda_petal	60	3	2	val_f1	0.9523809523809523	
lda_petal	60	3	2	cal_intercept	-8.180345409474283	
lda_petal	60	3	2	cal_slope	13.897960344344815	
lda_petal	60	3	3	val_logloss	0.25642974018359876	
lda_petal	60	3	3	val_auc	0.9747474747474747	
lda_petal	60	3	3	val_pr_auc	0.9674523007856342	
lda_petal	60	3	3	val_accuracy	0.85	
lda_petal	60	3	3	val_f1	0.8421052631578947	
lda_petal	60	3	3	cal_intercept	-0.6461773728655261	
lda_petal	60	3	3	cal_slope	0.7733400411289387	
lda_petal	60	4	0	val_logloss	0.22510347996314803	
lda_petal	60	4	0	val_auc	0.9797979797979798	
lda_petal	60	4	0	val_pr_auc	0.9797979797979797	
lda_petal	60	4	0	val_accuracy	0.85	
lda_petal	60	4	0	val_f1	0.8421052631578947	
lda_petal	60	4	0	cal_intercept	-0.6568348684495994	
lda_petal	60	4	0	cal_slope	1.0577063135532516	
lda_petal	60	4	1	val_logloss	0.03245712882097028	
lda_petal	60	4	1	val_auc	1.0	
lda_petal	60	4	1	val_pr_auc	0.9999999999999999	
lda_petal	60	4	1	val_accuracy	1.0	
lda_petal	60	4	1	val_f1	1.0	
lda_petal	60	4	1	cal_intercept	1.696994663329885	
lda_petal	60	4	1	cal_slope	5.733692698856024	
lda_petal	60	4	2	val_logloss	0.08811240232191635	
lda_petal	60	4	2	val_auc	1.0	
lda_petal	60	4	2	val_pr_auc	0.9999999999999999	
lda_petal	60	4	2	val_accuracy	1.0	
lda_petal	60	4	2	val_f1	1.0	
lda_petal	60	4	2	cal_intercept	-5.068000090957909	
lda_petal	60	4	2	cal_slope	11.093829179354527	
lda_petal	60	4	3	val_logloss	0.2938389848583699	
lda_petal	60	4	3	val_auc	1.0	
lda_petal	60	4	3	val_pr_auc	0.9999999999999999	
lda_petal	60	4	3	val_accuracy	0.9	
lda_petal	60	4	3	val_f1	0.8888888888888888	
lda_petal	60	4	3	cal_intercept	102.61962025391318	
lda_petal	60	4	3	cal_slope	35.71442887224694	
lda_petal	60	5	0	val_logloss	0.04435977691583145	
lda_petal	60	5	0	val_auc	1.0	
lda_petal	60	5	0	val_pr_auc	1.0	
lda_petal	60	5	0	val_accuracy	1.0	
lda_petal	60	5	0	val_f1	1.0	
lda_petal	60	5	0	cal_intercept	0.1020023458827592	
lda_petal	60	5	0	cal_slope	4.918943798266066	
lda_petal	60	5	1	val_logloss	0.11283719744962015	
lda_petal	60	5	1	val_auc	1.0	
lda_petal	60	5	1	val_pr_auc	0.9999999999999999	
lda_petal	60	5	1	val_accuracy	0.95	
lda_petal	60	5	1	val_f1	0.9523809523809523	
lda_petal	60	5	1	cal_intercept	-20.582015830725947	
lda_petal	60	5	1	cal_slope	16.920965549662522	
lda_petal	60	5	2	val_logloss	0.1880940761567547	
lda_petal	60	5	2	val_auc	0.9750000000000001	
lda_petal	60	5	2	val_pr_auc	0.9733333333333333	
lda_petal	60	5	2	val_accuracy	0.9	
lda_petal	60	5	2	val_f1	0.9	
lda_petal	60	5	2	cal_intercept	0.04323527966716529	
lda_petal	60	5	2	cal_slope	1.0013610627196694	
lda_petal	60	5	3	val_logloss	0.2979846009261275	
lda_petal	60	5	3	val_auc	1.0	
lda_petal	60	5	3	val_pr_auc	1.0000000000000002	
lda_petal	60	5	3	val_accuracy	0.9	
lda_petal	60	5	3	val_f1	0.875	
lda_petal	60	5	3	cal_intercept	153.7601916953072	
lda_petal	60	5	3	cal_slope	55.234069891854936	
lda_petal	60	6	0	val_logloss	0.0777394824023288	
lda_petal	60	6	0	val_auc	1.0	
lda_petal	60	6	0	val_pr_auc	1.0000000000000002	
lda_petal	60	6	0	val_accuracy	0.95	
lda_petal	60	6	0	val_f1	0.9473684210526315	
lda_petal	60	6	0	cal_intercept	-10.241254739347202	
lda_petal	60	6	0	cal_slope	11.021792864800776	
lda_petal	60	6	1	val_logloss	0.15187191514028375	
lda_petal	60	6	1	val_auc	0.99	
lda_petal	60	6	1	val_pr_auc	0.9909090909090909	
lda_petal	60	6	1	val_accuracy	0.95	
lda_petal	60	6	1	val_f1	0.9473684210526315	
lda_petal	60	6	1	cal_intercept	0.6667946021176473	
lda_petal	60	6	1	cal_slope	1.1760954718327266	
lda_petal	60	6	2	val_logloss	0.061794057187810704	
lda_petal	60	6	2	val_auc	1.0	
lda_petal	60	6	2	val_pr_auc	1.0	
lda_petal	60	6	2	val_accuracy	1.0	
lda_petal	60	6	2	val_f1	1.0	
lda_petal	60	6	2	cal_intercept	3.109364154903222	
lda_petal	60	6	2	cal_slope	5.2373730079409055	
lda_petal	60	6	3	val_logloss	0.28238879792802246	
lda_petal	60	6	3	val_auc	0.9550000000000001	
lda_petal	60	6	3	val_pr_auc	0.9497222222222221	
lda_petal	60	6	3	val_accuracy	0.85	
lda_petal	60	6	3	val_f1	0.8421052631578947	
lda_petal	60	6	3	cal_intercept	0.43611922708721595	
lda_petal	60	6	3	cal_slope	0.7892857337006755	
lda_petal	60	7	0	val_logloss	0.13998951847072932	
lda_petal	60	7	0	val_auc	1.0	
lda_petal	60	7	0	val_pr_auc	0.9999999999999999	
lda_petal	60	7	0	val_accuracy	0.95	
lda_petal	60	7	0	val_f1	0.9523809523809523	
lda_petal	60	7	0	cal_intercept	-28.219456535398113	
lda_petal	60	7	0	cal_slope	31.440456472609238	
lda_petal	60	7	1	val_logloss	0.2581878831529182	
lda_petal	60	7	1	val_auc	0.9699999999999999	
lda_petal	60	7	1	val_pr_auc	0.9733333333333333	
lda_petal	60	7	1	val_accuracy	0.9	
lda_petal	60	7	1	val_f1	0.8888888888888888	
lda_petal	60	7	1	cal_intercept	2.3898374232018424	
lda_petal	60	7	1	cal_slope	1.2645905615713662	
lda_petal	60	7	2	val_logloss	0.14959443159964692	
lda_petal	60	7	2	val_auc	0.99	
lda_petal	60	7	2	val_pr_auc	0.9909090909090909	
lda_petal	60	7	2	val_accuracy	0.9	
lda_petal	60	7	2	val_f1	0.9	
lda_petal	60	7	2	cal_intercept	0.025951705810930845	
lda_petal	60	7	2	cal_slope	0.9586604639343488	
lda_petal	60	7	3	val_logloss	0.06039049628634765	
lda_petal	60	7	3	val_auc	1.0	
lda_petal	60	7	3	val_pr_auc	1.0	
lda_petal	60	7	3	val_accuracy	1.0	
lda_petal	60	7	3	val_f1	1.0	
lda_petal	60	7	3	cal_intercept	2.625505881359847	
lda_petal	60	7	3	cal_slope	5.7401850830167	
lda_petal	60	8	0	val_logloss	0.06082018640147926	
lda_petal	60	8	0	val_auc	1.0	
lda_petal	60	8	0	val_pr_auc	1.0	
lda_petal	60	8	0	val_accuracy	1.0	
lda_petal	60	8	0	val_f1	1.0	
lda_petal	60	8	0	cal_intercept	2.355381796915083	
lda_petal	60	8	0	cal_slope	5.809550902636044	
lda_petal	60	8	1	val_logloss	0.20992300000463002	
lda_petal	60	8	1	val_auc	0.98	
lda_petal	60	8	1	val_pr_auc	0.9809090909090908	
lda_petal	60	8	1	val_accuracy	0.9	
lda_petal	60	8	1	val_f1	0.9	
lda_petal	60	8	1	cal_intercept	0.7532007753608112	
lda_petal	60	8	1	cal_slope	0.9842452385565682	
lda_petal	60	8	2	val_logloss	0.1473527222055776	
lda_petal	60	8	2	val_auc	0.9898989898989898	
lda_petal	60	8	2	val_pr_auc	0.9888888888888889	
lda_petal	60	8	2	val_accuracy	0.95	
lda_petal	60	8	2	val_f1	0.9411764705882353	
lda_petal	60	8	2	cal_intercept	0.8587187681379633	
lda_petal	60	8	2	cal_slope	1.361554117382837	
lda_petal	60	8	3	val_logloss	0.1516018688007997	
lda_petal	60	8	3	val_auc	0.9850000000000001	
lda_petal	60	8	3	val_pr_auc	0.9809090909090908	
lda_petal	60	8	3	val_accuracy	0.9	
lda_petal	60	8	3	val_f1	0.9	
lda_petal	60	8	3	cal_intercept	0.032254720895713074	
lda_petal	60	8	3	cal_slope	1.0182077669706044	
lda_petal	60	9	0	val_logloss	0.10032259434052056	
lda_petal	60	9	0	val_auc	1.0	
lda_petal	60	9	0	val_pr_auc	0.9999999999999999	
lda_petal	60	9	0	val_accuracy	0.95	
lda_petal	60	9	0	val_f1	0.9523809523809523	
lda_petal	60	9	0	cal_intercept	-24.53830393717819	
lda_petal	60	9	0	cal_slope	30.518602033727568	
lda_petal	60	9	1	val_logloss	0.13182095853105558	
lda_petal	60	9	1	val_auc	0.995	
lda_petal	60	9	1	val_pr_auc	0.9909090909090909	
lda_petal	60	9	1	val_accuracy	0.95	
lda_petal	60	9	1	val_f1	0.9523809523809523	
lda_petal	60	9	1	cal_intercept	-27.21347807913689	
lda_petal	60	9	1	cal_slope	27.49235039128253	
lda_petal	60	9	2	val_logloss	0.3940386543492337	
lda_petal	60	9	2	val_auc	0.96	
lda_petal	60	9	2	val_pr_auc	0.9669230769230769	
lda_petal	60	9	2	val_accuracy	0.9	
lda_petal	60	9	2	val_f1	0.8888888888888888	
lda_petal	60	9	2	cal_intercept	1.6556373705931298	
lda_petal	60	9	2	cal_slope	0.6693613185261856	
lda_petal	60	9	3	val_logloss	0.08411724589097806	
lda_petal	60	9	3	val_auc	1.0	
lda_petal	60	9	3	val_pr_auc	1.0000000000000002	
lda_petal	60	9	3	val_accuracy	0.95	
lda_petal	60	9	3	val_f1	0.9411764705882353	
lda_petal	60	9	3	cal_intercept	9.863999625526228	
lda_petal	60	9	3	cal_slope	7.643886892561019	
lda_petal	60	10	0	val_logloss	0.0682956903609684	
lda_petal	60	10	0	val_auc	1.0	
lda_petal	60	10	0	val_pr_auc	0.9999999999999999	
lda_petal	60	10	0	val_accuracy	1.0	
lda_petal	60	10	0	val_f1	1.0	
lda_petal	60	10	0	cal_intercept	3.0381242598265166	
lda_petal	60	10	0	cal_slope	5.877735914890128	
lda_petal	60	10	1	val_logloss	0.09927132153455878	
lda_petal	60	10	1	val_auc	1.0	
lda_petal	60	10	1	val_pr_auc	0.9999999999999999	
lda_petal	60	10	1	val_accuracy	0.95	
lda_petal	60	10	1	val_f1	0.9473684210526315	
lda_petal	60	10	1	cal_intercept	41.70971619988344	
lda_petal	60	10	1	cal_slope	32.06410348041011	
lda_petal	60	10	2	val_logloss	0.07807574608220155	
lda_petal	60	10	2	val_auc	1.0	
lda_petal	60	10	2	val_pr_auc	0.9999999999999999	
lda_petal	60	10	2	val_accuracy	1.0	
lda_petal	60	10	2	val_f1	1.0	
lda_petal	60	10	2	cal_intercept	3.1247316765307125	
lda_petal	60	10	2	cal_slope	5.646405062470174	
lda_petal	60	10	3	val_logloss	0.4605408749304913	
lda_petal	60	10	3	val_auc	0.9292929292929293	
lda_petal	60	10	3	val_pr_auc	0.9355089355089357	
lda_petal	60	10	3	val_accuracy	0.8	
lda_petal	60	10	3	val_f1	0.7777777777777778	
lda_petal	60	10	3	cal_intercept	-0.4112543425991106	
lda_petal	60	10	3	cal_slope	0.3978242571203567	
lda_petal	45	1	0	val_logloss	0.2899092576642281	
lda_petal	45	1	0	val_auc	0.9595959595959596	
lda_petal	45	1	0	val_pr_auc	0.9575757575757577	
lda_petal	45	1	0	val_accuracy	0.9	
lda_petal	45	1	0	val_f1	0.875	
lda_petal	45	1	0	cal_intercept	1.3308888086165702	
lda_petal	45	1	0	cal_slope	1.0246480004818113	
lda_petal	45	1	1	val_logloss	0.13000992952597948	
lda_petal	45	1	1	val_auc	1.0	
lda_petal	45	1	1	val_pr_auc	0.9999999999999999	
lda_petal	45	1	1	val_accuracy	0.95	
lda_petal	45	1	1	val_f1	0.9473684210526315	
lda_petal	45	1	1	cal_intercept	35.26305972949631	
lda_petal	45	1	1	cal_slope	31.73924421006787	
lda_petal	45	1	2	val_logloss	0.12482952670273148	
lda_petal	45	1	2	val_auc	1.0	
lda_petal	45	1	2	val_pr_auc	0.9999999999999999	
lda_petal	45	1	2	val_accuracy	0.95	
lda_petal	45	1	2	val_f1	0.9523809523809523	
lda_petal	45	1	2	cal_intercept	-25.63431292678463	
lda_petal	45	1	2	cal_slope	14.984467148848667	
lda_petal	45	1	3	val_logloss	0.09431031243946827	
lda_petal	45	1	3	val_auc	1.0	
lda_petal	45	1	3	val_pr_auc	0.9999999999999999	
lda_petal	45	1	3	val_accuracy	0.95	
lda_petal	45	1	3	val_f1	0.9523809523809523	
lda_petal	45	1	3	cal_intercept	-13.63210567602324	
lda_petal	45	1	3	cal_slope	36.460033755182536	
lda_petal	45	2	0	val_logloss	0.27439422209748543	
lda_petal	45	2	0	val_auc	0.975	
lda_petal	45	2	0	val_pr_auc	0.9733333333333334	
lda_petal	45	2	0	val_accuracy	0.9	
lda_petal	45	2	0	val_f1	0.9	
lda_petal	45	2	0	cal_intercept	-0.6492432379918482	
lda_petal	45	2	0	cal_slope	0.6953975203778733	
lda_petal	45	2	1	val_logloss	0.05572522475650706	
lda_petal	45	2	1	val_auc	1.0	
lda_petal	45	2	1	val_pr_auc	1.0000000000000002	
lda_petal	45	2	1	val_accuracy	0.95	
lda_petal	45	2	1	val_f1	0.9473684210526315	
lda_petal	45	2	1	cal_intercept	-6.208974881421344	
lda_petal	45	2	1	cal_slope	5.671679352092831	
lda_petal	45	2	2	val_logloss	0.2007706888129698	
lda_petal	45	2	2	val_auc	1.0	
lda_petal	45	2	2	val_pr_auc	0.9999999999999999	
lda_petal	45	2	2	val_accuracy	0.9	
lda_petal	45	2	2	val_f1	0.8888888888888888	
lda_petal	45	2	2	cal_intercept	39.58598621782594	
lda_petal	45	2	2	cal_slope	18.222845844328	
lda_petal	45	2	3	val_logloss	0.051675065079022295	
lda_petal	45	2	3	val_auc	1.0	
lda_petal	45	2	3	val_pr_auc	1.0	
lda_petal	45	2	3	val_accuracy	1.0	
lda_petal	45	2	3	val_f1	1.0	
lda_petal	45	2	3	cal_intercept	2.052894677820496	
lda_petal	45	2	3	cal_slope	4.644047968430582	
lda_petal	45	3	0	val_logloss	0.07078916438408056	
lda_petal	45	3	0	val_auc	1.0	
lda_petal	45	3	0	val_pr_auc	1.0	
lda_petal	45	3	0	val_accuracy	1.0	
lda_petal	45	3	0	val_f1	1.0	
lda_petal	45	3	0	cal_intercept	0.8431009318256488	
lda_petal	45	3	0	cal_slope	6.076456329699098	
lda_petal	45	3	1	val_logloss	0.29119857954741046	
lda_petal	45	3	1	val_auc	1.0	
lda_petal	45	3	1	val_pr_auc	0.9999999999999999	
lda_petal	45	3	1	val_accuracy	0.9	
lda_petal	45	3	1	val_f1	0.8888888888888888	
lda_petal	45	3	1	cal_intercept	44.31398381259959	
lda_petal	45	3	1	cal_slope	13.67355137117301	
lda_petal	45	3	2	val_logloss	0.08358441647808941	
lda_petal	45	3	2	val_auc	1.0	
lda_petal	45	3	2	val_pr_auc	0.9999999999999999	
lda_petal	45	3	2	val_accuracy	0.95	
lda_petal	45	3	2	val_f1	0.9523809523809523	
lda_petal	45	3	2	cal_intercept	-18.941720299581892	
lda_petal	45	3	2	cal_slope	55.32205663751801	
lda_petal	45	3	3	val_logloss	0.24203006315958703	
lda_petal	45	3	3	val_auc	0.9747474747474747	
lda_petal	45	3	3	val_pr_auc	0.9674523007856342	
lda_petal	45	3	3	val_accuracy	0.85	
lda_petal	45	3	3	val_f1	0.8421052631578947	
lda_petal	45	3	3	cal_intercept	-0.6704051914932999	
lda_petal	45	3	3	cal_slope	0.8926675781928067	
lda_petal	45	4	0	val_logloss	0.2266192670891581	
lda_petal	45	4	0	val_auc	0.9797979797979798	
lda_petal	45	4	0	val_pr_auc	0.9797979797979797	
lda_petal	45	4	0	val_accuracy	0.85	
lda_petal	45	4	0	val_f1	0.8421052631578947	
lda_petal	45	4	0	cal_intercept	-1.0668895487705485	
lda_petal	45	4	0	cal_slope	1.0253679337763633	
lda_petal	45	4	1	val_logloss	0.03306651285426878	
lda_petal	45	4	1	val_auc	1.0	
lda_petal	45	4	1	val_pr_auc	0.9999999999999999	
lda_petal	45	4	1	val_accuracy	1.0	
lda_petal	45	4	1	val_f1	1.0	
lda_petal	45	4	1	cal_intercept	0.1326771885759117	
lda_petal	45	4	1	cal_slope	6.170991288729715	
lda_petal	45	4	2	val_logloss	0.10237534229503398	
lda_petal	45	4	2	val_auc	1.0	
lda_petal	45	4	2	val_pr_auc	0.9999999999999999	
lda_petal	45	4	2	val_accuracy	0.95	
lda_petal	45	4	2	val_f1	0.9523809523809523	
lda_petal	45	4	2	cal_intercept	-10.29936077692932	
lda_petal	45	4	2	cal_slope	18.245416731622626	
lda_petal	45	4	3	val_logloss	0.36043488755699193	
lda_petal	45	4	3	val_auc	0.99	
lda_petal	45	4	3	val_pr_auc	0.9909090909090909	
lda_petal	45	4	3	val_accuracy	0.9	
lda_petal	45	4	3	val_f1	0.8888888888888888	
lda_petal	45	4	3	cal_intercept	9.480098940801735	
lda_petal	45	4	3	cal_slope	2.8703484558148173	
lda_petal	45	5	0	val_logloss	0.056929365157645	
lda_petal	45	5	0	val_auc	1.0	
lda_petal	45	5	0	val_pr_auc	1.0	
lda_petal	45	5	0	val_accuracy	1.0	
lda_petal	45	5	0	val_f1	1.0	
lda_petal	45	5	0	cal_intercept	-0.2855691977524972	
lda_petal	45	5	0	cal_slope	5.8807932722169145	
lda_petal	45	5	1	val_logloss	0.08652041692945249	
lda_petal	45	5	1	val_auc	1.0	
lda_petal	45	5	1	val_pr_auc	0.9999999999999999	
lda_petal	45	5	1	val_accuracy	0.95	
lda_petal	45	5	1	val_f1	0.9523809523809523	
lda_petal	45	5	1	cal_intercept	-12.299036315932556	
lda_petal	45	5	1	cal_slope	11.449822751107419	
lda_petal	45	5	2	val_logloss	0.2042372110669294	
lda_petal	45	5	2	val_auc	0.9750000000000001	
lda_petal	45	5	2	val_pr_auc	0.9733333333333333	
lda_petal	45	5	2	val_accuracy	0.9	
lda_petal	45	5	2	val_f1	0.9	
lda_petal	45	5	2	cal_intercept	0.41012080720422395	
lda_petal	45	5	2	cal_slope	1.029936177226642	
lda_petal	45	5	3	val_logloss	0.24965679111066558	
lda_petal	45	5	3	val_auc	1.0	
lda_petal	45	5	3	val_pr_auc	1.0000000000000002	
lda_petal	45	5	3	val_accuracy	0.9	
lda_petal	45	5	3	val_f1	0.875	
lda_petal	45	5	3	cal_intercept	50.35467415646024	
lda_petal	45	5	3	cal_slope	22.065170708487887	
lda_petal	45	6	0	val_logloss	0.0791401910768035	
lda_petal	45	6	0	val_auc	1.0	
lda_petal	45	6	0	val_pr_auc	1.0000000000000002	
lda_petal	45	6	0	val_accuracy	0.95	
lda_petal	45	6	0	val_f1	0.9473684210526315	
lda_petal	45	6	0	cal_intercept	-12.837171241947342	
lda_petal	45	6	0	cal_slope	9.988780640313704	
lda_petal	45	6	1	val_logloss	0.1481732076860533	
lda_petal	45	6	1	val_auc	0.99	
lda_petal	45	6	1	val_pr_auc	0.9909090909090909	
lda_petal	45	6	1	val_accuracy	0.9	
lda_petal	45	6	1	val_f1	0.9	
lda_petal	45	6	1	cal_intercept	0.15803622572313136	
lda_petal	45	6	1	cal_slope	1.275006990299852	
lda_petal	45	6	2	val_logloss	0.0740904499066991	
lda_petal	45	6	2	val_auc	1.0	
lda_petal	45	6	2	val_pr_auc	1.0	
lda_petal	45	6	2	val_accuracy	1.0	
lda_petal	45	6	2	val_f1	1.0	
lda_petal	45	6	2	cal_intercept	2.940396462712583	
lda_petal	45	6	2	cal_slope	5.4861166611454735	
lda_petal	45	6	3	val_logloss	0.3123101528494039	
lda_petal	45	6	3	val_auc	0.935	
lda_petal	45	6	3	val_pr_auc	0.9378174603174602	
lda_petal	45	6	3	val_accuracy	0.85	
lda_petal	45	6	3	val_f1	0.8421052631578947	
lda_petal	45	6	3	cal_intercept	0.5117366084840111	
lda_petal	45	6	3	cal_slope	0.8035085962012297	
lda_petal	45	7	0	val_logloss	0.13481040874075628	
lda_petal	45	7	0	val_auc	1.0	
lda_petal	45	7	0	val_pr_auc	0.9999999999999999	
lda_petal	45	7	0	val_accuracy	0.95	
lda_petal	45	7	0	val_f1	0.9523809523809523	
lda_petal	45	7	0	cal_intercept	-16.050980358770882	
lda_petal	45	7	0	cal_slope	22.542636149734815	
lda_petal	45	7	1	val_logloss	0.2021328112587908	
lda_petal	45	7	1	val_auc	0.99	
lda_petal	45	7	1	val_pr_auc	0.9909090909090909	
lda_petal	45	7	1	val_accuracy	0.9	
lda_petal	45	7	1	val_f1	0.8888888888888888	
lda_petal	45	7	1	cal_intercept	20.241249182214446	
lda_petal	45	7	1	cal_slope	13.263072983510021	
lda_petal	45	7	2	val_logloss	0.1563364588134016	
lda_petal	45	7	2	val_auc	0.99	
lda_petal	45	7	2	val_pr_auc	0.9909090909090909	
lda_petal	45	7	2	val_accuracy	0.9	
lda_petal	45	7	2	val_f1	0.9	
lda_petal	45	7	2	cal_intercept	0.21104271627703997	
lda_petal	45	7	2	cal_slope	0.9708901375183246	
lda_petal	45	7	3	val_logloss	0.053250049411453095	
lda_petal	45	7	3	val_auc	1.0	
lda_petal	45	7	3	val_pr_auc	1.0	
lda_petal	45	7	3	val_accuracy	1.0	
lda_petal	45	7	3	val_f1	1.0	
lda_petal	45	7	3	cal_intercept	0.7166831791127309	
lda_petal	45	7	3	cal_slope	5.641641131875987	
lda_petal	45	8	0	val_logloss	0.047703715462357466	
lda_petal	45	8	0	val_auc	1.0	
lda_petal	45	8	0	val_pr_auc	1.0	
lda_petal	45	8	0	val_accuracy	1.0	
lda_petal	45	8	0	val_f1	1.0	
lda_petal	45	8	0	cal_intercept	1.2619485939718564	
lda_petal	45	8	0	cal_slope	5.157870890818111	
lda_petal	45	8	1	val_logloss	0.20223556112537272	
lda_petal	45	8	1	val_auc	0.98	
lda_petal	45	8	1	val_pr_auc	0.9809090909090908	
lda_petal	45	8	1	val_accuracy	0.9	
lda_petal	45	8	1	val_f1	0.9	
lda_petal	45	8	1	cal_intercept	0.5683421271977027	
lda_petal	45	8	1	cal_slope	1.0166365937095299	
lda_petal	45	8	2	val_logloss	0.1249620679954057	
lda_petal	45	8	2	val_auc	0.9898989898989898	
lda_petal	45	8	2	val_pr_auc	0.9888888888888889	
lda_petal	45	8	2	val_accuracy	0.9	
lda_petal	45	8	2	val_f1	0.8888888888888888	
lda_petal	45	8	2	cal_intercept	0.1005058315048617	
lda_petal	45	8	2	cal_slope	2.4088521489010146	
lda_petal	45	8	3	val_logloss	0.1610721328378173	
lda_petal	45	8	3	val_auc	0.9850000000000001	
lda_petal	45	8	3	val_pr_auc	0.9809090909090908	
lda_petal	45	8	3	val_accuracy	0.9	
lda_petal	45	8	3	val_f1	0.9	
lda_petal	45	8	3	cal_intercept	0.4607655516152523	
lda_petal	45	8	3	cal_slope	0.9129376887277996	
lda_petal	45	9	0	val_logloss	0.08790728854349533	
lda_petal	45	9	0	val_auc	1.0	
lda_petal	45	9	0	val_pr_auc	0.9999999999999999	
lda_petal	45	9	0	val_accuracy	0.95	
lda_petal	45	9	0	val_f1	0.9523809523809523	
lda_petal	45	9	0	cal_intercept	-11.835735866292548	
lda_petal	45	9	0	cal_slope	20.066161915997057	
lda_petal	45	9	1	val_logloss	0.1339035435114233	
lda_petal	45	9	1	val_auc	0.9850000000000001	
lda_petal	45	9	1	val_pr_auc	0.9809090909090908	
lda_petal	45	9	1	val_accuracy	0.95	
lda_petal	45	9	1	val_f1	0.9523809523809523	
lda_petal	45	9	1	cal_intercept	-0.8062547222938665	
lda_petal	45	9	1	cal_slope	1.8616110576563913	
lda_petal	45	9	2	val_logloss	0.40027536867201985	
lda_petal	45	9	2	val_auc	0.96	
lda_petal	45	9	2	val_pr_auc	0.9669230769230769	
lda_petal	45	9	2	val_accuracy	0.9	
lda_petal	45	9	2	val_f1	0.8888888888888888	
lda_petal	45	9	2	cal_intercept	1.563671755757914	
lda_petal	45	9	2	cal_slope	0.6864581481772043	
lda_petal	45	9	3	val_logloss	0.10563848321965659	
lda_petal	45	9	3	val_auc	1.0	
lda_petal	45	9	3	val_pr_auc	1.0000000000000002	
lda_petal	45	9	3	val_accuracy	0.95	
lda_petal	45	9	3	val_f1	0.9411764705882353	
lda_petal	45	9	3	cal_intercept	13.2621251717769	
lda_petal	45	9	3	cal_slope	10.18763007222777	
lda_petal	45	10	0	val_logloss	0.07332436029531213	
lda_petal	45	10	0	val_auc	1.0	
lda_petal	45	10	0	val_pr_auc	0.9999999999999999	
lda_petal	45	10	0	val_accuracy	1.0	
lda_petal	45	10	0	val_f1	1.0	
lda_petal	45	10	0	cal_intercept	0.723944643733992	
lda_petal	45	10	0	cal_slope	6.801356884842118	
lda_petal	45	10	1	val_logloss	0.11450302742190654	
lda_petal	45	10	1	val_auc	0.99	
lda_petal	45	10	1	val_pr_auc	0.9909090909090909	
lda_petal	45	10	1	val_accuracy	0.95	
lda_petal	45	10	1	val_f1	0.9473684210526315	
lda_petal	45	10	1	cal_intercept	1.8616526101619875	
lda_petal	45	10	1	cal_slope	1.7813764132116887	
lda_petal	45	10	2	val_logloss	0.0946454803149612	
lda_petal	45	10	2	val_auc	1.0	
lda_petal	45	10	2	val_pr_auc	0.9999999999999999	
lda_petal	45	10	2	val_accuracy	1.0	
lda_petal	45	10	2	val_f1	1.0	
lda_petal	45	10	2	cal_intercept	2.523635541965185	
lda_petal	45	10	2	cal_slope	7.328141064207182	
lda_petal	45	10	3	val_logloss	0.42080245529136145	
lda_petal	45	10	3	val_auc	0.9393939393939393	
lda_petal	45	10	3	val_pr_auc	0.941919191919192	
lda_petal	45	10	3	val_accuracy	0.8	
lda_petal	45	10	3	val_f1	0.7777777777777778	
lda_petal	45	10	3	cal_intercept	-0.44840482349291705	
lda_petal	45	10	3	cal_slope	0.43865080204680773	
lda_petal	30	1	0	val_logloss	0.29967029946795193	
lda_petal	30	1	0	val_auc	0.9595959595959596	
lda_petal	30	1	0	val_pr_auc	0.9575757575757577	
lda_petal	30	1	0	val_accuracy	0.9	
lda_petal	30	1	0	val_f1	0.875	
lda_petal	30	1	0	cal_intercept	1.0819961684225794	
lda_petal	30	1	0	cal_slope	0.8368846052904519	
lda_petal	30	1	1	val_logloss	0.1429218123726897	
lda_petal	30	1	1	val_auc	1.0	
lda_petal	30	1	1	val_pr_auc	0.9999999999999999	
lda_petal	30	1	1	val_accuracy	0.95	
lda_petal	30	1	1	val_f1	0.9473684210526315	
lda_petal	30	1	1	cal_intercept	47.55861309095565	
lda_petal	30	1	1	cal_slope	36.25138242410066	
lda_petal	30	1	2	val_logloss	0.09911222024745578	
lda_petal	30	1	2	val_auc	1.0	
lda_petal	30	1	2	val_pr_auc	0.9999999999999999	
lda_petal	30	1	2	val_accuracy	0.95	
lda_petal	30	1	2	val_f1	0.9523809523809523	
lda_petal	30	1	2	cal_intercept	-22.59208602080059	
lda_petal	30	1	2	cal_slope	15.309407852101863	
lda_petal	30	1	3	val_logloss	0.10898536175883025	
lda_petal	30	1	3	val_auc	1.0	
lda_petal	30	1	3	val_pr_auc	0.9999999999999999	
lda_petal	30	1	3	val_accuracy	0.95	
lda_petal	30	1	3	val_f1	0.9473684210526315	
lda_petal	30	1	3	cal_intercept	30.491769797343643	
lda_petal	30	1	3	cal_slope	288.3319990198077	
lda_petal	30	2	0	val_logloss	0.274561709997736	
lda_petal	30	2	0	val_auc	0.975	
lda_petal	30	2	0	val_pr_auc	0.9733333333333334	
lda_petal	30	2	0	val_accuracy	0.9	
lda_petal	30	2	0	val_f1	0.9	
lda_petal	30	2	0	cal_intercept	-0.7043318615474684	
lda_petal	30	2	0	cal_slope	0.7369477924123538	
lda_petal	30	2	1	val_logloss	0.04503927941536064	
lda_petal	30	2	1	val_auc	1.0	
lda_petal	30	2	1	val_pr_auc	1.0000000000000002	
lda_petal	30	2	1	val_accuracy	1.0	
lda_petal	30	2	1	val_f1	1.0	
lda_petal	30	2	1	cal_intercept	-4.065847984968766	
lda_petal	30	2	1	cal_slope	6.479327683805787	
lda_petal	30	2	2	val_logloss	0.17369813190464986	
lda_petal	30	2	2	val_auc	1.0	
lda_petal	30	2	2	val_pr_auc	0.9999999999999999	
lda_petal	30	2	2	val_accuracy	0.9	
lda_petal	30	2	2	val_f1	0.8888888888888888	
lda_petal	30	2	2	cal_intercept	22.292386263103086	
lda_petal	30	2	2	cal_slope	14.175235681533108	
lda_petal	30	2	3	val_logloss	0.04721962834859542	
lda_petal	30	2	3	val_auc	1.0	
lda_petal	30	2	3	val_pr_auc	1.0	
lda_petal	30	2	3	val_accuracy	1.0	
lda_petal	30	2	3	val_f1	1.0	
lda_petal	30	2	3	cal_intercept	1.385281144566206	
lda_petal	30	2	3	cal_slope	4.665992209778158	
lda_petal	30	3	0	val_logloss	0.0662882475367526	
lda_petal	30	3	0	val_auc	1.0	
lda_petal	30	3	0	val_pr_auc	1.0	
lda_petal	30	3	0	val_accuracy	1.0	
lda_petal	30	3	0	val_f1	1.0	
lda_petal	30	3	0	cal_intercept	0.7570673059905658	
lda_petal	30	3	0	cal_slope	6.008345528100096	
lda_petal	30	3	1	val_logloss	0.2665005626392524	
lda_petal	30	3	1	val_auc	1.0	
lda_petal	30	3	1	val_pr_auc	0.9999999999999999	
lda_petal	30	3	1	val_accuracy	0.9	
lda_petal	30	3	1	val_f1	0.8888888888888888	
lda_petal	30	3	1	cal_intercept	31.844334053502987	
lda_petal	30	3	1	cal_slope	10.881581219879097	
lda_petal	30	3	2	val_logloss	0.0915503816139111	
lda_petal	30	3	2	val_auc	1.0	
lda_petal	30	3	2	val_pr_auc	0.9999999999999999	
lda_petal	30	3	2	val_accuracy	0.95	
lda_petal	30	3	2	val_f1	0.9523809523809523	
lda_petal	30	3	2	cal_intercept	-10.43027367063433	
lda_petal	30	3	2	cal_slope	24.828473696914582	
lda_petal	30	3	3	val_logloss	0.2671291079779411	
lda_petal	30	3	3	val_auc	0.9747474747474747	
lda_petal	30	3	3	val_pr_auc	0.9674523007856342	
lda_petal	30	3	3	val_accuracy	0.85	
lda_petal	30	3	3	val_f1	0.8421052631578947	
lda_petal	30	3	3	cal_intercept	-0.8955022708379731	
lda_petal	30	3	3	cal_slope	0.810709299517182	
lda_petal	30	4	0	val_logloss	0.2019278724391879	
lda_petal	30	4	0	val_auc	0.9797979797979798	
lda_petal	30	4	0	val_pr_auc	0.9797979797979797	
lda_petal	30	4	0	val_accuracy	0.9	
lda_petal	30	4	0	val_f1	0.8888888888888888	
lda_petal	30	4	0	cal_intercept	0.10266504080940277	
lda_petal	30	4	0	cal_slope	0.8693501057085367	
lda_petal	30	4	1	val_logloss	0.029288942756260133	
lda_petal	30	4	1	val_auc	1.0	
lda_petal	30	4	1	val_pr_auc	0.9999999999999999	
lda_petal	30	4	1	val_accuracy	1.0	
lda_petal	30	4	1	val_f1	1.0	
lda_petal	30	4	1	cal_intercept	1.1306309245603814	
lda_petal	30	4	1	cal_slope	5.6003389833180774	
lda_petal	30	4	2	val_logloss	0.10258860005884358	
lda_petal	30	4	2	val_auc	1.0	
lda_petal	30	4	2	val_pr_auc	0.9999999999999999	
lda_petal	30	4	2	val_accuracy	0.95	
lda_petal	30	4	2	val_f1	0.9523809523809523	
lda_petal	30	4	2	cal_intercept	-7.489157085399098	
lda_petal	30	4	2	cal_slope	14.936768523136811	
lda_petal	30	4	3	val_logloss	0.3013310644293341	
lda_petal	30	4	3	val_auc	1.0	
lda_petal	30	4	3	val_pr_auc	0.9999999999999999	
lda_petal	30	4	3	val_accuracy	0.9	
lda_petal	30	4	3	val_f1	0.8888888888888888	
lda_petal	30	4	3	cal_intercept	97.54702205356244	
lda_petal	30	4	3	cal_slope	32.31177393705379	
lda_petal	30	5	0	val_logloss	0.057753286186117934	
lda_petal	30	5	0	val_auc	1.0	
lda_petal	30	5	0	val_pr_auc	1.0	
lda_petal	30	5	0	val_accuracy	1.0	
lda_petal	30	5	0	val_f1	1.0	
lda_petal	30	5	0	cal_intercept	0.0014772365294802546	
lda_petal	30	5	0	cal_slope	6.002408398869185	
lda_petal	30	5	1	val_logloss	0.08547137817377926	
lda_petal	30	5	1	val_auc	1.0	
lda_petal	30	5	1	val_pr_auc	0.9999999999999999	
lda_petal	30	5	1	val_accuracy	0.95	
lda_petal	30	5	1	val_f1	0.9523809523809523	
lda_petal	30	5	1	cal_intercept	-15.013131073372126	
lda_petal	30	5	1	cal_slope	14.15519264919461	
lda_petal	30	5	2	val_logloss	0.20451480027732288	
lda_petal	30	5	2	val_auc	0.9750000000000001	
lda_petal	30	5	2	val_pr_auc	0.9733333333333333	
lda_petal	30	5	2	val_accuracy	0.9	
lda_petal	30	5	2	val_f1	0.9	
lda_petal	30	5	2	cal_intercept	0.3756873348330734	
lda_petal	30	5	2	cal_slope	0.9968263871913876	
lda_petal	30	5	3	val_logloss	0.2573520093858732	
lda_petal	30	5	3	val_auc	1.0	
lda_petal	30	5	3	val_pr_auc	1.0000000000000002	
lda_petal	30	5	3	val_accuracy	0.9	
lda_petal	30	5	3	val_f1	0.875	
lda_petal	30	5	3	cal_intercept	65.92602840578323	
lda_petal	30	5	3	cal_slope	31.09232496990891	
lda_petal	30	6	0	val_logloss	0.0840770615644516	
lda_petal	30	6	0	val_auc	1.0	
lda_petal	30	6	0	val_pr_auc	1.0000000000000002	
lda_petal	30	6	0	val_accuracy	0.95	
lda_petal	30	6	0	val_f1	0.9473684210526315	
lda_petal	30	6	0	cal_intercept	-12.247044032464128	
lda_petal	30	6	0	cal_slope	11.585335647831437	
lda_petal	30	6	1	val_logloss	0.15871495197910446	
lda_petal	30	6	1	val_auc	0.99	
lda_petal	30	6	1	val_pr_auc	0.9909090909090909	
lda_petal	30	6	1	val_accuracy	0.9	
lda_petal	30	6	1	val_f1	0.9	
lda_petal	30	6	1	cal_intercept	-0.6470947724664698	
lda_petal	30	6	1	cal_slope	1.1998303490174076	
lda_petal	30	6	2	val_logloss	0.07023475214465777	
lda_petal	30	6	2	val_auc	1.0	
lda_petal	30	6	2	val_pr_auc	1.0	
lda_petal	30	6	2	val_accuracy	1.0	
lda_petal	30	6	2	val_f1	1.0	
lda_petal	30	6	2	cal_intercept	3.2045060143003403	
lda_petal	30	6	2	cal_slope	5.307578425498748	
lda_petal	30	6	3	val_logloss	0.36659131180757215	
lda_petal	30	6	3	val_auc	0.935	
lda_petal	30	6	3	val_pr_auc	0.9378174603174602	
lda_petal	30	6	3	val_accuracy	0.8	
lda_petal	30	6	3	val_f1	0.7777777777777778	
lda_petal	30	6	3	cal_intercept	0.4660521844574645	
lda_petal	30	6	3	cal_slope	0.7318986180626649	
lda_petal	30	7	0	val_logloss	0.14473909136344898	
lda_petal	30	7	0	val_auc	1.0	
lda_petal	30	7	0	val_pr_auc	0.9999999999999999	
lda_petal	30	7	0	val_accuracy	0.95	
lda_petal	30	7	0	val_f1	0.9523809523809523	
lda_petal	30	7	0	cal_intercept	-28.8308654917355	
lda_petal	30	7	0	cal_slope	65.7788906809778	
lda_petal	30	7	1	val_logloss	0.2716156139653064	
lda_petal	30	7	1	val_auc	0.9699999999999999	
lda_petal	30	7	1	val_pr_auc	0.9733333333333333	
lda_petal	30	7	1	val_accuracy	0.9	
lda_petal	30	7	1	val_f1	0.8888888888888888	
lda_petal	30	7	1	cal_intercept	2.2239249573163726	
lda_petal	30	7	1	cal_slope	1.1654345022787693	
lda_petal	30	7	2	val_logloss	0.15886719614916447	
lda_petal	30	7	2	val_auc	0.99	
lda_petal	30	7	2	val_pr_auc	0.9909090909090909	
lda_petal	30	7	2	val_accuracy	0.9	
lda_petal	30	7	2	val_f1	0.9	
lda_petal	30	7	2	cal_intercept	-0.38876144328713785	
lda_petal	30	7	2	cal_slope	1.0962216339147168	
lda_petal	30	7	3	val_logloss	0.035607809752381904	
lda_petal	30	7	3	val_auc	1.0	
lda_petal	30	7	3	val_pr_auc	1.0	
lda_petal	30	7	3	val_accuracy	1.0	
lda_petal	30	7	3	val_f1	1.0	
lda_petal	30	7	3	cal_intercept	2.396829321409956	
lda_petal	30	7	3	cal_slope	5.415796789372072	
lda_petal	30	8	0	val_logloss	0.0491220370626559	
lda_petal	30	8	0	val_auc	1.0	
lda_petal	30	8	0	val_pr_auc	1.0	
lda_petal	30	8	0	val_accuracy	1.0	
lda_petal	30	8	0	val_f1	1.0	
lda_petal	30	8	0	cal_intercept	2.5406882787651877	
lda_petal	30	8	0	cal_slope	5.077354981974863	
lda_petal	30	8	1	val_logloss	0.18343521797820936	
lda_petal	30	8	1	val_auc	0.99	
lda_petal	30	8	1	val_pr_auc	0.9909090909090909	
lda_petal	30	8	1	val_accuracy	0.9	
lda_petal	30	8	1	val_f1	0.9	
lda_petal	30	8	1	cal_intercept	0.4362445605507121	
lda_petal	30	8	1	cal_slope	1.361348291234273	
lda_petal	30	8	2	val_logloss	0.13702442776350401	
lda_petal	30	8	2	val_auc	0.9898989898989898	
lda_petal	30	8	2	val_pr_auc	0.9888888888888889	
lda_petal	30	8	2	val_accuracy	0.95	
lda_petal	30	8	2	val_f1	0.9473684210526315	
lda_petal	30	8	2	cal_intercept	-1.8297721430032772	
lda_petal	30	8	2	cal_slope	3.5506720071250237	
lda_petal	30	8	3	val_logloss	0.1644312730097988	
lda_petal	30	8	3	val_auc	0.9850000000000001	
lda_petal	30	8	3	val_pr_auc	0.9809090909090908	
lda_petal	30	8	3	val_accuracy	0.9	
lda_petal	30	8	3	val_f1	0.9	
lda_petal	30	8	3	cal_intercept	0.500404728458137	
lda_petal	30	8	3	cal_slope	1.0922406550408956	
lda_petal	30	9	0	val_logloss	0.05996652168040752	
lda_petal	30	9	0	val_auc	1.0	
lda_petal	30	9	0	val_pr_auc	0.9999999999999999	
lda_petal	30	9	0	val_accuracy	1.0	
lda_petal	30	9	0	val_f1	1.0	
lda_petal	30	9	0	cal_intercept	-3.612932571644808	
lda_petal	30	9	0	cal_slope	13.771757059314435	
lda_petal	30	9	1	val_logloss	0.14618496191455366	
lda_petal	30	9	1	val_auc	0.995	
lda_petal	30	9	1	val_pr_auc	0.9909090909090909	
lda_petal	30	9	1	val_accuracy	0.95	
lda_petal	30	9	1	val_f1	0.9523809523809523	
lda_petal	30	9	1	cal_intercept	-25.276542803687256	
lda_petal	30	9	1	cal_slope	16.99568421995592	
lda_petal	30	9	2	val_logloss	0.3465728827139761	
lda_petal	30	9	2	val_auc	0.96	
lda_petal	30	9	2	val_pr_auc	0.9669230769230769	
lda_petal	30	9	2	val_accuracy	0.9	
lda_petal	30	9	2	val_f1	0.8888888888888888	
lda_petal	30	9	2	cal_intercept	1.6662483780143318	
lda_petal	30	9	2	cal_slope	0.7960933623319969	
lda_petal	30	9	3	val_logloss	0.07280763486674757	
lda_petal	30	9	3	val_auc	1.0	
lda_petal	30	9	3	val_pr_auc	1.0000000000000002	
lda_petal	30	9	3	val_accuracy	0.95	
lda_petal	30	9	3	val_f1	0.9411764705882353	
lda_petal	30	9	3	cal_intercept	9.223317973089634	
lda_petal	30	9	3	cal_slope	6.485078331604457	
lda_petal	30	10	0	val_logloss	0.07311522271405017	
lda_petal	30	10	0	val_auc	1.0	
lda_petal	30	10	0	val_pr_auc	0.9999999999999999	
lda_petal	30	10	0	val_accuracy	1.0	
lda_petal	30	10	0	val_f1	1.0	
lda_petal	30	10	0	cal_intercept	5.422266143224	
lda_petal	30	10	0	cal_slope	5.373303586213064	
lda_petal	30	10	1	val_logloss	0.053821338097541194	
lda_petal	30	10	1	val_auc	1.0	
lda_petal	30	10	1	val_pr_auc	0.9999999999999999	
lda_petal	30	10	1	val_accuracy	0.95	
lda_petal	30	10	1	val_f1	0.9473684210526315	
lda_petal	30	10	1	cal_intercept	8.27934909848033	
lda_petal	30	10	1	cal_slope	8.699009258154204	
lda_petal	30	10	2	val_logloss	0.09083951980280014	
lda_petal	30	10	2	val_auc	1.0	
lda_petal	30	10	2	val_pr_auc	0.9999999999999999	
lda_petal	30	10	2	val_accuracy	1.0	
lda_petal	30	10	2	val_f1	1.0	
lda_petal	30	10	2	cal_intercept	2.5963957017173755	
lda_petal	30	10	2	cal_slope	6.782054617116951	
lda_petal	30	10	3	val_logloss	0.43829159392892547	
lda_petal	30	10	3	val_auc	0.9393939393939393	
lda_petal	30	10	3	val_pr_auc	0.941919191919192	
lda_petal	30	10	3	val_accuracy	0.75	
lda_petal	30	10	3	val_f1	0.7368421052631579	
lda_petal	30	10	3	cal_intercept	-0.83833811627701	
lda_petal	30	10	3	cal_slope	0.4533203064310812	
lda_petal	20	1	0	val_logloss	0.32058703344270206	
lda_petal	20	1	0	val_auc	0.9393939393939393	
lda_petal	20	1	0	val_pr_auc	0.9435897435897438	
lda_petal	20	1	0	val_accuracy	0.9	
lda_petal	20	1	0	val_f1	0.875	
lda_petal	20	1	0	cal_intercept	0.35945400260126004	
lda_petal	20	1	0	cal_slope	0.601254519194969	
lda_petal	20	1	1	val_logloss	0.159022755045901	
lda_petal	20	1	1	val_auc	1.0	
lda_petal	20	1	1	val_pr_auc	0.9999999999999999	
lda_petal	20	1	1	val_accuracy	0.9	
lda_petal	20	1	1	val_f1	0.8888888888888888	
lda_petal	20	1	1	cal_intercept	17.761503491785515	
lda_petal	20	1	1	cal_slope	10.397380875625078	
lda_petal	20	1	2	val_logloss	0.09739774541005555	
lda_petal	20	1	2	val_auc	1.0	
lda_petal	20	1	2	val_pr_auc	0.9999999999999999	
lda_petal	20	1	2	val_accuracy	0.95	
lda_petal	20	1	2	val_f1	0.9523809523809523	
lda_petal	20	1	2	cal_intercept	-22.367286906815526	
lda_petal	20	1	2	cal_slope	25.09251947619886	
lda_petal	20	1	3	val_logloss	0.1040370218483844	
lda_petal	20	1	3	val_auc	0.99	
lda_petal	20	1	3	val_pr_auc	0.9909090909090909	
lda_petal	20	1	3	val_accuracy	0.95	
lda_petal	20	1	3	val_f1	0.9523809523809523	
lda_petal	20	1	3	cal_intercept	0.19452299835696046	
lda_petal	20	1	3	cal_slope	1.567134035720374	
lda_petal	20	2	0	val_logloss	0.3563980361740934	
lda_petal	20	2	0	val_auc	0.925	
lda_petal	20	2	0	val_pr_auc	0.9488235294117647	
lda_petal	20	2	0	val_accuracy	0.9	
lda_petal	20	2	0	val_f1	0.9	
lda_petal	20	2	0	cal_intercept	-0.10500875348857412	
lda_petal	20	2	0	cal_slope	0.5605752399494276	
lda_petal	20	2	1	val_logloss	0.06332777854805424	
lda_petal	20	2	1	val_auc	1.0	
lda_petal	20	2	1	val_pr_auc	1.0000000000000002	
lda_petal	20	2	1	val_accuracy	1.0	
lda_petal	20	2	1	val_f1	1.0	
lda_petal	20	2	1	cal_intercept	-1.7795321487435931	
lda_petal	20	2	1	cal_slope	7.55047831774805	
lda_petal	20	2	2	val_logloss	0.19705196169324016	
lda_petal	20	2	2	val_auc	1.0	
lda_petal	20	2	2	val_pr_auc	0.9999999999999999	
lda_petal	20	2	2	val_accuracy	0.9	
lda_petal	20	2	2	val_f1	0.8888888888888888	
lda_petal	20	2	2	cal_intercept	24.803689012177188	
lda_petal	20	2	2	cal_slope	14.1600832296625	
lda_petal	20	2	3	val_logloss	0.06260705726248841	
lda_petal	20	2	3	val_auc	1.0	
lda_petal	20	2	3	val_pr_auc	1.0	
lda_petal	20	2	3	val_accuracy	1.0	
lda_petal	20	2	3	val_f1	1.0	
lda_petal	20	2	3	cal_intercept	-0.20314548937913735	
lda_petal	20	2	3	cal_slope	4.900771122537272	
lda_petal	20	3	0	val_logloss	0.03156425061422693	
lda_petal	20	3	0	val_auc	1.0	
lda_petal	20	3	0	val_pr_auc	1.0	
lda_petal	20	3	0	val_accuracy	1.0	
lda_petal	20	3	0	val_f1	1.0	
lda_petal	20	3	0	cal_intercept	-0.6578469114716247	
lda_petal	20	3	0	cal_slope	4.063319607076441	
lda_petal	20	3	1	val_logloss	0.26894698975194464	
lda_petal	20	3	1	val_auc	1.0	
lda_petal	20	3	1	val_pr_auc	0.9999999999999999	
lda_petal	20	3	1	val_accuracy	0.85	
lda_petal	20	3	1	val_f1	0.8235294117647058	
lda_petal	20	3	1	cal_intercept	44.90029997476968	
lda_petal	20	3	1	cal_slope	17.292193234766838	
lda_petal	20	3	2	val_logloss	0.10780630371353564	
lda_petal	20	3	2	val_auc	0.99	
lda_petal	20	3	2	val_pr_auc	0.9909090909090909	
lda_petal	20	3	2	val_accuracy	0.95	
lda_petal	20	3	2	val_f1	0.9523809523809523	
lda_petal	20	3	2	cal_intercept	-0.9612421589016883	
lda_petal	20	3	2	cal_slope	1.2585596044959966	
lda_petal	20	3	3	val_logloss	0.26398018863676387	
lda_petal	20	3	3	val_auc	0.9747474747474747	
lda_petal	20	3	3	val_pr_auc	0.9674523007856342	
lda_petal	20	3	3	val_accuracy	0.85	
lda_petal	20	3	3	val_f1	0.8421052631578947	
lda_petal	20	3	3	cal_intercept	-0.5396148151260801	
lda_petal	20	3	3	cal_slope	0.8311926587834799	
lda_petal	20	4	0	val_logloss	0.21138970112414843	
lda_petal	20	4	0	val_auc	0.9797979797979798	
lda_petal	20	4	0	val_pr_auc	0.9797979797979797	
lda_petal	20	4	0	val_accuracy	0.9	
lda_petal	20	4	0	val_f1	0.8888888888888888	
lda_petal	20	4	0	cal_intercept	0.3864942661909057	
lda_petal	20	4	0	cal_slope	1.0002569645170796	
lda_petal	20	4	1	val_logloss	0.042523227260245725	
lda_petal	20	4	1	val_auc	1.0	
lda_petal	20	4	1	val_pr_auc	0.9999999999999999	
lda_petal	20	4	1	val_accuracy	1.0	
lda_petal	20	4	1	val_f1	1.0	
lda_petal	20	4	1	cal_intercept	2.160179862226506	
lda_petal	20	4	1	cal_slope	8.392655841581568	
lda_petal	20	4	2	val_logloss	0.1358514708857547	
lda_petal	20	4	2	val_auc	1.0	
lda_petal	20	4	2	val_pr_auc	0.9999999999999999	
lda_petal	20	4	2	val_accuracy	1.0	
lda_petal	20	4	2	val_f1	1.0	
lda_petal	20	4	2	cal_intercept	-5.27606422472057	
lda_petal	20	4	2	cal_slope	18.04252893125149	
lda_petal	20	4	3	val_logloss	0.43589117386156406	
lda_petal	20	4	3	val_auc	0.99	
lda_petal	20	4	3	val_pr_auc	0.9909090909090909	
lda_petal	20	4	3	val_accuracy	0.9	
lda_petal	20	4	3	val_f1	0.8888888888888888	
lda_petal	20	4	3	cal_intercept	3.8105933565910286	
lda_petal	20	4	3	cal_slope	0.9859699155206619	
lda_petal	20	5	0	val_logloss	0.08641430600479623	
lda_petal	20	5	0	val_auc	1.0	
lda_petal	20	5	0	val_pr_auc	1.0	
lda_petal	20	5	0	val_accuracy	1.0	
lda_petal	20	5	0	val_f1	1.0	
lda_petal	20	5	0	cal_intercept	0.13032816838777794	
lda_petal	20	5	0	cal_slope	7.519440349841173	
lda_petal	20	5	1	val_logloss	0.08120747478304692	
lda_petal	20	5	1	val_auc	1.0	
lda_petal	20	5	1	val_pr_auc	0.9999999999999999	
lda_petal	20	5	1	val_accuracy	1.0	
lda_petal	20	5	1	val_f1	1.0	
lda_petal	20	5	1	cal_intercept	0.7975468580264004	
lda_petal	20	5	1	cal_slope	19.167392265729013	
lda_petal	20	5	2	val_logloss	0.23280276564783203	
lda_petal	20	5	2	val_auc	0.9650000000000001	
lda_petal	20	5	2	val_pr_auc	0.9651515151515151	
lda_petal	20	5	2	val_accuracy	0.85	
lda_petal	20	5	2	val_f1	0.8421052631578947	
lda_petal	20	5	2	cal_intercept	0.30513616699509316	
lda_petal	20	5	2	cal_slope	0.98631850459981	
lda_petal	20	5	3	val_logloss	0.22057301097985932	
lda_petal	20	5	3	val_auc	1.0	
lda_petal	20	5	3	val_pr_auc	1.0000000000000002	
lda_petal	20	5	3	val_accuracy	0.9	
lda_petal	20	5	3	val_f1	0.875	
lda_petal	20	5	3	cal_intercept	31.787341292955954	
lda_petal	20	5	3	cal_slope	15.895065872095415	
lda_petal	20	6	0	val_logloss	0.08643374011287797	
lda_petal	20	6	0	val_auc	1.0	
lda_petal	20	6	0	val_pr_auc	1.0000000000000002	
lda_petal	20	6	0	val_accuracy	0.95	
lda_petal	20	6	0	val_f1	0.9473684210526315	
lda_petal	20	6	0	cal_intercept	-13.105024216025917	
lda_petal	20	6	0	cal_slope	11.58174988816823	
lda_petal	20	6	1	val_logloss	0.2504265608222881	
lda_petal	20	6	1	val_auc	0.98	
lda_petal	20	6	1	val_pr_auc	0.9809090909090908	
lda_petal	20	6	1	val_accuracy	0.9	
lda_petal	20	6	1	val_f1	0.9090909090909091	
lda_petal	20	6	1	cal_intercept	-1.792179463066122	
lda_petal	20	6	1	cal_slope	0.9495882018008426	
lda_petal	20	6	2	val_logloss	0.09738471130016377	
lda_petal	20	6	2	val_auc	1.0	
lda_petal	20	6	2	val_pr_auc	1.0	
lda_petal	20	6	2	val_accuracy	1.0	
lda_petal	20	6	2	val_f1	1.0	
lda_petal	20	6	2	cal_intercept	4.614365397320506	
lda_petal	20	6	2	cal_slope	6.450108066111209	
lda_petal	20	6	3	val_logloss	0.4728647826868178	
lda_petal	20	6	3	val_auc	0.935	
lda_petal	20	6	3	val_pr_auc	0.9378174603174602	
lda_petal	20	6	3	val_accuracy	0.8	
lda_petal	20	6	3	val_f1	0.7777777777777778	
lda_petal	20	6	3	cal_intercept	1.1685083829700162	
lda_petal	20	6	3	cal_slope	0.5984247682591394	
lda_petal	20	7	0	val_logloss	0.14593821647584365	
lda_petal	20	7	0	val_auc	1.0	
lda_petal	20	7	0	val_pr_auc	0.9999999999999999	
lda_petal	20	7	0	val_accuracy	0.9	
lda_petal	20	7	0	val_f1	0.9090909090909091	
lda_petal	20	7	0	cal_intercept	-548.039325840009	
lda_petal	20	7	0	cal_slope	1235.5412735312746	
lda_petal	20	7	1	val_logloss	0.21920764716805263	
lda_petal	20	7	1	val_auc	0.9699999999999999	
lda_petal	20	7	1	val_pr_auc	0.9733333333333333	
lda_petal	20	7	1	val_accuracy	0.9	
lda_petal	20	7	1	val_f1	0.8888888888888888	
lda_petal	20	7	1	cal_intercept	1.8313156675911844	
lda_petal	20	7	1	cal_slope	1.5484695184876878	
lda_petal	20	7	2	val_logloss	0.14770870349441576	
lda_petal	20	7	2	val_auc	0.99	
lda_petal	20	7	2	val_pr_auc	0.9909090909090909	
lda_petal	20	7	2	val_accuracy	0.9	
lda_petal	20	7	2	val_f1	0.9	
lda_petal	20	7	2	cal_intercept	-0.14856182726558873	
lda_petal	20	7	2	cal_slope	0.9384798186365301	
lda_petal	20	7	3	val_logloss	0.037003699754072895	
lda_petal	20	7	3	val_auc	1.0	
lda_petal	20	7	3	val_pr_auc	1.0	
lda_petal	20	7	3	val_accuracy	1.0	
lda_petal	20	7	3	val_f1	1.0	
lda_petal	20	7	3	cal_intercept	2.923084731825863	
lda_petal	20	7	3	cal_slope	5.306054672210368	
lda_petal	20	8	0	val_logloss	0.027625662979242006	
lda_petal	20	8	0	val_auc	1.0	
lda_petal	20	8	0	val_pr_auc	1.0	
lda_petal	20	8	0	val_accuracy	1.0	
lda_petal	20	8	0	val_f1	1.0	
lda_petal	20	8	0	cal_intercept	1.5796349376372274	
lda_petal	20	8	0	cal_slope	4.217374612808537	
lda_petal	20	8	1	val_logloss	0.1975334635790032	
lda_petal	20	8	1	val_auc	0.99	
lda_petal	20	8	1	val_pr_auc	0.9909090909090909	
lda_petal	20	8	1	val_accuracy	0.9	
lda_petal	20	8	1	val_f1	0.9	
lda_petal	20	8	1	cal_intercept	-0.16872527249091693	
lda_petal	20	8	1	cal_slope	1.8701985168289321	
lda_petal	20	8	2	val_logloss	0.16012242282134592	
lda_petal	20	8	2	val_auc	1.0	
lda_petal	20	8	2	val_pr_auc	1.0000000000000002	
lda_petal	20	8	2	val_accuracy	0.95	
lda_petal	20	8	2	val_f1	0.9473684210526315	
lda_petal	20	8	2	cal_intercept	-102.81014613503744	
lda_petal	20	8	2	cal_slope	156.5545363323946	
lda_petal	20	8	3	val_logloss	0.15207858542414368	
lda_petal	20	8	3	val_auc	0.9850000000000001	
lda_petal	20	8	3	val_pr_auc	0.9809090909090908	
lda_petal	20	8	3	val_accuracy	0.9	
lda_petal	20	8	3	val_f1	0.9	
lda_petal	20	8	3	cal_intercept	-0.34026201499164754	
lda_petal	20	8	3	cal_slope	0.9538288346393011	
lda_petal	20	9	0	val_logloss	0.07503489807008112	
lda_petal	20	9	0	val_auc	1.0	
lda_petal	20	9	0	val_pr_auc	0.9999999999999999	
lda_petal	20	9	0	val_accuracy	0.95	
lda_petal	20	9	0	val_f1	0.9523809523809523	
lda_petal	20	9	0	cal_intercept	-20.519895136510016	
lda_petal	20	9	0	cal_slope	31.256170772103232	
lda_petal	20	9	1	val_logloss	0.17185004730378456	
lda_petal	20	9	1	val_auc	0.995	
lda_petal	20	9	1	val_pr_auc	0.9909090909090909	
lda_petal	20	9	1	val_accuracy	0.95	
lda_petal	20	9	1	val_f1	0.9523809523809523	
lda_petal	20	9	1	cal_intercept	-46.023469218991174	
lda_petal	20	9	1	cal_slope	17.51276293021506	
lda_petal	20	9	2	val_logloss	0.5912407978146664	
lda_petal	20	9	2	val_auc	0.93	
lda_petal	20	9	2	val_pr_auc	0.9464285714285714	
lda_petal	20	9	2	val_accuracy	0.9	
lda_petal	20	9	2	val_f1	0.8888888888888888	
lda_petal	20	9	2	cal_intercept	1.3942795651725568	
lda_petal	20	9	2	cal_slope	0.47246164017798387	
lda_petal	20	9	3	val_logloss	0.07134404180876533	
lda_petal	20	9	3	val_auc	1.0	
lda_petal	20	9	3	val_pr_auc	1.0000000000000002	
lda_petal	20	9	3	val_accuracy	0.95	
lda_petal	20	9	3	val_f1	0.9411764705882353	
lda_petal	20	9	3	cal_intercept	7.18309328724809	
lda_petal	20	9	3	cal_slope	6.748335576504241	
lda_petal	20	10	0	val_logloss	0.017068215247166386	
lda_petal	20	10	0	val_auc	1.0	
lda_petal	20	10	0	val_pr_auc	0.9999999999999999	
lda_petal	20	10	0	val_accuracy	1.0	
lda_petal	20	10	0	val_f1	1.0	
lda_petal	20	10	0	cal_intercept	1.3709215944182533	
lda_petal	20	10	0	cal_slope	3.3514377077054274	
lda_petal	20	10	1	val_logloss	0.06909964763000462	
lda_petal	20	10	1	val_auc	1.0	
lda_petal	20	10	1	val_pr_auc	0.9999999999999999	
lda_petal	20	10	1	val_accuracy	0.95	
lda_petal	20	10	1	val_f1	0.9473684210526315	
lda_petal	20	10	1	cal_intercept	9.735504024717507	
lda_petal	20	10	1	cal_slope	16.237079517438392	
lda_petal	20	10	2	val_logloss	0.09058754299912644	
lda_petal	20	10	2	val_auc	1.0	
lda_petal	20	10	2	val_pr_auc	0.9999999999999999	
lda_petal	20	10	2	val_accuracy	1.0	
lda_petal	20	10	2	val_f1	1.0	
lda_petal	20	10	2	cal_intercept	1.10855154647929	
lda_petal	20	10	2	cal_slope	7.539359577716818	
lda_petal	20	10	3	val_logloss	0.4211384764599598	
lda_petal	20	10	3	val_auc	0.9393939393939393	
lda_petal	20	10	3	val_pr_auc	0.941919191919192	
lda_petal	20	10	3	val_accuracy	0.75	
lda_petal	20	10	3	val_f1	0.7368421052631579	
lda_petal	20	10	3	cal_intercept	-0.7483171821559631	
lda_petal	20	10	3	cal_slope	0.4352195968214611	
lda_petal	12	1	0	val_logloss	0.5690651102584966	
lda_petal	12	1	0	val_auc	0.909090909090909	
lda_petal	12	1	0	val_pr_auc	0.9232804232804235	
lda_petal	12	1	0	val_accuracy	0.85	
lda_petal	12	1	0	val_f1	0.8235294117647058	
lda_petal	12	1	0	cal_intercept	0.03604806609107168	
lda_petal	12	1	0	cal_slope	0.3386775184385506	
lda_petal	12	1	1	val_logloss	0.23449056873801263	
lda_petal	12	1	1	val_auc	1.0	
lda_petal	12	1	1	val_pr_auc	0.9999999999999999	
lda_petal	12	1	1	val_accuracy	0.9	
lda_petal	12	1	1	val_f1	0.8888888888888888	
lda_petal	12	1	1	cal_intercept	522.5106458746202	
lda_petal	12	1	1	cal_slope	152.93908198130126	
lda_petal	12	1	2	val_logloss	0.13967899579468496	
lda_petal	12	1	2	val_auc	0.98	
lda_petal	12	1	2	val_pr_auc	0.9809090909090908	
lda_petal	12	1	2	val_accuracy	0.9	
lda_petal	12	1	2	val_f1	0.9	
lda_petal	12	1	2	cal_intercept	0.2755459682273141	
lda_petal	12	1	2	cal_slope	1.2500615460608413	
lda_petal	12	1	3	val_logloss	0.08366669012658078	
lda_petal	12	1	3	val_auc	1.0	
lda_petal	12	1	3	val_pr_auc	0.9999999999999999	
lda_petal	12	1	3	val_accuracy	0.95	
lda_petal	12	1	3	val_f1	0.9473684210526315	
lda_petal	12	1	3	cal_intercept	32.56396683698714	
lda_petal	12	1	3	cal_slope	158.4269906653538	
lda_petal	12	2	0	val_logloss	0.5817074152638675	
lda_petal	12	2	0	val_auc	0.895	
lda_petal	12	2	0	val_pr_auc	0.9262626262626263	
lda_petal	12	2	0	val_accuracy	0.85	
lda_petal	12	2	0	val_f1	0.8421052631578947	
lda_petal	12	2	0	cal_intercept	0.17308113124488525	
lda_petal	12	2	0	cal_slope	0.40183318766305137	
lda_petal	12	2	1	val_logloss	0.047698148371259706	
lda_petal	12	2	1	val_auc	1.0	
lda_petal	12	2	1	val_pr_auc	1.0000000000000002	
lda_petal	12	2	1	val_accuracy	1.0	
lda_petal	12	2	1	val_f1	1.0	
lda_petal	12	2	1	cal_intercept	5.278332320117489	
lda_petal	12	2	1	cal_slope	7.098557070719114	
lda_petal	12	2	2	val_logloss	0.15349846899564357	
lda_petal	12	2	2	val_auc	0.98	
lda_petal	12	2	2	val_pr_auc	0.9833333333333333	
lda_petal	12	2	2	val_accuracy	0.95	
lda_petal	12	2	2	val_f1	0.9473684210526315	
lda_petal	12	2	2	cal_intercept	1.416455233098655	
lda_petal	12	2	2	cal_slope	2.0430467449761465	
lda_petal	12	2	3	val_logloss	0.061389012619345026	
lda_petal	12	2	3	val_auc	1.0	
lda_petal	12	2	3	val_pr_auc	1.0	
lda_petal	12	2	3	val_accuracy	1.0	
lda_petal	12	2	3	val_f1	1.0	
lda_petal	12	2	3	cal_intercept	2.4885927371234158	
lda_petal	12	2	3	cal_slope	4.851739852564237	
lda_petal	12	3	0	val_logloss	0.047126238206276254	
lda_petal	12	3	0	val_auc	1.0	
lda_petal	12	3	0	val_pr_auc	1.0	
lda_petal	12	3	0	val_accuracy	1.0	
lda_petal	12	3	0	val_f1	1.0	
lda_petal	12	3	0	cal_intercept	0.6814944367971358	
lda_petal	12	3	0	cal_slope	4.876700129654871	
lda_petal	12	3	1	val_logloss	0.3763059782730772	
lda_petal	12	3	1	val_auc	1.0	
lda_petal	12	3	1	val_pr_auc	0.9999999999999999	
lda_petal	12	3	1	val_accuracy	0.85	
lda_petal	12	3	1	val_f1	0.8235294117647058	
lda_petal	12	3	1	cal_intercept	29.258974142566462	
lda_petal	12	3	1	cal_slope	7.6252648027731	
lda_petal	12	3	2	val_logloss	0.1164253201206229	
lda_petal	12	3	2	val_auc	0.99	
lda_petal	12	3	2	val_pr_auc	0.9909090909090909	
lda_petal	12	3	2	val_accuracy	0.95	
lda_petal	12	3	2	val_f1	0.9523809523809523	
lda_petal	12	3	2	cal_intercept	-1.7556230638738974	
lda_petal	12	3	2	cal_slope	1.6349121174086554	
lda_petal	12	3	3	val_logloss	0.30194587311399645	
lda_petal	12	3	3	val_auc	0.9646464646464645	
lda_petal	12	3	3	val_pr_auc	0.9575757575757577	
lda_petal	12	3	3	val_accuracy	0.85	
lda_petal	12	3	3	val_f1	0.8571428571428571	
lda_petal	12	3	3	cal_intercept	-1.9073804748933434	
lda_petal	12	3	3	cal_slope	1.2957915969270863	
lda_petal	12	4	0	val_logloss	0.2267755152414971	
lda_petal	12	4	0	val_auc	0.9797979797979798	
lda_petal	12	4	0	val_pr_auc	0.9797979797979797	
lda_petal	12	4	0	val_accuracy	0.9	
lda_petal	12	4	0	val_f1	0.8888888888888888	
lda_petal	12	4	0	cal_intercept	0.037429779507253305	
lda_petal	12	4	0	cal_slope	1.527503942225897	
lda_petal	12	4	1	val_logloss	0.029887123568788122	
lda_petal	12	4	1	val_auc	1.0	
lda_petal	12	4	1	val_pr_auc	0.9999999999999999	
lda_petal	12	4	1	val_accuracy	1.0	
lda_petal	12	4	1	val_f1	1.0	
lda_petal	12	4	1	cal_intercept	2.5261598859068535	
lda_petal	12	4	1	cal_slope	6.12226610991913	
lda_petal	12	4	2	val_logloss	0.13894732730763282	
lda_petal	12	4	2	val_auc	0.99	
lda_petal	12	4	2	val_pr_auc	0.9909090909090909	
lda_petal	12	4	2	val_accuracy	0.95	
lda_petal	12	4	2	val_f1	0.9473684210526315	
lda_petal	12	4	2	cal_intercept	4.7408592842065405	
lda_petal	12	4	2	cal_slope	3.7636944265970853	
lda_petal	12	4	3	val_logloss	0.35557391098163826	
lda_petal	12	4	3	val_auc	0.99	
lda_petal	12	4	3	val_pr_auc	0.9909090909090909	
lda_petal	12	4	3	val_accuracy	0.9	
lda_petal	12	4	3	val_f1	0.8888888888888888	
lda_petal	12	4	3	cal_intercept	4.655951043064416	
lda_petal	12	4	3	cal_slope	1.429198887655075	
lda_petal	12	5	0	val_logloss	0.0828729765329376	
lda_petal	12	5	0	val_auc	1.0	
lda_petal	12	5	0	val_pr_auc	1.0	
lda_petal	12	5	0	val_accuracy	1.0	
lda_petal	12	5	0	val_f1	1.0	
lda_petal	12	5	0	cal_intercept	5.596482037279429	
lda_petal	12	5	0	cal_slope	5.5671530925147685	
lda_petal	12	5	1	val_logloss	0.08439871130787094	
lda_petal	12	5	1	val_auc	1.0	
lda_petal	12	5	1	val_pr_auc	0.9999999999999999	
lda_petal	12	5	1	val_accuracy	1.0	
lda_petal	12	5	1	val_f1	1.0	
lda_petal	12	5	1	cal_intercept	4.918002874853728	
lda_petal	12	5	1	cal_slope	18.643220382954397	
lda_petal	12	5	2	val_logloss	0.3715372408972573	
lda_petal	12	5	2	val_auc	0.9249999999999999	
lda_petal	12	5	2	val_pr_auc	0.9373737373737373	
lda_petal	12	5	2	val_accuracy	0.8	
lda_petal	12	5	2	val_f1	0.7777777777777778	
lda_petal	12	5	2	cal_intercept	0.7985935267291163	
lda_petal	12	5	2	cal_slope	0.8703969378310127	
lda_petal	12	5	3	val_logloss	0.16766909587934314	
lda_petal	12	5	3	val_auc	1.0	
lda_petal	12	5	3	val_pr_auc	1.0000000000000002	
lda_petal	12	5	3	val_accuracy	0.9	
lda_petal	12	5	3	val_f1	0.875	
lda_petal	12	5	3	cal_intercept	22.113691606597808	
lda_petal	12	5	3	cal_slope	14.184661232935593	
lda_petal	12	6	0	val_logloss	0.08966786639014833	
lda_petal	12	6	0	val_auc	1.0	
lda_petal	12	6	0	val_pr_auc	1.0000000000000002	
lda_petal	12	6	0	val_accuracy	1.0	
lda_petal	12	6	0	val_f1	1.0	
lda_petal	12	6	0	cal_intercept	-5.167986041270055	
lda_petal	12	6	0	cal_slope	13.622478489012924	
lda_petal	12	6	1	val_logloss	0.19585519869714813	
lda_petal	12	6	1	val_auc	0.98	
lda_petal	12	6	1	val_pr_auc	0.9809090909090908	
lda_petal	12	6	1	val_accuracy	0.95	
lda_petal	12	6	1	val_f1	0.9523809523809523	
lda_petal	12	6	1	cal_intercept	-1.0710110046494523	
lda_petal	12	6	1	cal_slope	0.7820747449415403	
lda_petal	12	6	2	val_logloss	0.12414600945389723	
lda_petal	12	6	2	val_auc	1.0	
lda_petal	12	6	2	val_pr_auc	1.0	
lda_petal	12	6	2	val_accuracy	1.0	
lda_petal	12	6	2	val_f1	1.0	
lda_petal	12	6	2	cal_intercept	2.060971652639121	
lda_petal	12	6	2	cal_slope	8.12890758830025	
lda_petal	12	6	3	val_logloss	1.0298863737883828	
lda_petal	12	6	3	val_auc	0.7649999999999999	
lda_petal	12	6	3	val_pr_auc	0.836547619047619	
lda_petal	12	6	3	val_accuracy	0.8	
lda_petal	12	6	3	val_f1	0.7777777777777778	
lda_petal	12	6	3	cal_intercept	0.45024132906824993	
lda_petal	12	6	3	cal_slope	0.27131457242000745	
lda_petal	12	7	0	val_logloss	0.20658268802039345	
lda_petal	12	7	0	val_auc	0.9800000000000001	
lda_petal	12	7	0	val_pr_auc	0.9833333333333333	
lda_petal	12	7	0	val_accuracy	0.9	
lda_petal	12	7	0	val_f1	0.9090909090909091	
lda_petal	12	7	0	cal_intercept	-2.842659031306713	
lda_petal	12	7	0	cal_slope	1.9225073766194039	
lda_petal	12	7	1	val_logloss	0.40503547308876076	
lda_petal	12	7	1	val_auc	0.8900000000000001	
lda_petal	12	7	1	val_pr_auc	0.9344497607655502	
lda_petal	12	7	1	val_accuracy	0.9	
lda_petal	12	7	1	val_f1	0.8888888888888888	
lda_petal	12	7	1	cal_intercept	0.8407531278650444	
lda_petal	12	7	1	cal_slope	0.7173176185720345	
lda_petal	12	7	2	val_logloss	0.1850272314346284	
lda_petal	12	7	2	val_auc	0.99	
lda_petal	12	7	2	val_pr_auc	0.9909090909090909	
lda_petal	12	7	2	val_accuracy	0.95	
lda_petal	12	7	2	val_f1	0.9523809523809523	
lda_petal	12	7	2	cal_intercept	-0.42773752250088937	
lda_petal	12	7	2	cal_slope	0.5847395534642459	
lda_petal	12	7	3	val_logloss	0.08697883960813163	
lda_petal	12	7	3	val_auc	1.0	
lda_petal	12	7	3	val_pr_auc	1.0	
lda_petal	12	7	3	val_accuracy	0.95	
lda_petal	12	7	3	val_f1	0.9411764705882353	
lda_petal	12	7	3	cal_intercept	12.475646687433088	
lda_petal	12	7	3	cal_slope	5.508394650130144	
lda_petal	12	8	0	val_logloss	0.06766848367214764	
lda_petal	12	8	0	val_auc	1.0	
lda_petal	12	8	0	val_pr_auc	1.0	
lda_petal	12	8	0	val_accuracy	1.0	
lda_petal	12	8	0	val_f1	1.0	
lda_petal	12	8	0	cal_intercept	0.631377998425844	
lda_petal	12	8	0	cal_slope	6.845100151423127	
lda_petal	12	8	1	val_logloss	0.4587340653264258	
lda_petal	12	8	1	val_auc	0.92	
lda_petal	12	8	1	val_pr_auc	0.9406593406593405	
lda_petal	12	8	1	val_accuracy	0.85	
lda_petal	12	8	1	val_f1	0.8421052631578947	
lda_petal	12	8	1	cal_intercept	0.7861422949269319	
lda_petal	12	8	1	cal_slope	0.7195693396799441	
lda_petal	12	8	2	val_logloss	0.20412752709844476	
lda_petal	12	8	2	val_auc	0.9898989898989898	
lda_petal	12	8	2	val_pr_auc	0.9888888888888889	
lda_petal	12	8	2	val_accuracy	0.95	
lda_petal	12	8	2	val_f1	0.9473684210526315	
lda_petal	12	8	2	cal_intercept	-0.6852434933116299	
lda_petal	12	8	2	cal_slope	4.70303031134429	
lda_petal	12	8	3	val_logloss	0.1875028513370209	
lda_petal	12	8	3	val_auc	0.965	
lda_petal	12	8	3	val_pr_auc	0.9572979797979797	
lda_petal	12	8	3	val_accuracy	0.9	
lda_petal	12	8	3	val_f1	0.9	
lda_petal	12	8	3	cal_intercept	0.33229614435902893	
lda_petal	12	8	3	cal_slope	0.5374388670941453	
lda_petal	12	9	0	val_logloss	0.12083102046016221	
lda_petal	12	9	0	val_auc	0.99	
lda_petal	12	9	0	val_pr_auc	0.9909090909090909	
lda_petal	12	9	0	val_accuracy	0.95	
lda_petal	12	9	0	val_f1	0.9523809523809523	
lda_petal	12	9	0	cal_intercept	-3.5789175317435626	
lda_petal	12	9	0	cal_slope	2.986038966826934	
lda_petal	12	9	1	val_logloss	0.14306315252524124	
lda_petal	12	9	1	val_auc	0.995	
lda_petal	12	9	1	val_pr_auc	0.9909090909090909	
lda_petal	12	9	1	val_accuracy	0.95	
lda_petal	12	9	1	val_f1	0.9523809523809523	
lda_petal	12	9	1	cal_intercept	-38.60992846230916	
lda_petal	12	9	1	cal_slope	24.287322539640876	
lda_petal	12	9	2	val_logloss	1.2203079099234668	
lda_petal	12	9	2	val_auc	0.8900000000000001	
lda_petal	12	9	2	val_pr_auc	0.9280542986425339	
lda_petal	12	9	2	val_accuracy	0.8	
lda_petal	12	9	2	val_f1	0.75	
lda_petal	12	9	2	cal_intercept	1.0300662906198603	
lda_petal	12	9	2	cal_slope	0.24365968087939457	
lda_petal	12	9	3	val_logloss	0.058290210598413474	
lda_petal	12	9	3	val_auc	1.0	
lda_petal	12	9	3	val_pr_auc	1.0000000000000002	
lda_petal	12	9	3	val_accuracy	1.0	
lda_petal	12	9	3	val_f1	1.0	
lda_petal	12	9	3	cal_intercept	3.2614812332296195	
lda_petal	12	9	3	cal_slope	5.644192669587689	
lda_petal	12	10	0	val_logloss	0.03582868080454979	
lda_petal	12	10	0	val_auc	1.0	
lda_petal	12	10	0	val_pr_auc	0.9999999999999999	
lda_petal	12	10	0	val_accuracy	1.0	
lda_petal	12	10	0	val_f1	1.0	
lda_petal	12	10	0	cal_intercept	3.3107648544684136	
lda_petal	12	10	0	cal_slope	3.9105249659293806	
lda_petal	12	10	1	val_logloss	0.12329124462664436	
lda_petal	12	10	1	val_auc	0.99	
lda_petal	12	10	1	val_pr_auc	0.9909090909090909	
lda_petal	12	10	1	val_accuracy	0.9	
lda_petal	12	10	1	val_f1	0.9	
lda_petal	12	10	1	cal_intercept	-0.6054522962508477	
lda_petal	12	10	1	cal_slope	0.9094857224655689	
lda_petal	12	10	2	val_logloss	0.036147226032231326	
lda_petal	12	10	2	val_auc	1.0	
lda_petal	12	10	2	val_pr_auc	0.9999999999999999	
lda_petal	12	10	2	val_accuracy	1.0	
lda_petal	12	10	2	val_f1	1.0	
lda_petal	12	10	2	cal_intercept	4.14222641573108	
lda_petal	12	10	2	cal_slope	3.7345308135595725	
lda_petal	12	10	3	val_logloss	0.5358392703715845	
lda_petal	12	10	3	val_auc	0.9393939393939393	
lda_petal	12	10	3	val_pr_auc	0.941919191919192	
lda_petal	12	10	3	val_accuracy	0.75	
lda_petal	12	10	3	val_f1	0.7368421052631579	
lda_petal	12	10	3	cal_intercept	-0.8190541704759536	
lda_petal	12	10	3	cal_slope	0.3308095511260525	
lda_petal	8	1	0	val_logloss	0.41155514398550774	
lda_petal	8	1	0	val_auc	0.909090909090909	
lda_petal	8	1	0	val_pr_auc	0.9232804232804235	
lda_petal	8	1	0	val_accuracy	0.9	
lda_petal	8	1	0	val_f1	0.875	
lda_petal	8	1	0	cal_intercept	0.1561810882445748	
lda_petal	8	1	0	cal_slope	0.4678842261274955	
lda_petal	8	1	1	val_logloss	0.36547137551178566	
lda_petal	8	1	1	val_auc	0.9800000000000001	
lda_petal	8	1	1	val_pr_auc	0.9833333333333333	
lda_petal	8	1	1	val_accuracy	0.9	
lda_petal	8	1	1	val_f1	0.8888888888888888	
lda_petal	8	1	1	cal_intercept	5.085142123324752	
lda_petal	8	1	1	cal_slope	1.2537509481829836	
lda_petal	8	1	2	val_logloss	0.5092271253016712	
lda_petal	8	1	2	val_auc	1.0	
lda_petal	8	1	2	val_pr_auc	1.0	
lda_petal	8	1	2	val_accuracy	0.9	
lda_petal	8	1	2	val_f1	0.8888888888888888	
lda_petal	8	1	2	cal_intercept	54.91310457033671	
lda_petal	8	1	2	cal_slope	6.442039250053811	
lda_petal	8	1	3	val_logloss	0.10149700795773242	
lda_petal	8	1	3	val_auc	0.99	
lda_petal	8	1	3	val_pr_auc	0.9909090909090909	
lda_petal	8	1	3	val_accuracy	0.95	
lda_petal	8	1	3	val_f1	0.9523809523809523	
lda_petal	8	1	3	cal_intercept	-0.30778854295903246	
lda_petal	8	1	3	cal_slope	0.9519604106455813	
lda_petal	8	2	0	val_logloss	0.393319839574028	
lda_petal	8	2	0	val_auc	0.925	
lda_petal	8	2	0	val_pr_auc	0.9488235294117647	
lda_petal	8	2	0	val_accuracy	0.9	
lda_petal	8	2	0	val_f1	0.9	
lda_petal	8	2	0	cal_intercept	-0.28108860827811594	
lda_petal	8	2	0	cal_slope	0.5046584430263038	
lda_petal	8	2	1	val_logloss	1.085712861571688	
lda_petal	8	2	1	val_auc	0.9292929292929293	
lda_petal	8	2	1	val_pr_auc	0.9513888888888888	
lda_petal	8	2	1	val_accuracy	0.8	
lda_petal	8	2	1	val_f1	0.8	
lda_petal	8	2	1	cal_intercept	-0.46379551758077203	
lda_petal	8	2	1	cal_slope	0.19082313107151214	
lda_petal	8	2	2	val_logloss	0.24275465724030915	
lda_petal	8	2	2	val_auc	0.97	
lda_petal	8	2	2	val_pr_auc	0.9769230769230769	
lda_petal	8	2	2	val_accuracy	0.9	
lda_petal	8	2	2	val_f1	0.9	
lda_petal	8	2	2	cal_intercept	-0.004388914627436258	
lda_petal	8	2	2	cal_slope	0.6464726166663566	
lda_petal	8	2	3	val_logloss	0.10607195179626124	
lda_petal	8	2	3	val_auc	1.0	
lda_petal	8	2	3	val_pr_auc	1.0	
lda_petal	8	2	3	val_accuracy	1.0	
lda_petal	8	2	3	val_f1	1.0	
lda_petal	8	2	3	cal_intercept	4.971696176879957	
lda_petal	8	2	3	cal_slope	6.13361766868533	
lda_petal	8	3	0	val_logloss	0.06435384953144613	
lda_petal	8	3	0	val_auc	1.0	
lda_petal	8	3	0	val_pr_auc	1.0	
lda_petal	8	3	0	val_accuracy	1.0	
lda_petal	8	3	0	val_f1	1.0	
lda_petal	8	3	0	cal_intercept	0.3908294669865308	
lda_petal	8	3	0	cal_slope	4.993913253686755	
lda_petal	8	3	1	val_logloss	0.2719756079355086	
lda_petal	8	3	1	val_auc	1.0	
lda_petal	8	3	1	val_pr_auc	0.9999999999999999	
lda_petal	8	3	1	val_accuracy	0.85	
lda_petal	8	3	1	val_f1	0.8235294117647058	
lda_petal	8	3	1	cal_intercept	30.53075173982546	
lda_petal	8	3	1	cal_slope	13.044914026228108	
lda_petal	8	3	2	val_logloss	1.3800165083988476	
lda_petal	8	3	2	val_auc	0.88	
lda_petal	8	3	2	val_pr_auc	0.9288888888888888	
lda_petal	8	3	2	val_accuracy	0.8	
lda_petal	8	3	2	val_f1	0.7777777777777778	
lda_petal	8	3	2	cal_intercept	1.0393811599722433	
lda_petal	8	3	2	cal_slope	0.2188732079625978	
lda_petal	8	3	3	val_logloss	0.3714859700608047	
lda_petal	8	3	3	val_auc	0.9545454545454545	
lda_petal	8	3	3	val_pr_auc	0.9459876543209877	
lda_petal	8	3	3	val_accuracy	0.85	
lda_petal	8	3	3	val_f1	0.8571428571428571	
lda_petal	8	3	3	cal_intercept	-2.2484705049325786	
lda_petal	8	3	3	cal_slope	1.5357737897611814	
lda_petal	8	4	0	val_logloss	0.21895675678154727	
lda_petal	8	4	0	val_auc	0.9696969696969697	
lda_petal	8	4	0	val_pr_auc	0.9626543209876544	
lda_petal	8	4	0	val_accuracy	0.95	
lda_petal	8	4	0	val_f1	0.9473684210526315	
lda_petal	8	4	0	cal_intercept	-0.6919832158494995	
lda_petal	8	4	0	cal_slope	1.7462272236073915	
lda_petal	8	4	1	val_logloss	0.01364481155062464	
lda_petal	8	4	1	val_auc	1.0	
lda_petal	8	4	1	val_pr_auc	0.9999999999999999	
lda_petal	8	4	1	val_accuracy	1.0	
lda_petal	8	4	1	val_f1	1.0	
lda_petal	8	4	1	cal_intercept	-1.3531991112500168	
lda_petal	8	4	1	cal_slope	3.9836651062817334	
lda_petal	8	4	2	val_logloss	0.1078531455621909	
lda_petal	8	4	2	val_auc	1.0	
lda_petal	8	4	2	val_pr_auc	0.9999999999999999	
lda_petal	8	4	2	val_accuracy	0.95	
lda_petal	8	4	2	val_f1	0.9473684210526315	
lda_petal	8	4	2	cal_intercept	17.622132732306554	
lda_petal	8	4	2	cal_slope	14.68413872342269	
lda_petal	8	4	3	val_logloss	0.3513617910908821	
lda_petal	8	4	3	val_auc	1.0	
lda_petal	8	4	3	val_pr_auc	0.9999999999999999	
lda_petal	8	4	3	val_accuracy	0.9	
lda_petal	8	4	3	val_f1	0.8888888888888888	
lda_petal	8	4	3	cal_intercept	56.05768115718756	
lda_petal	8	4	3	cal_slope	16.186525433636685	
lda_petal	8	5	0	val_logloss	0.07043806808868612	
lda_petal	8	5	0	val_auc	1.0	
lda_petal	8	5	0	val_pr_auc	1.0	
lda_petal	8	5	0	val_accuracy	1.0	
lda_petal	8	5	0	val_f1	1.0	
lda_petal	8	5	0	cal_intercept	3.9949312800162358	
lda_petal	8	5	0	cal_slope	5.692307714190183	
lda_petal	8	5	1	val_logloss	0.21979862600603753	
lda_petal	8	5	1	val_auc	0.9800000000000001	
lda_petal	8	5	1	val_pr_auc	0.9818181818181818	
lda_petal	8	5	1	val_accuracy	0.85	
lda_petal	8	5	1	val_f1	0.8421052631578947	
lda_petal	8	5	1	cal_intercept	0.4487756014774792	
lda_petal	8	5	1	cal_slope	0.5129960215185767	
lda_petal	8	5	2	val_logloss	0.45314055790147245	
lda_petal	8	5	2	val_auc	0.885	
lda_petal	8	5	2	val_pr_auc	0.8948809523809523	
lda_petal	8	5	2	val_accuracy	0.8	
lda_petal	8	5	2	val_f1	0.7777777777777778	
lda_petal	8	5	2	cal_intercept	0.46833215697293845	
lda_petal	8	5	2	cal_slope	0.7661717388509388	
lda_petal	8	5	3	val_logloss	0.14651427495937175	
lda_petal	8	5	3	val_auc	1.0	
lda_petal	8	5	3	val_pr_auc	1.0000000000000002	
lda_petal	8	5	3	val_accuracy	0.95	
lda_petal	8	5	3	val_f1	0.9411764705882353	
lda_petal	8	5	3	cal_intercept	9.564424411094974	
lda_petal	8	5	3	cal_slope	11.421462241853298	
lda_petal	8	6	0	val_logloss	0.0842084897271915	
lda_petal	8	6	0	val_auc	1.0	
lda_petal	8	6	0	val_pr_auc	1.0000000000000002	
lda_petal	8	6	0	val_accuracy	1.0	
lda_petal	8	6	0	val_f1	1.0	
lda_petal	8	6	0	cal_intercept	0.6042782596273009	
lda_petal	8	6	0	cal_slope	11.11410296839658	
lda_petal	8	6	1	val_logloss	0.503844433912891	
lda_petal	8	6	1	val_auc	0.96	
lda_petal	8	6	1	val_pr_auc	0.9714285714285714	
lda_petal	8	6	1	val_accuracy	0.85	
lda_petal	8	6	1	val_f1	0.8235294117647058	
lda_petal	8	6	1	cal_intercept	2.6678462033606865	
lda_petal	8	6	1	cal_slope	0.5951260569321788	
lda_petal	8	6	2	val_logloss	0.2905109369693825	
lda_petal	8	6	2	val_auc	1.0	
lda_petal	8	6	2	val_pr_auc	1.0	
lda_petal	8	6	2	val_accuracy	0.9	
lda_petal	8	6	2	val_f1	0.8888888888888888	
lda_petal	8	6	2	cal_intercept	13.43644689985839	
lda_petal	8	6	2	cal_slope	22.4357869152368	
lda_petal	8	6	3	val_logloss	1.0927136851987833	
lda_petal	8	6	3	val_auc	0.7550000000000001	
lda_petal	8	6	3	val_pr_auc	0.8339160401002506	
lda_petal	8	6	3	val_accuracy	0.75	
lda_petal	8	6	3	val_f1	0.7058823529411765	
lda_petal	8	6	3	cal_intercept	0.44966890367469337	
lda_petal	8	6	3	cal_slope	0.2541305263167708	
lda_petal	8	7	0	val_logloss	0.056778684653678954	
lda_petal	8	7	0	val_auc	1.0	
lda_petal	8	7	0	val_pr_auc	0.9999999999999999	
lda_petal	8	7	0	val_accuracy	0.95	
lda_petal	8	7	0	val_f1	0.9523809523809523	
lda_petal	8	7	0	cal_intercept	-6.875517091490632	
lda_petal	8	7	0	cal_slope	5.185600038861936	
lda_petal	8	7	1	val_logloss	0.4371624401510208	
lda_petal	8	7	1	val_auc	0.8900000000000001	
lda_petal	8	7	1	val_pr_auc	0.9344497607655502	
lda_petal	8	7	1	val_accuracy	0.9	
lda_petal	8	7	1	val_f1	0.8888888888888888	
lda_petal	8	7	1	cal_intercept	0.9245750090554192	
lda_petal	8	7	1	cal_slope	0.68463120226203	
lda_petal	8	7	2	val_logloss	0.3378555609396931	
lda_petal	8	7	2	val_auc	0.99	
lda_petal	8	7	2	val_pr_auc	0.9909090909090909	
lda_petal	8	7	2	val_accuracy	0.95	
lda_petal	8	7	2	val_f1	0.9523809523809523	
lda_petal	8	7	2	cal_intercept	-1.6520514060938623	
lda_petal	8	7	2	cal_slope	0.4728870449112286	
lda_petal	8	7	3	val_logloss	0.9543947343846607	
lda_petal	8	7	3	val_auc	0.8686868686868685	
lda_petal	8	7	3	val_pr_auc	0.9126543209876543	
lda_petal	8	7	3	val_accuracy	0.85	
lda_petal	8	7	3	val_f1	0.8	
lda_petal	8	7	3	cal_intercept	1.356686976927518	
lda_petal	8	7	3	cal_slope	0.41567612871125104	
lda_petal	8	8	0	val_logloss	0.05488664824239303	
lda_petal	8	8	0	val_auc	1.0	
lda_petal	8	8	0	val_pr_auc	1.0	
lda_petal	8	8	0	val_accuracy	1.0	
lda_petal	8	8	0	val_f1	1.0	
lda_petal	8	8	0	cal_intercept	3.9595854441782703	
lda_petal	8	8	0	cal_slope	4.807880242362324	
lda_petal	8	8	1	val_logloss	0.8304890250952711	
lda_petal	8	8	1	val_auc	0.8900000000000001	
lda_petal	8	8	1	val_pr_auc	0.920619658119658	
lda_petal	8	8	1	val_accuracy	0.8	
lda_petal	8	8	1	val_f1	0.7777777777777778	
lda_petal	8	8	1	cal_intercept	0.7756376319776039	
lda_petal	8	8	1	cal_slope	0.31318372670120537	
lda_petal	8	8	2	val_logloss	0.29690956945179575	
lda_petal	8	8	2	val_auc	0.9696969696969697	
lda_petal	8	8	2	val_pr_auc	0.9722222222222223	
lda_petal	8	8	2	val_accuracy	0.95	
lda_petal	8	8	2	val_f1	0.9411764705882353	
lda_petal	8	8	2	cal_intercept	0.19733745452329254	
lda_petal	8	8	2	cal_slope	3.007805993345401	
lda_petal	8	8	3	val_logloss	0.19383884976716545	
lda_petal	8	8	3	val_auc	0.965	
lda_petal	8	8	3	val_pr_auc	0.9572979797979797	
lda_petal	8	8	3	val_accuracy	0.95	
lda_petal	8	8	3	val_f1	0.9523809523809523	
lda_petal	8	8	3	cal_intercept	0.12296527827781568	
lda_petal	8	8	3	cal_slope	0.5603749381562961	
lda_petal	8	9	0	val_logloss	0.47575965560900785	
lda_petal	8	9	0	val_auc	0.9800000000000001	
lda_petal	8	9	0	val_pr_auc	0.9833333333333333	
lda_petal	8	9	0	val_accuracy	0.85	
lda_petal	8	9	0	val_f1	0.8695652173913043	
lda_petal	8	9	0	cal_intercept	-2.7596955164264143	
lda_petal	8	9	0	cal_slope	0.8518134907189445	
lda_petal	8	9	1	val_logloss	0.7523323444284674	
lda_petal	8	9	1	val_auc	0.915	
lda_petal	8	9	1	val_pr_auc	0.9016991341991342	
lda_petal	8	9	1	val_accuracy	0.7	
lda_petal	8	9	1	val_f1	0.625	
lda_petal	8	9	1	cal_intercept	1.0519190664739646	
lda_petal	8	9	1	cal_slope	0.38183832068325724	
lda_petal	8	9	2	val_logloss	1.3473230277047765	
lda_petal	8	9	2	val_auc	0.92	
lda_petal	8	9	2	val_pr_auc	0.9416666666666667	
lda_petal	8	9	2	val_accuracy	0.9	
lda_petal	8	9	2	val_f1	0.8888888888888888	
lda_petal	8	9	2	cal_intercept	1.0059457657431403	
lda_petal	8	9	2	cal_slope	0.21092174579415876	
lda_petal	8	9	3	val_logloss	0.04260571193908404	
lda_petal	8	9	3	val_auc	1.0	
lda_petal	8	9	3	val_pr_auc	1.0000000000000002	
lda_petal	8	9	3	val_accuracy	1.0	
lda_petal	8	9	3	val_f1	1.0	
lda_petal	8	9	3	cal_intercept	1.8695125971357966	
lda_petal	8	9	3	cal_slope	4.889560093304563	
lda_petal	8	10	0	val_logloss	0.4975238282971902	
lda_petal	8	10	0	val_auc	1.0	
lda_petal	8	10	0	val_pr_auc	0.9999999999999999	
lda_petal	8	10	0	val_accuracy	0.9	
lda_petal	8	10	0	val_f1	0.8888888888888888	
lda_petal	8	10	0	cal_intercept	17.315349668817717	
lda_petal	8	10	0	cal_slope	1.9877259956627897	
lda_petal	8	10	1	val_logloss	0.1564964583391539	
lda_petal	8	10	1	val_auc	0.9800000000000001	
lda_petal	8	10	1	val_pr_auc	0.9833333333333333	
lda_petal	8	10	1	val_accuracy	0.9	
lda_petal	8	10	1	val_f1	0.9	
lda_petal	8	10	1	cal_intercept	-0.31416740836616713	
lda_petal	8	10	1	cal_slope	0.9356301422116902	
lda_petal	8	10	2	val_logloss	0.03624169097255657	
lda_petal	8	10	2	val_auc	1.0	
lda_petal	8	10	2	val_pr_auc	0.9999999999999999	
lda_petal	8	10	2	val_accuracy	1.0	
lda_petal	8	10	2	val_f1	1.0	
lda_petal	8	10	2	cal_intercept	3.4140360719651923	
lda_petal	8	10	2	cal_slope	3.9385316427386825	
lda_petal	8	10	3	val_logloss	0.4239238580192164	
lda_petal	8	10	3	val_auc	0.9494949494949495	
lda_petal	8	10	3	val_pr_auc	0.9500000000000002	
lda_petal	8	10	3	val_accuracy	0.8	
lda_petal	8	10	3	val_f1	0.8	
lda_petal	8	10	3	cal_intercept	-0.9339474972168319	
lda_petal	8	10	3	cal_slope	0.4143912734588413	
lda_sepal	60	1	0	val_logloss	0.6746100014639077	
lda_sepal	60	1	0	val_auc	0.5959595959595959	
lda_sepal	60	1	0	val_pr_auc	0.5099699138914825	
lda_sepal	60	1	0	val_accuracy	0.55	
lda_sepal	60	1	0	val_f1	0.47058823529411764	
lda_sepal	60	1	0	cal_intercept	0.09414802888244582	
lda_sepal	60	1	0	cal_slope	0.6296997930512729	
lda_sepal	60	1	1	val_logloss	0.6436689616126346	
lda_sepal	60	1	1	val_auc	0.71	
lda_sepal	60	1	1	val_pr_auc	0.7416971916971916	
lda_sepal	60	1	1	val_accuracy	0.7	
lda_sepal	60	1	1	val_f1	0.7	
lda_sepal	60	1	1	cal_intercept	0.04399000794984326	
lda_sepal	60	1	1	cal_slope	0.6300971979310644	
lda_sepal	60	1	2	val_logloss	0.5257548827978641	
lda_sepal	60	1	2	val_auc	0.845	
lda_sepal	60	1	2	val_pr_auc	0.864508547008547	
lda_sepal	60	1	2	val_accuracy	0.8	
lda_sepal	60	1	2	val_f1	0.8	
lda_sepal	60	1	2	cal_intercept	-0.6845905577013414	
lda_sepal	60	1	2	cal_slope	2.400373006089045	
lda_sepal	60	1	3	val_logloss	0.5937538052327819	
lda_sepal	60	1	3	val_auc	0.71	
lda_sepal	60	1	3	val_pr_auc	0.7602038239538239	
lda_sepal	60	1	3	val_accuracy	0.65	
lda_sepal	60	1	3	val_f1	0.6666666666666666	
lda_sepal	60	1	3	cal_intercept	0.11932620416192555	
lda_sepal	60	1	3	cal_slope	1.0958156387734284	
lda_sepal	60	2	0	val_logloss	0.6363735844186567	
lda_sepal	60	2	0	val_auc	0.6699999999999999	
lda_sepal	60	2	0	val_pr_auc	0.7300742721330956	
lda_sepal	60	2	0	val_accuracy	0.6	
lda_sepal	60	2	0	val_f1	0.5555555555555556	
lda_sepal	60	2	0	cal_intercept	-0.01398509572268058	
lda_sepal	60	2	0	cal_slope	0.8480802758443222	
lda_sepal	60	2	1	val_logloss	0.5773639977667618	
lda_sepal	60	2	1	val_auc	0.7222222222222222	
lda_sepal	60	2	1	val_pr_auc	0.7426647426647428	
lda_sepal	60	2	1	val_accuracy	0.7	
lda_sepal	60	2	1	val_f1	0.7	
lda_sepal	60	2	1	cal_intercept	-0.17357820048346903	
lda_sepal	60	2	1	cal_slope	1.180096644050181	
lda_sepal	60	2	2	val_logloss	0.5140773132910534	
lda_sepal	60	2	2	val_auc	0.83	
lda_sepal	60	2	2	val_pr_auc	0.8782142857142857	
lda_sepal	60	2	2	val_accuracy	0.75	
lda_sepal	60	2	2	val_f1	0.7368421052631579	
lda_sepal	60	2	2	cal_intercept	0.15496041032067467	
lda_sepal	60	2	2	cal_slope	1.304515431918333	
lda_sepal	60	2	3	val_logloss	0.6864602082621226	
lda_sepal	60	2	3	val_auc	0.615	
lda_sepal	60	2	3	val_pr_auc	0.563641211729447	
lda_sepal	60	2	3	val_accuracy	0.65	
lda_sepal	60	2	3	val_f1	0.631578947368421	
lda_sepal	60	2	3	cal_intercept	0.0769190452855049	
lda_sepal	60	2	3	cal_slope	0.5694290935992854	
lda_sepal	60	3	0	val_logloss	0.696644940366842	
lda_sepal	60	3	0	val_auc	0.625	
lda_sepal	60	3	0	val_pr_auc	0.5743162393162393	
lda_sepal	60	3	0	val_accuracy	0.55	
lda_sepal	60	3	0	val_f1	0.5263157894736842	
lda_sepal	60	3	0	cal_intercept	0.13661542630567874	
lda_sepal	60	3	0	cal_slope	0.5019202922648947	
lda_sepal	60	3	1	val_logloss	0.584467251112889	
lda_sepal	60	3	1	val_auc	0.79	
lda_sepal	60	3	1	val_pr_auc	0.8488509151667046	
lda_sepal	60	3	1	val_accuracy	0.75	
lda_sepal	60	3	1	val_f1	0.6666666666666666	
lda_sepal	60	3	1	cal_intercept	0.7460000406533719	
lda_sepal	60	3	1	cal_slope	1.447588239805735	
lda_sepal	60	3	2	val_logloss	0.5629415498403598	
lda_sepal	60	3	2	val_auc	0.78	
lda_sepal	60	3	2	val_pr_auc	0.7962004662004661	
lda_sepal	60	3	2	val_accuracy	0.7	
lda_sepal	60	3	2	val_f1	0.7272727272727273	
lda_sepal	60	3	2	cal_intercept	-0.3943352313586747	
lda_sepal	60	3	2	cal_slope	1.5575055751189448	
lda_sepal	60	3	3	val_logloss	0.6608634642305652	
lda_sepal	60	3	3	val_auc	0.6666666666666666	
lda_sepal	60	3	3	val_pr_auc	0.6911764705882353	
lda_sepal	60	3	3	val_accuracy	0.65	
lda_sepal	60	3	3	val_f1	0.6666666666666666	
lda_sepal	60	3	3	cal_intercept	-0.4455623867238573	
lda_sepal	60	3	3	cal_slope	0.7193728120205376	
lda_sepal	60	4	0	val_logloss	0.8740771079900176	
lda_sepal	60	4	0	val_auc	0.4848484848484848	
lda_sepal	60	4	0	val_pr_auc	0.5154555321221987	
lda_sepal	60	4	0	val_accuracy	0.45	
lda_sepal	60	4	0	val_f1	0.42105263157894735	
lda_sepal	60	4	0	cal_intercept	-0.1981755244689013	
lda_sepal	60	4	0	cal_slope	0.08649709597437506	
lda_sepal	60	4	1	val_logloss	0.4949636095346321	
lda_sepal	60	4	1	val_auc	0.91	
lda_sepal	60	4	1	val_pr_auc	0.9288888888888888	
lda_sepal	60	4	1	val_accuracy	0.8	
lda_sepal	60	4	1	val_f1	0.7777777777777778	
lda_sepal	60	4	1	cal_intercept	0.3978852497820821	
lda_sepal	60	4	1	cal_slope	3.212612686160839	
lda_sepal	60	4	2	val_logloss	0.6261052918400642	
lda_sepal	60	4	2	val_auc	0.71	
lda_sepal	60	4	2	val_pr_auc	0.7334722222222222	
lda_sepal	60	4	2	val_accuracy	0.7	
lda_sepal	60	4	2	val_f1	0.7	
lda_sepal	60	4	2	cal_intercept	-0.20154575183394696	
lda_sepal	60	4	2	cal_slope	1.0703187997232726	
lda_sepal	60	4	3	val_logloss	0.5694840065634226	
lda_sepal	60	4	3	val_auc	0.75	
lda_sepal	60	4	3	val_pr_auc	0.7484623709623709	
lda_sepal	60	4	3	val_accuracy	0.6	
lda_sepal	60	4	3	val_f1	0.6	
lda_sepal	60	4	3	cal_intercept	0.06442671462822375	
lda_sepal	60	4	3	cal_slope	1.2773940043640284	
lda_sepal	60	5	0	val_logloss	0.6053426771059123	
lda_sepal	60	5	0	val_auc	0.68	
lda_sepal	60	5	0	val_pr_auc	0.7641791979949875	
lda_sepal	60	5	0	val_accuracy	0.6	
lda_sepal	60	5	0	val_f1	0.6	
lda_sepal	60	5	0	cal_intercept	-0.0928089773096828	
lda_sepal	60	5	0	cal_slope	0.8498303974901391	
lda_sepal	60	5	1	val_logloss	0.5344233588077516	
lda_sepal	60	5	1	val_auc	0.8200000000000001	
lda_sepal	60	5	1	val_pr_auc	0.8044977244977244	
lda_sepal	60	5	1	val_accuracy	0.75	
lda_sepal	60	5	1	val_f1	0.782608695652174	
lda_sepal	60	5	1	cal_intercept	-0.2289948864614939	
lda_sepal	60	5	1	cal_slope	2.07632132943014	
lda_sepal	60	5	2	val_logloss	0.6981127719750236	
lda_sepal	60	5	2	val_auc	0.69	
lda_sepal	60	5	2	val_pr_auc	0.7663095238095238	
lda_sepal	60	5	2	val_accuracy	0.6	
lda_sepal	60	5	2	val_f1	0.5555555555555556	
lda_sepal	60	5	2	cal_intercept	0.13955752666150584	
lda_sepal	60	5	2	cal_slope	0.4745533249772794	
lda_sepal	60	5	3	val_logloss	0.6270713305974531	
lda_sepal	60	5	3	val_auc	0.7070707070707071	
lda_sepal	60	5	3	val_pr_auc	0.6026515151515152	
lda_sepal	60	5	3	val_accuracy	0.65	
lda_sepal	60	5	3	val_f1	0.5882352941176471	
lda_sepal	60	5	3	cal_intercept	-0.006061915761599468	
lda_sepal	60	5	3	cal_slope	0.9317561657946861	
lda_sepal	60	6	0	val_logloss	0.5580744551851676	
lda_sepal	60	6	0	val_auc	0.7828282828282829	
lda_sepal	60	6	0	val_pr_auc	0.7886243386243386	
lda_sepal	60	6	0	val_accuracy	0.6	
lda_sepal	60	6	0	val_f1	0.5555555555555556	
lda_sepal	60	6	0	cal_intercept	-0.15715798636937944	
lda_sepal	60	6	0	cal_slope	1.137468192681146	
lda_sepal	60	6	1	val_logloss	0.5330629001778834	
lda_sepal	60	6	1	val_auc	0.83	
lda_sepal	60	6	1	val_pr_auc	0.8354501054501053	
lda_sepal	60	6	1	val_accuracy	0.7	
lda_sepal	60	6	1	val_f1	0.7272727272727273	
lda_sepal	60	6	1	cal_intercept	-0.11993994884210867	
lda_sepal	60	6	1	cal_slope	2.201535353409456	
lda_sepal	60	6	2	val_logloss	0.6269805998628681	
lda_sepal	60	6	2	val_auc	0.77	
lda_sepal	60	6	2	val_pr_auc	0.6942704517704517	
lda_sepal	60	6	2	val_accuracy	0.65	
lda_sepal	60	6	2	val_f1	0.5882352941176471	
lda_sepal	60	6	2	cal_intercept	0.5036599514325828	
lda_sepal	60	6	2	cal_slope	1.3419183925394713	
lda_sepal	60	6	3	val_logloss	0.7782947326997581	
lda_sepal	60	6	3	val_auc	0.59	
lda_sepal	60	6	3	val_pr_auc	0.7224999999999999	
lda_sepal	60	6	3	val_accuracy	0.45	
lda_sepal	60	6	3	val_f1	0.5217391304347826	
lda_sepal	60	6	3	cal_intercept	-0.10985979345432444	
lda_sepal	60	6	3	cal_slope	0.2640812549750936	
lda_sepal	60	7	0	val_logloss	0.6489553058770717	
lda_sepal	60	7	0	val_auc	0.695	
lda_sepal	60	7	0	val_pr_auc	0.6611813186813187	
lda_sepal	60	7	0	val_accuracy	0.55	
lda_sepal	60	7	0	val_f1	0.47058823529411764	
lda_sepal	60	7	0	cal_intercept	0.24853295204876721	
lda_sepal	60	7	0	cal_slope	0.9471307908277325	
lda_sepal	60	7	1	val_logloss	0.6666273325795661	
lda_sepal	60	7	1	val_auc	0.625	
lda_sepal	60	7	1	val_pr_auc	0.6386157796451913	
lda_sepal	60	7	1	val_accuracy	0.65	
lda_sepal	60	7	1	val_f1	0.6666666666666666	
lda_sepal	60	7	1	cal_intercept	-0.07609235065722855	
lda_sepal	60	7	1	cal_slope	0.590034065932319	
lda_sepal	60	7	2	val_logloss	0.5805829974623425	
lda_sepal	60	7	2	val_auc	0.7849999999999999	
lda_sepal	60	7	2	val_pr_auc	0.8392748917748917	
lda_sepal	60	7	2	val_accuracy	0.75	
lda_sepal	60	7	2	val_f1	0.7058823529411765	
lda_sepal	60	7	2	cal_intercept	0.28279207959555847	
lda_sepal	60	7	2	cal_slope	1.0167582435360758	
lda_sepal	60	7	3	val_logloss	0.5208081093064341	
lda_sepal	60	7	3	val_auc	0.8383838383838385	
lda_sepal	60	7	3	val_pr_auc	0.8488536155202824	
lda_sepal	60	7	3	val_accuracy	0.65	
lda_sepal	60	7	3	val_f1	0.6666666666666666	
lda_sepal	60	7	3	cal_intercept	-0.6826179438255858	
lda_sepal	60	7	3	cal_slope	1.836465231191378	
lda_sepal	60	8	0	val_logloss	0.6710058473233285	
lda_sepal	60	8	0	val_auc	0.655	
lda_sepal	60	8	0	val_pr_auc	0.7054380341880341	
lda_sepal	60	8	0	val_accuracy	0.5	
lda_sepal	60	8	0	val_f1	0.4444444444444444	
lda_sepal	60	8	0	cal_intercept	0.19379430285816135	
lda_sepal	60	8	0	cal_slope	0.6273448998905741	
lda_sepal	60	8	1	val_logloss	0.5102684742210978	
lda_sepal	60	8	1	val_auc	0.845	
lda_sepal	60	8	1	val_pr_auc	0.86	
lda_sepal	60	8	1	val_accuracy	0.8	
lda_sepal	60	8	1	val_f1	0.8	
lda_sepal	60	8	1	cal_intercept	-0.0358363990706949	
lda_sepal	60	8	1	cal_slope	2.2589832179777347	
lda_sepal	60	8	2	val_logloss	0.6022178457479865	
lda_sepal	60	8	2	val_auc	0.7727272727272727	
lda_sepal	60	8	2	val_pr_auc	0.6500712250712251	
lda_sepal	60	8	2	val_accuracy	0.7	
lda_sepal	60	8	2	val_f1	0.6666666666666666	
lda_sepal	60	8	2	cal_intercept	-0.20617194763778773	
lda_sepal	60	8	2	cal_slope	1.6994025888752378	
lda_sepal	60	8	3	val_logloss	0.6678322943077528	
lda_sepal	60	8	3	val_auc	0.7	
lda_sepal	60	8	3	val_pr_auc	0.7397619047619047	
lda_sepal	60	8	3	val_accuracy	0.7	
lda_sepal	60	8	3	val_f1	0.7	
lda_sepal	60	8	3	cal_intercept	-0.03424695548843171	
lda_sepal	60	8	3	cal_slope	0.5425487674630988	
lda_sepal	60	9	0	val_logloss	0.7220885525965548	
lda_sepal	60	9	0	val_auc	0.515	
lda_sepal	60	9	0	val_pr_auc	0.5796461708226415	
lda_sepal	60	9	0	val_accuracy	0.5	
lda_sepal	60	9	0	val_f1	0.5454545454545454	
lda_sepal	60	9	0	cal_intercept	-0.06502665694676887	
lda_sepal	60	9	0	cal_slope	0.36487894620788924	
lda_sepal	60	9	1	val_logloss	0.5936861764017889	
lda_sepal	60	9	1	val_auc	0.67	
lda_sepal	60	9	1	val_pr_auc	0.7613510101010101	
lda_sepal	60	9	1	val_accuracy	0.65	
lda_sepal	60	9	1	val_f1	0.5882352941176471	
lda_sepal	60	9	1	cal_intercept	0.12875019017016898	
lda_sepal	60	9	1	cal_slope	0.9781040980322304	
lda_sepal	60	9	2	val_logloss	0.5075290412280277	
lda_sepal	60	9	2	val_auc	0.915	
lda_sepal	60	9	2	val_pr_auc	0.9332070707070707	
lda_sepal	60	9	2	val_accuracy	0.8	
lda_sepal	60	9	2	val_f1	0.75	
lda_sepal	60	9	2	cal_intercept	1.6676106786737048	
lda_sepal	60	9	2	cal_slope	4.405663959365522	
lda_sepal	60	9	3	val_logloss	0.6586273878627942	
lda_sepal	60	9	3	val_auc	0.7373737373737375	
lda_sepal	60	9	3	val_pr_auc	0.7095117845117844	
lda_sepal	60	9	3	val_accuracy	0.75	
lda_sepal	60	9	3	val_f1	0.7619047619047619	
lda_sepal	60	9	3	cal_intercept	-0.28542533813265586	
lda_sepal	60	9	3	cal_slope	0.6329128379079252	
lda_sepal	60	10	0	val_logloss	0.6507411017675159	
lda_sepal	60	10	0	val_auc	0.65	
lda_sepal	60	10	0	val_pr_auc	0.6739245395127749	
lda_sepal	60	10	0	val_accuracy	0.55	
lda_sepal	60	10	0	val_f1	0.5263157894736842	
lda_sepal	60	10	0	cal_intercept	0.1240396953306081	
lda_sepal	60	10	0	cal_slope	0.6883203342697432	
lda_sepal	60	10	1	val_logloss	0.6599055739532428	
lda_sepal	60	10	1	val_auc	0.6500000000000001	
lda_sepal	60	10	1	val_pr_auc	0.6894534632034631	
lda_sepal	60	10	1	val_accuracy	0.7	
lda_sepal	60	10	1	val_f1	0.7	
lda_sepal	60	10	1	cal_intercept	0.12895375723549912	
lda_sepal	60	10	1	cal_slope	0.5476309832116316	
lda_sepal	60	10	2	val_logloss	0.6451531606984651	
lda_sepal	60	10	2	val_auc	0.6799999999999999	
lda_sepal	60	10	2	val_pr_auc	0.7165674603174602	
lda_sepal	60	10	2	val_accuracy	0.6	
lda_sepal	60	10	2	val_f1	0.6	
lda_sepal	60	10	2	cal_intercept	-0.04961637108718141	
lda_sepal	60	10	2	cal_slope	0.9325334944899337	
lda_sepal	60	10	3	val_logloss	0.5266169124277477	
lda_sepal	60	10	3	val_auc	0.8484848484848485	
lda_sepal	60	10	3	val_pr_auc	0.8651455026455028	
lda_sepal	60	10	3	val_accuracy	0.75	
lda_sepal	60	10	3	val_f1	0.7058823529411765	
lda_sepal	60	10	3	cal_intercept	-0.2054671114130954	
lda_sepal	60	10	3	cal_slope	2.211519819942364	
lda_sepal	45	1	0	val_logloss	0.6687060053788019	
lda_sepal	45	1	0	val_auc	0.6565656565656566	
lda_sepal	45	1	0	val_pr_auc	0.5365961199294533	
lda_sepal	45	1	0	val_accuracy	0.45	
lda_sepal	45	1	0	val_f1	0.15384615384615385	
lda_sepal	45	1	0	cal_intercept	0.268494523109122	
lda_sepal	45	1	0	cal_slope	0.8306457488782025	
lda_sepal	45	1	1	val_logloss	0.6346596395807312	
lda_sepal	45	1	1	val_auc	0.7000000000000001	
lda_sepal	45	1	1	val_pr_auc	0.7266971916971916	
lda_sepal	45	1	1	val_accuracy	0.7	
lda_sepal	45	1	1	val_f1	0.7	
lda_sepal	45	1	1	cal_intercept	-0.0056237821057964	
lda_sepal	45	1	1	cal_slope	0.7088426878956005	
lda_sepal	45	1	2	val_logloss	0.5178664187239972	
lda_sepal	45	1	2	val_auc	0.845	
lda_sepal	45	1	2	val_pr_auc	0.864508547008547	
lda_sepal	45	1	2	val_accuracy	0.8	
lda_sepal	45	1	2	val_f1	0.8	
lda_sepal	45	1	2	cal_intercept	-0.6952870268485333	
lda_sepal	45	1	2	cal_slope	2.1274827629547155	
lda_sepal	45	1	3	val_logloss	0.5824957099255041	
lda_sepal	45	1	3	val_auc	0.74	
lda_sepal	45	1	3	val_pr_auc	0.7976525761819879	
lda_sepal	45	1	3	val_accuracy	0.7	
lda_sepal	45	1	3	val_f1	0.7	
lda_sepal	45	1	3	cal_intercept	0.01372004637854455	
lda_sepal	45	1	3	cal_slope	1.0366351164966217	
lda_sepal	45	2	0	val_logloss	0.6421109451546252	
lda_sepal	45	2	0	val_auc	0.6599999999999999	
lda_sepal	45	2	0	val_pr_auc	0.7247712418300652	
lda_sepal	45	2	0	val_accuracy	0.65	
lda_sepal	45	2	0	val_f1	0.631578947368421	
lda_sepal	45	2	0	cal_intercept	-0.1403803556522351	
lda_sepal	45	2	0	cal_slope	0.8368216737593811	
lda_sepal	45	2	1	val_logloss	0.5916184288992687	
lda_sepal	45	2	1	val_auc	0.712121212121212	
lda_sepal	45	2	1	val_pr_auc	0.7352573352573353	
lda_sepal	45	2	1	val_accuracy	0.6	
lda_sepal	45	2	1	val_f1	0.5555555555555556	
lda_sepal	45	2	1	cal_intercept	-0.0370572219331407	
lda_sepal	45	2	1	cal_slope	1.037323058201859	
lda_sepal	45	2	2	val_logloss	0.5312334963479755	
lda_sepal	45	2	2	val_auc	0.8099999999999999	
lda_sepal	45	2	2	val_pr_auc	0.8577777777777776	
lda_sepal	45	2	2	val_accuracy	0.75	
lda_sepal	45	2	2	val_f1	0.7368421052631579	
lda_sepal	45	2	2	cal_intercept	0.051195891979986675	
lda_sepal	45	2	2	cal_slope	1.2614990273995872	
lda_sepal	45	2	3	val_logloss	0.6897374479428411	
lda_sepal	45	2	3	val_auc	0.615	
lda_sepal	45	2	3	val_pr_auc	0.563641211729447	
lda_sepal	45	2	3	val_accuracy	0.6	
lda_sepal	45	2	3	val_f1	0.5555555555555556	
lda_sepal	45	2	3	cal_intercept	0.12238244416420647	
lda_sepal	45	2	3	cal_slope	0.5888265088809309	
lda_sepal	45	3	0	val_logloss	0.6833020684814362	
lda_sepal	45	3	0	val_auc	0.585	
lda_sepal	45	3	0	val_pr_auc	0.6039818351583057	
lda_sepal	45	3	0	val_accuracy	0.55	
lda_sepal	45	3	0	val_f1	0.5263157894736842	
lda_sepal	45	3	0	cal_intercept	0.12531636643782362	
lda_sepal	45	3	0	cal_slope	0.5787161202063746	
lda_sepal	45	3	1	val_logloss	0.6246591151166585	
lda_sepal	45	3	1	val_auc	0.69	
lda_sepal	45	3	1	val_pr_auc	0.7877156125608138	
lda_sepal	45	3	1	val_accuracy	0.75	
lda_sepal	45	3	1	val_f1	0.6666666666666666	
lda_sepal	45	3	1	cal_intercept	0.44194525007163693	
lda_sepal	45	3	1	cal_slope	1.2767071773378385	
lda_sepal	45	3	2	val_logloss	0.507159773624026	
lda_sepal	45	3	2	val_auc	0.8300000000000001	
lda_sepal	45	3	2	val_pr_auc	0.8386002886002885	
lda_sepal	45	3	2	val_accuracy	0.75	
lda_sepal	45	3	2	val_f1	0.782608695652174	
lda_sepal	45	3	2	cal_intercept	-0.3693530184469455	
lda_sepal	45	3	2	cal_slope	1.1818514775235378	
lda_sepal	45	3	3	val_logloss	0.6773675256913714	
lda_sepal	45	3	3	val_auc	0.6767676767676768	
lda_sepal	45	3	3	val_pr_auc	0.6970687264804911	
lda_sepal	45	3	3	val_accuracy	0.65	
lda_sepal	45	3	3	val_f1	0.631578947368421	
lda_sepal	45	3	3	cal_intercept	-0.42013061061033985	
lda_sepal	45	3	3	cal_slope	0.5705030572139776	
lda_sepal	45	4	0	val_logloss	0.8387783563397111	
lda_sepal	45	4	0	val_auc	0.45454545454545453	
lda_sepal	45	4	0	val_pr_auc	0.5037231287231287	
lda_sepal	45	4	0	val_accuracy	0.45	
lda_sepal	45	4	0	val_f1	0.47619047619047616	
lda_sepal	45	4	0	cal_intercept	-0.20680826940300506	
lda_sepal	45	4	0	cal_slope	0.0815455823243922	
lda_sepal	45	4	1	val_logloss	0.5129765899259323	
lda_sepal	45	4	1	val_auc	0.8400000000000001	
lda_sepal	45	4	1	val_pr_auc	0.8702228327228326	
lda_sepal	45	4	1	val_accuracy	0.85	
lda_sepal	45	4	1	val_f1	0.8421052631578947	
lda_sepal	45	4	1	cal_intercept	0.0876225810827891	
lda_sepal	45	4	1	cal_slope	1.6914450560636132	
lda_sepal	45	4	2	val_logloss	0.6262611119256769	
lda_sepal	45	4	2	val_auc	0.73	
lda_sepal	45	4	2	val_pr_auc	0.769437134502924	
lda_sepal	45	4	2	val_accuracy	0.7	
lda_sepal	45	4	2	val_f1	0.7	
lda_sepal	45	4	2	cal_intercept	-0.2569361907801443	
lda_sepal	45	4	2	cal_slope	0.7628662733037438	
lda_sepal	45	4	3	val_logloss	0.5793454676572181	
lda_sepal	45	4	3	val_auc	0.75	
lda_sepal	45	4	3	val_pr_auc	0.7484623709623709	
lda_sepal	45	4	3	val_accuracy	0.6	
lda_sepal	45	4	3	val_f1	0.6	
lda_sepal	45	4	3	cal_intercept	0.07119006145443273	
lda_sepal	45	4	3	cal_slope	1.6652631801931914	
lda_sepal	45	5	0	val_logloss	0.6043264739246708	
lda_sepal	45	5	0	val_auc	0.68	
lda_sepal	45	5	0	val_pr_auc	0.7641791979949875	
lda_sepal	45	5	0	val_accuracy	0.6	
lda_sepal	45	5	0	val_f1	0.6	
lda_sepal	45	5	0	cal_intercept	-0.15151478363158763	
lda_sepal	45	5	0	cal_slope	0.9853438475385458	
lda_sepal	45	5	1	val_logloss	0.5224743199153262	
lda_sepal	45	5	1	val_auc	0.85	
lda_sepal	45	5	1	val_pr_auc	0.8374531024531023	
lda_sepal	45	5	1	val_accuracy	0.8	
lda_sepal	45	5	1	val_f1	0.8181818181818182	
lda_sepal	45	5	1	cal_intercept	-0.41861115757271083	
lda_sepal	45	5	1	cal_slope	2.0631053378887474	
lda_sepal	45	5	2	val_logloss	0.7121810185447657	
lda_sepal	45	5	2	val_auc	0.64	
lda_sepal	45	5	2	val_pr_auc	0.7119796380090497	
lda_sepal	45	5	2	val_accuracy	0.55	
lda_sepal	45	5	2	val_f1	0.47058823529411764	
lda_sepal	45	5	2	cal_intercept	0.1703011796353888	
lda_sepal	45	5	2	cal_slope	0.4538114852893217	
lda_sepal	45	5	3	val_logloss	0.620993459528722	
lda_sepal	45	5	3	val_auc	0.7070707070707071	
lda_sepal	45	5	3	val_pr_auc	0.6011201761201761	
lda_sepal	45	5	3	val_accuracy	0.65	
lda_sepal	45	5	3	val_f1	0.5882352941176471	
lda_sepal	45	5	3	cal_intercept	-0.12862132455263572	
lda_sepal	45	5	3	cal_slope	1.0037063861413988	
lda_sepal	45	6	0	val_logloss	0.5561214919307499	
lda_sepal	45	6	0	val_auc	0.7929292929292929	
lda_sepal	45	6	0	val_pr_auc	0.7960317460317461	
lda_sepal	45	6	0	val_accuracy	0.7	
lda_sepal	45	6	0	val_f1	0.6666666666666666	
lda_sepal	45	6	0	cal_intercept	-0.14858100324981963	
lda_sepal	45	6	0	cal_slope	1.3967954527470388	
lda_sepal	45	6	1	val_logloss	0.5046993634109774	
lda_sepal	45	6	1	val_auc	0.85	
lda_sepal	45	6	1	val_pr_auc	0.8627228327228327	
lda_sepal	45	6	1	val_accuracy	0.8	
lda_sepal	45	6	1	val_f1	0.8	
lda_sepal	45	6	1	cal_intercept	-0.08209329006862916	
lda_sepal	45	6	1	cal_slope	1.9762514482262568	
lda_sepal	45	6	2	val_logloss	0.6220564412888706	
lda_sepal	45	6	2	val_auc	0.78	
lda_sepal	45	6	2	val_pr_auc	0.7076037851037851	
lda_sepal	45	6	2	val_accuracy	0.65	
lda_sepal	45	6	2	val_f1	0.5882352941176471	
lda_sepal	45	6	2	cal_intercept	0.38751963313373605	
lda_sepal	45	6	2	cal_slope	1.4036718869771505	
lda_sepal	45	6	3	val_logloss	0.7597100545069281	
lda_sepal	45	6	3	val_auc	0.58	
lda_sepal	45	6	3	val_pr_auc	0.7226406926406925	
lda_sepal	45	6	3	val_accuracy	0.45	
lda_sepal	45	6	3	val_f1	0.5217391304347826	
lda_sepal	45	6	3	cal_intercept	-0.09399106501876867	
lda_sepal	45	6	3	cal_slope	0.25713497237984606	
lda_sepal	45	7	0	val_logloss	0.6440632274560087	
lda_sepal	45	7	0	val_auc	0.695	
lda_sepal	45	7	0	val_pr_auc	0.6611813186813187	
lda_sepal	45	7	0	val_accuracy	0.55	
lda_sepal	45	7	0	val_f1	0.47058823529411764	
lda_sepal	45	7	0	cal_intercept	0.2425129472124254	
lda_sepal	45	7	0	cal_slope	1.0693164238844575	
lda_sepal	45	7	1	val_logloss	0.6763329910513947	
lda_sepal	45	7	1	val_auc	0.645	
lda_sepal	45	7	1	val_pr_auc	0.6456746031746031	
lda_sepal	45	7	1	val_accuracy	0.65	
lda_sepal	45	7	1	val_f1	0.6666666666666666	
lda_sepal	45	7	1	cal_intercept	-0.10311527862423737	
lda_sepal	45	7	1	cal_slope	0.5350298995284173	
lda_sepal	45	7	2	val_logloss	0.604404792251315	
lda_sepal	45	7	2	val_auc	0.7550000000000001	
lda_sepal	45	7	2	val_pr_auc	0.8034415584415584	
lda_sepal	45	7	2	val_accuracy	0.7	
lda_sepal	45	7	2	val_f1	0.6666666666666666	
lda_sepal	45	7	2	cal_intercept	0.25494580012642215	
lda_sepal	45	7	2	cal_slope	0.7532312602043287	
lda_sepal	45	7	3	val_logloss	0.5459235081528917	
lda_sepal	45	7	3	val_auc	0.8181818181818181	
lda_sepal	45	7	3	val_pr_auc	0.8360449735449738	
lda_sepal	45	7	3	val_accuracy	0.7	
lda_sepal	45	7	3	val_f1	0.7	
lda_sepal	45	7	3	cal_intercept	-0.6117784290144986	
lda_sepal	45	7	3	cal_slope	1.3643083012731199	
lda_sepal	45	8	0	val_logloss	0.6678258160551532	
lda_sepal	45	8	0	val_auc	0.705	
lda_sepal	45	8	0	val_pr_auc	0.7229901960784313	
lda_sepal	45	8	0	val_accuracy	0.55	
lda_sepal	45	8	0	val_f1	0.47058823529411764	
lda_sepal	45	8	0	cal_intercept	0.2456605488126177	
lda_sepal	45	8	0	cal_slope	0.5985174665865456	
lda_sepal	45	8	1	val_logloss	0.4988935018063853	
lda_sepal	45	8	1	val_auc	0.845	
lda_sepal	45	8	1	val_pr_auc	0.86	
lda_sepal	45	8	1	val_accuracy	0.8	
lda_sepal	45	8	1	val_f1	0.8	
lda_sepal	45	8	1	cal_intercept	-0.013450356108710163	
lda_sepal	45	8	1	cal_slope	1.955386344574743	
lda_sepal	45	8	2	val_logloss	0.6233181123181633	
lda_sepal	45	8	2	val_auc	0.712121212121212	
lda_sepal	45	8	2	val_pr_auc	0.6087861212861214	
lda_sepal	45	8	2	val_accuracy	0.75	
lda_sepal	45	8	2	val_f1	0.7368421052631579	
lda_sepal	45	8	2	cal_intercept	-0.2883570100845645	
lda_sepal	45	8	2	cal_slope	1.47853163164211	
lda_sepal	45	8	3	val_logloss	0.7399884370228149	
lda_sepal	45	8	3	val_auc	0.67	
lda_sepal	45	8	3	val_pr_auc	0.7133982683982683	
lda_sepal	45	8	3	val_accuracy	0.55	
lda_sepal	45	8	3	val_f1	0.5263157894736842	
lda_sepal	45	8	3	cal_intercept	0.04928393785949108	
lda_sepal	45	8	3	cal_slope	0.3760491685862932	
lda_sepal	45	9	0	val_logloss	0.7342229492460666	
lda_sepal	45	9	0	val_auc	0.515	
lda_sepal	45	9	0	val_pr_auc	0.5796461708226415	
lda_sepal	45	9	0	val_accuracy	0.5	
lda_sepal	45	9	0	val_f1	0.5454545454545454	
lda_sepal	45	9	0	cal_intercept	-0.0597777037160876	
lda_sepal	45	9	0	cal_slope	0.332837424485705	
lda_sepal	45	9	1	val_logloss	0.6003927260487265	
lda_sepal	45	9	1	val_auc	0.6799999999999999	
lda_sepal	45	9	1	val_pr_auc	0.7801633986928104	
lda_sepal	45	9	1	val_accuracy	0.7	
lda_sepal	45	9	1	val_f1	0.625	
lda_sepal	45	9	1	cal_intercept	0.0534048564146	
lda_sepal	45	9	1	cal_slope	0.6476210461550405	
lda_sepal	45	9	2	val_logloss	0.4952158676191525	
lda_sepal	45	9	2	val_auc	0.9850000000000001	
lda_sepal	45	9	2	val_pr_auc	0.9833333333333333	
lda_sepal	45	9	2	val_accuracy	0.85	
lda_sepal	45	9	2	val_f1	0.8235294117647058	
lda_sepal	45	9	2	cal_intercept	4.258539013961314	
lda_sepal	45	9	2	cal_slope	13.364235780679468	
lda_sepal	45	9	3	val_logloss	0.6961446680731374	
lda_sepal	45	9	3	val_auc	0.7373737373737375	
lda_sepal	45	9	3	val_pr_auc	0.7095117845117844	
lda_sepal	45	9	3	val_accuracy	0.75	
lda_sepal	45	9	3	val_f1	0.7619047619047619	
lda_sepal	45	9	3	cal_intercept	-0.2772826643363438	
lda_sepal	45	9	3	cal_slope	0.4708653458887046	
lda_sepal	45	10	0	val_logloss	0.6170547072229133	
lda_sepal	45	10	0	val_auc	0.72	
lda_sepal	45	10	0	val_pr_auc	0.741969696969697	
lda_sepal	45	10	0	val_accuracy	0.6	
lda_sepal	45	10	0	val_f1	0.5555555555555556	
lda_sepal	45	10	0	cal_intercept	0.07662244955248965	
lda_sepal	45	10	0	cal_slope	0.9123533681804736	
lda_sepal	45	10	1	val_logloss	0.6899923431863186	
lda_sepal	45	10	1	val_auc	0.6500000000000001	
lda_sepal	45	10	1	val_pr_auc	0.6894534632034631	
lda_sepal	45	10	1	val_accuracy	0.75	
lda_sepal	45	10	1	val_f1	0.7619047619047619	
lda_sepal	45	10	1	cal_intercept	0.10043545773022626	
lda_sepal	45	10	1	cal_slope	0.4575319833640404	
lda_sepal	45	10	2	val_logloss	0.6644509790352963	
lda_sepal	45	10	2	val_auc	0.6399999999999999	
lda_sepal	45	10	2	val_pr_auc	0.6873428858722975	
lda_sepal	45	10	2	val_accuracy	0.6	
lda_sepal	45	10	2	val_f1	0.6	
lda_sepal	45	10	2	cal_intercept	-0.11560673788542819	
lda_sepal	45	10	2	cal_slope	0.6691400714702334	
lda_sepal	45	10	3	val_logloss	0.5243586128232329	
lda_sepal	45	10	3	val_auc	0.8282828282828283	
lda_sepal	45	10	3	val_pr_auc	0.8557710263592617	
lda_sepal	45	10	3	val_accuracy	0.7	
lda_sepal	45	10	3	val_f1	0.6666666666666666	
lda_sepal	45	10	3	cal_intercept	-0.09031109140104704	
lda_sepal	45	10	3	cal_slope	1.6999361291089414	
lda_sepal	30	1	0	val_logloss	0.6762962759809328	
lda_sepal	30	1	0	val_auc	0.6767676767676768	
lda_sepal	30	1	0	val_pr_auc	0.5517195767195767	
lda_sepal	30	1	0	val_accuracy	0.45	
lda_sepal	30	1	0	val_f1	0.15384615384615385	
lda_sepal	30	1	0	cal_intercept	0.4121462229748691	
lda_sepal	30	1	0	cal_slope	0.8581665169780778	
lda_sepal	30	1	1	val_logloss	0.6337394633180546	
lda_sepal	30	1	1	val_auc	0.73	
lda_sepal	30	1	1	val_pr_auc	0.7528860028860028	
lda_sepal	30	1	1	val_accuracy	0.75	
lda_sepal	30	1	1	val_f1	0.7368421052631579	
lda_sepal	30	1	1	cal_intercept	0.01782241855493196	
lda_sepal	30	1	1	cal_slope	0.6624884172379271	
lda_sepal	30	1	2	val_logloss	0.5163731544780271	
lda_sepal	30	1	2	val_auc	0.835	
lda_sepal	30	1	2	val_pr_auc	0.859563492063492	
lda_sepal	30	1	2	val_accuracy	0.8	
lda_sepal	30	1	2	val_f1	0.8	
lda_sepal	30	1	2	cal_intercept	-0.6030043444026683	
lda_sepal	30	1	2	cal_slope	2.0826370244551238	
lda_sepal	30	1	3	val_logloss	0.6226617043237076	
lda_sepal	30	1	3	val_auc	0.7	
lda_sepal	30	1	3	val_pr_auc	0.7535371572871572	
lda_sepal	30	1	3	val_accuracy	0.55	
lda_sepal	30	1	3	val_f1	0.5263157894736842	
lda_sepal	30	1	3	cal_intercept	0.2301010267065473	
lda_sepal	30	1	3	cal_slope	0.6775585470857229	
lda_sepal	30	2	0	val_logloss	0.7131319495306279	
lda_sepal	30	2	0	val_auc	0.6599999999999999	
lda_sepal	30	2	0	val_pr_auc	0.7423110661268556	
lda_sepal	30	2	0	val_accuracy	0.6	
lda_sepal	30	2	0	val_f1	0.6	
lda_sepal	30	2	0	cal_intercept	-0.17989746264230536	
lda_sepal	30	2	0	cal_slope	0.4451788154458876	
lda_sepal	30	2	1	val_logloss	0.5811513155824843	
lda_sepal	30	2	1	val_auc	0.712121212121212	
lda_sepal	30	2	1	val_pr_auc	0.7352573352573353	
lda_sepal	30	2	1	val_accuracy	0.6	
lda_sepal	30	2	1	val_f1	0.5555555555555556	
lda_sepal	30	2	1	cal_intercept	0.04753941688974822	
lda_sepal	30	2	1	cal_slope	0.9276505223193153	
lda_sepal	30	2	2	val_logloss	0.565987310990127	
lda_sepal	30	2	2	val_auc	0.8099999999999999	
lda_sepal	30	2	2	val_pr_auc	0.8577777777777776	
lda_sepal	30	2	2	val_accuracy	0.75	
lda_sepal	30	2	2	val_f1	0.7368421052631579	
lda_sepal	30	2	2	cal_intercept	0.09327490698541997	
lda_sepal	30	2	2	cal_slope	1.7038274836807745	
lda_sepal	30	2	3	val_logloss	0.6935941222269842	
lda_sepal	30	2	3	val_auc	0.585	
lda_sepal	30	2	3	val_pr_auc	0.6035259103641456	
lda_sepal	30	2	3	val_accuracy	0.55	
lda_sepal	30	2	3	val_f1	0.5263157894736842	
lda_sepal	30	2	3	cal_intercept	0.004581103198657389	
lda_sepal	30	2	3	cal_slope	0.48773822589513477	
lda_sepal	30	3	0	val_logloss	0.7401403664398847	
lda_sepal	30	3	0	val_auc	0.635	
lda_sepal	30	3	0	val_pr_auc	0.5958946608946609	
lda_sepal	30	3	0	val_accuracy	0.55	
lda_sepal	30	3	0	val_f1	0.5263157894736842	
lda_sepal	30	3	0	cal_intercept	0.05400860343813224	
lda_sepal	30	3	0	cal_slope	0.345040922305687	
lda_sepal	30	3	1	val_logloss	0.6282282015710445	
lda_sepal	30	3	1	val_auc	0.69	
lda_sepal	30	3	1	val_pr_auc	0.7877156125608138	
lda_sepal	30	3	1	val_accuracy	0.75	
lda_sepal	30	3	1	val_f1	0.6666666666666666	
lda_sepal	30	3	1	cal_intercept	0.6310925439047209	
lda_sepal	30	3	1	cal_slope	1.594259937725157	
lda_sepal	30	3	2	val_logloss	0.5415889691222859	
lda_sepal	30	3	2	val_auc	0.79	
lda_sepal	30	3	2	val_pr_auc	0.8045337995337994	
lda_sepal	30	3	2	val_accuracy	0.75	
lda_sepal	30	3	2	val_f1	0.782608695652174	
lda_sepal	30	3	2	cal_intercept	-0.4229263442135859	
lda_sepal	30	3	2	cal_slope	0.9607893263586136	
lda_sepal	30	3	3	val_logloss	0.7071253704420167	
lda_sepal	30	3	3	val_auc	0.6666666666666667	
lda_sepal	30	3	3	val_pr_auc	0.6870370370370371	
lda_sepal	30	3	3	val_accuracy	0.65	
lda_sepal	30	3	3	val_f1	0.6666666666666666	
lda_sepal	30	3	3	cal_intercept	-0.43456066412525524	
lda_sepal	30	3	3	cal_slope	0.48302249270920083	
lda_sepal	30	4	0	val_logloss	0.7990515622495157	
lda_sepal	30	4	0	val_auc	0.4747474747474747	
lda_sepal	30	4	0	val_pr_auc	0.5137159137159137	
lda_sepal	30	4	0	val_accuracy	0.45	
lda_sepal	30	4	0	val_f1	0.42105263157894735	
lda_sepal	30	4	0	cal_intercept	-0.19205842207992585	
lda_sepal	30	4	0	cal_slope	0.09806774212642304	
lda_sepal	30	4	1	val_logloss	0.5962138404012158	
lda_sepal	30	4	1	val_auc	0.78	
lda_sepal	30	4	1	val_pr_auc	0.8089332399626517	
lda_sepal	30	4	1	val_accuracy	0.8	
lda_sepal	30	4	1	val_f1	0.7777777777777778	
lda_sepal	30	4	1	cal_intercept	0.09890067632066259	
lda_sepal	30	4	1	cal_slope	1.7842757370469393	
lda_sepal	30	4	2	val_logloss	0.6216371153217285	
lda_sepal	30	4	2	val_auc	0.73	
lda_sepal	30	4	2	val_pr_auc	0.769437134502924	
lda_sepal	30	4	2	val_accuracy	0.7	
lda_sepal	30	4	2	val_f1	0.7	
lda_sepal	30	4	2	cal_intercept	-0.29769182528329097	
lda_sepal	30	4	2	cal_slope	0.8826035328376891	
lda_sepal	30	4	3	val_logloss	0.6097888239576358	
lda_sepal	30	4	3	val_auc	0.74	
lda_sepal	30	4	3	val_pr_auc	0.7437004662004661	
lda_sepal	30	4	3	val_accuracy	0.6	
lda_sepal	30	4	3	val_f1	0.6	
lda_sepal	30	4	3	cal_intercept	-0.06464943381659605	
lda_sepal	30	4	3	cal_slope	2.664293301772553	
lda_sepal	30	5	0	val_logloss	0.6418311961877787	
lda_sepal	30	5	0	val_auc	0.66	
lda_sepal	30	5	0	val_pr_auc	0.7600125313283208	
lda_sepal	30	5	0	val_accuracy	0.6	
lda_sepal	30	5	0	val_f1	0.6363636363636364	
lda_sepal	30	5	0	cal_intercept	-0.27268525474653366	
lda_sepal	30	5	0	cal_slope	0.6288683101585517	
lda_sepal	30	5	1	val_logloss	0.4878514657378159	
lda_sepal	30	5	1	val_auc	0.85	
lda_sepal	30	5	1	val_pr_auc	0.8374531024531023	
lda_sepal	30	5	1	val_accuracy	0.8	
lda_sepal	30	5	1	val_f1	0.8181818181818182	
lda_sepal	30	5	1	cal_intercept	-0.31956773306034736	
lda_sepal	30	5	1	cal_slope	1.3232913489368567	
lda_sepal	30	5	2	val_logloss	0.7582637415010006	
lda_sepal	30	5	2	val_auc	0.64	
lda_sepal	30	5	2	val_pr_auc	0.7119796380090497	
lda_sepal	30	5	2	val_accuracy	0.6	
lda_sepal	30	5	2	val_f1	0.5555555555555556	
lda_sepal	30	5	2	cal_intercept	0.10095938960858745	
lda_sepal	30	5	2	cal_slope	0.3519569698260565	
lda_sepal	30	5	3	val_logloss	0.6099816955784269	
lda_sepal	30	5	3	val_auc	0.6868686868686867	
lda_sepal	30	5	3	val_pr_auc	0.585345518678852	
lda_sepal	30	5	3	val_accuracy	0.65	
lda_sepal	30	5	3	val_f1	0.631578947368421	
lda_sepal	30	5	3	cal_intercept	-0.1387379687625403	
lda_sepal	30	5	3	cal_slope	1.716974151175792	
lda_sepal	30	6	0	val_logloss	0.5888652420047937	
lda_sepal	30	6	0	val_auc	0.7525252525252526	
lda_sepal	30	6	0	val_pr_auc	0.7604904354904356	
lda_sepal	30	6	0	val_accuracy	0.6	
lda_sepal	30	6	0	val_f1	0.6363636363636364	
lda_sepal	30	6	0	cal_intercept	-0.48381037898154317	
lda_sepal	30	6	0	cal_slope	1.3321527639880977	
lda_sepal	30	6	1	val_logloss	0.49627593649426993	
lda_sepal	30	6	1	val_auc	0.86	
lda_sepal	30	6	1	val_pr_auc	0.8744444444444445	
lda_sepal	30	6	1	val_accuracy	0.8	
lda_sepal	30	6	1	val_f1	0.8	
lda_sepal	30	6	1	cal_intercept	-0.07600338571562107	
lda_sepal	30	6	1	cal_slope	1.9160201213146775	
lda_sepal	30	6	2	val_logloss	0.6238443914092806	
lda_sepal	30	6	2	val_auc	0.75	
lda_sepal	30	6	2	val_pr_auc	0.6893253968253968	
lda_sepal	30	6	2	val_accuracy	0.65	
lda_sepal	30	6	2	val_f1	0.5882352941176471	
lda_sepal	30	6	2	cal_intercept	0.3726355938334805	
lda_sepal	30	6	2	cal_slope	1.0989809033863314	
lda_sepal	30	6	3	val_logloss	0.7309360247602841	
lda_sepal	30	6	3	val_auc	0.44999999999999996	
lda_sepal	30	6	3	val_pr_auc	0.5688048552754434	
lda_sepal	30	6	3	val_accuracy	0.35	
lda_sepal	30	6	3	val_f1	0.43478260869565216	
lda_sepal	30	6	3	cal_intercept	0.003923349404043994	
lda_sepal	30	6	3	cal_slope	-0.021522853744062605	
lda_sepal	30	7	0	val_logloss	0.6469901302197402	
lda_sepal	30	7	0	val_auc	0.665	
lda_sepal	30	7	0	val_pr_auc	0.6554761904761904	
lda_sepal	30	7	0	val_accuracy	0.6	
lda_sepal	30	7	0	val_f1	0.5555555555555556	
lda_sepal	30	7	0	cal_intercept	0.22793533460322263	
lda_sepal	30	7	0	cal_slope	1.7772722827463707	
lda_sepal	30	7	1	val_logloss	0.8311440134074448	
lda_sepal	30	7	1	val_auc	0.615	
lda_sepal	30	7	1	val_pr_auc	0.6288943001443	
lda_sepal	30	7	1	val_accuracy	0.65	
lda_sepal	30	7	1	val_f1	0.6666666666666666	
lda_sepal	30	7	1	cal_intercept	-0.130554821904118	
lda_sepal	30	7	1	cal_slope	0.2757998431076806	
lda_sepal	30	7	2	val_logloss	0.5785111104953707	
lda_sepal	30	7	2	val_auc	0.7749999999999999	
lda_sepal	30	7	2	val_pr_auc	0.8295526695526695	
lda_sepal	30	7	2	val_accuracy	0.7	
lda_sepal	30	7	2	val_f1	0.6666666666666666	
lda_sepal	30	7	2	cal_intercept	0.11005079918973523	
lda_sepal	30	7	2	cal_slope	0.912698967785536	
lda_sepal	30	7	3	val_logloss	0.6061875287837292	
lda_sepal	30	7	3	val_auc	0.7575757575757576	
lda_sepal	30	7	3	val_pr_auc	0.7866734572616927	
lda_sepal	30	7	3	val_accuracy	0.7	
lda_sepal	30	7	3	val_f1	0.7	
lda_sepal	30	7	3	cal_intercept	-0.3946454503721687	
lda_sepal	30	7	3	cal_slope	0.6646042642818167	
lda_sepal	30	8	0	val_logloss	0.7194541469291409	
lda_sepal	30	8	0	val_auc	0.605	
lda_sepal	30	8	0	val_pr_auc	0.6835732323232323	
lda_sepal	30	8	0	val_accuracy	0.55	
lda_sepal	30	8	0	val_f1	0.5263157894736842	
lda_sepal	30	8	0	cal_intercept	0.11130917097747638	
lda_sepal	30	8	0	cal_slope	0.4106883638245769	
lda_sepal	30	8	1	val_logloss	0.512560008096	
lda_sepal	30	8	1	val_auc	0.845	
lda_sepal	30	8	1	val_pr_auc	0.86	
lda_sepal	30	8	1	val_accuracy	0.75	
lda_sepal	30	8	1	val_f1	0.7619047619047619	
lda_sepal	30	8	1	cal_intercept	-0.2645669650434014	
lda_sepal	30	8	1	cal_slope	2.271719743822554	
lda_sepal	30	8	2	val_logloss	0.6559744959700533	
lda_sepal	30	8	2	val_auc	0.6616161616161615	
lda_sepal	30	8	2	val_pr_auc	0.5722222222222222	
lda_sepal	30	8	2	val_accuracy	0.65	
lda_sepal	30	8	2	val_f1	0.6666666666666666	
lda_sepal	30	8	2	cal_intercept	-0.3380654677909665	
lda_sepal	30	8	2	cal_slope	1.1473834889702146	
lda_sepal	30	8	3	val_logloss	0.7910987826886775	
lda_sepal	30	8	3	val_auc	0.69	
lda_sepal	30	8	3	val_pr_auc	0.7426839826839826	
lda_sepal	30	8	3	val_accuracy	0.6	
lda_sepal	30	8	3	val_f1	0.6	
lda_sepal	30	8	3	cal_intercept	-0.0012806677893599724	
lda_sepal	30	8	3	cal_slope	0.3137931971230434	
lda_sepal	30	9	0	val_logloss	0.7942528426194183	
lda_sepal	30	9	0	val_auc	0.505	
lda_sepal	30	9	0	val_pr_auc	0.5776556776556776	
lda_sepal	30	9	0	val_accuracy	0.5	
lda_sepal	30	9	0	val_f1	0.5454545454545454	
lda_sepal	30	9	0	cal_intercept	-0.04460116150884432	
lda_sepal	30	9	0	cal_slope	0.24294154793084785	
lda_sepal	30	9	1	val_logloss	0.6435015386175227	
lda_sepal	30	9	1	val_auc	0.67	
lda_sepal	30	9	1	val_pr_auc	0.7613510101010101	
lda_sepal	30	9	1	val_accuracy	0.55	
lda_sepal	30	9	1	val_f1	0.5263157894736842	
lda_sepal	30	9	1	cal_intercept	-0.029364714439523376	
lda_sepal	30	9	1	cal_slope	0.5280630125717695	
lda_sepal	30	9	2	val_logloss	0.5885310823175756	
lda_sepal	30	9	2	val_auc	0.945	
lda_sepal	30	9	2	val_pr_auc	0.9625	
lda_sepal	30	9	2	val_accuracy	0.9	
lda_sepal	30	9	2	val_f1	0.8888888888888888	
lda_sepal	30	9	2	cal_intercept	1.5965425865990963	
lda_sepal	30	9	2	cal_slope	15.073748903455732	
lda_sepal	30	9	3	val_logloss	0.6874147785328233	
lda_sepal	30	9	3	val_auc	0.7373737373737372	
lda_sepal	30	9	3	val_pr_auc	0.7095117845117844	
lda_sepal	30	9	3	val_accuracy	0.75	
lda_sepal	30	9	3	val_f1	0.7368421052631579	
lda_sepal	30	9	3	cal_intercept	-0.29558877318429444	
lda_sepal	30	9	3	cal_slope	0.5004305475439866	
lda_sepal	30	10	0	val_logloss	0.7163966153154847	
lda_sepal	30	10	0	val_auc	0.73	
lda_sepal	30	10	0	val_pr_auc	0.7416125541125541	
lda_sepal	30	10	0	val_accuracy	0.55	
lda_sepal	30	10	0	val_f1	0.47058823529411764	
lda_sepal	30	10	0	cal_intercept	0.37346692338118365	
lda_sepal	30	10	0	cal_slope	0.47658297450128534	
lda_sepal	30	10	1	val_logloss	0.6542297471327688	
lda_sepal	30	10	1	val_auc	0.6900000000000001	
lda_sepal	30	10	1	val_pr_auc	0.7191756854256854	
lda_sepal	30	10	1	val_accuracy	0.7	
lda_sepal	30	10	1	val_f1	0.7	
lda_sepal	30	10	1	cal_intercept	-0.04507133602948935	
lda_sepal	30	10	1	cal_slope	0.5240301929169492	
lda_sepal	30	10	2	val_logloss	0.6399109685111454	
lda_sepal	30	10	2	val_auc	0.69	
lda_sepal	30	10	2	val_pr_auc	0.7218704906204906	
lda_sepal	30	10	2	val_accuracy	0.6	
lda_sepal	30	10	2	val_f1	0.6	
lda_sepal	30	10	2	cal_intercept	-0.19971482401533572	
lda_sepal	30	10	2	cal_slope	0.9735092270950498	
lda_sepal	30	10	3	val_logloss	0.5017822361959899	
lda_sepal	30	10	3	val_auc	0.8686868686868687	
lda_sepal	30	10	3	val_pr_auc	0.8779541446208114	
lda_sepal	30	10	3	val_accuracy	0.75	
lda_sepal	30	10	3	val_f1	0.7368421052631579	
lda_sepal	30	10	3	cal_intercept	-0.668625989353244	
lda_sepal	30	10	3	cal_slope	2.2671179123636844	
lda_sepal	20	1	0	val_logloss	0.744394456050186	
lda_sepal	20	1	0	val_auc	0.6060606060606061	
lda_sepal	20	1	0	val_pr_auc	0.5284884324100011	
lda_sepal	20	1	0	val_accuracy	0.45	
lda_sepal	20	1	0	val_f1	0.26666666666666666	
lda_sepal	20	1	0	cal_intercept	0.1260301589403994	
lda_sepal	20	1	0	cal_slope	0.38436433733851394	
lda_sepal	20	1	1	val_logloss	0.6409832591218528	
lda_sepal	20	1	1	val_auc	0.73	
lda_sepal	20	1	1	val_pr_auc	0.7528860028860028	
lda_sepal	20	1	1	val_accuracy	0.7	
lda_sepal	20	1	1	val_f1	0.6666666666666666	
lda_sepal	20	1	1	cal_intercept	0.15662562638624083	
lda_sepal	20	1	1	cal_slope	0.6479537864453695	
lda_sepal	20	1	2	val_logloss	0.5270537288588861	
lda_sepal	20	1	2	val_auc	0.855	
lda_sepal	20	1	2	val_pr_auc	0.8734194890077243	
lda_sepal	20	1	2	val_accuracy	0.85	
lda_sepal	20	1	2	val_f1	0.8571428571428571	
lda_sepal	20	1	2	cal_intercept	-0.6124262541454436	
lda_sepal	20	1	2	cal_slope	2.578201343659055	
lda_sepal	20	1	3	val_logloss	0.6261428600811221	
lda_sepal	20	1	3	val_auc	0.77	
lda_sepal	20	1	3	val_pr_auc	0.8251443001443001	
lda_sepal	20	1	3	val_accuracy	0.65	
lda_sepal	20	1	3	val_f1	0.631578947368421	
lda_sepal	20	1	3	cal_intercept	0.19670382106079085	
lda_sepal	20	1	3	cal_slope	0.5249552911603155	
lda_sepal	20	2	0	val_logloss	0.6906871498982844	
lda_sepal	20	2	0	val_auc	0.61	
lda_sepal	20	2	0	val_pr_auc	0.7258823529411765	
lda_sepal	20	2	0	val_accuracy	0.55	
lda_sepal	20	2	0	val_f1	0.5714285714285714	
lda_sepal	20	2	0	cal_intercept	-0.13979493401200033	
lda_sepal	20	2	0	cal_slope	0.5277808384358693	
lda_sepal	20	2	1	val_logloss	0.5637609026572576	
lda_sepal	20	2	1	val_auc	0.7222222222222222	
lda_sepal	20	2	1	val_pr_auc	0.7464674758792407	
lda_sepal	20	2	1	val_accuracy	0.7	
lda_sepal	20	2	1	val_f1	0.6666666666666666	
lda_sepal	20	2	1	cal_intercept	0.03379754069277358	
lda_sepal	20	2	1	cal_slope	0.9455937038459091	
lda_sepal	20	2	2	val_logloss	0.586993566434316	
lda_sepal	20	2	2	val_auc	0.77	
lda_sepal	20	2	2	val_pr_auc	0.8261111111111111	
lda_sepal	20	2	2	val_accuracy	0.7	
lda_sepal	20	2	2	val_f1	0.6666666666666666	
lda_sepal	20	2	2	cal_intercept	0.1573241095491937	
lda_sepal	20	2	2	cal_slope	1.519045252572555	
lda_sepal	20	2	3	val_logloss	0.6832150153999268	
lda_sepal	20	2	3	val_auc	0.585	
lda_sepal	20	2	3	val_pr_auc	0.5601925770308124	
lda_sepal	20	2	3	val_accuracy	0.55	
lda_sepal	20	2	3	val_f1	0.5263157894736842	
lda_sepal	20	2	3	cal_intercept	-0.00010560294283090937	
lda_sepal	20	2	3	cal_slope	0.767044380351645	
lda_sepal	20	3	0	val_logloss	0.7118420056390418	
lda_sepal	20	3	0	val_auc	0.635	
lda_sepal	20	3	0	val_pr_auc	0.5843162393162393	
lda_sepal	20	3	0	val_accuracy	0.55	
lda_sepal	20	3	0	val_f1	0.5263157894736842	
lda_sepal	20	3	0	cal_intercept	0.12405138792769901	
lda_sepal	20	3	0	cal_slope	0.4328164883903561	
lda_sepal	20	3	1	val_logloss	0.5753366640240342	
lda_sepal	20	3	1	val_auc	0.81	
lda_sepal	20	3	1	val_pr_auc	0.8704093567251462	
lda_sepal	20	3	1	val_accuracy	0.75	
lda_sepal	20	3	1	val_f1	0.6666666666666666	
lda_sepal	20	3	1	cal_intercept	0.7773746102099518	
lda_sepal	20	3	1	cal_slope	1.9381327498761118	
lda_sepal	20	3	2	val_logloss	0.8199526273523798	
lda_sepal	20	3	2	val_auc	0.59	
lda_sepal	20	3	2	val_pr_auc	0.6371047906342023	
lda_sepal	20	3	2	val_accuracy	0.55	
lda_sepal	20	3	2	val_f1	0.5714285714285714	
lda_sepal	20	3	2	cal_intercept	-0.1573942232676411	
lda_sepal	20	3	2	cal_slope	0.2641113269639293	
lda_sepal	20	3	3	val_logloss	0.6986007088109889	
lda_sepal	20	3	3	val_auc	0.6262626262626262	
lda_sepal	20	3	3	val_pr_auc	0.6636924803591471	
lda_sepal	20	3	3	val_accuracy	0.6	
lda_sepal	20	3	3	val_f1	0.6363636363636364	
lda_sepal	20	3	3	cal_intercept	-0.49995377381954165	
lda_sepal	20	3	3	cal_slope	0.6137899139589507	
lda_sepal	20	4	0	val_logloss	0.7061032900310017	
lda_sepal	20	4	0	val_auc	0.43434343434343436	
lda_sepal	20	4	0	val_pr_auc	0.5037638287638289	
lda_sepal	20	4	0	val_accuracy	0.4	
lda_sepal	20	4	0	val_f1	0.4	
lda_sepal	20	4	0	cal_intercept	-0.19550996927634628	
lda_sepal	20	4	0	cal_slope	0.20041494768155743	
lda_sepal	20	4	1	val_logloss	0.6079044113608588	
lda_sepal	20	4	1	val_auc	0.78	
lda_sepal	20	4	1	val_pr_auc	0.8089332399626517	
lda_sepal	20	4	1	val_accuracy	0.75	
lda_sepal	20	4	1	val_f1	0.7058823529411765	
lda_sepal	20	4	1	cal_intercept	0.14722890363765417	
lda_sepal	20	4	1	cal_slope	1.6774261070764713	
lda_sepal	20	4	2	val_logloss	0.6119295619653528	
lda_sepal	20	4	2	val_auc	0.74	
lda_sepal	20	4	2	val_pr_auc	0.772361111111111	
lda_sepal	20	4	2	val_accuracy	0.7	
lda_sepal	20	4	2	val_f1	0.7	
lda_sepal	20	4	2	cal_intercept	-0.27075207313307886	
lda_sepal	20	4	2	cal_slope	1.0871244069303405	
lda_sepal	20	4	3	val_logloss	0.6325985336929085	
lda_sepal	20	4	3	val_auc	0.73	
lda_sepal	20	4	3	val_pr_auc	0.7367560217560216	
lda_sepal	20	4	3	val_accuracy	0.65	
lda_sepal	20	4	3	val_f1	0.6666666666666666	
lda_sepal	20	4	3	cal_intercept	0.021474884291324332	
lda_sepal	20	4	3	cal_slope	3.321952081534784	
lda_sepal	20	5	0	val_logloss	0.6229031097027713	
lda_sepal	20	5	0	val_auc	0.6499999999999999	
lda_sepal	20	5	0	val_pr_auc	0.749298245614035	
lda_sepal	20	5	0	val_accuracy	0.6	
lda_sepal	20	5	0	val_f1	0.6	
lda_sepal	20	5	0	cal_intercept	-0.2150028837278516	
lda_sepal	20	5	0	cal_slope	0.7962828519022943	
lda_sepal	20	5	1	val_logloss	0.5121270618576959	
lda_sepal	20	5	1	val_auc	0.79	
lda_sepal	20	5	1	val_pr_auc	0.7842957042957042	
lda_sepal	20	5	1	val_accuracy	0.65	
lda_sepal	20	5	1	val_f1	0.6666666666666666	
lda_sepal	20	5	1	cal_intercept	-0.0443338328786306	
lda_sepal	20	5	1	cal_slope	1.0045330693256627	
lda_sepal	20	5	2	val_logloss	0.7701747542894049	
lda_sepal	20	5	2	val_auc	0.64	
lda_sepal	20	5	2	val_pr_auc	0.7119796380090497	
lda_sepal	20	5	2	val_accuracy	0.65	
lda_sepal	20	5	2	val_f1	0.631578947368421	
lda_sepal	20	5	2	cal_intercept	0.07827640192972896	
lda_sepal	20	5	2	cal_slope	0.32535858535283685	
lda_sepal	20	5	3	val_logloss	0.6380988836093746	
lda_sepal	20	5	3	val_auc	0.696969696969697	
lda_sepal	20	5	3	val_pr_auc	0.5969535094535094	
lda_sepal	20	5	3	val_accuracy	0.65	
lda_sepal	20	5	3	val_f1	0.5882352941176471	
lda_sepal	20	5	3	cal_intercept	0.09567473978144361	
lda_sepal	20	5	3	cal_slope	0.6789793993521259	
lda_sepal	20	6	0	val_logloss	0.6531942416703209	
lda_sepal	20	6	0	val_auc	0.6919191919191918	
lda_sepal	20	6	0	val_pr_auc	0.7104126265890971	
lda_sepal	20	6	0	val_accuracy	0.55	
lda_sepal	20	6	0	val_f1	0.5714285714285714	
lda_sepal	20	6	0	cal_intercept	-0.6689365712996108	
lda_sepal	20	6	0	cal_slope	0.7547730871174847	
lda_sepal	20	6	1	val_logloss	0.48327564867563666	
lda_sepal	20	6	1	val_auc	0.86	
lda_sepal	20	6	1	val_pr_auc	0.8841337747220099	
lda_sepal	20	6	1	val_accuracy	0.85	
lda_sepal	20	6	1	val_f1	0.8571428571428571	
lda_sepal	20	6	1	cal_intercept	-0.12373982618265007	
lda_sepal	20	6	1	cal_slope	1.6563598132134496	
lda_sepal	20	6	2	val_logloss	0.6300233387867917	
lda_sepal	20	6	2	val_auc	0.77	
lda_sepal	20	6	2	val_pr_auc	0.7003310578310578	
lda_sepal	20	6	2	val_accuracy	0.6	
lda_sepal	20	6	2	val_f1	0.5	
lda_sepal	20	6	2	cal_intercept	0.525225883124762	
lda_sepal	20	6	2	cal_slope	1.3164113534474453	
lda_sepal	20	6	3	val_logloss	0.7383958704459075	
lda_sepal	20	6	3	val_auc	0.26	
lda_sepal	20	6	3	val_pr_auc	0.4745650672856555	
lda_sepal	20	6	3	val_accuracy	0.25	
lda_sepal	20	6	3	val_f1	0.21052631578947367	
lda_sepal	20	6	3	cal_intercept	0.07975304179690838	
lda_sepal	20	6	3	cal_slope	-1.3903778674579854	
lda_sepal	20	7	0	val_logloss	0.6541835781520401	
lda_sepal	20	7	0	val_auc	0.665	
lda_sepal	20	7	0	val_pr_auc	0.6554761904761904	
lda_sepal	20	7	0	val_accuracy	0.6	
lda_sepal	20	7	0	val_f1	0.5555555555555556	
lda_sepal	20	7	0	cal_intercept	0.16356128058194547	
lda_sepal	20	7	0	cal_slope	2.3778967031798275	
lda_sepal	20	7	1	val_logloss	0.8713298904844917	
lda_sepal	20	7	1	val_auc	0.575	
lda_sepal	20	7	1	val_pr_auc	0.6080734981392876	
lda_sepal	20	7	1	val_accuracy	0.55	
lda_sepal	20	7	1	val_f1	0.6086956521739131	
lda_sepal	20	7	1	cal_intercept	-0.1851874689150431	
lda_sepal	20	7	1	cal_slope	0.25810234234186413	
lda_sepal	20	7	2	val_logloss	0.5870474115089869	
lda_sepal	20	7	2	val_auc	0.795	
lda_sepal	20	7	2	val_pr_auc	0.8548231373889269	
lda_sepal	20	7	2	val_accuracy	0.7	
lda_sepal	20	7	2	val_f1	0.625	
lda_sepal	20	7	2	cal_intercept	0.3285102835434088	
lda_sepal	20	7	2	cal_slope	1.1103862899607648	
lda_sepal	20	7	3	val_logloss	0.6432968866665378	
lda_sepal	20	7	3	val_auc	0.7171717171717171	
lda_sepal	20	7	3	val_pr_auc	0.7426647426647428	
lda_sepal	20	7	3	val_accuracy	0.7	
lda_sepal	20	7	3	val_f1	0.7	
lda_sepal	20	7	3	cal_intercept	-0.27818152590346634	
lda_sepal	20	7	3	cal_slope	0.5762257214441155	
lda_sepal	20	8	0	val_logloss	0.7413397991327451	
lda_sepal	20	8	0	val_auc	0.5750000000000001	
lda_sepal	20	8	0	val_pr_auc	0.6618482905982906	
lda_sepal	20	8	0	val_accuracy	0.55	
lda_sepal	20	8	0	val_f1	0.5263157894736842	
lda_sepal	20	8	0	cal_intercept	0.09186373960605408	
lda_sepal	20	8	0	cal_slope	0.3259873266134674	
lda_sepal	20	8	1	val_logloss	0.535166772921309	
lda_sepal	20	8	1	val_auc	0.825	
lda_sepal	20	8	1	val_pr_auc	0.837121212121212	
lda_sepal	20	8	1	val_accuracy	0.75	
lda_sepal	20	8	1	val_f1	0.782608695652174	
lda_sepal	20	8	1	cal_intercept	-0.8721928956889573	
lda_sepal	20	8	1	cal_slope	2.0419169414685583	
lda_sepal	20	8	2	val_logloss	0.7068997102598672	
lda_sepal	20	8	2	val_auc	0.601010101010101	
lda_sepal	20	8	2	val_pr_auc	0.5454608744082428	
lda_sepal	20	8	2	val_accuracy	0.75	
lda_sepal	20	8	2	val_f1	0.7368421052631579	
lda_sepal	20	8	2	cal_intercept	-0.1918379222608154	
lda_sepal	20	8	2	cal_slope	0.11889120800719882	
lda_sepal	20	8	3	val_logloss	0.7976911039574066	
lda_sepal	20	8	3	val_auc	0.67	
lda_sepal	20	8	3	val_pr_auc	0.7133982683982683	
lda_sepal	20	8	3	val_accuracy	0.65	
lda_sepal	20	8	3	val_f1	0.6666666666666666	
lda_sepal	20	8	3	cal_intercept	-0.10034236617030523	
lda_sepal	20	8	3	cal_slope	0.31691273983739693	
lda_sepal	20	9	0	val_logloss	0.9427862570096511	
lda_sepal	20	9	0	val_auc	0.505	
lda_sepal	20	9	0	val_pr_auc	0.5770027195027195	
lda_sepal	20	9	0	val_accuracy	0.55	
lda_sepal	20	9	0	val_f1	0.6086956521739131	
lda_sepal	20	9	0	cal_intercept	-0.10891235987945831	
lda_sepal	20	9	0	cal_slope	0.16899069872060787	
lda_sepal	20	9	1	val_logloss	0.6255887715472541	
lda_sepal	20	9	1	val_auc	0.6799999999999999	
lda_sepal	20	9	1	val_pr_auc	0.7801633986928104	
lda_sepal	20	9	1	val_accuracy	0.6	
lda_sepal	20	9	1	val_f1	0.5555555555555556	
lda_sepal	20	9	1	cal_intercept	0.010806682978470105	
lda_sepal	20	9	1	cal_slope	0.5233997032730915	
lda_sepal	20	9	2	val_logloss	0.6582991678102964	
lda_sepal	20	9	2	val_auc	0.965	
lda_sepal	20	9	2	val_pr_auc	0.9669230769230769	
lda_sepal	20	9	2	val_accuracy	0.85	
lda_sepal	20	9	2	val_f1	0.8235294117647058	
lda_sepal	20	9	2	cal_intercept	3.600965495303211	
lda_sepal	20	9	2	cal_slope	56.155557618224194	
lda_sepal	20	9	3	val_logloss	0.8042434030615221	
lda_sepal	20	9	3	val_auc	0.7373737373737372	
lda_sepal	20	9	3	val_pr_auc	0.7095117845117844	
lda_sepal	20	9	3	val_accuracy	0.75	
lda_sepal	20	9	3	val_f1	0.7619047619047619	
lda_sepal	20	9	3	cal_intercept	-0.36694629380946414	
lda_sepal	20	9	3	cal_slope	0.34397813576974107	
lda_sepal	20	10	0	val_logloss	0.6895478250944087	
lda_sepal	20	10	0	val_auc	0.75	
lda_sepal	20	10	0	val_pr_auc	0.7547077922077922	
lda_sepal	20	10	0	val_accuracy	0.55	
lda_sepal	20	10	0	val_f1	0.47058823529411764	
lda_sepal	20	10	0	cal_intercept	0.34371147307753097	
lda_sepal	20	10	0	cal_slope	0.536892340950447	
lda_sepal	20	10	1	val_logloss	0.6167607491708106	
lda_sepal	20	10	1	val_auc	0.69	
lda_sepal	20	10	1	val_pr_auc	0.7434722222222222	
lda_sepal	20	10	1	val_accuracy	0.6	
lda_sepal	20	10	1	val_f1	0.6363636363636364	
lda_sepal	20	10	1	cal_intercept	-0.24342892071405162	
lda_sepal	20	10	1	cal_slope	0.9685883145096933	
lda_sepal	20	10	2	val_logloss	0.6798878331337883	
lda_sepal	20	10	2	val_auc	0.58	
lda_sepal	20	10	2	val_pr_auc	0.6876315789473684	
lda_sepal	20	10	2	val_accuracy	0.6	
lda_sepal	20	10	2	val_f1	0.6	
lda_sepal	20	10	2	cal_intercept	-0.11915208464673775	
lda_sepal	20	10	2	cal_slope	0.6046801605665008	
lda_sepal	20	10	3	val_logloss	0.6187625433497603	
lda_sepal	20	10	3	val_auc	0.7777777777777777	
lda_sepal	20	10	3	val_pr_auc	0.8349927849927852	
lda_sepal	20	10	3	val_accuracy	0.7	
lda_sepal	20	10	3	val_f1	0.6666666666666666	
lda_sepal	20	10	3	cal_intercept	-0.15583282307807644	
lda_sepal	20	10	3	cal_slope	3.6421705147953594	
lda_sepal	12	1	0	val_logloss	1.0214661404613647	
lda_sepal	12	1	0	val_auc	0.5353535353535354	
lda_sepal	12	1	0	val_pr_auc	0.5588044184535412	
lda_sepal	12	1	0	val_accuracy	0.6	
lda_sepal	12	1	0	val_f1	0.5555555555555556	
lda_sepal	12	1	0	cal_intercept	-0.11967493708557739	
lda_sepal	12	1	0	cal_slope	0.12603206565289204	
lda_sepal	12	1	1	val_logloss	0.7639205730044492	
lda_sepal	12	1	1	val_auc	0.72	
lda_sepal	12	1	1	val_pr_auc	0.7195526695526695	
lda_sepal	12	1	1	val_accuracy	0.7	
lda_sepal	12	1	1	val_f1	0.7	
lda_sepal	12	1	1	cal_intercept	0.0145125176961897	
lda_sepal	12	1	1	cal_slope	0.36171677769730487	
lda_sepal	12	1	2	val_logloss	0.8342372677272116	
lda_sepal	12	1	2	val_auc	0.415	
lda_sepal	12	1	2	val_pr_auc	0.5401490614648509	
lda_sepal	12	1	2	val_accuracy	0.45	
lda_sepal	12	1	2	val_f1	0.35294117647058826	
lda_sepal	12	1	2	cal_intercept	-0.061981403745767515	
lda_sepal	12	1	2	cal_slope	-0.17468605309748098	
lda_sepal	12	1	3	val_logloss	0.8385155529282319	
lda_sepal	12	1	3	val_auc	0.79	
lda_sepal	12	1	3	val_pr_auc	0.8333573289455641	
lda_sepal	12	1	3	val_accuracy	0.6	
lda_sepal	12	1	3	val_f1	0.6	
lda_sepal	12	1	3	cal_intercept	0.2613829594513954	
lda_sepal	12	1	3	cal_slope	0.3031062697374971	
lda_sepal	12	2	0	val_logloss	0.7348680652514421	
lda_sepal	12	2	0	val_auc	0.67	
lda_sepal	12	2	0	val_pr_auc	0.7264141414141414	
lda_sepal	12	2	0	val_accuracy	0.5	
lda_sepal	12	2	0	val_f1	0.6153846153846154	
lda_sepal	12	2	0	cal_intercept	-0.5971075621943286	
lda_sepal	12	2	0	cal_slope	0.5980770444351069	
lda_sepal	12	2	1	val_logloss	0.5551359523499696	
lda_sepal	12	2	1	val_auc	0.7626262626262625	
lda_sepal	12	2	1	val_pr_auc	0.7658341114223468	
lda_sepal	12	2	1	val_accuracy	0.7	
lda_sepal	12	2	1	val_f1	0.6666666666666666	
lda_sepal	12	2	1	cal_intercept	0.10530435024683395	
lda_sepal	12	2	1	cal_slope	0.9735008811243465	
lda_sepal	12	2	2	val_logloss	0.5662678985136721	
lda_sepal	12	2	2	val_auc	0.79	
lda_sepal	12	2	2	val_pr_auc	0.8353418803418803	
lda_sepal	12	2	2	val_accuracy	0.8	
lda_sepal	12	2	2	val_f1	0.8	
lda_sepal	12	2	2	cal_intercept	-0.09686278037065087	
lda_sepal	12	2	2	cal_slope	1.2643390945775723	
lda_sepal	12	2	3	val_logloss	0.6993781373285303	
lda_sepal	12	2	3	val_auc	0.485	
lda_sepal	12	2	3	val_pr_auc	0.577155388471178	
lda_sepal	12	2	3	val_accuracy	0.6	
lda_sepal	12	2	3	val_f1	0.5555555555555556	
lda_sepal	12	2	3	cal_intercept	0.023055581003583188	
lda_sepal	12	2	3	cal_slope	0.32225401619668126	
lda_sepal	12	3	0	val_logloss	0.6886581569876185	
lda_sepal	12	3	0	val_auc	0.635	
lda_sepal	12	3	0	val_pr_auc	0.5958946608946609	
lda_sepal	12	3	0	val_accuracy	0.55	
lda_sepal	12	3	0	val_f1	0.5263157894736842	
lda_sepal	12	3	0	cal_intercept	0.08032344653949607	
lda_sepal	12	3	0	cal_slope	0.5314829897196995	
lda_sepal	12	3	1	val_logloss	0.5940368272759835	
lda_sepal	12	3	1	val_auc	0.8200000000000001	
lda_sepal	12	3	1	val_pr_auc	0.8801315789473684	
lda_sepal	12	3	1	val_accuracy	0.75	
lda_sepal	12	3	1	val_f1	0.6666666666666666	
lda_sepal	12	3	1	cal_intercept	1.2626246310099338	
lda_sepal	12	3	1	cal_slope	2.5360545127468463	
lda_sepal	12	3	2	val_logloss	0.8528632184568326	
lda_sepal	12	3	2	val_auc	0.63	
lda_sepal	12	3	2	val_pr_auc	0.6820681605975722	
lda_sepal	12	3	2	val_accuracy	0.55	
lda_sepal	12	3	2	val_f1	0.5714285714285714	
lda_sepal	12	3	2	cal_intercept	-0.1986278090412895	
lda_sepal	12	3	2	cal_slope	0.26655195155257794	
lda_sepal	12	3	3	val_logloss	1.7090000568458106	
lda_sepal	12	3	3	val_auc	0.6666666666666667	
lda_sepal	12	3	3	val_pr_auc	0.6870370370370371	
lda_sepal	12	3	3	val_accuracy	0.5	
lda_sepal	12	3	3	val_f1	0.6153846153846154	
lda_sepal	12	3	3	cal_intercept	-0.7627590189494656	
lda_sepal	12	3	3	cal_slope	0.16156916411288164	
lda_sepal	12	4	0	val_logloss	1.063523419570262	
lda_sepal	12	4	0	val_auc	0.4343434343434343	
lda_sepal	12	4	0	val_pr_auc	0.5180245737521278	
lda_sepal	12	4	0	val_accuracy	0.45	
lda_sepal	12	4	0	val_f1	0.42105263157894735	
lda_sepal	12	4	0	cal_intercept	-0.2018466246802832	
lda_sepal	12	4	0	cal_slope	0.02119593936829136	
lda_sepal	12	4	1	val_logloss	0.905186428808934	
lda_sepal	12	4	1	val_auc	0.59	
lda_sepal	12	4	1	val_pr_auc	0.6654346092503987	
lda_sepal	12	4	1	val_accuracy	0.55	
lda_sepal	12	4	1	val_f1	0.4	
lda_sepal	12	4	1	cal_intercept	0.10688962081598746	
lda_sepal	12	4	1	cal_slope	0.19619292022839407	
lda_sepal	12	4	2	val_logloss	0.6441138317438453	
lda_sepal	12	4	2	val_auc	0.68	
lda_sepal	12	4	2	val_pr_auc	0.6682586367880485	
lda_sepal	12	4	2	val_accuracy	0.7	
lda_sepal	12	4	2	val_f1	0.7272727272727273	
lda_sepal	12	4	2	cal_intercept	-0.3616304287735538	
lda_sepal	12	4	2	cal_slope	1.2547607993106396	
lda_sepal	12	4	3	val_logloss	0.8503914687136327	
lda_sepal	12	4	3	val_auc	0.28	
lda_sepal	12	4	3	val_pr_auc	0.4318080174039926	
lda_sepal	12	4	3	val_accuracy	0.25	
lda_sepal	12	4	3	val_f1	0.4	
lda_sepal	12	4	3	cal_intercept	0.4846160830863506	
lda_sepal	12	4	3	cal_slope	-1.7137609067258575	
lda_sepal	12	5	0	val_logloss	0.6362282514271259	
lda_sepal	12	5	0	val_auc	0.6499999999999999	
lda_sepal	12	5	0	val_pr_auc	0.749298245614035	
lda_sepal	12	5	0	val_accuracy	0.65	
lda_sepal	12	5	0	val_f1	0.631578947368421	
lda_sepal	12	5	0	cal_intercept	0.008363098133695	
lda_sepal	12	5	0	cal_slope	0.5990405938295238	
lda_sepal	12	5	1	val_logloss	0.6853739334650341	
lda_sepal	12	5	1	val_auc	0.77	
lda_sepal	12	5	1	val_pr_auc	0.7823909423909423	
lda_sepal	12	5	1	val_accuracy	0.7	
lda_sepal	12	5	1	val_f1	0.7272727272727273	
lda_sepal	12	5	1	cal_intercept	-0.4024735342632544	
lda_sepal	12	5	1	cal_slope	0.44326766841203835	
lda_sepal	12	5	2	val_logloss	0.7289359876393708	
lda_sepal	12	5	2	val_auc	0.64	
lda_sepal	12	5	2	val_pr_auc	0.7119796380090497	
lda_sepal	12	5	2	val_accuracy	0.65	
lda_sepal	12	5	2	val_f1	0.631578947368421	
lda_sepal	12	5	2	cal_intercept	0.07155112223932471	
lda_sepal	12	5	2	cal_slope	0.38863937154751066	
lda_sepal	12	5	3	val_logloss	0.6007205382307943	
lda_sepal	12	5	3	val_auc	0.6868686868686869	
lda_sepal	12	5	3	val_pr_auc	0.5823472823472824	
lda_sepal	12	5	3	val_accuracy	0.75	
lda_sepal	12	5	3	val_f1	0.7619047619047619	
lda_sepal	12	5	3	cal_intercept	-0.27268729541175346	
lda_sepal	12	5	3	cal_slope	1.3529233475204085	
lda_sepal	12	6	0	val_logloss	0.580365717917165	
lda_sepal	12	6	0	val_auc	0.7929292929292928	
lda_sepal	12	6	0	val_pr_auc	0.7876984126984128	
lda_sepal	12	6	0	val_accuracy	0.7	
lda_sepal	12	6	0	val_f1	0.7	
lda_sepal	12	6	0	cal_intercept	-0.23598396639437338	
lda_sepal	12	6	0	cal_slope	2.317915944094421	
lda_sepal	12	6	1	val_logloss	0.48216636669106067	
lda_sepal	12	6	1	val_auc	0.8600000000000001	
lda_sepal	12	6	1	val_pr_auc	0.895151515151515	
lda_sepal	12	6	1	val_accuracy	0.8	
lda_sepal	12	6	1	val_f1	0.8	
lda_sepal	12	6	1	cal_intercept	0.03654331886387873	
lda_sepal	12	6	1	cal_slope	1.2370900894291617	
lda_sepal	12	6	2	val_logloss	0.6217348737396678	
lda_sepal	12	6	2	val_auc	0.78	
lda_sepal	12	6	2	val_pr_auc	0.7076037851037851	
lda_sepal	12	6	2	val_accuracy	0.65	
lda_sepal	12	6	2	val_f1	0.5882352941176471	
lda_sepal	12	6	2	cal_intercept	0.3907851987108459	
lda_sepal	12	6	2	cal_slope	1.1084242074805941	
lda_sepal	12	6	3	val_logloss	1.2603792618555238	
lda_sepal	12	6	3	val_auc	0.3	
lda_sepal	12	6	3	val_pr_auc	0.4343529724489476	
lda_sepal	12	6	3	val_accuracy	0.3	
lda_sepal	12	6	3	val_f1	0.4166666666666667	
lda_sepal	12	6	3	cal_intercept	0.3889518698696107	
lda_sepal	12	6	3	cal_slope	-0.5846200092358861	
lda_sepal	12	7	0	val_logloss	0.7017232471371473	
lda_sepal	12	7	0	val_auc	0.43499999999999994	
lda_sepal	12	7	0	val_pr_auc	0.49827094474153294	
lda_sepal	12	7	0	val_accuracy	0.45	
lda_sepal	12	7	0	val_f1	0.5217391304347826	
lda_sepal	12	7	0	cal_intercept	0.10112127542629168	
lda_sepal	12	7	0	cal_slope	-3.3193844739829634	
lda_sepal	12	7	1	val_logloss	0.749159402081058	
lda_sepal	12	7	1	val_auc	0.575	
lda_sepal	12	7	1	val_pr_auc	0.6101388888888888	
lda_sepal	12	7	1	val_accuracy	0.6	
lda_sepal	12	7	1	val_f1	0.6363636363636364	
lda_sepal	12	7	1	cal_intercept	-0.10971318725754638	
lda_sepal	12	7	1	cal_slope	0.33733401675296476	
lda_sepal	12	7	2	val_logloss	0.6762265545831968	
lda_sepal	12	7	2	val_auc	0.565	
lda_sepal	12	7	2	val_pr_auc	0.5928134284016637	
lda_sepal	12	7	2	val_accuracy	0.55	
lda_sepal	12	7	2	val_f1	0.5714285714285714	
lda_sepal	12	7	2	cal_intercept	0.041272219208981754	
lda_sepal	12	7	2	cal_slope	0.5703905102052206	
lda_sepal	12	7	3	val_logloss	0.6861631343946838	
lda_sepal	12	7	3	val_auc	0.6565656565656566	
lda_sepal	12	7	3	val_pr_auc	0.7008466899075774	
lda_sepal	12	7	3	val_accuracy	0.6	
lda_sepal	12	7	3	val_f1	0.5	
lda_sepal	12	7	3	cal_intercept	-0.17941024248538742	
lda_sepal	12	7	3	cal_slope	0.486587883448232	
lda_sepal	12	8	0	val_logloss	0.8295887231494319	
lda_sepal	12	8	0	val_auc	0.45500000000000007	
lda_sepal	12	8	0	val_pr_auc	0.4965998329156224	
lda_sepal	12	8	0	val_accuracy	0.45	
lda_sepal	12	8	0	val_f1	0.47619047619047616	
lda_sepal	12	8	0	cal_intercept	0.01403708653024955	
lda_sepal	12	8	0	cal_slope	-0.1334653865321923	
lda_sepal	12	8	1	val_logloss	0.5523966148788845	
lda_sepal	12	8	1	val_auc	0.825	
lda_sepal	12	8	1	val_pr_auc	0.837121212121212	
lda_sepal	12	8	1	val_accuracy	0.8	
lda_sepal	12	8	1	val_f1	0.8181818181818182	
lda_sepal	12	8	1	cal_intercept	-0.690975168685928	
lda_sepal	12	8	1	cal_slope	2.856657325241157	
lda_sepal	12	8	2	val_logloss	0.8859219824185575	
lda_sepal	12	8	2	val_auc	0.30808080808080807	
lda_sepal	12	8	2	val_pr_auc	0.38379692107762287	
lda_sepal	12	8	2	val_accuracy	0.45	
lda_sepal	12	8	2	val_f1	0.26666666666666666	
lda_sepal	12	8	2	cal_intercept	-0.7144985589105387	
lda_sepal	12	8	2	cal_slope	-1.2553916456439207	
lda_sepal	12	8	3	val_logloss	0.6741994599635178	
lda_sepal	12	8	3	val_auc	0.7000000000000001	
lda_sepal	12	8	3	val_pr_auc	0.7368939393939393	
lda_sepal	12	8	3	val_accuracy	0.7	
lda_sepal	12	8	3	val_f1	0.7	
lda_sepal	12	8	3	cal_intercept	-0.01014624540823201	
lda_sepal	12	8	3	cal_slope	0.5048883304344006	
lda_sepal	12	9	0	val_logloss	0.9304583302098832	
lda_sepal	12	9	0	val_auc	0.505	
lda_sepal	12	9	0	val_pr_auc	0.578343225402049	
lda_sepal	12	9	0	val_accuracy	0.55	
lda_sepal	12	9	0	val_f1	0.6086956521739131	
lda_sepal	12	9	0	cal_intercept	-0.11648728084111162	
lda_sepal	12	9	0	cal_slope	0.17120990739992867	
lda_sepal	12	9	1	val_logloss	0.6182303700642475	
lda_sepal	12	9	1	val_auc	0.67	
lda_sepal	12	9	1	val_pr_auc	0.7613510101010101	
lda_sepal	12	9	1	val_accuracy	0.7	
lda_sepal	12	9	1	val_f1	0.625	
lda_sepal	12	9	1	cal_intercept	0.28784734308541554	
lda_sepal	12	9	1	cal_slope	0.743903509399689	
lda_sepal	12	9	2	val_logloss	0.5517773685997762	
lda_sepal	12	9	2	val_auc	0.925	
lda_sepal	12	9	2	val_pr_auc	0.9488235294117647	
lda_sepal	12	9	2	val_accuracy	0.9	
lda_sepal	12	9	2	val_f1	0.8888888888888888	
lda_sepal	12	9	2	cal_intercept	0.6699821441607778	
lda_sepal	12	9	2	cal_slope	7.746511004266132	
lda_sepal	12	9	3	val_logloss	0.8745950047363843	
lda_sepal	12	9	3	val_auc	0.6767676767676768	
lda_sepal	12	9	3	val_pr_auc	0.6846828609986506	
lda_sepal	12	9	3	val_accuracy	0.55	
lda_sepal	12	9	3	val_f1	0.5714285714285714	
lda_sepal	12	9	3	cal_intercept	-0.38355728829110947	
lda_sepal	12	9	3	cal_slope	0.2979377361744776	
lda_sepal	12	10	0	val_logloss	0.6400651338112306	
lda_sepal	12	10	0	val_auc	0.75	
lda_sepal	12	10	0	val_pr_auc	0.7499458874458875	
lda_sepal	12	10	0	val_accuracy	0.65	
lda_sepal	12	10	0	val_f1	0.631578947368421	
lda_sepal	12	10	0	cal_intercept	0.07274189146333429	
lda_sepal	12	10	0	cal_slope	0.5609750806353281	
lda_sepal	12	10	1	val_logloss	0.6455392019893008	
lda_sepal	12	10	1	val_auc	0.7000000000000001	
lda_sepal	12	10	1	val_pr_auc	0.747281746031746	
lda_sepal	12	10	1	val_accuracy	0.6	
lda_sepal	12	10	1	val_f1	0.6923076923076923	
lda_sepal	12	10	1	cal_intercept	-0.4652507049091403	
lda_sepal	12	10	1	cal_slope	0.8155494888837574	
lda_sepal	12	10	2	val_logloss	0.6279045685111402	
lda_sepal	12	10	2	val_auc	0.75	
lda_sepal	12	10	2	val_pr_auc	0.7581596099978453	
lda_sepal	12	10	2	val_accuracy	0.75	
lda_sepal	12	10	2	val_f1	0.7368421052631579	
lda_sepal	12	10	2	cal_intercept	0.11471784987711811	
lda_sepal	12	10	2	cal_slope	0.6055667367517034	
lda_sepal	12	10	3	val_logloss	0.6241126090142168	
lda_sepal	12	10	3	val_auc	0.8686868686868687	
lda_sepal	12	10	3	val_pr_auc	0.8779541446208114	
lda_sepal	12	10	3	val_accuracy	0.8	
lda_sepal	12	10	3	val_f1	0.7777777777777778	
lda_sepal	12	10	3	cal_intercept	-0.5064488871243454	
lda_sepal	12	10	3	cal_slope	7.391250416456126	
lda_sepal	8	1	0	val_logloss	0.948346297848642	
lda_sepal	8	1	0	val_auc	0.5454545454545454	
lda_sepal	8	1	0	val_pr_auc	0.5015043054258741	
lda_sepal	8	1	0	val_accuracy	0.6	
lda_sepal	8	1	0	val_f1	0.5555555555555556	
lda_sepal	8	1	0	cal_intercept	-0.05869888285725445	
lda_sepal	8	1	0	cal_slope	0.16818477707859716	
lda_sepal	8	1	1	val_logloss	1.065608764369819	
lda_sepal	8	1	1	val_auc	0.72	
lda_sepal	8	1	1	val_pr_auc	0.7195526695526695	
lda_sepal	8	1	1	val_accuracy	0.7	
lda_sepal	8	1	1	val_f1	0.6666666666666666	
lda_sepal	8	1	1	cal_intercept	0.22429049061752476	
lda_sepal	8	1	1	cal_slope	0.22585600938095618	
lda_sepal	8	1	2	val_logloss	0.6503514960255583	
lda_sepal	8	1	2	val_auc	0.725	
lda_sepal	8	1	2	val_pr_auc	0.7470970206264324	
lda_sepal	8	1	2	val_accuracy	0.6	
lda_sepal	8	1	2	val_f1	0.3333333333333333	
lda_sepal	8	1	2	cal_intercept	0.5517613641925527	
lda_sepal	8	1	2	cal_slope	1.1875048829654185	
lda_sepal	8	1	3	val_logloss	0.7160585618536951	
lda_sepal	8	1	3	val_auc	0.79	
lda_sepal	8	1	3	val_pr_auc	0.8333573289455641	
lda_sepal	8	1	3	val_accuracy	0.6	
lda_sepal	8	1	3	val_f1	0.6	
lda_sepal	8	1	3	cal_intercept	0.22033101901991475	
lda_sepal	8	1	3	cal_slope	0.38457402062095325	
lda_sepal	8	2	0	val_logloss	1.6290321104254655	
lda_sepal	8	2	0	val_auc	0.67	
lda_sepal	8	2	0	val_pr_auc	0.6736552173316879	
lda_sepal	8	2	0	val_accuracy	0.55	
lda_sepal	8	2	0	val_f1	0.64	
lda_sepal	8	2	0	cal_intercept	-0.6686347237156529	
lda_sepal	8	2	0	cal_slope	0.19805277754102188	
lda_sepal	8	2	1	val_logloss	1.122623357877183	
lda_sepal	8	2	1	val_auc	0.7222222222222222	
lda_sepal	8	2	1	val_pr_auc	0.7464674758792407	
lda_sepal	8	2	1	val_accuracy	0.75	
lda_sepal	8	2	1	val_f1	0.7368421052631579	
lda_sepal	8	2	1	cal_intercept	-0.1885173427492546	
lda_sepal	8	2	1	cal_slope	0.20345424093986325	
lda_sepal	8	2	2	val_logloss	0.6926869682972423	
lda_sepal	8	2	2	val_auc	0.76	
lda_sepal	8	2	2	val_pr_auc	0.8061111111111111	
lda_sepal	8	2	2	val_accuracy	0.8	
lda_sepal	8	2	2	val_f1	0.8	
lda_sepal	8	2	2	cal_intercept	-0.1886939872111132	
lda_sepal	8	2	2	cal_slope	0.42701943766147216	
lda_sepal	8	2	3	val_logloss	0.7175647887660521	
lda_sepal	8	2	3	val_auc	0.585	
lda_sepal	8	2	3	val_pr_auc	0.5601925770308124	
lda_sepal	8	2	3	val_accuracy	0.55	
lda_sepal	8	2	3	val_f1	0.47058823529411764	
lda_sepal	8	2	3	cal_intercept	0.14997040538630216	
lda_sepal	8	2	3	cal_slope	0.41256145434855723	
lda_sepal	8	3	0	val_logloss	0.679130001195581	
lda_sepal	8	3	0	val_auc	0.635	
lda_sepal	8	3	0	val_pr_auc	0.5843162393162393	
lda_sepal	8	3	0	val_accuracy	0.55	
lda_sepal	8	3	0	val_f1	0.5263157894736842	
lda_sepal	8	3	0	cal_intercept	0.14796640316178042	
lda_sepal	8	3	0	cal_slope	0.6925036558248441	
lda_sepal	8	3	1	val_logloss	0.5782735382537684	
lda_sepal	8	3	1	val_auc	0.8700000000000001	
lda_sepal	8	3	1	val_pr_auc	0.9165204678362572	
lda_sepal	8	3	1	val_accuracy	0.75	
lda_sepal	8	3	1	val_f1	0.6666666666666666	
lda_sepal	8	3	1	cal_intercept	1.5486386767757734	
lda_sepal	8	3	1	cal_slope	3.6565894052657426	
lda_sepal	8	3	2	val_logloss	2.0441306079035884	
lda_sepal	8	3	2	val_auc	0.8	
lda_sepal	8	3	2	val_pr_auc	0.8108974358974358	
lda_sepal	8	3	2	val_accuracy	0.75	
lda_sepal	8	3	2	val_f1	0.782608695652174	
lda_sepal	8	3	2	cal_intercept	-0.94893486544846	
lda_sepal	8	3	2	cal_slope	0.17203904228179345	
lda_sepal	8	3	3	val_logloss	1.2345538141499839	
lda_sepal	8	3	3	val_auc	0.6666666666666666	
lda_sepal	8	3	3	val_pr_auc	0.6911764705882353	
lda_sepal	8	3	3	val_accuracy	0.45	
lda_sepal	8	3	3	val_f1	0.56	
lda_sepal	8	3	3	cal_intercept	-0.7923101660998346	
lda_sepal	8	3	3	cal_slope	0.24730253334018523	
lda_sepal	8	4	0	val_logloss	0.8295193976785274	
lda_sepal	8	4	0	val_auc	0.4343434343434343	
lda_sepal	8	4	0	val_pr_auc	0.5180245737521278	
lda_sepal	8	4	0	val_accuracy	0.4	
lda_sepal	8	4	0	val_f1	0.4	
lda_sepal	8	4	0	cal_intercept	-0.20504183139232204	
lda_sepal	8	4	0	cal_slope	0.03179367919642923	
lda_sepal	8	4	1	val_logloss	0.601997300342586	
lda_sepal	8	4	1	val_auc	0.78	
lda_sepal	8	4	1	val_pr_auc	0.8089332399626517	
lda_sepal	8	4	1	val_accuracy	0.75	
lda_sepal	8	4	1	val_f1	0.7058823529411765	
lda_sepal	8	4	1	cal_intercept	0.2332627243592892	
lda_sepal	8	4	1	cal_slope	0.6997338300241164	
lda_sepal	8	4	2	val_logloss	0.6785771666994254	
lda_sepal	8	4	2	val_auc	0.6699999999999999	
lda_sepal	8	4	2	val_pr_auc	0.6459859095153213	
lda_sepal	8	4	2	val_accuracy	0.7	
lda_sepal	8	4	2	val_f1	0.7	
lda_sepal	8	4	2	cal_intercept	0.003936707506360293	
lda_sepal	8	4	2	cal_slope	1.7333977135393344	
lda_sepal	8	4	3	val_logloss	0.626206290266581	
lda_sepal	8	4	3	val_auc	0.73	
lda_sepal	8	4	3	val_pr_auc	0.7367560217560216	
lda_sepal	8	4	3	val_accuracy	0.5	
lda_sepal	8	4	3	val_f1	0.4444444444444444	
lda_sepal	8	4	3	cal_intercept	0.3002082610655514	
lda_sepal	8	4	3	cal_slope	2.7733809980090767	
lda_sepal	8	5	0	val_logloss	0.6209527038008087	
lda_sepal	8	5	0	val_auc	0.68	
lda_sepal	8	5	0	val_pr_auc	0.7641791979949875	
lda_sepal	8	5	0	val_accuracy	0.7	
lda_sepal	8	5	0	val_f1	0.625	
lda_sepal	8	5	0	cal_intercept	0.44441510941136064	
lda_sepal	8	5	0	cal_slope	2.200771435333841	
lda_sepal	8	5	1	val_logloss	1.2649173767805422	
lda_sepal	8	5	1	val_auc	0.71	
lda_sepal	8	5	1	val_pr_auc	0.7393109668109668	
lda_sepal	8	5	1	val_accuracy	0.7	
lda_sepal	8	5	1	val_f1	0.7272727272727273	
lda_sepal	8	5	1	cal_intercept	-0.4108027021704382	
lda_sepal	8	5	1	cal_slope	0.19480366060564236	
lda_sepal	8	5	2	val_logloss	0.7285861892668317	
lda_sepal	8	5	2	val_auc	0.64	
lda_sepal	8	5	2	val_pr_auc	0.7119796380090497	
lda_sepal	8	5	2	val_accuracy	0.6	
lda_sepal	8	5	2	val_f1	0.6	
lda_sepal	8	5	2	cal_intercept	-0.05976611330000094	
lda_sepal	8	5	2	cal_slope	0.38711249815482407	
lda_sepal	8	5	3	val_logloss	0.6419224993980694	
lda_sepal	8	5	3	val_auc	0.6767676767676768	
lda_sepal	8	5	3	val_pr_auc	0.5586980920314253	
lda_sepal	8	5	3	val_accuracy	0.7	
lda_sepal	8	5	3	val_f1	0.7272727272727273	
lda_sepal	8	5	3	cal_intercept	-0.8919784682965388	
lda_sepal	8	5	3	cal_slope	1.9095325872732927	
lda_sepal	8	6	0	val_logloss	0.5311280687304979	
lda_sepal	8	6	0	val_auc	0.792929292929293	
lda_sepal	8	6	0	val_pr_auc	0.7938552188552188	
lda_sepal	8	6	0	val_accuracy	0.75	
lda_sepal	8	6	0	val_f1	0.7058823529411765	
lda_sepal	8	6	0	cal_intercept	0.04070179815156772	
lda_sepal	8	6	0	cal_slope	0.8889484200985782	
lda_sepal	8	6	1	val_logloss	0.5717406182926211	
lda_sepal	8	6	1	val_auc	0.8200000000000001	
lda_sepal	8	6	1	val_pr_auc	0.8609920634920634	
lda_sepal	8	6	1	val_accuracy	0.7	
lda_sepal	8	6	1	val_f1	0.7272727272727273	
lda_sepal	8	6	1	cal_intercept	0.08943061788606843	
lda_sepal	8	6	1	cal_slope	1.2217843719111734	
lda_sepal	8	6	2	val_logloss	0.6295505660582561	
lda_sepal	8	6	2	val_auc	0.78	
lda_sepal	8	6	2	val_pr_auc	0.6984371184371184	
lda_sepal	8	6	2	val_accuracy	0.65	
lda_sepal	8	6	2	val_f1	0.5882352941176471	
lda_sepal	8	6	2	cal_intercept	0.5021885549089106	
lda_sepal	8	6	2	cal_slope	1.6478676788536568	
lda_sepal	8	6	3	val_logloss	0.8285375081991164	
lda_sepal	8	6	3	val_auc	0.30000000000000004	
lda_sepal	8	6	3	val_pr_auc	0.44324518317939365	
lda_sepal	8	6	3	val_accuracy	0.3	
lda_sepal	8	6	3	val_f1	0.4166666666666667	
lda_sepal	8	6	3	cal_intercept	0.39093925949649144	
lda_sepal	8	6	3	cal_slope	-1.6597360021410519	
lda_sepal	8	7	0	val_logloss	0.7700194568170884	
lda_sepal	8	7	0	val_auc	0.345	
lda_sepal	8	7	0	val_pr_auc	0.43423655292076346	
lda_sepal	8	7	0	val_accuracy	0.4	
lda_sepal	8	7	0	val_f1	0.4	
lda_sepal	8	7	0	cal_intercept	-0.13778931673733064	
lda_sepal	8	7	0	cal_slope	-2.0445849258677677	
lda_sepal	8	7	1	val_logloss	0.7042301152274862	
lda_sepal	8	7	1	val_auc	0.605	
lda_sepal	8	7	1	val_pr_auc	0.6281403318903319	
lda_sepal	8	7	1	val_accuracy	0.6	
lda_sepal	8	7	1	val_f1	0.6363636363636364	
lda_sepal	8	7	1	cal_intercept	-0.22364188949003638	
lda_sepal	8	7	1	cal_slope	0.504108543113808	
lda_sepal	8	7	2	val_logloss	0.636804283656668	
lda_sepal	8	7	2	val_auc	0.775	
lda_sepal	8	7	2	val_pr_auc	0.8303588516746411	
lda_sepal	8	7	2	val_accuracy	0.7	
lda_sepal	8	7	2	val_f1	0.7	
lda_sepal	8	7	2	cal_intercept	0.2695723478907238	
lda_sepal	8	7	2	cal_slope	3.331585975496285	
lda_sepal	8	7	3	val_logloss	0.6654746225560548	
lda_sepal	8	7	3	val_auc	0.7171717171717171	
lda_sepal	8	7	3	val_pr_auc	0.7426647426647428	
lda_sepal	8	7	3	val_accuracy	0.7	
lda_sepal	8	7	3	val_f1	0.7	
lda_sepal	8	7	3	cal_intercept	-0.4236213888302316	
lda_sepal	8	7	3	cal_slope	0.5711935972083642	
lda_sepal	8	8	0	val_logloss	0.7438619614101017	
lda_sepal	8	8	0	val_auc	0.725	
lda_sepal	8	8	0	val_pr_auc	0.736204481792717	
lda_sepal	8	8	0	val_accuracy	0.6	
lda_sepal	8	8	0	val_f1	0.5555555555555556	
lda_sepal	8	8	0	cal_intercept	0.10830980387093625	
lda_sepal	8	8	0	cal_slope	0.37428909553119666	
lda_sepal	8	8	1	val_logloss	0.6459665116440723	
lda_sepal	8	8	1	val_auc	0.675	
lda_sepal	8	8	1	val_pr_auc	0.6810839598997493	
lda_sepal	8	8	1	val_accuracy	0.55	
lda_sepal	8	8	1	val_f1	0.5263157894736842	
lda_sepal	8	8	1	cal_intercept	0.2523147644708093	
lda_sepal	8	8	1	cal_slope	0.9076536435274641	
lda_sepal	8	8	2	val_logloss	0.7830694971298265	
lda_sepal	8	8	2	val_auc	0.28787878787878785	
lda_sepal	8	8	2	val_pr_auc	0.3736117358924377	
lda_sepal	8	8	2	val_accuracy	0.4	
lda_sepal	8	8	2	val_f1	0.25	
lda_sepal	8	8	2	cal_intercept	-0.6894085731755857	
lda_sepal	8	8	2	cal_slope	-2.7572292118414454	
lda_sepal	8	8	3	val_logloss	2.1754289532992157	
lda_sepal	8	8	3	val_auc	0.7000000000000001	
lda_sepal	8	8	3	val_pr_auc	0.7368939393939393	
lda_sepal	8	8	3	val_accuracy	0.7	
lda_sepal	8	8	3	val_f1	0.7	
lda_sepal	8	8	3	cal_intercept	-0.1364646429835104	
lda_sepal	8	8	3	cal_slope	0.08728367631600534	
lda_sepal	8	9	0	val_logloss	3.968841969268977	
lda_sepal	8	9	0	val_auc	0.495	
lda_sepal	8	9	0	val_pr_auc	0.5726592851592851	
lda_sepal	8	9	0	val_accuracy	0.55	
lda_sepal	8	9	0	val_f1	0.6086956521739131	
lda_sepal	8	9	0	cal_intercept	-0.08236602411804575	
lda_sepal	8	9	0	cal_slope	0.018508261002691696	
lda_sepal	8	9	1	val_logloss	1.4174164127944628	
lda_sepal	8	9	1	val_auc	0.67	
lda_sepal	8	9	1	val_pr_auc	0.7613510101010101	
lda_sepal	8	9	1	val_accuracy	0.6	
lda_sepal	8	9	1	val_f1	0.5555555555555556	
lda_sepal	8	9	1	cal_intercept	0.19617314630895963	
lda_sepal	8	9	1	cal_slope	0.1528717912514738	
lda_sepal	8	9	2	val_logloss	0.747137835202294	
lda_sepal	8	9	2	val_auc	0.175	
lda_sepal	8	9	2	val_pr_auc	0.37763219322816843	
lda_sepal	8	9	2	val_accuracy	0.2	
lda_sepal	8	9	2	val_f1	0.3333333333333333	
lda_sepal	8	9	2	cal_intercept	0.8534642574699535	
lda_sepal	8	9	2	cal_slope	-9.587734281397577	
lda_sepal	8	9	3	val_logloss	0.7338487431980567	
lda_sepal	8	9	3	val_auc	0.6868686868686869	
lda_sepal	8	9	3	val_pr_auc	0.6394179894179896	
lda_sepal	8	9	3	val_accuracy	0.65	
lda_sepal	8	9	3	val_f1	0.631578947368421	
lda_sepal	8	9	3	cal_intercept	-0.2468992092204099	
lda_sepal	8	9	3	cal_slope	0.3992012551969823	
lda_sepal	8	10	0	val_logloss	0.6394165349615892	
lda_sepal	8	10	0	val_auc	0.72	
lda_sepal	8	10	0	val_pr_auc	0.741969696969697	
lda_sepal	8	10	0	val_accuracy	0.55	
lda_sepal	8	10	0	val_f1	0.47058823529411764	
lda_sepal	8	10	0	cal_intercept	0.3394100657310507	
lda_sepal	8	10	0	cal_slope	0.8781529501717974	
lda_sepal	8	10	1	val_logloss	0.718873193161581	
lda_sepal	8	10	1	val_auc	0.68	
lda_sepal	8	10	1	val_pr_auc	0.7041756854256853	
lda_sepal	8	10	1	val_accuracy	0.7	
lda_sepal	8	10	1	val_f1	0.7272727272727273	
lda_sepal	8	10	1	cal_intercept	-0.3553428053886383	
lda_sepal	8	10	1	cal_slope	0.4620878666322298	
lda_sepal	8	10	2	val_logloss	0.8805574679734415	
lda_sepal	8	10	2	val_auc	0.71	
lda_sepal	8	10	2	val_pr_auc	0.7289479882862235	
lda_sepal	8	10	2	val_accuracy	0.55	
lda_sepal	8	10	2	val_f1	0.6086956521739131	
lda_sepal	8	10	2	cal_intercept	-0.3420447119446903	
lda_sepal	8	10	2	cal_slope	0.2987620976085854	
lda_sepal	8	10	3	val_logloss	0.44455029538385793	
lda_sepal	8	10	3	val_auc	0.8686868686868687	
lda_sepal	8	10	3	val_pr_auc	0.8779541446208114	
lda_sepal	8	10	3	val_accuracy	0.8	
lda_sepal	8	10	3	val_f1	0.7777777777777778	
lda_sepal	8	10	3	cal_intercept	-0.40972941636350285	
lda_sepal	8	10	3	cal_slope	1.175045760031156	
