trial	params_json	primary_metric	wall_seconds	status	error
1	{"family":"lda_shrinkage","fold":0,"repeat":1,"rung":60}	0.047681	0.007	ok	
2	{"family":"lda_shrinkage","fold":1,"repeat":1,"rung":60}	0.015279	0.004	ok	
3	{"family":"lda_shrinkage","fold":2,"repeat":1,"rung":60}	0.027729	0.004	ok	
4	{"family":"lda_shrinkage","fold":3,"repeat":1,"rung":60}	0.010749	0.004	ok	
5	{"family":"lda_shrinkage","fold":0,"repeat":2,"rung":60}	0.071849	0.004	ok	
6	{"family":"lda_shrinkage","fold":1,"repeat":2,"rung":60}	0.008011	0.003	ok	
7	{"family":"lda_shrinkage","fold":2,"repeat":2,"rung":60}	0.061379	0.004	ok	
8	{"family":"lda_shrinkage","fold":3,"repeat":2,"rung":60}	0.003067	0.003	ok	
9	{"family":"lda_shrinkage","fold":0,"repeat":3,"rung":60}	0.003321	0.003	ok	
10	{"family":"lda_shrinkage","fold":1,"repeat":3,"rung":60}	0.039177	0.003	ok	
11	{"family":"lda_shrinkage","fold":2,"repeat":3,"rung":60}	0.041765	0.003	ok	
12	{"family":"lda_shrinkage","fold":3,"repeat":3,"rung":60}	0.041668	0.004	ok	
13	{"family":"lda_shrinkage","fold":0,"repeat":4,"rung":60}	0.032259	0.003	ok	
14	{"family":"lda_shrinkage","fold":1,"repeat":4,"rung":60}	0.009968	0.003	ok	
15	{"family":"lda_shrinkage","fold":2,"repeat":4,"rung":60}	0.040804	0.003	ok	
16	{"family":"lda_shrinkage","fold":3,"repeat":4,"rung":60}	0.019190	0.003	ok	
17	{"family":"lda_shrinkage","fold":0,"repeat":5,"rung":60}	0.001208	0.003	ok	
18	{"family":"lda_shrinkage","fold":1,"repeat":5,"rung":60}	0.039495	0.003	ok	
19	{"family":"lda_shrinkage","fold":2,"repeat":5,"rung":60}	0.052566	0.003	ok	
20	{"family":"lda_shrinkage","fold":3,"repeat":5,"rung":60}	0.037485	0.003	ok	
21	{"family":"lda_shrinkage","fold":0,"repeat":6,"rung":60}	0.006724	0.003	ok	
22	{"family":"lda_shrinkage","fold":1,"repeat":6,"rung":60}	0.062981	0.003	ok	
23	{"family":"lda_shrinkage","fold":2,"repeat":6,"rung":60}	0.004550	0.003	ok	
24	{"family":"lda_shrinkage","fold":3,"repeat":6,"rung":60}	0.045836	0.003	ok	
25	{"family":"lda_shrinkage","fold":0,"repeat":7,"rung":60}	0.045246	0.004	ok	
26	{"family":"lda_shrinkage","fold":1,"repeat":7,"rung":60}	0.028128	0.003	ok	
27	{"family":"lda_shrinkage","fold":2,"repeat":7,"rung":60}	0.021247	0.004	ok	
28	{"family":"lda_shrinkage","fold":3,"repeat":7,"rung":60}	0.018379	0.004	ok	
29	{"family":"lda_shrinkage","fold":0,"repeat":8,"rung":60}	0.004917	0.003	ok	
30	{"family":"lda_shrinkage","fold":1,"repeat":8,"rung":60}	0.019288	0.004	ok	
31	{"family":"lda_shrinkage","fold":2,"repeat":8,"rung":60}	0.038417	0.004	ok	
32	{"family":"lda_shrinkage","fold":3,"repeat":8,"rung":60}	0.023389	0.004	ok	
33	{"family":"lda_shrinkage","fold":0,"repeat":9,"rung":60}	0.012523	0.004	ok	
34	{"family":"lda_shrinkage","fold":1,"repeat":9,"rung":60}	0.059429	0.004	ok	
35	{"family":"lda_shrinkage","fold":2,"repeat":9,"rung":60}	0.049010	0.003	ok	
36	{"family":"lda_shrinkage","fold":3,"repeat":9,"rung":60}	0.001376	0.003	ok	
37	{"family":"lda_shrinkage","fold":0,"repeat":10,"rung":60}	0.007872	0.004	ok	
38	{"family":"lda_shrinkage","fold":1,"repeat":10,"rung":60}	0.001938	0.003	ok	
39	{"family":"lda_shrinkage","fold":2,"repeat":10,"rung":60}	0.021541	0.003	ok	
40	{"family":"lda_shrinkage","fold":3,"repeat":10,"rung":60}	0.085276	0.004	ok	
41	{"family":"lda_shrinkage","fold":0,"repeat":1,"rung":45}	0.039265	0.003	ok	
42	{"family":"lda_shrinkage","fold":1,"repeat":1,"rung":45}	0.018160	0.003	ok	
43	{"family":"lda_shrinkage","fold":2,"repeat":1,"rung":45}	0.026578	0.003	ok	
44	{"family":"lda_shrinkage","fold":3,"repeat":1,"rung":45}	0.017463	0.003	ok	
45	{"family":"lda_shrinkage","fold":0,"repeat":2,"rung":45}	0.076223	0.003	ok	
46	{"family":"lda_shrinkage","fold":1,"repeat":2,"rung":45}	0.008575	0.003	ok	
47	{"family":"lda_shrinkage","fold":2,"repeat":2,"rung":45}	0.021518	0.003	ok	
48	{"family":"lda_shrinkage","fold":3,"repeat":2,"rung":45}	0.002378	0.003	ok	
49	{"family":"lda_shrinkage","fold":0,"repeat":3,"rung":45}	0.003099	0.003	ok	
50	{"family":"lda_shrinkage","fold":1,"repeat":3,"rung":45}	0.047071	0.003	ok	
51	{"family":"lda_shrinkage","fold":2,"repeat":3,"rung":45}	0.038978	0.003	ok	
52	{"family":"lda_shrinkage","fold":3,"repeat":3,"rung":45}	0.049797	0.003	ok	
53	{"family":"lda_shrinkage","fold":0,"repeat":4,"rung":45}	0.040422	0.005	ok	
54	{"family":"lda_shrinkage","fold":1,"repeat":4,"rung":45}	0.024412	0.003	ok	
55	{"family":"lda_shrinkage","fold":2,"repeat":4,"rung":45}	0.035109	0.003	ok	
56	{"family":"lda_shrinkage","fold":3,"repeat":4,"rung":45}	0.031410	0.003	ok	
57	{"family":"lda_shrinkage","fold":0,"repeat":5,"rung":45}	0.003700	0.003	ok	
58	{"family":"lda_shrinkage","fold":1,"repeat":5,"rung":45}	0.023744	0.003	ok	
59	{"family":"lda_shrinkage","fold":2,"repeat":5,"rung":45}	0.043067	0.003	ok	
60	{"family":"lda_shrinkage","fold":3,"repeat":5,"rung":45}	0.038679	0.004	ok	
61	{"family":"lda_shrinkage","fold":0,"repeat":6,"rung":45}	0.010808	0.003	ok	
62	{"family":"lda_shrinkage","fold":1,"repeat":6,"rung":45}	0.065431	0.003	ok	
63	{"family":"lda_shrinkage","fold":2,"repeat":6,"rung":45}	0.005165	0.003	ok	
64	{"family":"lda_shrinkage","fold":3,"repeat":6,"rung":45}	0.056930	0.003	ok	
65	{"family":"lda_shrinkage","fold":0,"repeat":7,"rung":45}	0.039954	0.004	ok	
66	{"family":"lda_shrinkage","fold":1,"repeat":7,"rung":45}	0.032581	0.003	ok	
67	{"family":"lda_shrinkage","fold":2,"repeat":7,"rung":45}	0.022632	0.004	ok	
68	{"family":"lda_shrinkage","fold":3,"repeat":7,"rung":45}	0.015402	0.004	ok	
69	{"family":"lda_shrinkage","fold":0,"repeat":8,"rung":45}	0.003367	0.004	ok	
70	{"family":"lda_shrinkage","fold":1,"repeat":8,"rung":45}	0.017115	0.003	ok	
71	{"family":"lda_shrinkage","fold":2,"repeat":8,"rung":45}	0.039871	0.004	ok	
72	{"family":"lda_shrinkage","fold":3,"repeat":8,"rung":45}	0.028356	0.003	ok	
73	{"family":"lda_shrinkage","fold":0,"repeat":9,"rung":45}	0.015685	0.003	ok	
74	{"family":"lda_shrinkage","fold":1,"repeat":9,"rung":45}	0.037182	0.003	ok	
75	{"family":"lda_shrinkage","fold":2,"repeat":9,"rung":45}	0.042867	0.003	ok	
76	{"family":"lda_shrinkage","fold":3,"repeat":9,"rung":45}	0.008896	0.004	ok	
77	{"family":"lda_shrinkage","fold":0,"repeat":10,"rung":45}	0.003763	0.004	ok	
78	{"family":"lda_shrinkage","fold":1,"repeat":10,"rung":45}	0.010307	0.003	ok	
79	{"family":"lda_shrinkage","fold":2,"repeat":10,"rung":45}	0.034654	0.003	ok	
80	{"family":"lda_shrinkage","fold":3,"repeat":10,"rung":45}	0.093488	0.003	ok	
81	{"family":"lda_shrinkage","fold":0,"repeat":1,"rung":30}	0.053329	0.003	ok	
82	{"family":"lda_shrinkage","fold":1,"repeat":1,"rung":30}	0.031742	0.003	ok	
83	{"family":"lda_shrinkage","fold":2,"repeat":1,"rung":30}	0.018282	0.003	ok	
84	{"family":"lda_shrinkage","fold":3,"repeat":1,"rung":30}	0.017234	0.021	ok	
85	{"family":"lda_shrinkage","fold":0,"repeat":2,"rung":30}	0.063594	0.004	ok	
86	{"family":"lda_shrinkage","fold":1,"repeat":2,"rung":30}	0.006928	0.003	ok	
87	{"family":"lda_shrinkage","fold":2,"repeat":2,"rung":30}	0.009172	0.003	ok	
88	{"family":"lda_shrinkage","fold":3,"repeat":2,"rung":30}	0.000898	0.003	ok	
89	{"family":"lda_shrinkage","fold":0,"repeat":3,"rung":30}	0.005810	0.004	ok	
90	{"family":"lda_shrinkage","fold":1,"repeat":3,"rung":30}	0.026919	0.004	ok	
91	{"family":"lda_shrinkage","fold":2,"repeat":3,"rung":30}	0.038556	0.003	ok	
92	{"family":"lda_shrinkage","fold":3,"repeat":3,"rung":30}	0.069109	0.004	ok	
93	{"family":"lda_shrinkage","fold":0,"repeat":4,"rung":30}	0.038121	0.003	ok	
94	{"family":"lda_shrinkage","fold":1,"repeat":4,"rung":30}	0.014402	0.003	ok	
95	{"family":"lda_shrinkage","fold":2,"repeat":4,"rung":30}	0.033922	0.003	ok	
96	{"family":"lda_shrinkage","fold":3,"repeat":4,"rung":30}	0.028581	0.004	ok	
97	{"family":"lda_shrinkage","fold":0,"repeat":5,"rung":30}	0.002415	0.003	ok	
98	{"family":"lda_shrinkage","fold":1,"repeat":5,"rung":30}	0.028175	0.003	ok	
99	{"family":"lda_shrinkage","fold":2,"repeat":5,"rung":30}	0.048154	0.003	ok	
100	{"family":"lda_shrinkage","fold":3,"repeat":5,"rung":30}	0.045734	0.003	ok	
101	{"family":"lda_shrinkage","fold":0,"repeat":6,"rung":30}	0.007554	0.003	ok	
102	{"family":"lda_shrinkage","fold":1,"repeat":6,"rung":30}	0.058534	0.003	ok	
103	{"family":"lda_shrinkage","fold":2,"repeat":6,"rung":30}	0.004931	0.003	ok	
104	{"family":"lda_shrinkage","fold":3,"repeat":6,"rung":30}	0.071950	0.003	ok	
105	{"family":"lda_shrinkage","fold":0,"repeat":7,"rung":30}	0.044776	0.003	ok	
106	{"family":"lda_shrinkage","fold":1,"repeat":7,"rung":30}	0.081644	0.003	ok	
107	{"family":"lda_shrinkage","fold":2,"repeat":7,"rung":30}	0.027390	0.003	ok	
108	{"family":"lda_shrinkage","fold":3,"repeat":7,"rung":30}	0.024943	0.003	ok	
109	{"family":"lda_shrinkage","fold":0,"repeat":8,"rung":30}	0.004866	0.003	ok	
110	{"family":"lda_shrinkage","fold":1,"repeat":8,"rung":30}	0.014246	0.003	ok	
111	{"family":"lda_shrinkage","fold":2,"repeat":8,"rung":30}	0.052760	0.004	ok	
112	{"family":"lda_shrinkage","fold":3,"repeat":8,"rung":30}	0.033994	0.003	ok	
113	{"family":"lda_shrinkage","fold":0,"repeat":9,"rung":30}	0.011645	0.003	ok	
114	{"family":"lda_shrinkage","fold":1,"repeat":9,"rung":30}	0.062012	0.003	ok	
115	{"family":"lda_shrinkage","fold":2,"repeat":9,"rung":30}	0.042002	0.003	ok	
116	{"family":"lda_shrinkage","fold":3,"repeat":9,"rung":30}	0.017366	0.003	ok	
117	{"family":"lda_shrinkage","fold":0,"repeat":10,"rung":30}	0.019869	0.003	ok	
118	{"family":"lda_shrinkage","fold":1,"repeat":10,"rung":30}	0.005923	0.003	ok	
119	{"family":"lda_shrinkage","fold":2,"repeat":10,"rung":30}	0.037682	0.004	ok	
120	{"family":"lda_shrinkage","fold":3,"repeat":10,"rung":30}	0.119712	0.004	ok	
121	{"family":"lda_shrinkage","fold":0,"repeat":1,"rung":20}	0.069423	0.003	ok	
122	{"family":"lda_shrinkage","fold":1,"repeat":1,"rung":20}	0.042005	0.003	ok	
123	{"family":"lda_shrinkage","fold":2,"repeat":1,"rung":20}	0.011082	0.004	ok	
124	{"family":"lda_shrinkage","fold":3,"repeat":1,"rung":20}	0.033911	0.003	ok	
125	{"family":"lda_shrinkage","fold":0,"repeat":2,"rung":20}	0.075832	0.003	ok	
126	{"family":"lda_shrinkage","fold":1,"repeat":2,"rung":20}	0.008576	0.003	ok	
127	{"family":"lda_shrinkage","fold":2,"repeat":2,"rung":20}	0.015049	0.003	ok	
128	{"family":"lda_shrinkage","fold":3,"repeat":2,"rung":20}	0.000805	0.003	ok	
129	{"family":"lda_shrinkage","fold":0,"repeat":3,"rung":20}	0.000361	0.003	ok	
130	{"family":"lda_shrinkage","fold":1,"repeat":3,"rung":20}	0.042951	0.004	ok	
131	{"family":"lda_shrinkage","fold":2,"repeat":3,"rung":20}	0.057797	0.004	ok	
132	{"family":"lda_shrinkage","fold":3,"repeat":3,"rung":20}	0.039945	0.003	ok	
133	{"family":"lda_shrinkage","fold":0,"repeat":4,"rung":20}	0.046758	0.003	ok	
134	{"family":"lda_shrinkage","fold":1,"repeat":4,"rung":20}	0.028138	0.004	ok	
135	{"family":"lda_shrinkage","fold":2,"repeat":4,"rung":20}	0.033567	0.003	ok	
136	{"family":"lda_shrinkage","fold":3,"repeat":4,"rung":20}	0.066718	0.003	ok	
137	{"family":"lda_shrinkage","fold":0,"repeat":5,"rung":20}	0.004033	0.003	ok	
138	{"family":"lda_shrinkage","fold":1,"repeat":5,"rung":20}	0.038242	0.003	ok	
139	{"family":"lda_shrinkage","fold":2,"repeat":5,"rung":20}	0.067675	0.003	ok	
140	{"family":"lda_shrinkage","fold":3,"repeat":5,"rung":20}	0.092139	0.003	ok	
141	{"family":"lda_shrinkage","fold":0,"repeat":6,"rung":20}	0.017038	0.003	ok	
142	{"family":"lda_shrinkage","fold":1,"repeat":6,"rung":20}	0.074009	0.003	ok	
143	{"family":"lda_shrinkage","fold":2,"repeat":6,"rung":20}	0.011124	0.003	ok	
144	{"family":"lda_shrinkage","fold":3,"repeat":6,"rung":20}	0.120757	0.003	ok	
145	{"family":"lda_shrinkage","fold":0,"repeat":7,"rung":20}	0.045438	0.004	ok	
146	{"family":"lda_shrinkage","fold":1,"repeat":7,"rung":20}	0.066709	0.004	ok	
147	{"family":"lda_shrinkage","fold":2,"repeat":7,"rung":20}	0.036096	0.003	ok	
148	{"family":"lda_shrinkage","fold":3,"repeat":7,"rung":20}	0.025364	0.004	ok	
149	{"family":"lda_shrinkage","fold":0,"repeat":8,"rung":20}	0.002673	0.004	ok	
150	{"family":"lda_shrinkage","fold":1,"repeat":8,"rung":20}	0.025717	0.003	ok	
151	{"family":"lda_shrinkage","fold":2,"repeat":8,"rung":20}	0.053249	0.003	ok	
152	{"family":"lda_shrinkage","fold":3,"repeat":8,"rung":20}	0.049300	0.003	ok	
153	{"family":"lda_shrinkage","fold":0,"repeat":9,"rung":20}	0.025955	0.004	ok	
154	{"family":"lda_shrinkage","fold":1,"repeat":9,"rung":20}	0.048972	0.004	ok	
155	{"family":"lda_shrinkage","fold":2,"repeat":9,"rung":20}	0.056339	0.003	ok	
156	{"family":"lda_shrinkage","fold":3,"repeat":9,"rung":20}	0.035113	0.004	ok	
157	{"family":"lda_shrinkage","fold":0,"repeat":10,"rung":20}	0.002620	0.003	ok	
158	{"family":"lda_shrinkage","fold":1,"repeat":10,"rung":20}	0.000551	0.003	ok	
159	{"family":"lda_shrinkage","fold":2,"repeat":10,"rung":20}	0.043586	0.003	ok	
160	{"family":"lda_shrinkage","fold":3,"repeat":10,"rung":20}	0.139115	0.003	ok	
161	{"family":"lda_shrinkage","fold":0,"repeat":1,"rung":12}	0.099320	0.003	ok	
162	{"family":"lda_shrinkage","fold":1,"repeat":1,"rung":12}	0.059734	0.004	ok	
163	{"family":"lda_shrinkage","fold":2,"repeat":1,"rung":12}	0.022783	0.004	ok	
164	{"family":"lda_shrinkage","fold":3,"repeat":1,"rung":12}	0.064106	0.004	ok	
165	{"family":"lda_shrinkage","fold":0,"repeat":2,"rung":12}	0.078883	0.003	ok	
166	{"family":"lda_shrinkage","fold":1,"repeat":2,"rung":12}	0.004494	0.004	ok	
167	{"family":"lda_shrinkage","fold":2,"repeat":2,"rung":12}	0.007233	0.003	ok	
168	{"family":"lda_shrinkage","fold":3,"repeat":2,"rung":12}	0.001928	0.004	ok	
169	{"family":"lda_shrinkage","fold":0,"repeat":3,"rung":12}	0.001353	0.004	ok	
170	{"family":"lda_shrinkage","fold":1,"repeat":3,"rung":12}	0.116128	0.004	ok	
171	{"family":"lda_shrinkage","fold":2,"repeat":3,"rung":12}	0.054032	0.003	ok	
172	{"family":"lda_shrinkage","fold":3,"repeat":3,"rung":12}	0.204078	0.003	ok	
173	{"family":"lda_shrinkage","fold":0,"repeat":4,"rung":12}	0.099008	0.003	ok	
174	{"family":"lda_shrinkage","fold":1,"repeat":4,"rung":12}	0.017785	0.004	ok	
175	{"family":"lda_shrinkage","fold":2,"repeat":4,"rung":12}	0.029283	0.004	ok	
176	{"family":"lda_shrinkage","fold":3,"repeat":4,"rung":12}	0.050026	0.003	ok	
177	{"family":"lda_shrinkage","fold":0,"repeat":5,"rung":12}	0.018981	0.003	ok	
178	{"family":"lda_shrinkage","fold":1,"repeat":5,"rung":12}	0.041056	0.003	ok	
179	{"family":"lda_shrinkage","fold":2,"repeat":5,"rung":12}	0.089988	0.003	ok	
180	{"family":"lda_shrinkage","fold":3,"repeat":5,"rung":12}	0.031044	0.003	ok	
181	{"family":"lda_shrinkage","fold":0,"repeat":6,"rung":12}	0.005470	0.004	ok	
182	{"family":"lda_shrinkage","fold":1,"repeat":6,"rung":12}	0.062557	0.004	ok	
183	{"family":"lda_shrinkage","fold":2,"repeat":6,"rung":12}	0.011367	0.004	ok	
184	{"family":"lda_shrinkage","fold":3,"repeat":6,"rung":12}	0.110203	0.004	ok	
185	{"family":"lda_shrinkage","fold":0,"repeat":7,"rung":12}	0.066798	0.004	ok	
186	{"family":"lda_shrinkage","fold":1,"repeat":7,"rung":12}	0.005589	0.004	ok	
187	{"family":"lda_shrinkage","fold":2,"repeat":7,"rung":12}	0.049512	0.004	ok	
188	{"family":"lda_shrinkage","fold":3,"repeat":7,"rung":12}	0.065377	0.003	ok	
189	{"family":"lda_shrinkage","fold":0,"repeat":8,"rung":12}	0.004262	0.004	ok	
190	{"family":"lda_shrinkage","fold":1,"repeat":8,"rung":12}	0.039395	0.004	ok	
191	{"family":"lda_shrinkage","fold":2,"repeat":8,"rung":12}	0.049883	0.003	ok	
192	{"family":"lda_shrinkage","fold":3,"repeat":8,"rung":12}	0.078824	0.004	ok	
193	{"family":"lda_shrinkage","fold":0,"repeat":9,"rung":12}	0.033690	0.004	ok	
194	{"family":"lda_shrinkage","fold":1,"repeat":9,"rung":12}	0.066284	0.004	ok	
195	{"family":"lda_shrinkage","fold":2,"repeat":9,"rung":12}	0.054592	0.003	ok	
196	{"family":"lda_shrinkage","fold":3,"repeat":9,"rung":12}	0.007091	0.003	ok	
197	{"family":"lda_shrinkage","fold":0,"repeat":10,"rung":12}	0.009486	0.003	ok	
198	{"family":"lda_shrinkage","fold":1,"repeat":10,"rung":12}	0.029378	0.004	ok	
199	{"family":"lda_shrinkage","fold":2,"repeat":10,"rung":12}	0.020373	0.004	ok	
200	{"family":"lda_shrinkage","fold":3,"repeat":10,"rung":12}	0.151909	0.003	ok	
201	{"family":"lda_shrinkage","fold":0,"repeat":1,"rung":8}	0.101011	0.003	ok	
202	{"family":"lda_shrinkage","fold":1,"repeat":1,"rung":8}	0.098696	0.003	ok	
203	{"family":"lda_shrinkage","fold":2,"repeat":1,"rung":8}	0.123245	0.004	ok	
204	{"family":"lda_shrinkage","fold":3,"repeat":1,"rung":8}	0.055958	0.004	ok	
205	{"family":"lda_shrinkage","fold":0,"repeat":2,"rung":8}	0.120656	0.004	ok	
206	{"family":"lda_shrinkage","fold":1,"repeat":2,"rung":8}	0.033097	0.004	ok	
207	{"family":"lda_shrinkage","fold":2,"repeat":2,"rung":8}	0.060481	0.004	ok	
208	{"family":"lda_shrinkage","fold":3,"repeat":2,"rung":8}	0.017106	0.003	ok	
209	{"family":"lda_shrinkage","fold":0,"repeat":3,"rung":8}	0.002569	0.004	ok	
210	{"family":"lda_shrinkage","fold":1,"repeat":3,"rung":8}	0.044853	0.004	ok	
211	{"family":"lda_shrinkage","fold":2,"repeat":3,"rung":8}	0.132511	0.004	ok	
212	{"family":"lda_shrinkage","fold":3,"repeat":3,"rung":8}	0.166566	0.004	ok	
213	{"family":"lda_shrinkage","fold":0,"repeat":4,"rung":8}	0.036166	0.003	ok	
214	{"family":"lda_shrinkage","fold":1,"repeat":4,"rung":8}	0.007121	0.003	ok	
215	{"family":"lda_shrinkage","fold":2,"repeat":4,"rung":8}	0.022946	0.003	ok	
216	{"family":"lda_shrinkage","fold":3,"repeat":4,"rung":8}	0.086697	0.004	ok	
217	{"family":"lda_shrinkage","fold":0,"repeat":5,"rung":8}	0.008552	0.004	ok	
218	{"family":"lda_shrinkage","fold":1,"repeat":5,"rung":8}	0.068930	0.004	ok	
219	{"family":"lda_shrinkage","fold":2,"repeat":5,"rung":8}	0.098774	0.003	ok	
220	{"family":"lda_shrinkage","fold":3,"repeat":5,"rung":8}	0.010146	0.004	ok	
221	{"family":"lda_shrinkage","fold":0,"repeat":6,"rung":8}	0.008433	0.004	ok	
222	{"family":"lda_shrinkage","fold":1,"repeat":6,"rung":8}	0.049452	0.004	ok	
223	{"family":"lda_shrinkage","fold":2,"repeat":6,"rung":8}	0.003333	0.004	ok	
224	{"family":"lda_shrinkage","fold":3,"repeat":6,"rung":8}	0.100221	0.004	ok	
225	{"family":"lda_shrinkage","fold":0,"repeat":7,"rung":8}	0.049019	0.004	ok	
226	{"family":"lda_shrinkage","fold":1,"repeat":7,"rung":8}	0.019956	0.003	ok	
227	{"family":"lda_shrinkage","fold":2,"repeat":7,"rung":8}	0.069396	0.004	ok	
228	{"family":"lda_shrinkage","fold":3,"repeat":7,"rung":8}	0.062513	0.003	ok	
229	{"family":"lda_shrinkage","fold":0,"repeat":8,"rung":8}	0.012153	0.003	ok	
230	{"family":"lda_shrinkage","fold":1,"repeat":8,"rung":8}	0.090775	0.003	ok	
231	{"family":"lda_shrinkage","fold":2,"repeat":8,"rung":8}	0.054081	0.003	ok	
232	{"family":"lda_shrinkage","fold":3,"repeat":8,"rung":8}	0.103209	0.003	ok	
233	{"family":"lda_shrinkage","fold":0,"repeat":9,"rung":8}	0.170295	0.003	ok	
234	{"family":"lda_shrinkage","fold":1,"repeat":9,"rung":8}	0.120961	0.003	ok	
235	{"family":"lda_shrinkage","fold":2,"repeat":9,"rung":8}	0.118958	0.003	ok	
236	{"family":"lda_shrinkage","fold":3,"repeat":9,"rung":8}	0.002913	0.003	ok	
237	{"family":"lda_shrinkage","fold":0,"repeat":10,"rung":8}	0.100016	0.004	ok	
238	{"family":"lda_shrinkage","fold":1,"repeat":10,"rung":8}	0.023127	0.004	ok	
239	{"family":"lda_shrinkage","fold":2,"repeat":10,"rung":8}	0.007288	0.003	ok	
240	{"family":"lda_shrinkage","fold":3,"repeat":10,"rung":8}	0.138091	0.003	ok	
241	{"family":"qda","fold":0,"repeat":1,"rung":60}	0.047220	0.003	ok	
242	{"family":"qda","fold":1,"repeat":1,"rung":60}	0.037851	0.003	ok	
243	{"family":"qda","fold":2,"repeat":1,"rung":60}	0.025482	0.003	ok	
244	{"family":"qda","fold":3,"repeat":1,"rung":60}	0.040858	0.003	ok	
245	{"family":"qda","fold":0,"repeat":2,"rung":60}	0.072189	0.003	ok	
246	{"family":"qda","fold":1,"repeat":2,"rung":60}	0.014825	0.003	ok	
247	{"family":"qda","fold":2,"repeat":2,"rung":60}	0.036869	0.003	ok	
248	{"family":"qda","fold":3,"repeat":2,"rung":60}	0.027826	0.003	ok	
249	{"family":"qda","fold":0,"repeat":3,"rung":60}	0.024094	0.003	ok	
250	{"family":"qda","fold":1,"repeat":3,"rung":60}	0.036434	0.003	ok	
251	{"family":"qda","fold":2,"repeat":3,"rung":60}	0.041773	0.003	ok	
252	{"family":"qda","fold":3,"repeat":3,"rung":60}	0.055154	0.003	ok	
253	{"family":"qda","fold":0,"repeat":4,"rung":60}	0.062146	0.004	ok	
254	{"family":"qda","fold":1,"repeat":4,"rung":60}	0.022671	0.003	ok	
255	{"family":"qda","fold":2,"repeat":4,"rung":60}	0.039766	0.003	ok	
256	{"family":"qda","fold":3,"repeat":4,"rung":60}	0.032406	0.003	ok	
257	{"family":"qda","fold":0,"repeat":5,"rung":60}	0.011913	0.003	ok	
258	{"family":"qda","fold":1,"repeat":5,"rung":60}	0.039533	0.003	ok	
259	{"family":"qda","fold":2,"repeat":5,"rung":60}	0.061637	0.003	ok	
260	{"family":"qda","fold":3,"repeat":5,"rung":60}	0.039697	0.003	ok	
261	{"family":"qda","fold":0,"repeat":6,"rung":60}	0.018662	0.003	ok	
262	{"family":"qda","fold":1,"repeat":6,"rung":60}	0.055041	0.003	ok	
263	{"family":"qda","fold":2,"repeat":6,"rung":60}	0.037321	0.003	ok	
264	{"family":"qda","fold":3,"repeat":6,"rung":60}	0.053202	0.003	ok	
265	{"family":"qda","fold":0,"repeat":7,"rung":60}	0.060339	0.003	ok	
266	{"family":"qda","fold":1,"repeat":7,"rung":60}	0.024410	0.003	ok	
267	{"family":"qda","fold":2,"repeat":7,"rung":60}	0.037596	0.003	ok	
268	{"family":"qda","fold":3,"repeat":7,"rung":60}	0.027429	0.003	ok	
269	{"family":"qda","fold":0,"repeat":8,"rung":60}	0.029683	0.003	ok	
270	{"family":"qda","fold":1,"repeat":8,"rung":60}	0.024579	0.003	ok	
271	{"family":"qda","fold":2,"repeat":8,"rung":60}	0.056178	0.003	ok	
272	{"family":"qda","fold":3,"repeat":8,"rung":60}	0.039608	0.003	ok	
273	{"family":"qda","fold":0,"repeat":9,"rung":60}	0.036860	0.003	ok	
274	{"family":"qda","fold":1,"repeat":9,"rung":60}	0.048039	0.003	ok	
275	{"family":"qda","fold":2,"repeat":9,"rung":60}	0.037128	0.003	ok	
276	{"family":"qda","fold":3,"repeat":9,"rung":60}	0.022064	0.003	ok	
277	{"family":"qda","fold":0,"repeat":10,"rung":60}	0.036461	0.003	ok	
278	{"family":"qda","fold":1,"repeat":10,"rung":60}	0.030072	0.003	ok	
279	{"family":"qda","fold":2,"repeat":10,"rung":60}	0.030200	0.003	ok	
280	{"family":"qda","fold":3,"repeat":10,"rung":60}	0.076173	0.003	ok	
281	{"family":"qda","fold":0,"repeat":1,"rung":45}	0.047184	0.003	ok	
282	{"family":"qda","fold":1,"repeat":1,"rung":45}	0.041581	0.003	ok	
283	{"family":"qda","fold":2,"repeat":1,"rung":45}	0.024909	0.003	ok	
284	{"family":"qda","fold":3,"repeat":1,"rung":45}	0.044469	0.003	ok	
285	{"family":"qda","fold":0,"repeat":2,"rung":45}	0.081271	0.003	ok	
286	{"family":"qda","fold":1,"repeat":2,"rung":45}	0.014964	0.003	ok	
287	{"family":"qda","fold":2,"repeat":2,"rung":45}	0.034862	0.003	ok	
288	{"family":"qda","fold":3,"repeat":2,"rung":45}	0.025238	0.003	ok	
289	{"family":"qda","fold":0,"repeat":3,"rung":45}	0.022713	0.003	ok	
290	{"family":"qda","fold":1,"repeat":3,"rung":45}	0.040060	0.003	ok	
291	{"family":"qda","fold":2,"repeat":3,"rung":45}	0.040930	0.003	ok	
292	{"family":"qda","fold":3,"repeat":3,"rung":45}	0.062178	0.003	ok	
293	{"family":"qda","fold":0,"repeat":4,"rung":45}	0.056296	0.003	ok	
294	{"family":"qda","fold":1,"repeat":4,"rung":45}	0.025503	0.003	ok	
295	{"family":"qda","fold":2,"repeat":4,"rung":45}	0.041776	0.003	ok	
296	{"family":"qda","fold":3,"repeat":4,"rung":45}	0.032903	0.003	ok	
297	{"family":"qda","fold":0,"repeat":5,"rung":45}	0.012574	0.003	ok	
298	{"family":"qda","fold":1,"repeat":5,"rung":45}	0.039658	0.003	ok	
299	{"family":"qda","fold":2,"repeat":5,"rung":45}	0.067239	0.003	ok	
300	{"family":"qda","fold":3,"repeat":5,"rung":45}	0.039176	0.003	ok	
301	{"family":"qda","fold":0,"repeat":6,"rung":45}	0.016973	0.003	ok	
302	{"family":"qda","fold":1,"repeat":6,"rung":45}	0.057221	0.003	ok	
303	{"family":"qda","fold":2,"repeat":6,"rung":45}	0.037051	0.003	ok	
304	{"family":"qda","fold":3,"repeat":6,"rung":45}	0.055989	0.003	ok	
305	{"family":"qda","fold":0,"repeat":7,"rung":45}	0.060303	0.003	ok	
306	{"family":"qda","fold":1,"repeat":7,"rung":45}	0.029540	0.003	ok	
307	{"family":"qda","fold":2,"repeat":7,"rung":45}	0.054211	0.003	ok	
308	{"family":"qda","fold":3,"repeat":7,"rung":45}	0.028221	0.003	ok	
309	{"family":"qda","fold":0,"repeat":8,"rung":45}	0.027523	0.003	ok	
310	{"family":"qda","fold":1,"repeat":8,"rung":45}	0.028304	0.003	ok	
311	{"family":"qda","fold":2,"repeat":8,"rung":45}	0.058988	0.003	ok	
312	{"family":"qda","fold":3,"repeat":8,"rung":45}	0.047068	0.003	ok	
313	{"family":"qda","fold":0,"repeat":9,"rung":45}	0.042596	0.003	ok	
314	{"family":"qda","fold":1,"repeat":9,"rung":45}	0.051623	0.003	ok	
315	{"family":"qda","fold":2,"repeat":9,"rung":45}	0.034264	0.003	ok	
316	{"family":"qda","fold":3,"repeat":9,"rung":45}	0.030738	0.003	ok	
317	{"family":"qda","fold":0,"repeat":10,"rung":45}	0.027616	0.003	ok	
318	{"family":"qda","fold":1,"repeat":10,"rung":45}	0.034430	0.003	ok	
319	{"family":"qda","fold":2,"repeat":10,"rung":45}	0.036816	0.003	ok	
320	{"family":"qda","fold":3,"repeat":10,"rung":45}	0.078611	0.003	ok	
321	{"family":"qda","fold":0,"repeat":1,"rung":30}	0.049632	0.003	ok	
322	{"family":"qda","fold":1,"repeat":1,"rung":30}	0.041718	0.003	ok	
323	{"family":"qda","fold":2,"repeat":1,"rung":30}	0.018724	0.003	ok	
324	{"family":"qda","fold":3,"repeat":1,"rung":30}	0.048539	0.003	ok	
325	{"family":"qda","fold":0,"repeat":2,"rung":30}	0.087852	0.003	ok	
326	{"family":"qda","fold":1,"repeat":2,"rung":30}	0.020659	0.003	ok	
327	{"family":"qda","fold":2,"repeat":2,"rung":30}	0.047992	0.003	ok	
328	{"family":"qda","fold":3,"repeat":2,"rung":30}	0.019461	0.003	ok	
329	{"family":"qda","fold":0,"repeat":3,"rung":30}	0.028855	0.003	ok	
330	{"family":"qda","fold":1,"repeat":3,"rung":30}	0.033526	0.003	ok	
331	{"family":"qda","fold":2,"repeat":3,"rung":30}	0.044638	0.003	ok	
332	{"family":"qda","fold":3,"repeat":3,"rung":30}	0.073188	0.003	ok	
333	{"family":"qda","fold":0,"repeat":4,"rung":30}	0.059042	0.003	ok	
334	{"family":"qda","fold":1,"repeat":4,"rung":30}	0.023027	0.003	ok	
335	{"family":"qda","fold":2,"repeat":4,"rung":30}	0.045776	0.003	ok	
336	{"family":"qda","fold":3,"repeat":4,"rung":30}	0.021617	0.003	ok	
337	{"family":"qda","fold":0,"repeat":5,"rung":30}	0.015137	0.003	ok	
338	{"family":"qda","fold":1,"repeat":5,"rung":30}	0.042971	0.003	ok	
339	{"family":"qda","fold":2,"repeat":5,"rung":30}	0.068325	0.003	ok	
340	{"family":"qda","fold":3,"repeat":5,"rung":30}	0.044421	0.003	ok	
341	{"family":"qda","fold":0,"repeat":6,"rung":30}	0.012998	0.003	ok	
342	{"family":"qda","fold":1,"repeat":6,"rung":30}	0.057730	0.003	ok	
343	{"family":"qda","fold":2,"repeat":6,"rung":30}	0.033250	0.003	ok	
344	{"family":"qda","fold":3,"repeat":6,"rung":30}	0.057190	0.003	ok	
345	{"family":"qda","fold":0,"repeat":7,"rung":30}	0.063991	0.003	ok	
346	{"family":"qda","fold":1,"repeat":7,"rung":30}	0.043655	0.003	ok	
347	{"family":"qda","fold":2,"repeat":7,"rung":30}	0.063710	0.003	ok	
348	{"family":"qda","fold":3,"repeat":7,"rung":30}	0.028061	0.003	ok	
349	{"family":"qda","fold":0,"repeat":8,"rung":30}	0.031886	0.003	ok	
350	{"family":"qda","fold":1,"repeat":8,"rung":30}	0.025554	0.003	ok	
351	{"family":"qda","fold":2,"repeat":8,"rung":30}	0.066992	0.003	ok	
352	{"family":"qda","fold":3,"repeat":8,"rung":30}	0.052749	0.003	ok	
353	{"family":"qda","fold":0,"repeat":9,"rung":30}	0.035632	0.003	ok	
354	{"family":"qda","fold":1,"repeat":9,"rung":30}	0.062374	0.003	ok	
355	{"family":"qda","fold":2,"repeat":9,"rung":30}	0.037523	0.003	ok	
356	{"family":"qda","fold":3,"repeat":9,"rung":30}	0.035991	0.003	ok	
357	{"family":"qda","fold":0,"repeat":10,"rung":30}	0.048957	0.003	ok	
358	{"family":"qda","fold":1,"repeat":10,"rung":30}	0.019072	0.003	ok	
359	{"family":"qda","fold":2,"repeat":10,"rung":30}	0.034236	0.003	ok	
360	{"family":"qda","fold":3,"repeat":10,"rung":30}	0.095553	0.003	ok	
361	{"family":"qda","fold":0,"repeat":1,"rung":20}	0.051673	0.003	ok	
362	{"family":"qda","fold":1,"repeat":1,"rung":20}	0.040243	0.003	ok	
363	{"family":"qda","fold":2,"repeat":1,"rung":20}	0.013045	0.003	ok	
364	{"family":"qda","fold":3,"repeat":1,"rung":20}	0.043013	0.003	ok	
365	{"family":"qda","fold":0,"repeat":2,"rung":20}	0.091769	0.003	ok	
366	{"family":"qda","fold":1,"repeat":2,"rung":20}	0.024814	0.003	ok	
367	{"family":"qda","fold":2,"repeat":2,"rung":20}	0.049168	0.003	ok	
368	{"family":"qda","fold":3,"repeat":2,"rung":20}	0.020245	0.003	ok	
369	{"family":"qda","fold":0,"repeat":3,"rung":20}	0.014299	0.003	ok	
370	{"family":"qda","fold":1,"repeat":3,"rung":20}	0.033080	0.003	ok	
371	{"family":"qda","fold":2,"repeat":3,"rung":20}	0.055343	0.003	ok	
372	{"family":"qda","fold":3,"repeat":3,"rung":20}	0.072026	0.003	ok	
373	{"family":"qda","fold":0,"repeat":4,"rung":20}	0.039613	0.003	ok	
374	{"family":"qda","fold":1,"repeat":4,"rung":20}	0.026849	0.003	ok	
375	{"family":"qda","fold":2,"repeat":4,"rung":20}	0.047939	0.003	ok	
376	{"family":"qda","fold":3,"repeat":4,"rung":20}	0.017671	0.003	ok	
377	{"family":"qda","fold":0,"repeat":5,"rung":20}	0.021393	0.003	ok	
378	{"family":"qda","fold":1,"repeat":5,"rung":20}	0.053130	0.003	ok	
379	{"family":"qda","fold":2,"repeat":5,"rung":20}	0.061639	0.003	ok	
380	{"family":"qda","fold":3,"repeat":5,"rung":20}	0.069018	0.003	ok	
381	{"family":"qda","fold":0,"repeat":6,"rung":20}	0.026345	0.003	ok	
382	{"family":"qda","fold":1,"repeat":6,"rung":20}	0.073418	0.003	ok	
383	{"family":"qda","fold":2,"repeat":6,"rung":20}	0.049829	0.003	ok	
384	{"family":"qda","fold":3,"repeat":6,"rung":20}	0.054697	0.003	ok	
385	{"family":"qda","fold":0,"repeat":7,"rung":20}	0.067514	0.003	ok	
386	{"family":"qda","fold":1,"repeat":7,"rung":20}	0.047353	0.003	ok	
387	{"family":"qda","fold":2,"repeat":7,"rung":20}	0.069342	0.003	ok	
388	{"family":"qda","fold":3,"repeat":7,"rung":20}	0.024662	0.003	ok	
389	{"family":"qda","fold":0,"repeat":8,"rung":20}	0.032785	0.003	ok	
390	{"family":"qda","fold":1,"repeat":8,"rung":20}	0.030648	0.003	ok	
391	{"family":"qda","fold":2,"repeat":8,"rung":20}	0.064515	0.003	ok	
392	{"family":"qda","fold":3,"repeat":8,"rung":20}	0.050369	0.003	ok	
393	{"family":"qda","fold":0,"repeat":9,"rung":20}	0.048251	0.003	ok	
394	{"family":"qda","fold":1,"repeat":9,"rung":20}	0.055926	0.003	ok	
395	{"family":"qda","fold":2,"repeat":9,"rung":20}	0.044598	0.003	ok	
396	{"family":"qda","fold":3,"repeat":9,"rung":20}	0.059231	0.003	ok	
397	{"family":"qda","fold":0,"repeat":10,"rung":20}	0.042748	0.003	ok	
398	{"family":"qda","fold":1,"repeat":10,"rung":20}	0.010061	0.003	ok	
399	{"family":"qda","fold":2,"repeat":10,"rung":20}	0.039460	0.003	ok	
400	{"family":"qda","fold":3,"repeat":10,"rung":20}	0.099072	0.003	ok	
401	{"family":"qda","fold":0,"repeat":1,"rung":12}	0.068853	0.003	ok	
402	{"family":"qda","fold":1,"repeat":1,"rung":12}	0.063118	0.003	ok	
403	{"family":"qda","fold":2,"repeat":1,"rung":12}	0.022029	0.003	ok	
404	{"family":"qda","fold":3,"repeat":1,"rung":12}	0.048055	0.003	ok	
405	{"family":"qda","fold":0,"repeat":2,"rung":12}	0.129272	0.003	ok	
406	{"family":"qda","fold":1,"repeat":2,"rung":12}	0.023099	0.003	ok	
407	{"family":"qda","fold":2,"repeat":2,"rung":12}	0.138375	0.003	ok	
408	{"family":"qda","fold":3,"repeat":2,"rung":12}	0.018761	0.003	ok	
409	{"family":"qda","fold":0,"repeat":3,"rung":12}	0.019432	0.003	ok	
410	{"family":"qda","fold":1,"repeat":3,"rung":12}	0.095524	0.003	ok	
411	{"family":"qda","fold":2,"repeat":3,"rung":12}	0.060421	0.003	ok	
412	{"family":"qda","fold":3,"repeat":3,"rung":12}	0.169925	0.003	ok	
413	{"family":"qda","fold":0,"repeat":4,"rung":12}	0.068480	0.003	ok	
414	{"family":"qda","fold":1,"repeat":4,"rung":12}	0.030063	0.003	ok	
415	{"family":"qda","fold":2,"repeat":4,"rung":12}	0.052956	0.003	ok	
416	{"family":"qda","fold":3,"repeat":4,"rung":12}	0.022503	0.003	ok	
417	{"family":"qda","fold":0,"repeat":5,"rung":12}	0.033816	0.003	ok	
418	{"family":"qda","fold":1,"repeat":5,"rung":12}	0.071537	0.003	ok	
419	{"family":"qda","fold":2,"repeat":5,"rung":12}	0.076475	0.003	ok	
420	{"family":"qda","fold":3,"repeat":5,"rung":12}	0.028751	0.003	ok	
421	{"family":"qda","fold":0,"repeat":6,"rung":12}	0.015209	0.003	ok	
422	{"family":"qda","fold":1,"repeat":6,"rung":12}	0.067201	0.003	ok	
423	{"family":"qda","fold":2,"repeat":6,"rung":12}	0.040175	0.003	ok	
424	{"family":"qda","fold":3,"repeat":6,"rung":12}	0.136177	0.003	ok	
425	{"family":"qda","fold":0,"repeat":7,"rung":12}	0.096668	0.003	ok	
426	{"family":"qda","fold":1,"repeat":7,"rung":12}	0.073982	0.003	ok	
427	{"family":"qda","fold":2,"repeat":7,"rung":12}	0.060072	0.003	ok	
428	{"family":"qda","fold":3,"repeat":7,"rung":12}	0.023192	0.003	ok	
429	{"family":"qda","fold":0,"repeat":8,"rung":12}	0.033126	0.003	ok	
430	{"family":"qda","fold":1,"repeat":8,"rung":12}	0.043155	0.003	ok	
431	{"family":"qda","fold":2,"repeat":8,"rung":12}	0.073482	0.003	ok	
432	{"family":"qda","fold":3,"repeat":8,"rung":12}	0.049598	0.003	ok	
433	{"family":"qda","fold":0,"repeat":9,"rung":12}	0.090724	0.003	ok	
434	{"family":"qda","fold":1,"repeat":9,"rung":12}	0.054796	0.003	ok	
435	{"family":"qda","fold":2,"repeat":9,"rung":12}	0.044640	0.003	ok	
436	{"family":"qda","fold":3,"repeat":9,"rung":12}	0.074363	0.003	ok	
437	{"family":"qda","fold":0,"repeat":10,"rung":12}	0.053646	0.003	ok	
438	{"family":"qda","fold":1,"repeat":10,"rung":12}	0.016339	0.003	ok	
439	{"family":"qda","fold":2,"repeat":10,"rung":12}	0.029347	0.003	ok	
440	{"family":"qda","fold":3,"repeat":10,"rung":12}	0.114975	0.003	ok	
441	{"family":"qda","fold":0,"repeat":1,"rung":8}	0.059832	0.002	ok	
442	{"family":"qda","fold":1,"repeat":1,"rung":8}	0.111140	0.003	ok	
443	{"family":"qda","fold":2,"repeat":1,"rung":8}	0.029059	0.003	ok	
444	{"family":"qda","fold":3,"repeat":1,"rung":8}	0.050744	0.003	ok	
445	{"family":"qda","fold":0,"repeat":2,"rung":8}	0.174562	0.003	ok	
446	{"family":"qda","fold":1,"repeat":2,"rung":8}	0.083553	0.003	ok	
447	{"family":"qda","fold":2,"repeat":2,"rung":8}	0.080718	0.003	ok	
448	{"family":"qda","fold":3,"repeat":2,"rung":8}	0.023525	0.003	ok	
449	{"family":"qda","fold":0,"repeat":3,"rung":8}	0.023446	0.003	ok	
450	{"family":"qda","fold":1,"repeat":3,"rung":8}	0.080613	0.003	ok	
451	{"family":"qda","fold":2,"repeat":3,"rung":8}	0.101140	0.003	ok	
452	{"family":"qda","fold":3,"repeat":3,"rung":8}	0.156276	0.003	ok	
453	{"family":"qda","fold":0,"repeat":4,"rung":8}	0.042471	0.003	ok	
454	{"family":"qda","fold":1,"repeat":4,"rung":8}	0.022496	0.003	ok	
455	{"family":"qda","fold":2,"repeat":4,"rung":8}	0.044229	0.003	ok	
456	{"family":"qda","fold":3,"repeat":4,"rung":8}	0.036411	0.003	ok	
457	{"family":"qda","fold":0,"repeat":5,"rung":8}	0.108258	0.003	ok	
458	{"family":"qda","fold":1,"repeat":5,"rung":8}	0.075082	0.003	ok	
459	{"family":"qda","fold":2,"repeat":5,"rung":8}	0.123995	0.003	ok	
460	{"family":"qda","fold":3,"repeat":5,"rung":8}	0.020126	0.003	ok	
461	{"family":"qda","fold":0,"repeat":6,"rung":8}	0.034080	0.003	ok	
462	{"family":"qda","fold":1,"repeat":6,"rung":8}	0.051796	0.003	ok	
463	{"family":"qda","fold":2,"repeat":6,"rung":8}	0.019409	0.003	ok	
464	{"family":"qda","fold":3,"repeat":6,"rung":8}	0.184535	0.003	ok	
465	{"family":"qda","fold":0,"repeat":7,"rung":8}	0.135789	0.003	ok	
466	{"family":"qda","fold":1,"repeat":7,"rung":8}	0.067898	0.003	ok	
467	{"family":"qda","fold":2,"repeat":7,"rung":8}	0.067882	0.003	ok	
468	{"family":"qda","fold":3,"repeat":7,"rung":8}	0.031438	0.003	ok	
469	{"family":"qda","fold":0,"repeat":8,"rung":8}	0.054565	0.003	ok	
470	{"family":"qda","fold":1,"repeat":8,"rung":8}	0.037223	0.003	ok	
471	{"family":"qda","fold":2,"repeat":8,"rung":8}	0.093263	0.003	ok	
472	{"family":"qda","fold":3,"repeat":8,"rung":8}	0.137137	0.003	ok	
473	{"family":"qda","fold":0,"repeat":9,"rung":8}	0.147428	0.003	ok	
474	{"family":"qda","fold":1,"repeat":9,"rung":8}	0.131624	0.003	ok	
475	{"family":"qda","fold":2,"repeat":9,"rung":8}	0.094983	0.003	ok	
476	{"family":"qda","fold":3,"repeat":9,"rung":8}	0.065250	0.003	ok	
477	{"family":"qda","fold":0,"repeat":10,"rung":8}	0.117852	0.003	ok	
478	{"family":"qda","fold":1,"repeat":10,"rung":8}	0.013700	0.003	ok	
479	{"family":"qda","fold":2,"repeat":10,"rung":8}	0.044187	0.003	ok	
480	{"family":"qda","fold":3,"repeat":10,"rung":8}	0.100037	0.003	ok	
481	{"family":"logit_l2","fold":0,"repeat":1,"rung":60}	0.054032	0.004	ok	
482	{"family":"logit_l2","fold":1,"repeat":1,"rung":60}	0.039463	0.004	ok	
483	{"family":"logit_l2","fold":2,"repeat":1,"rung":60}	0.031868	0.004	ok	
484	{"family":"logit_l2","fold":3,"repeat":1,"rung":60}	0.026267	0.004	ok	
485	{"family":"logit_l2","fold":0,"repeat":2,"rung":60}	0.074482	0.004	ok	
486	{"family":"logit_l2","fold":1,"repeat":2,"rung":60}	0.018664	0.004	ok	
487	{"family":"logit_l2","fold":2,"repeat":2,"rung":60}	0.045401	0.004	ok	
488	{"family":"logit_l2","fold":3,"repeat":2,"rung":60}	0.021412	0.004	ok	
489	{"family":"logit_l2","fold":0,"repeat":3,"rung":60}	0.018945	0.004	ok	
490	{"family":"logit_l2","fold":1,"repeat":3,"rung":60}	0.040313	0.004	ok	
491	{"family":"logit_l2","fold":2,"repeat":3,"rung":60}	0.035744	0.003	ok	
492	{"family":"logit_l2","fold":3,"repeat":3,"rung":60}	0.066134	0.004	ok	
493	{"family":"logit_l2","fold":0,"repeat":4,"rung":60}	0.075349	0.004	ok	
494	{"family":"logit_l2","fold":1,"repeat":4,"rung":60}	0.018345	0.004	ok	
495	{"family":"logit_l2","fold":2,"repeat":4,"rung":60}	0.037969	0.004	ok	
496	{"family":"logit_l2","fold":3,"repeat":4,"rung":60}	0.038804	0.004	ok	
497	{"family":"logit_l2","fold":0,"repeat":5,"rung":60}	0.009257	0.004	ok	
498	{"family":"logit_l2","fold":1,"repeat":5,"rung":60}	0.050945	0.004	ok	
499	{"family":"logit_l2","fold":2,"repeat":5,"rung":60}	0.056106	0.004	ok	
500	{"family":"logit_l2","fold":3,"repeat":5,"rung":60}	0.045507	0.004	ok	
501	{"family":"logit_l2","fold":0,"repeat":6,"rung":60}	0.020309	0.004	ok	
502	{"family":"logit_l2","fold":1,"repeat":6,"rung":60}	0.064474	0.003	ok	
503	{"family":"logit_l2","fold":2,"repeat":6,"rung":60}	0.020858	0.004	ok	
504	{"family":"logit_l2","fold":3,"repeat":6,"rung":60}	0.060943	0.004	ok	
505	{"family":"logit_l2","fold":0,"repeat":7,"rung":60}	0.051795	0.004	ok	
506	{"family":"logit_l2","fold":1,"repeat":7,"rung":60}	0.035597	0.004	ok	
507	{"family":"logit_l2","fold":2,"repeat":7,"rung":60}	0.040124	0.004	ok	
508	{"family":"logit_l2","fold":3,"repeat":7,"rung":60}	0.032479	0.004	ok	
509	{"family":"logit_l2","fold":0,"repeat":8,"rung":60}	0.017140	0.004	ok	
510	{"family":"logit_l2","fold":1,"repeat":8,"rung":60}	0.036109	0.004	ok	
511	{"family":"logit_l2","fold":2,"repeat":8,"rung":60}	0.046670	0.004	ok	
512	{"family":"logit_l2","fold":3,"repeat":8,"rung":60}	0.041565	0.004	ok	
513	{"family":"logit_l2","fold":0,"repeat":9,"rung":60}	0.032479	0.004	ok	
514	{"family":"logit_l2","fold":1,"repeat":9,"rung":60}	0.061417	0.004	ok	
515	{"family":"logit_l2","fold":2,"repeat":9,"rung":60}	0.044227	0.003	ok	
516	{"family":"logit_l2","fold":3,"repeat":9,"rung":60}	0.023406	0.003	ok	
517	{"family":"logit_l2","fold":0,"repeat":10,"rung":60}	0.021333	0.003	ok	
518	{"family":"logit_l2","fold":1,"repeat":10,"rung":60}	0.023807	0.003	ok	
519	{"family":"logit_l2","fold":2,"repeat":10,"rung":60}	0.036368	0.004	ok	
520	{"family":"logit_l2","fold":3,"repeat":10,"rung":60}	0.088431	0.004	ok	
521	{"family":"logit_l2","fold":0,"repeat":1,"rung":45}	0.055970	0.004	ok	
522	{"family":"logit_l2","fold":1,"repeat":1,"rung":45}	0.042096	0.004	ok	
523	{"family":"logit_l2","fold":2,"repeat":1,"rung":45}	0.040554	0.004	ok	
524	{"family":"logit_l2","fold":3,"repeat":1,"rung":45}	0.031230	0.004	ok	
525	{"family":"logit_l2","fold":0,"repeat":2,"rung":45}	0.077984	0.003	ok	
526	{"family":"logit_l2","fold":1,"repeat":2,"rung":45}	0.020359	0.004	ok	
527	{"family":"logit_l2","fold":2,"repeat":2,"rung":45}	0.042951	0.004	ok	
528	{"family":"logit_l2","fold":3,"repeat":2,"rung":45}	0.022477	0.004	ok	
529	{"family":"logit_l2","fold":0,"repeat":3,"rung":45}	0.020551	0.004	ok	
530	{"family":"logit_l2","fold":1,"repeat":3,"rung":45}	0.038557	0.004	ok	
531	{"family":"logit_l2","fold":2,"repeat":3,"rung":45}	0.036596	0.003	ok	
532	{"family":"logit_l2","fold":3,"repeat":3,"rung":45}	0.076221	0.003	ok	
533	{"family":"logit_l2","fold":0,"repeat":4,"rung":45}	0.084496	0.003	ok	
534	{"family":"logit_l2","fold":1,"repeat":4,"rung":45}	0.025515	0.004	ok	
535	{"family":"logit_l2","fold":2,"repeat":4,"rung":45}	0.038911	0.004	ok	
536	{"family":"logit_l2","fold":3,"repeat":4,"rung":45}	0.044295	0.004	ok	
537	{"family":"logit_l2","fold":0,"repeat":5,"rung":45}	0.012640	0.004	ok	
538	{"family":"logit_l2","fold":1,"repeat":5,"rung":45}	0.050112	0.004	ok	
539	{"family":"logit_l2","fold":2,"repeat":5,"rung":45}	0.056657	0.003	ok	
540	{"family":"logit_l2","fold":3,"repeat":5,"rung":45}	0.047155	0.004	ok	
541	{"family":"logit_l2","fold":0,"repeat":6,"rung":45}	0.024858	0.004	ok	
542	{"family":"logit_l2","fold":1,"repeat":6,"rung":45}	0.062896	0.004	ok	
543	{"family":"logit_l2","fold":2,"repeat":6,"rung":45}	0.023536	0.004	ok	
544	{"family":"logit_l2","fold":3,"repeat":6,"rung":45}	0.064481	0.004	ok	
545	{"family":"logit_l2","fold":0,"repeat":7,"rung":45}	0.051762	0.004	ok	
546	{"family":"logit_l2","fold":1,"repeat":7,"rung":45}	0.038787	0.004	ok	
547	{"family":"logit_l2","fold":2,"repeat":7,"rung":45}	0.045099	0.004	ok	
548	{"family":"logit_l2","fold":3,"repeat":7,"rung":45}	0.033887	0.004	ok	
549	{"family":"logit_l2","fold":0,"repeat":8,"rung":45}	0.019280	0.004	ok	
550	{"family":"logit_l2","fold":1,"repeat":8,"rung":45}	0.042774	0.004	ok	
551	{"family":"logit_l2","fold":2,"repeat":8,"rung":45}	0.050206	0.004	ok	
552	{"family":"logit_l2","fold":3,"repeat":8,"rung":45}	0.051247	0.004	ok	
553	{"family":"logit_l2","fold":0,"repeat":9,"rung":45}	0.036238	0.004	ok	
554	{"family":"logit_l2","fold":1,"repeat":9,"rung":45}	0.058561	0.004	ok	
555	{"family":"logit_l2","fold":2,"repeat":9,"rung":45}	0.040397	0.004	ok	
556	{"family":"logit_l2","fold":3,"repeat":9,"rung":45}	0.042881	0.004	ok	
557	{"family":"logit_l2","fold":0,"repeat":10,"rung":45}	0.019423	0.004	ok	
558	{"family":"logit_l2","fold":1,"repeat":10,"rung":45}	0.035657	0.004	ok	
559	{"family":"logit_l2","fold":2,"repeat":10,"rung":45}	0.049708	0.004	ok	
560	{"family":"logit_l2","fold":3,"repeat":10,"rung":45}	0.095171	0.004	ok	
561	{"family":"logit_l2","fold":0,"repeat":1,"rung":30}	0.064728	0.004	ok	
562	{"family":"logit_l2","fold":1,"repeat":1,"rung":30}	0.055882	0.004	ok	
563	{"family":"logit_l2","fold":2,"repeat":1,"rung":30}	0.043069	0.004	ok	
564	{"family":"logit_l2","fold":3,"repeat":1,"rung":30}	0.042244	0.004	ok	
565	{"family":"logit_l2","fold":0,"repeat":2,"rung":30}	0.088602	0.003	ok	
566	{"family":"logit_l2","fold":1,"repeat":2,"rung":30}	0.024723	0.004	ok	
567	{"family":"logit_l2","fold":2,"repeat":2,"rung":30}	0.044774	0.004	ok	
568	{"family":"logit_l2","fold":3,"repeat":2,"rung":30}	0.026915	0.004	ok	
569	{"family":"logit_l2","fold":0,"repeat":3,"rung":30}	0.042528	0.004	ok	
570	{"family":"logit_l2","fold":1,"repeat":3,"rung":30}	0.042452	0.004	ok	
571	{"family":"logit_l2","fold":2,"repeat":3,"rung":30}	0.040721	0.004	ok	
572	{"family":"logit_l2","fold":3,"repeat":3,"rung":30}	0.091520	0.004	ok	
573	{"family":"logit_l2","fold":0,"repeat":4,"rung":30}	0.083739	0.003	ok	
574	{"family":"logit_l2","fold":1,"repeat":4,"rung":30}	0.027633	0.004	ok	
575	{"family":"logit_l2","fold":2,"repeat":4,"rung":30}	0.042498	0.003	ok	
576	{"family":"logit_l2","fold":3,"repeat":4,"rung":30}	0.039009	0.004	ok	
577	{"family":"logit_l2","fold":0,"repeat":5,"rung":30}	0.020709	0.004	ok	
578	{"family":"logit_l2","fold":1,"repeat":5,"rung":30}	0.053067	0.004	ok	
579	{"family":"logit_l2","fold":2,"repeat":5,"rung":30}	0.072377	0.003	ok	
580	{"family":"logit_l2","fold":3,"repeat":5,"rung":30}	0.044094	0.004	ok	
581	{"family":"logit_l2","fold":0,"repeat":6,"rung":30}	0.029794	0.004	ok	
582	{"family":"logit_l2","fold":1,"repeat":6,"rung":30}	0.064209	0.003	ok	
583	{"family":"logit_l2","fold":2,"repeat":6,"rung":30}	0.039639	0.004	ok	
584	{"family":"logit_l2","fold":3,"repeat":6,"rung":30}	0.062213	0.003	ok	
585	{"family":"logit_l2","fold":0,"repeat":7,"rung":30}	0.055002	0.003	ok	
586	{"family":"logit_l2","fold":1,"repeat":7,"rung":30}	0.081358	0.003	ok	
587	{"family":"logit_l2","fold":2,"repeat":7,"rung":30}	0.047920	0.003	ok	
588	{"family":"logit_l2","fold":3,"repeat":7,"rung":30}	0.050924	0.003	ok	
589	{"family":"logit_l2","fold":0,"repeat":8,"rung":30}	0.032860	0.003	ok	
590	{"family":"logit_l2","fold":1,"repeat":8,"rung":30}	0.047027	0.004	ok	
591	{"family":"logit_l2","fold":2,"repeat":8,"rung":30}	0.056532	0.004	ok	
592	{"family":"logit_l2","fold":3,"repeat":8,"rung":30}	0.060236	0.003	ok	
593	{"family":"logit_l2","fold":0,"repeat":9,"rung":30}	0.047572	0.004	ok	
594	{"family":"logit_l2","fold":1,"repeat":9,"rung":30}	0.076315	0.004	ok	
595	{"family":"logit_l2","fold":2,"repeat":9,"rung":30}	0.040748	0.004	ok	
596	{"family":"logit_l2","fold":3,"repeat":9,"rung":30}	0.054207	0.004	ok	
597	{"family":"logit_l2","fold":0,"repeat":10,"rung":30}	0.045905	0.004	ok	
598	{"family":"logit_l2","fold":1,"repeat":10,"rung":30}	0.030936	0.004	ok	
599	{"family":"logit_l2","fold":2,"repeat":10,"rung":30}	0.051455	0.004	ok	
600	{"family":"logit_l2","fold":3,"repeat":10,"rung":30}	0.101615	0.004	ok	
601	{"family":"logit_l2","fold":0,"repeat":1,"rung":20}	0.081978	0.003	ok	
602	{"family":"logit_l2","fold":1,"repeat":1,"rung":20}	0.064069	0.003	ok	
603	{"family":"logit_l2","fold":2,"repeat":1,"rung":20}	0.046615	0.004	ok	
604	{"family":"logit_l2","fold":3,"repeat":1,"rung":20}	0.052401	0.004	ok	
605	{"family":"logit_l2","fold":0,"repeat":2,"rung":20}	0.092262	0.003	ok	
606	{"family":"logit_l2","fold":1,"repeat":2,"rung":20}	0.035605	0.004	ok	
607	{"family":"logit_l2","fold":2,"repeat":2,"rung":20}	0.055191	0.004	ok	
608	{"family":"logit_l2","fold":3,"repeat":2,"rung":20}	0.037563	0.004	ok	
609	{"family":"logit_l2","fold":0,"repeat":3,"rung":20}	0.042184	0.004	ok	
610	{"family":"logit_l2","fold":1,"repeat":3,"rung":20}	0.056536	0.004	ok	
611	{"family":"logit_l2","fold":2,"repeat":3,"rung":20}	0.075492	0.003	ok	
612	{"family":"logit_l2","fold":3,"repeat":3,"rung":20}	0.085350	0.004	ok	
613	{"family":"logit_l2","fold":0,"repeat":4,"rung":20}	0.072394	0.003	ok	
614	{"family":"logit_l2","fold":1,"repeat":4,"rung":20}	0.032658	0.005	ok	
615	{"family":"logit_l2","fold":2,"repeat":4,"rung":20}	0.051659	0.007	ok	
616	{"family":"logit_l2","fold":3,"repeat":4,"rung":20}	0.043075	0.006	ok	
617	{"family":"logit_l2","fold":0,"repeat":5,"rung":20}	0.027066	0.004	ok	
618	{"family":"logit_l2","fold":1,"repeat":5,"rung":20}	0.057132	0.004	ok	
619	{"family":"logit_l2","fold":2,"repeat":5,"rung":20}	0.072932	0.004	ok	
620	{"family":"logit_l2","fold":3,"repeat":5,"rung":20}	0.074138	0.004	ok	
621	{"family":"logit_l2","fold":0,"repeat":6,"rung":20}	0.043528	0.004	ok	
622	{"family":"logit_l2","fold":1,"repeat":6,"rung":20}	0.075315	0.003	ok	
623	{"family":"logit_l2","fold":2,"repeat":6,"rung":20}	0.046557	0.004	ok	
624	{"family":"logit_l2","fold":3,"repeat":6,"rung":20}	0.076734	0.004	ok	
625	{"family":"logit_l2","fold":0,"repeat":7,"rung":20}	0.056764	0.004	ok	
626	{"family":"logit_l2","fold":1,"repeat":7,"rung":20}	0.097050	0.003	ok	
627	{"family":"logit_l2","fold":2,"repeat":7,"rung":20}	0.058695	0.003	ok	
628	{"family":"logit_l2","fold":3,"repeat":7,"rung":20}	0.060639	0.003	ok	
629	{"family":"logit_l2","fold":0,"repeat":8,"rung":20}	0.054913	0.004	ok	
630	{"family":"logit_l2","fold":1,"repeat":8,"rung":20}	0.064290	0.004	ok	
631	{"family":"logit_l2","fold":2,"repeat":8,"rung":20}	0.058544	0.003	ok	
632	{"family":"logit_l2","fold":3,"repeat":8,"rung":20}	0.067977	0.004	ok	
633	{"family":"logit_l2","fold":0,"repeat":9,"rung":20}	0.062926	0.004	ok	
634	{"family":"logit_l2","fold":1,"repeat":9,"rung":20}	0.070990	0.004	ok	
635	{"family":"logit_l2","fold":2,"repeat":9,"rung":20}	0.048955	0.003	ok	
636	{"family":"logit_l2","fold":3,"repeat":9,"rung":20}	0.074872	0.003	ok	
637	{"family":"logit_l2","fold":0,"repeat":10,"rung":20}	0.060682	0.004	ok	
638	{"family":"logit_l2","fold":1,"repeat":10,"rung":20}	0.026217	0.004	ok	
639	{"family":"logit_l2","fold":2,"repeat":10,"rung":20}	0.066971	0.003	ok	
640	{"family":"logit_l2","fold":3,"repeat":10,"rung":20}	0.106877	0.003	ok	
641	{"family":"logit_l2","fold":0,"repeat":1,"rung":12}	0.134340	0.003	ok	
642	{"family":"logit_l2","fold":1,"repeat":1,"rung":12}	0.093933	0.003	ok	
643	{"family":"logit_l2","fold":2,"repeat":1,"rung":12}	0.061306	0.004	ok	
644	{"family":"logit_l2","fold":3,"repeat":1,"rung":12}	0.096281	0.003	ok	
645	{"family":"logit_l2","fold":0,"repeat":2,"rung":12}	0.114985	0.003	ok	
646	{"family":"logit_l2","fold":1,"repeat":2,"rung":12}	0.050861	0.004	ok	
647	{"family":"logit_l2","fold":2,"repeat":2,"rung":12}	0.056491	0.003	ok	
648	{"family":"logit_l2","fold":3,"repeat":2,"rung":12}	0.036557	0.003	ok	
649	{"family":"logit_l2","fold":0,"repeat":3,"rung":12}	0.063189	0.004	ok	
650	{"family":"logit_l2","fold":1,"repeat":3,"rung":12}	0.076819	0.004	ok	
651	{"family":"logit_l2","fold":2,"repeat":3,"rung":12}	0.073846	0.004	ok	
652	{"family":"logit_l2","fold":3,"repeat":3,"rung":12}	0.188492	0.003	ok	
653	{"family":"logit_l2","fold":0,"repeat":4,"rung":12}	0.137854	0.003	ok	
654	{"family":"logit_l2","fold":1,"repeat":4,"rung":12}	0.038790	0.004	ok	
655	{"family":"logit_l2","fold":2,"repeat":4,"rung":12}	0.057286	0.003	ok	
656	{"family":"logit_l2","fold":3,"repeat":4,"rung":12}	0.049061	0.004	ok	
657	{"family":"logit_l2","fold":0,"repeat":5,"rung":12}	0.055037	0.003	ok	
658	{"family":"logit_l2","fold":1,"repeat":5,"rung":12}	0.065790	0.003	ok	
659	{"family":"logit_l2","fold":2,"repeat":5,"rung":12}	0.096554	0.003	ok	
660	{"family":"logit_l2","fold":3,"repeat":5,"rung":12}	0.059092	0.004	ok	
661	{"family":"logit_l2","fold":0,"repeat":6,"rung":12}	0.043438	0.003	ok	
662	{"family":"logit_l2","fold":1,"repeat":6,"rung":12}	0.078851	0.004	ok	
663	{"family":"logit_l2","fold":2,"repeat":6,"rung":12}	0.064261	0.004	ok	
664	{"family":"logit_l2","fold":3,"repeat":6,"rung":12}	0.082321	0.004	ok	
665	{"family":"logit_l2","fold":0,"repeat":7,"rung":12}	0.056842	0.004	ok	
666	{"family":"logit_l2","fold":1,"repeat":7,"rung":12}	0.059670	0.004	ok	
667	{"family":"logit_l2","fold":2,"repeat":7,"rung":12}	0.064417	0.004	ok	
668	{"family":"logit_l2","fold":3,"repeat":7,"rung":12}	0.077459	0.004	ok	
669	{"family":"logit_l2","fold":0,"repeat":8,"rung":12}	0.056407	0.004	ok	
670	{"family":"logit_l2","fold":1,"repeat":8,"rung":12}	0.079179	0.004	ok	
671	{"family":"logit_l2","fold":2,"repeat":8,"rung":12}	0.069727	0.004	ok	
672	{"family":"logit_l2","fold":3,"repeat":8,"rung":12}	0.075793	0.004	ok	
673	{"family":"logit_l2","fold":0,"repeat":9,"rung":12}	0.087941	0.004	ok	
674	{"family":"logit_l2","fold":1,"repeat":9,"rung":12}	0.083668	0.004	ok	
675	{"family":"logit_l2","fold":2,"repeat":9,"rung":12}	0.043943	0.004	ok	
676	{"family":"logit_l2","fold":3,"repeat":9,"rung":12}	0.102796	0.003	ok	
677	{"family":"logit_l2","fold":0,"repeat":10,"rung":12}	0.067255	0.004	ok	
678	{"family":"logit_l2","fold":1,"repeat":10,"rung":12}	0.040637	0.004	ok	
679	{"family":"logit_l2","fold":2,"repeat":10,"rung":12}	0.066817	0.004	ok	
680	{"family":"logit_l2","fold":3,"repeat":10,"rung":12}	0.111537	0.003	ok	
681	{"family":"logit_l2","fold":0,"repeat":1,"rung":8}	0.148249	0.003	ok	
682	{"family":"logit_l2","fold":1,"repeat":1,"rung":8}	0.116716	0.003	ok	
683	{"family":"logit_l2","fold":2,"repeat":1,"rung":8}	0.070347	0.004	ok	
684	{"family":"logit_l2","fold":3,"repeat":1,"rung":8}	0.094005	0.003	ok	
685	{"family":"logit_l2","fold":0,"repeat":2,"rung":8}	0.150603	0.003	ok	
686	{"family":"logit_l2","fold":1,"repeat":2,"rung":8}	0.094585	0.003	ok	
687	{"family":"logit_l2","fold":2,"repeat":2,"rung":8}	0.083226	0.003	ok	
688	{"family":"logit_l2","fold":3,"repeat":2,"rung":8}	0.057229	0.004	ok	
689	{"family":"logit_l2","fold":0,"repeat":3,"rung":8}	0.071875	0.004	ok	
690	{"family":"logit_l2","fold":1,"repeat":3,"rung":8}	0.075900	0.004	ok	
691	{"family":"logit_l2","fold":2,"repeat":3,"rung":8}	0.094138	0.003	ok	
692	{"family":"logit_l2","fold":3,"repeat":3,"rung":8}	0.174815	0.003	ok	
693	{"family":"logit_l2","fold":0,"repeat":4,"rung":8}	0.105309	0.003	ok	
694	{"family":"logit_l2","fold":1,"repeat":4,"rung":8}	0.038028	0.004	ok	
695	{"family":"logit_l2","fold":2,"repeat":4,"rung":8}	0.061489	0.004	ok	
696	{"family":"logit_l2","fold":3,"repeat":4,"rung":8}	0.064567	0.004	ok	
697	{"family":"logit_l2","fold":0,"repeat":5,"rung":8}	0.043275	0.004	ok	
698	{"family":"logit_l2","fold":1,"repeat":5,"rung":8}	0.092375	0.004	ok	
699	{"family":"logit_l2","fold":2,"repeat":5,"rung":8}	0.121223	0.003	ok	
700	{"family":"logit_l2","fold":3,"repeat":5,"rung":8}	0.060894	0.004	ok	
701	{"family":"logit_l2","fold":0,"repeat":6,"rung":8}	0.070042	0.004	ok	
702	{"family":"logit_l2","fold":1,"repeat":6,"rung":8}	0.084577	0.004	ok	
703	{"family":"logit_l2","fold":2,"repeat":6,"rung":8}	0.052943	0.004	ok	
704	{"family":"logit_l2","fold":3,"repeat":6,"rung":8}	0.061272	0.004	ok	
705	{"family":"logit_l2","fold":0,"repeat":7,"rung":8}	0.056275	0.003	ok	
706	{"family":"logit_l2","fold":1,"repeat":7,"rung":8}	0.088123	0.004	ok	
707	{"family":"logit_l2","fold":2,"repeat":7,"rung":8}	0.068185	0.004	ok	
708	{"family":"logit_l2","fold":3,"repeat":7,"rung":8}	0.075642	0.004	ok	
709	{"family":"logit_l2","fold":0,"repeat":8,"rung":8}	0.090210	0.003	ok	
710	{"family":"logit_l2","fold":1,"repeat":8,"rung":8}	0.094219	0.003	ok	
711	{"family":"logit_l2","fold":2,"repeat":8,"rung":8}	0.083848	0.003	ok	
712	{"family":"logit_l2","fold":3,"repeat":8,"rung":8}	0.127661	0.003	ok	
713	{"family":"logit_l2","fold":0,"repeat":9,"rung":8}	0.135955	0.003	ok	
714	{"family":"logit_l2","fold":1,"repeat":9,"rung":8}	0.113339	0.004	ok	
715	{"family":"logit_l2","fold":2,"repeat":9,"rung":8}	0.050336	0.004	ok	
716	{"family":"logit_l2","fold":3,"repeat":9,"rung":8}	0.102613	0.003	ok	
717	{"family":"logit_l2","fold":0,"repeat":10,"rung":8}	0.113650	0.004	ok	
718	{"family":"logit_l2","fold":1,"repeat":10,"rung":8}	0.061469	0.003	ok	
719	{"family":"logit_l2","fold":2,"repeat":10,"rung":8}	0.077129	0.004	ok	
720	{"family":"logit_l2","fold":3,"repeat":10,"rung":8}	0.105206	0.004	ok	
721	{"family":"knn_tuned","fold":0,"repeat":1,"rung":60}	0.082856	0.031	ok	
722	{"family":"knn_tuned","fold":1,"repeat":1,"rung":60}	0.032034	0.028	ok	
723	{"family":"knn_tuned","fold":2,"repeat":1,"rung":60}	0.023113	0.028	ok	
724	{"family":"knn_tuned","fold":3,"repeat":1,"rung":60}	0.023577	0.029	ok	
725	{"family":"knn_tuned","fold":0,"repeat":2,"rung":60}	0.122073	0.027	ok	
726	{"family":"knn_tuned","fold":1,"repeat":2,"rung":60}	0.018454	0.028	ok	
727	{"family":"knn_tuned","fold":2,"repeat":2,"rung":60}	0.036275	0.028	ok	
728	{"family":"knn_tuned","fold":3,"repeat":2,"rung":60}	0.007993	0.027	ok	
729	{"family":"knn_tuned","fold":0,"repeat":3,"rung":60}	0.012337	0.027	ok	
730	{"family":"knn_tuned","fold":1,"repeat":3,"rung":60}	0.039716	0.028	ok	
731	{"family":"knn_tuned","fold":2,"repeat":3,"rung":60}	0.039226	0.027	ok	
732	{"family":"knn_tuned","fold":3,"repeat":3,"rung":60}	0.070491	0.027	ok	
733	{"family":"knn_tuned","fold":0,"repeat":4,"rung":60}	0.078812	0.027	ok	
734	{"family":"knn_tuned","fold":1,"repeat":4,"rung":60}	0.017809	0.027	ok	
735	{"family":"knn_tuned","fold":2,"repeat":4,"rung":60}	0.041733	0.027	ok	
736	{"family":"knn_tuned","fold":3,"repeat":4,"rung":60}	0.038582	0.027	ok	
737	{"family":"knn_tuned","fold":0,"repeat":5,"rung":60}	0.009413	0.028	ok	
738	{"family":"knn_tuned","fold":1,"repeat":5,"rung":60}	0.041951	0.027	ok	
739	{"family":"knn_tuned","fold":2,"repeat":5,"rung":60}	0.080465	0.027	ok	
740	{"family":"knn_tuned","fold":3,"repeat":5,"rung":60}	0.083690	0.027	ok	
741	{"family":"knn_tuned","fold":0,"repeat":6,"rung":60}	0.015037	0.027	ok	
742	{"family":"knn_tuned","fold":1,"repeat":6,"rung":60}	0.082490	0.027	ok	
743	{"family":"knn_tuned","fold":2,"repeat":6,"rung":60}	0.015240	0.027	ok	
744	{"family":"knn_tuned","fold":3,"repeat":6,"rung":60}	0.062187	0.027	ok	
745	{"family":"knn_tuned","fold":0,"repeat":7,"rung":60}	0.048100	0.028	ok	
746	{"family":"knn_tuned","fold":1,"repeat":7,"rung":60}	0.039790	0.028	ok	
747	{"family":"knn_tuned","fold":2,"repeat":7,"rung":60}	0.051534	0.027	ok	
748	{"family":"knn_tuned","fold":3,"repeat":7,"rung":60}	0.035283	0.028	ok	
749	{"family":"knn_tuned","fold":0,"repeat":8,"rung":60}	0.022719	0.028	ok	
750	{"family":"knn_tuned","fold":1,"repeat":8,"rung":60}	0.043262	0.027	ok	
751	{"family":"knn_tuned","fold":2,"repeat":8,"rung":60}	0.029481	0.027	ok	
752	{"family":"knn_tuned","fold":3,"repeat":8,"rung":60}	0.039033	0.027	ok	
753	{"family":"knn_tuned","fold":0,"repeat":9,"rung":60}	0.031614	0.028	ok	
754	{"family":"knn_tuned","fold":1,"repeat":9,"rung":60}	0.054622	0.027	ok	
755	{"family":"knn_tuned","fold":2,"repeat":9,"rung":60}	0.049368	0.027	ok	
756	{"family":"knn_tuned","fold":3,"repeat":9,"rung":60}	0.023987	0.027	ok	
757	{"family":"knn_tuned","fold":0,"repeat":10,"rung":60}	0.012629	0.026	ok	
758	{"family":"knn_tuned","fold":1,"repeat":10,"rung":60}	0.022607	0.028	ok	
759	{"family":"knn_tuned","fold":2,"repeat":10,"rung":60}	0.035780	0.027	ok	
760	{"family":"knn_tuned","fold":3,"repeat":10,"rung":60}	0.139167	0.028	ok	
761	{"family":"knn_tuned","fold":0,"repeat":1,"rung":45}	0.059300	0.027	ok	
762	{"family":"knn_tuned","fold":1,"repeat":1,"rung":45}	0.039576	0.026	ok	
763	{"family":"knn_tuned","fold":2,"repeat":1,"rung":45}	0.020106	0.027	ok	
764	{"family":"knn_tuned","fold":3,"repeat":1,"rung":45}	0.029957	0.028	ok	
765	{"family":"knn_tuned","fold":0,"repeat":2,"rung":45}	0.091060	0.028	ok	
766	{"family":"knn_tuned","fold":1,"repeat":2,"rung":45}	0.032301	0.030	ok	
767	{"family":"knn_tuned","fold":2,"repeat":2,"rung":45}	0.067954	0.028	ok	
768	{"family":"knn_tuned","fold":3,"repeat":2,"rung":45}	0.014118	0.027	ok	
769	{"family":"knn_tuned","fold":0,"repeat":3,"rung":45}	0.020837	0.027	ok	
770	{"family":"knn_tuned","fold":1,"repeat":3,"rung":45}	0.064373	0.027	ok	
771	{"family":"knn_tuned","fold":2,"repeat":3,"rung":45}	0.021537	0.026	ok	
772	{"family":"knn_tuned","fold":3,"repeat":3,"rung":45}	0.074224	0.027	ok	
773	{"family":"knn_tuned","fold":0,"repeat":4,"rung":45}	0.049076	0.026	ok	
774	{"family":"knn_tuned","fold":1,"repeat":4,"rung":45}	0.052184	0.026	ok	
775	{"family":"knn_tuned","fold":2,"repeat":4,"rung":45}	0.040333	0.027	ok	
776	{"family":"knn_tuned","fold":3,"repeat":4,"rung":45}	0.041877	0.027	ok	
777	{"family":"knn_tuned","fold":0,"repeat":5,"rung":45}	0.005881	0.026	ok	
778	{"family":"knn_tuned","fold":1,"repeat":5,"rung":45}	0.060797	0.026	ok	
779	{"family":"knn_tuned","fold":2,"repeat":5,"rung":45}	0.081613	0.027	ok	
780	{"family":"knn_tuned","fold":3,"repeat":5,"rung":45}	0.064854	0.027	ok	
781	{"family":"knn_tuned","fold":0,"repeat":6,"rung":45}	0.014469	0.026	ok	
782	{"family":"knn_tuned","fold":1,"repeat":6,"rung":45}	0.065819	0.027	ok	
783	{"family":"knn_tuned","fold":2,"repeat":6,"rung":45}	0.017689	0.026	ok	
784	{"family":"knn_tuned","fold":3,"repeat":6,"rung":45}	0.098433	0.027	ok	
785	{"family":"knn_tuned","fold":0,"repeat":7,"rung":45}	0.033504	0.027	ok	
786	{"family":"knn_tuned","fold":1,"repeat":7,"rung":45}	0.045927	0.026	ok	
787	{"family":"knn_tuned","fold":2,"repeat":7,"rung":45}	0.071404	0.027	ok	
788	{"family":"knn_tuned","fold":3,"repeat":7,"rung":45}	0.019596	0.029	ok	
789	{"family":"knn_tuned","fold":0,"repeat":8,"rung":45}	0.016935	0.027	ok	
790	{"family":"knn_tuned","fold":1,"repeat":8,"rung":45}	0.058149	0.026	ok	
791	{"family":"knn_tuned","fold":2,"repeat":8,"rung":45}	0.035203	0.026	ok	
792	{"family":"knn_tuned","fold":3,"repeat":8,"rung":45}	0.043808	0.026	ok	
793	{"family":"knn_tuned","fold":0,"repeat":9,"rung":45}	0.061853	0.028	ok	
794	{"family":"knn_tuned","fold":1,"repeat":9,"rung":45}	0.064172	0.026	ok	
795	{"family":"knn_tuned","fold":2,"repeat":9,"rung":45}	0.045108	0.026	ok	
796	{"family":"knn_tuned","fold":3,"repeat":9,"rung":45}	0.049493	0.026	ok	
797	{"family":"knn_tuned","fold":0,"repeat":10,"rung":45}	0.014231	0.026	ok	
798	{"family":"knn_tuned","fold":1,"repeat":10,"rung":45}	0.043870	0.026	ok	
799	{"family":"knn_tuned","fold":2,"repeat":10,"rung":45}	0.059272	0.031	ok	
800	{"family":"knn_tuned","fold":3,"repeat":10,"rung":45}	0.093708	0.027	ok	
801	{"family":"knn_tuned","fold":0,"repeat":1,"rung":30}	0.070811	0.027	ok	
802	{"family":"knn_tuned","fold":1,"repeat":1,"rung":30}	0.037578	0.027	ok	
803	{"family":"knn_tuned","fold":2,"repeat":1,"rung":30}	0.033463	0.026	ok	
804	{"family":"knn_tuned","fold":3,"repeat":1,"rung":30}	0.012064	0.028	ok	
805	{"family":"knn_tuned","fold":0,"repeat":2,"rung":30}	0.093453	0.027	ok	
806	{"family":"knn_tuned","fold":1,"repeat":2,"rung":30}	0.038205	0.026	ok	
807	{"family":"knn_tuned","fold":2,"repeat":2,"rung":30}	0.109921	0.026	ok	
808	{"family":"knn_tuned","fold":3,"repeat":2,"rung":30}	0.011139	0.026	ok	
809	{"family":"knn_tuned","fold":0,"repeat":3,"rung":30}	0.018951	0.026	ok	
810	{"family":"knn_tuned","fold":1,"repeat":3,"rung":30}	0.061890	0.026	ok	
811	{"family":"knn_tuned","fold":2,"repeat":3,"rung":30}	0.040878	0.028	ok	
812	{"family":"knn_tuned","fold":3,"repeat":3,"rung":30}	0.083821	0.028	ok	
813	{"family":"knn_tuned","fold":0,"repeat":4,"rung":30}	0.043384	0.027	ok	
814	{"family":"knn_tuned","fold":1,"repeat":4,"rung":30}	0.058082	0.027	ok	
815	{"family":"knn_tuned","fold":2,"repeat":4,"rung":30}	0.048462	0.026	ok	
816	{"family":"knn_tuned","fold":3,"repeat":4,"rung":30}	0.019751	0.026	ok	
817	{"family":"knn_tuned","fold":0,"repeat":5,"rung":30}	0.060688	0.026	ok	
818	{"family":"knn_tuned","fold":1,"repeat":5,"rung":30}	0.067071	0.026	ok	
819	{"family":"knn_tuned","fold":2,"repeat":5,"rung":30}	0.076560	0.026	ok	
820	{"family":"knn_tuned","fold":3,"repeat":5,"rung":30}	0.051113	0.026	ok	
821	{"family":"knn_tuned","fold":0,"repeat":6,"rung":30}	0.018717	0.026	ok	
822	{"family":"knn_tuned","fold":1,"repeat":6,"rung":30}	0.082295	0.026	ok	
823	{"family":"knn_tuned","fold":2,"repeat":6,"rung":30}	0.051238	0.026	ok	
824	{"family":"knn_tuned","fold":3,"repeat":6,"rung":30}	0.126879	0.026	ok	
825	{"family":"knn_tuned","fold":0,"repeat":7,"rung":30}	0.034332	0.026	ok	
826	{"family":"knn_tuned","fold":1,"repeat":7,"rung":30}	0.087908	0.026	ok	
827	{"family":"knn_tuned","fold":2,"repeat":7,"rung":30}	0.078544	0.025	ok	
828	{"family":"knn_tuned","fold":3,"repeat":7,"rung":30}	0.075500	0.025	ok	
829	{"family":"knn_tuned","fold":0,"repeat":8,"rung":30}	0.029861	0.025	ok	
830	{"family":"knn_tuned","fold":1,"repeat":8,"rung":30}	0.049176	0.026	ok	
831	{"family":"knn_tuned","fold":2,"repeat":8,"rung":30}	0.032241	0.026	ok	
832	{"family":"knn_tuned","fold":3,"repeat":8,"rung":30}	0.058741	0.027	ok	
833	{"family":"knn_tuned","fold":0,"repeat":9,"rung":30}	0.023224	0.026	ok	
834	{"family":"knn_tuned","fold":1,"repeat":9,"rung":30}	0.125601	0.025	ok	
835	{"family":"knn_tuned","fold":2,"repeat":9,"rung":30}	0.056036	0.025	ok	
836	{"family":"knn_tuned","fold":3,"repeat":9,"rung":30}	0.063284	0.026	ok	
837	{"family":"knn_tuned","fold":0,"repeat":10,"rung":30}	0.027633	0.027	ok	
838	{"family":"knn_tuned","fold":1,"repeat":10,"rung":30}	0.052079	0.025	ok	
839	{"family":"knn_tuned","fold":2,"repeat":10,"rung":30}	0.047791	0.026	ok	
840	{"family":"knn_tuned","fold":3,"repeat":10,"rung":30}	0.114844	0.026	ok	
841	{"family":"knn_tuned","fold":0,"repeat":1,"rung":20}	0.079579	0.050	ok	
842	{"family":"knn_tuned","fold":1,"repeat":1,"rung":20}	0.060464	0.030	ok	
843	{"family":"knn_tuned","fold":2,"repeat":1,"rung":20}	0.066375	0.030	ok	
844	{"family":"knn_tuned","fold":3,"repeat":1,"rung":20}	0.035661	0.029	ok	
845	{"family":"knn_tuned","fold":0,"repeat":2,"rung":20}	0.083790	0.030	ok	
846	{"family":"knn_tuned","fold":1,"repeat":2,"rung":20}	0.024973	0.029	ok	
847	{"family":"knn_tuned","fold":2,"repeat":2,"rung":20}	0.126335	0.029	ok	
848	{"family":"knn_tuned","fold":3,"repeat":2,"rung":20}	0.031645	0.029	ok	
849	{"family":"knn_tuned","fold":0,"repeat":3,"rung":20}	0.003210	0.029	ok	
850	{"family":"knn_tuned","fold":1,"repeat":3,"rung":20}	0.058255	0.032	ok	
851	{"family":"knn_tuned","fold":2,"repeat":3,"rung":20}	0.052517	0.029	ok	
852	{"family":"knn_tuned","fold":3,"repeat":3,"rung":20}	0.083623	0.029	ok	
853	{"family":"knn_tuned","fold":0,"repeat":4,"rung":20}	0.038279	0.029	ok	
854	{"family":"knn_tuned","fold":1,"repeat":4,"rung":20}	0.075847	0.029	ok	
855	{"family":"knn_tuned","fold":2,"repeat":4,"rung":20}	0.071538	0.029	ok	
856	{"family":"knn_tuned","fold":3,"repeat":4,"rung":20}	0.050586	0.031	ok	
857	{"family":"knn_tuned","fold":0,"repeat":5,"rung":20}	0.059516	0.029	ok	
858	{"family":"knn_tuned","fold":1,"repeat":5,"rung":20}	0.049887	0.029	ok	
859	{"family":"knn_tuned","fold":2,"repeat":5,"rung":20}	0.061131	0.029	ok	
860	{"family":"knn_tuned","fold":3,"repeat":5,"rung":20}	0.081306	0.029	ok	
861	{"family":"knn_tuned","fold":0,"repeat":6,"rung":20}	0.039734	0.030	ok	
862	{"family":"knn_tuned","fold":1,"repeat":6,"rung":20}	0.076019	0.028	ok	
863	{"family":"knn_tuned","fold":2,"repeat":6,"rung":20}	0.070086	0.030	ok	
864	{"family":"knn_tuned","fold":3,"repeat":6,"rung":20}	0.081342	0.030	ok	
865	{"family":"knn_tuned","fold":0,"repeat":7,"rung":20}	0.048670	0.030	ok	
866	{"family":"knn_tuned","fold":1,"repeat":7,"rung":20}	0.108372	0.028	ok	
867	{"family":"knn_tuned","fold":2,"repeat":7,"rung":20}	0.069428	0.029	ok	
868	{"family":"knn_tuned","fold":3,"repeat":7,"rung":20}	0.129853	0.029	ok	
869	{"family":"knn_tuned","fold":0,"repeat":8,"rung":20}	0.036246	0.030	ok	
870	{"family":"knn_tuned","fold":1,"repeat":8,"rung":20}	0.076909	0.029	ok	
871	{"family":"knn_tuned","fold":2,"repeat":8,"rung":20}	0.047971	0.029	ok	
872	{"family":"knn_tuned","fold":3,"repeat":8,"rung":20}	0.072573	0.030	ok	
873	{"family":"knn_tuned","fold":0,"repeat":9,"rung":20}	0.059976	0.029	ok	
874	{"family":"knn_tuned","fold":1,"repeat":9,"rung":20}	0.101300	0.030	ok	
875	{"family":"knn_tuned","fold":2,"repeat":9,"rung":20}	0.085882	0.032	ok	
876	{"family":"knn_tuned","fold":3,"repeat":9,"rung":20}	0.110553	0.030	ok	
877	{"family":"knn_tuned","fold":0,"repeat":10,"rung":20}	0.020637	0.030	ok	
878	{"family":"knn_tuned","fold":1,"repeat":10,"rung":20}	0.035973	0.031	ok	
879	{"family":"knn_tuned","fold":2,"repeat":10,"rung":20}	0.067895	0.031	ok	
880	{"family":"knn_tuned","fold":3,"repeat":10,"rung":20}	0.120990	0.030	ok	
881	{"family":"knn_tuned","fold":0,"repeat":1,"rung":12}	0.133993	0.036	ok	
882	{"family":"knn_tuned","fold":1,"repeat":1,"rung":12}	0.067624	0.030	ok	
883	{"family":"knn_tuned","fold":2,"repeat":1,"rung":12}	0.052655	0.032	ok	
884	{"family":"knn_tuned","fold":3,"repeat":1,"rung":12}	0.100998	0.029	ok	
885	{"family":"knn_tuned","fold":0,"repeat":2,"rung":12}	0.151723	0.029	ok	
886	{"family":"knn_tuned","fold":1,"repeat":2,"rung":12}	0.041699	0.029	ok	
887	{"family":"knn_tuned","fold":2,"repeat":2,"rung":12}	0.080577	0.029	ok	
888	{"family":"knn_tuned","fold":3,"repeat":2,"rung":12}	0.029326	0.029	ok	
889	{"family":"knn_tuned","fold":0,"repeat":3,"rung":12}	0.010573	0.030	ok	
890	{"family":"knn_tuned","fold":1,"repeat":3,"rung":12}	0.134442	0.030	ok	
891	{"family":"knn_tuned","fold":2,"repeat":3,"rung":12}	0.060443	0.030	ok	
892	{"family":"knn_tuned","fold":3,"repeat":3,"rung":12}	0.225421	0.031	ok	
893	{"family":"knn_tuned","fold":0,"repeat":4,"rung":12}	0.096208	0.029	ok	
894	{"family":"knn_tuned","fold":1,"repeat":4,"rung":12}	0.072139	0.030	ok	
895	{"family":"knn_tuned","fold":2,"repeat":4,"rung":12}	0.117731	0.029	ok	
896	{"family":"knn_tuned","fold":3,"repeat":4,"rung":12}	0.046365	0.029	ok	
897	{"family":"knn_tuned","fold":0,"repeat":5,"rung":12}	0.060642	0.029	ok	
898	{"family":"knn_tuned","fold":1,"repeat":5,"rung":12}	0.058928	0.030	ok	
899	{"family":"knn_tuned","fold":2,"repeat":5,"rung":12}	0.110391	0.029	ok	
900	{"family":"knn_tuned","fold":3,"repeat":5,"rung":12}	0.093003	0.030	ok	
901	{"family":"knn_tuned","fold":0,"repeat":6,"rung":12}	0.057527	0.030	ok	
902	{"family":"knn_tuned","fold":1,"repeat":6,"rung":12}	0.065071	0.029	ok	
903	{"family":"knn_tuned","fold":2,"repeat":6,"rung":12}	0.082584	0.029	ok	
904	{"family":"knn_tuned","fold":3,"repeat":6,"rung":12}	0.099061	0.030	ok	
905	{"family":"knn_tuned","fold":0,"repeat":7,"rung":12}	0.072969	0.029	ok	
906	{"family":"knn_tuned","fold":1,"repeat":7,"rung":12}	0.095775	0.029	ok	
907	{"family":"knn_tuned","fold":2,"repeat":7,"rung":12}	0.073153	0.030	ok	
908	{"family":"knn_tuned","fold":3,"repeat":7,"rung":12}	0.101540	0.032	ok	
909	{"family":"knn_tuned","fold":0,"repeat":8,"rung":12}	0.082376	0.031	ok	
910	{"family":"knn_tuned","fold":1,"repeat":8,"rung":12}	0.093291	0.030	ok	
911	{"family":"knn_tuned","fold":2,"repeat":8,"rung":12}	0.103994	0.030	ok	
912	{"family":"knn_tuned","fold":3,"repeat":8,"rung":12}	0.058968	0.030	ok	
913	{"family":"knn_tuned","fold":0,"repeat":9,"rung":12}	0.042062	0.030	ok	
914	{"family":"knn_tuned","fold":1,"repeat":9,"rung":12}	0.109212	0.029	ok	
915	{"family":"knn_tuned","fold":2,"repeat":9,"rung":12}	0.088711	0.029	ok	
916	{"family":"knn_tuned","fold":3,"repeat":9,"rung":12}	0.120649	0.030	ok	
917	{"family":"knn_tuned","fold":0,"repeat":10,"rung":12}	0.041034	0.029	ok	
918	{"family":"knn_tuned","fold":1,"repeat":10,"rung":12}	0.085244	0.031	ok	
919	{"family":"knn_tuned","fold":2,"repeat":10,"rung":12}	0.053961	0.030	ok	
920	{"family":"knn_tuned","fold":3,"repeat":10,"rung":12}	0.121431	0.030	ok	
921	{"family":"knn_tuned","fold":0,"repeat":1,"rung":8}	0.147912	0.029	ok	
922	{"family":"knn_tuned","fold":1,"repeat":1,"rung":8}	0.102873	0.029	ok	
923	{"family":"knn_tuned","fold":2,"repeat":1,"rung":8}	0.086199	0.029	ok	
924	{"family":"knn_tuned","fold":3,"repeat":1,"rung":8}	0.104960	0.029	ok	
925	{"family":"knn_tuned","fold":0,"repeat":2,"rung":8}	0.155931	0.029	ok	
926	{"family":"knn_tuned","fold":1,"repeat":2,"rung":8}	0.088906	0.029	ok	
927	{"family":"knn_tuned","fold":2,"repeat":2,"rung":8}	0.063902	0.029	ok	
928	{"family":"knn_tuned","fold":3,"repeat":2,"rung":8}	0.080483	0.032	ok	
929	{"family":"knn_tuned","fold":0,"repeat":3,"rung":8}	0.025875	0.030	ok	
930	{"family":"knn_tuned","fold":1,"repeat":3,"rung":8}	0.151162	0.029	ok	
931	{"family":"knn_tuned","fold":2,"repeat":3,"rung":8}	0.087390	0.030	ok	
932	{"family":"knn_tuned","fold":3,"repeat":3,"rung":8}	0.186750	0.029	ok	
933	{"family":"knn_tuned","fold":0,"repeat":4,"rung":8}	0.167397	0.031	ok	
934	{"family":"knn_tuned","fold":1,"repeat":4,"rung":8}	0.066599	0.029	ok	
935	{"family":"knn_tuned","fold":2,"repeat":4,"rung":8}	0.074431	0.031	ok	
936	{"family":"knn_tuned","fold":3,"repeat":4,"rung":8}	0.057195	0.031	ok	
937	{"family":"knn_tuned","fold":0,"repeat":5,"rung":8}	0.073844	0.031	ok	
938	{"family":"knn_tuned","fold":1,"repeat":5,"rung":8}	0.072579	0.030	ok	
939	{"family":"knn_tuned","fold":2,"repeat":5,"rung":8}	0.131613	0.030	ok	
940	{"family":"knn_tuned","fold":3,"repeat":5,"rung":8}	0.082234	0.029	ok	
941	{"family":"knn_tuned","fold":0,"repeat":6,"rung":8}	0.047850	0.031	ok	
942	{"family":"knn_tuned","fold":1,"repeat":6,"rung":8}	0.129617	0.029	ok	
943	{"family":"knn_tuned","fold":2,"repeat":6,"rung":8}	0.041132	0.031	ok	
944	{"family":"knn_tuned","fold":3,"repeat":6,"rung":8}	0.058962	0.029	ok	
945	{"family":"knn_tuned","fold":0,"repeat":7,"rung":8}	0.075226	0.031	ok	
946	{"family":"knn_tuned","fold":1,"repeat":7,"rung":8}	0.125943	0.030	ok	
947	{"family":"knn_tuned","fold":2,"repeat":7,"rung":8}	0.075643	0.029	ok	
948	{"family":"knn_tuned","fold":3,"repeat":7,"rung":8}	0.099140	0.029	ok	
949	{"family":"knn_tuned","fold":0,"repeat":8,"rung":8}	0.073399	0.029	ok	
950	{"family":"knn_tuned","fold":1,"repeat":8,"rung":8}	0.081248	0.029	ok	
951	{"family":"knn_tuned","fold":2,"repeat":8,"rung":8}	0.178483	0.030	ok	
952	{"family":"knn_tuned","fold":3,"repeat":8,"rung":8}	0.127681	0.028	ok	
953	{"family":"knn_tuned","fold":0,"repeat":9,"rung":8}	0.156100	0.030	ok	
954	{"family":"knn_tuned","fold":1,"repeat":9,"rung":8}	0.094579	0.030	ok	
955	{"family":"knn_tuned","fold":2,"repeat":9,"rung":8}	0.143519	0.032	ok	
956	{"family":"knn_tuned","fold":3,"repeat":9,"rung":8}	0.119724	0.032	ok	
957	{"family":"knn_tuned","fold":0,"repeat":10,"rung":8}	0.110002	0.029	ok	
958	{"family":"knn_tuned","fold":1,"repeat":10,"rung":8}	0.086979	0.031	ok	
959	{"family":"knn_tuned","fold":2,"repeat":10,"rung":8}	0.059249	0.029	ok	
960	{"family":"knn_tuned","fold":3,"repeat":10,"rung":8}	0.115731	0.029	ok	
961	{"family":"svm_rbf_platt","fold":0,"repeat":1,"rung":60}	0.068202	0.013	ok	
962	{"family":"svm_rbf_platt","fold":1,"repeat":1,"rung":60}	0.030483	0.011	ok	
963	{"family":"svm_rbf_platt","fold":2,"repeat":1,"rung":60}	0.019879	0.011	ok	
964	{"family":"svm_rbf_platt","fold":3,"repeat":1,"rung":60}	0.023791	0.012	ok	
965	{"family":"svm_rbf_platt","fold":0,"repeat":2,"rung":60}	0.089303	0.012	ok	
966	{"family":"svm_rbf_platt","fold":1,"repeat":2,"rung":60}	0.016025	0.012	ok	
967	{"family":"svm_rbf_platt","fold":2,"repeat":2,"rung":60}	0.095419	0.011	ok	
968	{"family":"svm_rbf_platt","fold":3,"repeat":2,"rung":60}	0.009711	0.012	ok	
969	{"family":"svm_rbf_platt","fold":0,"repeat":3,"rung":60}	0.010246	0.012	ok	
970	{"family":"svm_rbf_platt","fold":1,"repeat":3,"rung":60}	0.039601	0.012	ok	
971	{"family":"svm_rbf_platt","fold":2,"repeat":3,"rung":60}	0.047444	0.011	ok	
972	{"family":"svm_rbf_platt","fold":3,"repeat":3,"rung":60}	0.059035	0.011	ok	
973	{"family":"svm_rbf_platt","fold":0,"repeat":4,"rung":60}	0.071324	0.011	ok	
974	{"family":"svm_rbf_platt","fold":1,"repeat":4,"rung":60}	0.015836	0.011	ok	
975	{"family":"svm_rbf_platt","fold":2,"repeat":4,"rung":60}	0.041960	0.011	ok	
976	{"family":"svm_rbf_platt","fold":3,"repeat":4,"rung":60}	0.054370	0.012	ok	
977	{"family":"svm_rbf_platt","fold":0,"repeat":5,"rung":60}	0.014462	0.012	ok	
978	{"family":"svm_rbf_platt","fold":1,"repeat":5,"rung":60}	0.030912	0.012	ok	
979	{"family":"svm_rbf_platt","fold":2,"repeat":5,"rung":60}	0.091439	0.011	ok	
980	{"family":"svm_rbf_platt","fold":3,"repeat":5,"rung":60}	0.074278	0.012	ok	
981	{"family":"svm_rbf_platt","fold":0,"repeat":6,"rung":60}	0.023321	0.012	ok	
982	{"family":"svm_rbf_platt","fold":1,"repeat":6,"rung":60}	0.075178	0.011	ok	
983	{"family":"svm_rbf_platt","fold":2,"repeat":6,"rung":60}	0.010061	0.012	ok	
984	{"family":"svm_rbf_platt","fold":3,"repeat":6,"rung":60}	0.082143	0.011	ok	
985	{"family":"svm_rbf_platt","fold":0,"repeat":7,"rung":60}	0.055134	0.012	ok	
986	{"family":"svm_rbf_platt","fold":1,"repeat":7,"rung":60}	0.063247	0.011	ok	
987	{"family":"svm_rbf_platt","fold":2,"repeat":7,"rung":60}	0.040163	0.012	ok	
988	{"family":"svm_rbf_platt","fold":3,"repeat":7,"rung":60}	0.019348	0.012	ok	
989	{"family":"svm_rbf_platt","fold":0,"repeat":8,"rung":60}	0.005095	0.011	ok	
990	{"family":"svm_rbf_platt","fold":1,"repeat":8,"rung":60}	0.055187	0.011	ok	
991	{"family":"svm_rbf_platt","fold":2,"repeat":8,"rung":60}	0.041082	0.012	ok	
992	{"family":"svm_rbf_platt","fold":3,"repeat":8,"rung":60}	0.044955	0.011	ok	
993	{"family":"svm_rbf_platt","fold":0,"repeat":9,"rung":60}	0.026700	0.011	ok	
994	{"family":"svm_rbf_platt","fold":1,"repeat":9,"rung":60}	0.067251	0.011	ok	
995	{"family":"svm_rbf_platt","fold":2,"repeat":9,"rung":60}	0.074599	0.011	ok	
996	{"family":"svm_rbf_platt","fold":3,"repeat":9,"rung":60}	0.023353	0.011	ok	
997	{"family":"svm_rbf_platt","fold":0,"repeat":10,"rung":60}	0.009860	0.011	ok	
998	{"family":"svm_rbf_platt","fold":1,"repeat":10,"rung":60}	0.038598	0.012	ok	
999	{"family":"svm_rbf_platt","fold":2,"repeat":10,"rung":60}	0.030821	0.011	ok	
1000	{"family":"svm_rbf_platt","fold":3,"repeat":10,"rung":60}	0.109066	0.011	ok	
1001	{"family":"svm_rbf_platt","fold":0,"repeat":1,"rung":45}	0.060850	0.011	ok	
1002	{"family":"svm_rbf_platt","fold":1,"repeat":1,"rung":45}	0.046023	0.011	ok	
1003	{"family":"svm_rbf_platt","fold":2,"repeat":1,"rung":45}	0.041776	0.011	ok	
1004	{"family":"svm_rbf_platt","fold":3,"repeat":1,"rung":45}	0.029357	0.010	ok	
1005	{"family":"svm_rbf_platt","fold":0,"repeat":2,"rung":45}	0.089037	0.011	ok	
1006	{"family":"svm_rbf_platt","fold":1,"repeat":2,"rung":45}	0.026302	0.011	ok	
1007	{"family":"svm_rbf_platt","fold":2,"repeat":2,"rung":45}	0.076194	0.010	ok	
1008	{"family":"svm_rbf_platt","fold":3,"repeat":2,"rung":45}	0.015202	0.010	ok	
1009	{"family":"svm_rbf_platt","fold":0,"repeat":3,"rung":45}	0.012862	0.011	ok	
1010	{"family":"svm_rbf_platt","fold":1,"repeat":3,"rung":45}	0.046964	0.011	ok	
1011	{"family":"svm_rbf_platt","fold":2,"repeat":3,"rung":45}	0.051619	0.011	ok	
1012	{"family":"svm_rbf_platt","fold":3,"repeat":3,"rung":45}	0.067141	0.010	ok	
1013	{"family":"svm_rbf_platt","fold":0,"repeat":4,"rung":45}	0.080095	0.011	ok	
1014	{"family":"svm_rbf_platt","fold":1,"repeat":4,"rung":45}	0.045256	0.011	ok	
1015	{"family":"svm_rbf_platt","fold":2,"repeat":4,"rung":45}	0.041645	0.010	ok	
1016	{"family":"svm_rbf_platt","fold":3,"repeat":4,"rung":45}	0.024813	0.011	ok	
1017	{"family":"svm_rbf_platt","fold":0,"repeat":5,"rung":45}	0.015636	0.011	ok	
1018	{"family":"svm_rbf_platt","fold":1,"repeat":5,"rung":45}	0.043656	0.011	ok	
1019	{"family":"svm_rbf_platt","fold":2,"repeat":5,"rung":45}	0.079377	0.010	ok	
1020	{"family":"svm_rbf_platt","fold":3,"repeat":5,"rung":45}	0.060600	0.011	ok	
1021	{"family":"svm_rbf_platt","fold":0,"repeat":6,"rung":45}	0.028812	0.010	ok	
1022	{"family":"svm_rbf_platt","fold":1,"repeat":6,"rung":45}	0.069669	0.010	ok	
1023	{"family":"svm_rbf_platt","fold":2,"repeat":6,"rung":45}	0.017883	0.011	ok	
1024	{"family":"svm_rbf_platt","fold":3,"repeat":6,"rung":45}	0.084414	0.012	ok	
1025	{"family":"svm_rbf_platt","fold":0,"repeat":7,"rung":45}	0.046562	0.010	ok	
1026	{"family":"svm_rbf_platt","fold":1,"repeat":7,"rung":45}	0.059720	0.011	ok	
1027	{"family":"svm_rbf_platt","fold":2,"repeat":7,"rung":45}	0.056990	0.011	ok	
1028	{"family":"svm_rbf_platt","fold":3,"repeat":7,"rung":45}	0.031055	0.011	ok	
1029	{"family":"svm_rbf_platt","fold":0,"repeat":8,"rung":45}	0.014074	0.011	ok	
1030	{"family":"svm_rbf_platt","fold":1,"repeat":8,"rung":45}	0.068354	0.011	ok	
1031	{"family":"svm_rbf_platt","fold":2,"repeat":8,"rung":45}	0.042949	0.011	ok	
1032	{"family":"svm_rbf_platt","fold":3,"repeat":8,"rung":45}	0.036139	0.011	ok	
1033	{"family":"svm_rbf_platt","fold":0,"repeat":9,"rung":45}	0.045205	0.011	ok	
1034	{"family":"svm_rbf_platt","fold":1,"repeat":9,"rung":45}	0.073191	0.011	ok	
1035	{"family":"svm_rbf_platt","fold":2,"repeat":9,"rung":45}	0.052050	0.011	ok	
1036	{"family":"svm_rbf_platt","fold":3,"repeat":9,"rung":45}	0.031971	0.011	ok	
1037	{"family":"svm_rbf_platt","fold":0,"repeat":10,"rung":45}	0.008181	0.011	ok	
1038	{"family":"svm_rbf_platt","fold":1,"repeat":10,"rung":45}	0.036113	0.011	ok	
1039	{"family":"svm_rbf_platt","fold":2,"repeat":10,"rung":45}	0.066325	0.010	ok	
1040	{"family":"svm_rbf_platt","fold":3,"repeat":10,"rung":45}	0.122063	0.010	ok	
1041	{"family":"svm_rbf_platt","fold":0,"repeat":1,"rung":30}	0.072391	0.010	ok	
1042	{"family":"svm_rbf_platt","fold":1,"repeat":1,"rung":30}	0.033417	0.010	ok	
1043	{"family":"svm_rbf_platt","fold":2,"repeat":1,"rung":30}	0.020932	0.010	ok	
1044	{"family":"svm_rbf_platt","fold":3,"repeat":1,"rung":30}	0.024602	0.010	ok	
1045	{"family":"svm_rbf_platt","fold":0,"repeat":2,"rung":30}	0.078269	0.010	ok	
1046	{"family":"svm_rbf_platt","fold":1,"repeat":2,"rung":30}	0.064628	0.012	ok	
1047	{"family":"svm_rbf_platt","fold":2,"repeat":2,"rung":30}	0.089085	0.011	ok	
1048	{"family":"svm_rbf_platt","fold":3,"repeat":2,"rung":30}	0.013366	0.010	ok	
1049	{"family":"svm_rbf_platt","fold":0,"repeat":3,"rung":30}	0.023258	0.010	ok	
1050	{"family":"svm_rbf_platt","fold":1,"repeat":3,"rung":30}	0.032214	0.010	ok	
1051	{"family":"svm_rbf_platt","fold":2,"repeat":3,"rung":30}	0.079012	0.010	ok	
1052	{"family":"svm_rbf_platt","fold":3,"repeat":3,"rung":30}	0.087062	0.010	ok	
1053	{"family":"svm_rbf_platt","fold":0,"repeat":4,"rung":30}	0.046698	0.011	ok	
1054	{"family":"svm_rbf_platt","fold":1,"repeat":4,"rung":30}	0.041932	0.010	ok	
1055	{"family":"svm_rbf_platt","fold":2,"repeat":4,"rung":30}	0.045469	0.010	ok	
1056	{"family":"svm_rbf_platt","fold":3,"repeat":4,"rung":30}	0.023256	0.010	ok	
1057	{"family":"svm_rbf_platt","fold":0,"repeat":5,"rung":30}	0.027600	0.010	ok	
1058	{"family":"svm_rbf_platt","fold":1,"repeat":5,"rung":30}	0.051222	0.011	ok	
1059	{"family":"svm_rbf_platt","fold":2,"repeat":5,"rung":30}	0.058127	0.010	ok	
1060	{"family":"svm_rbf_platt","fold":3,"repeat":5,"rung":30}	0.064224	0.010	ok	
1061	{"family":"svm_rbf_platt","fold":0,"repeat":6,"rung":30}	0.032163	0.010	ok	
1062	{"family":"svm_rbf_platt","fold":1,"repeat":6,"rung":30}	0.087661	0.010	ok	
1063	{"family":"svm_rbf_platt","fold":2,"repeat":6,"rung":30}	0.021416	0.010	ok	
1064	{"family":"svm_rbf_platt","fold":3,"repeat":6,"rung":30}	0.106132	0.010	ok	
1065	{"family":"svm_rbf_platt","fold":0,"repeat":7,"rung":30}	0.056611	0.010	ok	
1066	{"family":"svm_rbf_platt","fold":1,"repeat":7,"rung":30}	0.103794	0.010	ok	
1067	{"family":"svm_rbf_platt","fold":2,"repeat":7,"rung":30}	0.076880	0.010	ok	
1068	{"family":"svm_rbf_platt","fold":3,"repeat":7,"rung":30}	0.073082	0.010	ok	
1069	{"family":"svm_rbf_platt","fold":0,"repeat":8,"rung":30}	0.027693	0.011	ok	
1070	{"family":"svm_rbf_platt","fold":1,"repeat":8,"rung":30}	0.053651	0.011	ok	
1071	{"family":"svm_rbf_platt","fold":2,"repeat":8,"rung":30}	0.055048	0.011	ok	
1072	{"family":"svm_rbf_platt","fold":3,"repeat":8,"rung":30}	0.057267	0.010	ok	
1073	{"family":"svm_rbf_platt","fold":0,"repeat":9,"rung":30}	0.025135	0.010	ok	
1074	{"family":"svm_rbf_platt","fold":1,"repeat":9,"rung":30}	0.120172	0.010	ok	
1075	{"family":"svm_rbf_platt","fold":2,"repeat":9,"rung":30}	0.058781	0.010	ok	
1076	{"family":"svm_rbf_platt","fold":3,"repeat":9,"rung":30}	0.027328	0.011	ok	
1077	{"family":"svm_rbf_platt","fold":0,"repeat":10,"rung":30}	0.036858	0.010	ok	
1078	{"family":"svm_rbf_platt","fold":1,"repeat":10,"rung":30}	0.060062	0.011	ok	
1079	{"family":"svm_rbf_platt","fold":2,"repeat":10,"rung":30}	0.058835	0.010	ok	
1080	{"family":"svm_rbf_platt","fold":3,"repeat":10,"rung":30}	0.131134	0.010	ok	
1081	{"family":"svm_rbf_platt","fold":0,"repeat":1,"rung":20}	0.072927	0.009	ok	
1082	{"family":"svm_rbf_platt","fold":1,"repeat":1,"rung":20}	0.043351	0.010	ok	
1083	{"family":"svm_rbf_platt","fold":2,"repeat":1,"rung":20}	0.033691	0.011	ok	
1084	{"family":"svm_rbf_platt","fold":3,"repeat":1,"rung":20}	0.049336	0.010	ok	
1085	{"family":"svm_rbf_platt","fold":0,"repeat":2,"rung":20}	0.100292	0.010	ok	
1086	{"family":"svm_rbf_platt","fold":1,"repeat":2,"rung":20}	0.033471	0.010	ok	
1087	{"family":"svm_rbf_platt","fold":2,"repeat":2,"rung":20}	0.112902	0.009	ok	
1088	{"family":"svm_rbf_platt","fold":3,"repeat":2,"rung":20}	0.012792	0.010	ok	
1089	{"family":"svm_rbf_platt","fold":0,"repeat":3,"rung":20}	0.014295	0.010	ok	
1090	{"family":"svm_rbf_platt","fold":1,"repeat":3,"rung":20}	0.072475	0.010	ok	
1091	{"family":"svm_rbf_platt","fold":2,"repeat":3,"rung":20}	0.132061	0.010	ok	
1092	{"family":"svm_rbf_platt","fold":3,"repeat":3,"rung":20}	0.114662	0.010	ok	
1093	{"family":"svm_rbf_platt","fold":0,"repeat":4,"rung":20}	0.057777	0.010	ok	
1094	{"family":"svm_rbf_platt","fold":1,"repeat":4,"rung":20}	0.051020	0.009	ok	
1095	{"family":"svm_rbf_platt","fold":2,"repeat":4,"rung":20}	0.049364	0.009	ok	
1096	{"family":"svm_rbf_platt","fold":3,"repeat":4,"rung":20}	0.024110	0.010	ok	
1097	{"family":"svm_rbf_platt","fold":0,"repeat":5,"rung":20}	0.024306	0.009	ok	
1098	{"family":"svm_rbf_platt","fold":1,"repeat":5,"rung":20}	0.085697	0.009	ok	
1099	{"family":"svm_rbf_platt","fold":2,"repeat":5,"rung":20}	0.055218	0.010	ok	
1100	{"family":"svm_rbf_platt","fold":3,"repeat":5,"rung":20}	0.104047	0.010	ok	
1101	{"family":"svm_rbf_platt","fold":0,"repeat":6,"rung":20}	0.062667	0.009	ok	
1102	{"family":"svm_rbf_platt","fold":1,"repeat":6,"rung":20}	0.104731	0.009	ok	
1103	{"family":"svm_rbf_platt","fold":2,"repeat":6,"rung":20}	0.023300	0.010	ok	
1104	{"family":"svm_rbf_platt","fold":3,"repeat":6,"rung":20}	0.080098	0.009	ok	
1105	{"family":"svm_rbf_platt","fold":0,"repeat":7,"rung":20}	0.064868	0.009	ok	
1106	{"family":"svm_rbf_platt","fold":1,"repeat":7,"rung":20}	0.124592	0.009	ok	
1107	{"family":"svm_rbf_platt","fold":2,"repeat":7,"rung":20}	0.065928	0.009	ok	
1108	{"family":"svm_rbf_platt","fold":3,"repeat":7,"rung":20}	0.087199	0.009	ok	
1109	{"family":"svm_rbf_platt","fold":0,"repeat":8,"rung":20}	0.031221	0.010	ok	
1110	{"family":"svm_rbf_platt","fold":1,"repeat":8,"rung":20}	0.082304	0.010	ok	
1111	{"family":"svm_rbf_platt","fold":2,"repeat":8,"rung":20}	0.077121	0.010	ok	
1112	{"family":"svm_rbf_platt","fold":3,"repeat":8,"rung":20}	0.075643	0.010	ok	
1113	{"family":"svm_rbf_platt","fold":0,"repeat":9,"rung":20}	0.054087	0.010	ok	
1114	{"family":"svm_rbf_platt","fold":1,"repeat":9,"rung":20}	0.101949	0.009	ok	
1115	{"family":"svm_rbf_platt","fold":2,"repeat":9,"rung":20}	0.123741	0.009	ok	
1116	{"family":"svm_rbf_platt","fold":3,"repeat":9,"rung":20}	0.080463	0.009	ok	
1117	{"family":"svm_rbf_platt","fold":0,"repeat":10,"rung":20}	0.031421	0.010	ok	
1118	{"family":"svm_rbf_platt","fold":1,"repeat":10,"rung":20}	0.049348	0.010	ok	
1119	{"family":"svm_rbf_platt","fold":2,"repeat":10,"rung":20}	0.070599	0.009	ok	
1120	{"family":"svm_rbf_platt","fold":3,"repeat":10,"rung":20}	0.136960	0.010	ok	
1121	{"family":"svm_rbf_platt","fold":0,"repeat":1,"rung":12}	0.120057	0.009	ok	
1122	{"family":"svm_rbf_platt","fold":1,"repeat":1,"rung":12}	0.092058	0.009	ok	
1123	{"family":"svm_rbf_platt","fold":2,"repeat":1,"rung":12}	0.058358	0.010	ok	
1124	{"family":"svm_rbf_platt","fold":3,"repeat":1,"rung":12}	0.094710	0.009	ok	
1125	{"family":"svm_rbf_platt","fold":0,"repeat":2,"rung":12}	0.128235	0.009	ok	
1126	{"family":"svm_rbf_platt","fold":1,"repeat":2,"rung":12}	0.061452	0.009	ok	
1127	{"family":"svm_rbf_platt","fold":2,"repeat":2,"rung":12}	0.140616	0.009	ok	
1128	{"family":"svm_rbf_platt","fold":3,"repeat":2,"rung":12}	0.062807	0.009	ok	
1129	{"family":"svm_rbf_platt","fold":0,"repeat":3,"rung":12}	0.026723	0.009	ok	
1130	{"family":"svm_rbf_platt","fold":1,"repeat":3,"rung":12}	0.177063	0.009	ok	
1131	{"family":"svm_rbf_platt","fold":2,"repeat":3,"rung":12}	0.135443	0.009	ok	
1132	{"family":"svm_rbf_platt","fold":3,"repeat":3,"rung":12}	0.204094	0.009	ok	
1133	{"family":"svm_rbf_platt","fold":0,"repeat":4,"rung":12}	0.136757	0.009	ok	
1134	{"family":"svm_rbf_platt","fold":1,"repeat":4,"rung":12}	0.073203	0.009	ok	
1135	{"family":"svm_rbf_platt","fold":2,"repeat":4,"rung":12}	0.058149	0.009	ok	
1136	{"family":"svm_rbf_platt","fold":3,"repeat":4,"rung":12}	0.068764	0.009	ok	
1137	{"family":"svm_rbf_platt","fold":0,"repeat":5,"rung":12}	0.048933	0.010	ok	
1138	{"family":"svm_rbf_platt","fold":1,"repeat":5,"rung":12}	0.092393	0.009	ok	
1139	{"family":"svm_rbf_platt","fold":2,"repeat":5,"rung":12}	0.074962	0.009	ok	
1140	{"family":"svm_rbf_platt","fold":3,"repeat":5,"rung":12}	0.056831	0.009	ok	
1141	{"family":"svm_rbf_platt","fold":0,"repeat":6,"rung":12}	0.090453	0.009	ok	
1142	{"family":"svm_rbf_platt","fold":1,"repeat":6,"rung":12}	0.109959	0.009	ok	
1143	{"family":"svm_rbf_platt","fold":2,"repeat":6,"rung":12}	0.069061	0.009	ok	
1144	{"family":"svm_rbf_platt","fold":3,"repeat":6,"rung":12}	0.147537	0.009	ok	
1145	{"family":"svm_rbf_platt","fold":0,"repeat":7,"rung":12}	0.130960	0.009	ok	
1146	{"family":"svm_rbf_platt","fold":1,"repeat":7,"rung":12}	0.187869	0.009	ok	
1147	{"family":"svm_rbf_platt","fold":2,"repeat":7,"rung":12}	0.108090	0.009	ok	
1148	{"family":"svm_rbf_platt","fold":3,"repeat":7,"rung":12}	0.082698	0.009	ok	
1149	{"family":"svm_rbf_platt","fold":0,"repeat":8,"rung":12}	0.079671	0.009	ok	
1150	{"family":"svm_rbf_platt","fold":1,"repeat":8,"rung":12}	0.144029	0.010	ok	
1151	{"family":"svm_rbf_platt","fold":2,"repeat":8,"rung":12}	0.101545	0.009	ok	
1152	{"family":"svm_rbf_platt","fold":3,"repeat":8,"rung":12}	0.070563	0.009	ok	
1153	{"family":"svm_rbf_platt","fold":0,"repeat":9,"rung":12}	0.081125	0.009	ok	
1154	{"family":"svm_rbf_platt","fold":1,"repeat":9,"rung":12}	0.088353	0.009	ok	
1155	{"family":"svm_rbf_platt","fold":2,"repeat":9,"rung":12}	0.100204	0.009	ok	
1156	{"family":"svm_rbf_platt","fold":3,"repeat":9,"rung":12}	0.103917	0.009	ok	
1157	{"family":"svm_rbf_platt","fold":0,"repeat":10,"rung":12}	0.045926	0.009	ok	
1158	{"family":"svm_rbf_platt","fold":1,"repeat":10,"rung":12}	0.100386	0.009	ok	
1159	{"family":"svm_rbf_platt","fold":2,"repeat":10,"rung":12}	0.065125	0.010	ok	
1160	{"family":"svm_rbf_platt","fold":3,"repeat":10,"rung":12}	0.142580	0.009	ok	
1161	{"family":"svm_rbf_platt","fold":0,"repeat":1,"rung":8}	0.174275	0.009	ok	
1162	{"family":"svm_rbf_platt","fold":1,"repeat":1,"rung":8}	0.088151	0.009	ok	
1163	{"family":"svm_rbf_platt","fold":2,"repeat":1,"rung":8}	0.055941	0.010	ok	
1164	{"family":"svm_rbf_platt","fold":3,"repeat":1,"rung":8}	0.103285	0.009	ok	
1165	{"family":"svm_rbf_platt","fold":0,"repeat":2,"rung":8}	0.126539	0.009	ok	
1166	{"family":"svm_rbf_platt","fold":1,"repeat":2,"rung":8}	0.115349	0.010	ok	
1167	{"family":"svm_rbf_platt","fold":2,"repeat":2,"rung":8}	0.139355	0.010	ok	
1168	{"family":"svm_rbf_platt","fold":3,"repeat":2,"rung":8}	0.203335	0.009	ok	
1169	{"family":"svm_rbf_platt","fold":0,"repeat":3,"rung":8}	0.057522	0.009	ok	
1170	{"family":"svm_rbf_platt","fold":1,"repeat":3,"rung":8}	0.193378	0.009	ok	
1171	{"family":"svm_rbf_platt","fold":2,"repeat":3,"rung":8}	0.154563	0.009	ok	
1172	{"family":"svm_rbf_platt","fold":3,"repeat":3,"rung":8}	0.178542	0.009	ok	
1173	{"family":"svm_rbf_platt","fold":0,"repeat":4,"rung":8}	0.052167	0.009	ok	
1174	{"family":"svm_rbf_platt","fold":1,"repeat":4,"rung":8}	0.077015	0.009	ok	
1175	{"family":"svm_rbf_platt","fold":2,"repeat":4,"rung":8}	0.092841	0.009	ok	
1176	{"family":"svm_rbf_platt","fold":3,"repeat":4,"rung":8}	0.119915	0.009	ok	
1177	{"family":"svm_rbf_platt","fold":0,"repeat":5,"rung":8}	0.278780	0.009	ok	
1178	{"family":"svm_rbf_platt","fold":1,"repeat":5,"rung":8}	0.138033	0.010	ok	
1179	{"family":"svm_rbf_platt","fold":2,"repeat":5,"rung":8}	0.233171	0.009	ok	
1180	{"family":"svm_rbf_platt","fold":3,"repeat":5,"rung":8}	0.131982	0.009	ok	
1181	{"family":"svm_rbf_platt","fold":0,"repeat":6,"rung":8}	0.125184	0.009	ok	
1182	{"family":"svm_rbf_platt","fold":1,"repeat":6,"rung":8}	0.095318	0.009	ok	
1183	{"family":"svm_rbf_platt","fold":2,"repeat":6,"rung":8}	0.201356	0.009	ok	
1184	{"family":"svm_rbf_platt","fold":3,"repeat":6,"rung":8}	0.146099	0.009	ok	
1185	{"family":"svm_rbf_platt","fold":0,"repeat":7,"rung":8}	0.177205	0.009	ok	
1186	{"family":"svm_rbf_platt","fold":1,"repeat":7,"rung":8}	0.224842	0.009	ok	
1187	{"family":"svm_rbf_platt","fold":2,"repeat":7,"rung":8}	0.175282	0.009	ok	
1188	{"family":"svm_rbf_platt","fold":3,"repeat":7,"rung":8}	0.170049	0.009	ok	
1189	{"family":"svm_rbf_platt","fold":0,"repeat":8,"rung":8}	0.165648	0.009	ok	
1190	{"family":"svm_rbf_platt","fold":1,"repeat":8,"rung":8}	0.131069	0.009	ok	
1191	{"family":"svm_rbf_platt","fold":2,"repeat":8,"rung":8}	0.339545	0.009	ok	
1192	{"family":"svm_rbf_platt","fold":3,"repeat":8,"rung":8}	0.128316	0.009	ok	
1193	{"family":"svm_rbf_platt","fold":0,"repeat":9,"rung":8}	0.141616	0.009	ok	
1194	{"family":"svm_rbf_platt","fold":1,"repeat":9,"rung":8}	0.135729	0.009	ok	
1195	{"family":"svm_rbf_platt","fold":2,"repeat":9,"rung":8}	0.191199	0.009	ok	
1196	{"family":"svm_rbf_platt","fold":3,"repeat":9,"rung":8}	0.147717	0.009	ok	
1197	{"family":"svm_rbf_platt","fold":0,"repeat":10,"rung":8}	0.116131	0.009	ok	
1198	{"family":"svm_rbf_platt","fold":1,"repeat":10,"rung":8}	0.296763	0.009	ok	
1199	{"family":"svm_rbf_platt","fold":2,"repeat":10,"rung":8}	0.078104	0.009	ok	
1200	{"family":"svm_rbf_platt","fold":3,"repeat":10,"rung":8}	0.142352	0.009	ok	
1201	{"family":"hgbt","fold":0,"repeat":1,"rung":60}	0.115685	0.294	ok	
1202	{"family":"hgbt","fold":1,"repeat":1,"rung":60}	0.145020	0.380	ok	
1203	{"family":"hgbt","fold":2,"repeat":1,"rung":60}	0.071016	0.340	ok	
1204	{"family":"hgbt","fold":3,"repeat":1,"rung":60}	0.050004	0.293	ok	
1205	{"family":"hgbt","fold":0,"repeat":2,"rung":60}	0.149910	0.364	ok	
1206	{"family":"hgbt","fold":1,"repeat":2,"rung":60}	0.049997	0.310	ok	
1207	{"family":"hgbt","fold":2,"repeat":2,"rung":60}	0.148182	0.314	ok	
1208	{"family":"hgbt","fold":3,"repeat":2,"rung":60}	0.002612	0.312	ok	
1209	{"family":"hgbt","fold":0,"repeat":3,"rung":60}	0.008765	0.317	ok	
1210	{"family":"hgbt","fold":1,"repeat":3,"rung":60}	0.146321	0.303	ok	
1211	{"family":"hgbt","fold":2,"repeat":3,"rung":60}	0.089548	0.304	ok	
1212	{"family":"hgbt","fold":3,"repeat":3,"rung":60}	0.149965	0.307	ok	
1213	{"family":"hgbt","fold":0,"repeat":4,"rung":60}	0.145375	0.320	ok	
1214	{"family":"hgbt","fold":1,"repeat":4,"rung":60}	0.023373	0.311	ok	
1215	{"family":"hgbt","fold":2,"repeat":4,"rung":60}	0.079190	0.308	ok	
1216	{"family":"hgbt","fold":3,"repeat":4,"rung":60}	0.147334	0.290	ok	
1217	{"family":"hgbt","fold":0,"repeat":5,"rung":60}	0.026312	0.304	ok	
1218	{"family":"hgbt","fold":1,"repeat":5,"rung":60}	0.100049	0.300	ok	
1219	{"family":"hgbt","fold":2,"repeat":5,"rung":60}	0.186636	0.307	ok	
1220	{"family":"hgbt","fold":3,"repeat":5,"rung":60}	0.081465	0.307	ok	
1221	{"family":"hgbt","fold":0,"repeat":6,"rung":60}	0.049928	0.277	ok	
1222	{"family":"hgbt","fold":1,"repeat":6,"rung":60}	0.093272	0.301	ok	
1223	{"family":"hgbt","fold":2,"repeat":6,"rung":60}	0.008328	0.304	ok	
1224	{"family":"hgbt","fold":3,"repeat":6,"rung":60}	0.191892	0.286	ok	
1225	{"family":"hgbt","fold":0,"repeat":7,"rung":60}	0.100064	0.284	ok	
1226	{"family":"hgbt","fold":1,"repeat":7,"rung":60}	0.096599	0.293	ok	
1227	{"family":"hgbt","fold":2,"repeat":7,"rung":60}	0.098961	0.286	ok	
1228	{"family":"hgbt","fold":3,"repeat":7,"rung":60}	0.118016	0.291	ok	
1229	{"family":"hgbt","fold":0,"repeat":8,"rung":60}	0.017917	0.295	ok	
1230	{"family":"hgbt","fold":1,"repeat":8,"rung":60}	0.099459	0.291	ok	
1231	{"family":"hgbt","fold":2,"repeat":8,"rung":60}	0.067969	0.296	ok	
1232	{"family":"hgbt","fold":3,"repeat":8,"rung":60}	0.099878	0.293	ok	
1233	{"family":"hgbt","fold":0,"repeat":9,"rung":60}	0.050000	0.282	ok	
1234	{"family":"hgbt","fold":1,"repeat":9,"rung":60}	0.199780	0.284	ok	
1235	{"family":"hgbt","fold":2,"repeat":9,"rung":60}	0.138503	0.291	ok	
1236	{"family":"hgbt","fold":3,"repeat":9,"rung":60}	0.050009	0.300	ok	
1237	{"family":"hgbt","fold":0,"repeat":10,"rung":60}	0.000252	0.307	ok	
1238	{"family":"hgbt","fold":1,"repeat":10,"rung":60}	0.050303	0.288	ok	
1239	{"family":"hgbt","fold":2,"repeat":10,"rung":60}	0.110679	0.302	ok	
1240	{"family":"hgbt","fold":3,"repeat":10,"rung":60}	0.151009	0.288	ok	
1241	{"family":"hgbt","fold":0,"repeat":1,"rung":45}	0.133408	0.299	ok	
1242	{"family":"hgbt","fold":1,"repeat":1,"rung":45}	0.155609	0.286	ok	
1243	{"family":"hgbt","fold":2,"repeat":1,"rung":45}	0.050033	0.288	ok	
1244	{"family":"hgbt","fold":3,"repeat":1,"rung":45}	0.050144	0.302	ok	
1245	{"family":"hgbt","fold":0,"repeat":2,"rung":45}	0.149893	0.290	ok	
1246	{"family":"hgbt","fold":1,"repeat":2,"rung":45}	0.049783	0.290	ok	
1247	{"family":"hgbt","fold":2,"repeat":2,"rung":45}	0.099878	0.288	ok	
1248	{"family":"hgbt","fold":3,"repeat":2,"rung":45}	0.000016	0.283	ok	
1249	{"family":"hgbt","fold":0,"repeat":3,"rung":45}	0.003144	0.280	ok	
1250	{"family":"hgbt","fold":1,"repeat":3,"rung":45}	0.080972	0.294	ok	
1251	{"family":"hgbt","fold":2,"repeat":3,"rung":45}	0.056998	0.292	ok	
1252	{"family":"hgbt","fold":3,"repeat":3,"rung":45}	0.099971	0.269	ok	
1253	{"family":"hgbt","fold":0,"repeat":4,"rung":45}	0.149987	0.183	ok	
1254	{"family":"hgbt","fold":1,"repeat":4,"rung":45}	0.049748	0.280	ok	
1255	{"family":"hgbt","fold":2,"repeat":4,"rung":45}	0.056150	0.273	ok	
1256	{"family":"hgbt","fold":3,"repeat":4,"rung":45}	0.126869	0.281	ok	
1257	{"family":"hgbt","fold":0,"repeat":5,"rung":45}	0.000017	0.314	ok	
1258	{"family":"hgbt","fold":1,"repeat":5,"rung":45}	0.051973	0.295	ok	
1259	{"family":"hgbt","fold":2,"repeat":5,"rung":45}	0.189455	0.293	ok	
1260	{"family":"hgbt","fold":3,"repeat":5,"rung":45}	0.112920	0.286	ok	
1261	{"family":"hgbt","fold":0,"repeat":6,"rung":45}	0.049994	0.273	ok	
1262	{"family":"hgbt","fold":1,"repeat":6,"rung":45}	0.109588	0.285	ok	
1263	{"family":"hgbt","fold":2,"repeat":6,"rung":45}	0.011716	0.284	ok	
1264	{"family":"hgbt","fold":3,"repeat":6,"rung":45}	0.190721	0.284	ok	
1265	{"family":"hgbt","fold":0,"repeat":7,"rung":45}	0.116222	0.307	ok	
1266	{"family":"hgbt","fold":1,"repeat":7,"rung":45}	0.100250	0.292	ok	
1267	{"family":"hgbt","fold":2,"repeat":7,"rung":45}	0.049533	0.282	ok	
1268	{"family":"hgbt","fold":3,"repeat":7,"rung":45}	0.099561	0.290	ok	
1269	{"family":"hgbt","fold":0,"repeat":8,"rung":45}	0.000423	0.287	ok	
1270	{"family":"hgbt","fold":1,"repeat":8,"rung":45}	0.050029	0.280	ok	
1271	{"family":"hgbt","fold":2,"repeat":8,"rung":45}	0.149837	0.288	ok	
1272	{"family":"hgbt","fold":3,"repeat":8,"rung":45}	0.076024	0.286	ok	
1273	{"family":"hgbt","fold":0,"repeat":9,"rung":45}	0.050329	0.280	ok	
1274	{"family":"hgbt","fold":1,"repeat":9,"rung":45}	0.102419	0.296	ok	
1275	{"family":"hgbt","fold":2,"repeat":9,"rung":45}	0.049982	0.305	ok	
1276	{"family":"hgbt","fold":3,"repeat":9,"rung":45}	0.050075	0.290	ok	
1277	{"family":"hgbt","fold":0,"repeat":10,"rung":45}	0.000205	0.292	ok	
1278	{"family":"hgbt","fold":1,"repeat":10,"rung":45}	0.070707	0.299	ok	
1279	{"family":"hgbt","fold":2,"repeat":10,"rung":45}	0.148210	0.294	ok	
1280	{"family":"hgbt","fold":3,"repeat":10,"rung":45}	0.249978	0.174	ok	
1281	{"family":"hgbt","fold":0,"repeat":1,"rung":30}	0.121522	0.280	ok	
1282	{"family":"hgbt","fold":1,"repeat":1,"rung":30}	0.090806	0.280	ok	
1283	{"family":"hgbt","fold":2,"repeat":1,"rung":30}	0.048844	0.274	ok	
1284	{"family":"hgbt","fold":3,"repeat":1,"rung":30}	0.075174	0.260	ok	
1285	{"family":"hgbt","fold":0,"repeat":2,"rung":30}	0.149789	0.280	ok	
1286	{"family":"hgbt","fold":1,"repeat":2,"rung":30}	0.001160	0.287	ok	
1287	{"family":"hgbt","fold":2,"repeat":2,"rung":30}	0.099564	0.296	ok	
1288	{"family":"hgbt","fold":3,"repeat":2,"rung":30}	0.000001	0.284	ok	
1289	{"family":"hgbt","fold":0,"repeat":3,"rung":30}	0.024939	0.278	ok	
1290	{"family":"hgbt","fold":1,"repeat":3,"rung":30}	0.036595	0.248	ok	
1291	{"family":"hgbt","fold":2,"repeat":3,"rung":30}	0.097175	0.265	ok	
1292	{"family":"hgbt","fold":3,"repeat":3,"rung":30}	0.145836	0.278	ok	
1293	{"family":"hgbt","fold":0,"repeat":4,"rung":30}	0.149980	0.170	ok	
1294	{"family":"hgbt","fold":1,"repeat":4,"rung":30}	0.148807	0.275	ok	
1295	{"family":"hgbt","fold":2,"repeat":4,"rung":30}	0.099506	0.264	ok	
1296	{"family":"hgbt","fold":3,"repeat":4,"rung":30}	0.099561	0.268	ok	
1297	{"family":"hgbt","fold":0,"repeat":5,"rung":30}	0.000216	0.263	ok	
1298	{"family":"hgbt","fold":1,"repeat":5,"rung":30}	0.082126	0.286	ok	
1299	{"family":"hgbt","fold":2,"repeat":5,"rung":30}	0.139356	0.278	ok	
1300	{"family":"hgbt","fold":3,"repeat":5,"rung":30}	0.120284	0.275	ok	
1301	{"family":"hgbt","fold":0,"repeat":6,"rung":30}	0.049990	0.276	ok	
1302	{"family":"hgbt","fold":1,"repeat":6,"rung":30}	0.056759	0.313	ok	
1303	{"family":"hgbt","fold":2,"repeat":6,"rung":30}	0.000034	0.296	ok	
1304	{"family":"hgbt","fold":3,"repeat":6,"rung":30}	0.195573	0.281	ok	
1305	{"family":"hgbt","fold":0,"repeat":7,"rung":30}	0.101019	0.283	ok	
1306	{"family":"hgbt","fold":1,"repeat":7,"rung":30}	0.099987	0.171	ok	
1307	{"family":"hgbt","fold":2,"repeat":7,"rung":30}	0.050342	0.277	ok	
1308	{"family":"hgbt","fold":3,"repeat":7,"rung":30}	0.044804	0.288	ok	
1309	{"family":"hgbt","fold":0,"repeat":8,"rung":30}	0.000013	0.282	ok	
1310	{"family":"hgbt","fold":1,"repeat":8,"rung":30}	0.050016	0.269	ok	
1311	{"family":"hgbt","fold":2,"repeat":8,"rung":30}	0.145820	0.266	ok	
1312	{"family":"hgbt","fold":3,"repeat":8,"rung":30}	0.094746	0.275	ok	
1313	{"family":"hgbt","fold":0,"repeat":9,"rung":30}	0.149980	0.172	ok	
1314	{"family":"hgbt","fold":1,"repeat":9,"rung":30}	0.068160	0.276	ok	
1315	{"family":"hgbt","fold":2,"repeat":9,"rung":30}	0.131933	0.292	ok	
1316	{"family":"hgbt","fold":3,"repeat":9,"rung":30}	0.049993	0.299	ok	
1317	{"family":"hgbt","fold":0,"repeat":10,"rung":30}	0.099987	0.182	ok	
1318	{"family":"hgbt","fold":1,"repeat":10,"rung":30}	0.040101	0.292	ok	
1319	{"family":"hgbt","fold":2,"repeat":10,"rung":30}	0.100175	0.283	ok	
1320	{"family":"hgbt","fold":3,"repeat":10,"rung":30}	0.249967	0.170	ok	
1321	{"family":"hgbt","fold":0,"repeat":1,"rung":20}	0.199961	0.164	ok	
1322	{"family":"hgbt","fold":1,"repeat":1,"rung":20}	0.156294	0.195	ok	
1323	{"family":"hgbt","fold":2,"repeat":1,"rung":20}	0.030398	0.192	ok	
1324	{"family":"hgbt","fold":3,"repeat":1,"rung":20}	0.049990	0.162	ok	
1325	{"family":"hgbt","fold":0,"repeat":2,"rung":20}	0.099980	0.162	ok	
1326	{"family":"hgbt","fold":1,"repeat":2,"rung":20}	0.035959	0.201	ok	
1327	{"family":"hgbt","fold":2,"repeat":2,"rung":20}	0.104017	0.204	ok	
1328	{"family":"hgbt","fold":3,"repeat":2,"rung":20}	0.000010	0.213	ok	
1329	{"family":"hgbt","fold":0,"repeat":3,"rung":20}	0.000000	0.183	ok	
1330	{"family":"hgbt","fold":1,"repeat":3,"rung":20}	0.028678	0.234	ok	
1331	{"family":"hgbt","fold":2,"repeat":3,"rung":20}	0.099980	0.177	ok	
1332	{"family":"hgbt","fold":3,"repeat":3,"rung":20}	0.099980	0.168	ok	
1333	{"family":"hgbt","fold":0,"repeat":4,"rung":20}	0.149971	0.163	ok	
1334	{"family":"hgbt","fold":1,"repeat":4,"rung":20}	0.093832	0.199	ok	
1335	{"family":"hgbt","fold":2,"repeat":4,"rung":20}	0.099980	0.166	ok	
1336	{"family":"hgbt","fold":3,"repeat":4,"rung":20}	0.099980	0.176	ok	
1337	{"family":"hgbt","fold":0,"repeat":5,"rung":20}	0.016866	0.208	ok	
1338	{"family":"hgbt","fold":1,"repeat":5,"rung":20}	0.096035	0.198	ok	
1339	{"family":"hgbt","fold":2,"repeat":5,"rung":20}	0.114352	0.210	ok	
1340	{"family":"hgbt","fold":3,"repeat":5,"rung":20}	0.120380	0.224	ok	
1341	{"family":"hgbt","fold":0,"repeat":6,"rung":20}	0.049990	0.219	ok	
1342	{"family":"hgbt","fold":1,"repeat":6,"rung":20}	0.149971	0.172	ok	
1343	{"family":"hgbt","fold":2,"repeat":6,"rung":20}	0.002006	0.194	ok	
1344	{"family":"hgbt","fold":3,"repeat":6,"rung":20}	0.199961	0.170	ok	
1345	{"family":"hgbt","fold":0,"repeat":7,"rung":20}	0.099770	0.208	ok	
1346	{"family":"hgbt","fold":1,"repeat":7,"rung":20}	0.099980	0.178	ok	
1347	{"family":"hgbt","fold":2,"repeat":7,"rung":20}	0.098888	0.205	ok	
1348	{"family":"hgbt","fold":3,"repeat":7,"rung":20}	0.055071	0.289	ok	
1349	{"family":"hgbt","fold":0,"repeat":8,"rung":20}	0.000000	0.213	ok	
1350	{"family":"hgbt","fold":1,"repeat":8,"rung":20}	0.098456	0.244	ok	
1351	{"family":"hgbt","fold":2,"repeat":8,"rung":20}	0.050511	0.235	ok	
1352	{"family":"hgbt","fold":3,"repeat":8,"rung":20}	0.056052	0.201	ok	
1353	{"family":"hgbt","fold":0,"repeat":9,"rung":20}	0.149971	0.175	ok	
1354	{"family":"hgbt","fold":1,"repeat":9,"rung":20}	0.099980	0.175	ok	
1355	{"family":"hgbt","fold":2,"repeat":9,"rung":20}	0.099980	0.190	ok	
1356	{"family":"hgbt","fold":3,"repeat":9,"rung":20}	0.050192	0.210	ok	
1357	{"family":"hgbt","fold":0,"repeat":10,"rung":20}	0.099980	0.171	ok	
1358	{"family":"hgbt","fold":1,"repeat":10,"rung":20}	0.047747	0.206	ok	
1359	{"family":"hgbt","fold":2,"repeat":10,"rung":20}	0.110938	0.213	ok	
1360	{"family":"hgbt","fold":3,"repeat":10,"rung":20}	0.249951	0.185	ok	
1361	{"family":"hgbt","fold":0,"repeat":1,"rung":12}	0.049984	0.129	ok	
1362	{"family":"hgbt","fold":1,"repeat":1,"rung":12}	0.199935	0.127	ok	
1363	{"family":"hgbt","fold":2,"repeat":1,"rung":12}	0.049984	0.112	ok	
1364	{"family":"hgbt","fold":3,"repeat":1,"rung":12}	0.199935	0.115	ok	
1365	{"family":"hgbt","fold":0,"repeat":2,"rung":12}	0.099968	0.129	ok	
1366	{"family":"hgbt","fold":1,"repeat":2,"rung":12}	0.049984	0.109	ok	
1367	{"family":"hgbt","fold":2,"repeat":2,"rung":12}	0.085480	0.115	ok	
1368	{"family":"hgbt","fold":3,"repeat":2,"rung":12}	0.000581	0.118	ok	
1369	{"family":"hgbt","fold":0,"repeat":3,"rung":12}	0.049984	0.113	ok	
1370	{"family":"hgbt","fold":1,"repeat":3,"rung":12}	0.099968	0.125	ok	
1371	{"family":"hgbt","fold":2,"repeat":3,"rung":12}	0.099968	0.116	ok	
1372	{"family":"hgbt","fold":3,"repeat":3,"rung":12}	0.149951	0.121	ok	
1373	{"family":"hgbt","fold":0,"repeat":4,"rung":12}	0.149951	0.112	ok	
1374	{"family":"hgbt","fold":1,"repeat":4,"rung":12}	0.066708	0.120	ok	
1375	{"family":"hgbt","fold":2,"repeat":4,"rung":12}	0.049984	0.117	ok	
1376	{"family":"hgbt","fold":3,"repeat":4,"rung":12}	0.099968	0.113	ok	
1377	{"family":"hgbt","fold":0,"repeat":5,"rung":12}	0.000001	0.116	ok	
1378	{"family":"hgbt","fold":1,"repeat":5,"rung":12}	0.249919	0.127	ok	
1379	{"family":"hgbt","fold":2,"repeat":5,"rung":12}	0.199935	0.113	ok	
1380	{"family":"hgbt","fold":3,"repeat":5,"rung":12}	0.049984	0.120	ok	
1381	{"family":"hgbt","fold":0,"repeat":6,"rung":12}	0.049984	0.119	ok	
1382	{"family":"hgbt","fold":1,"repeat":6,"rung":12}	0.149951	0.119	ok	
1383	{"family":"hgbt","fold":2,"repeat":6,"rung":12}	0.168397	0.122	ok	
1384	{"family":"hgbt","fold":3,"repeat":6,"rung":12}	0.199935	0.122	ok	
1385	{"family":"hgbt","fold":0,"repeat":7,"rung":12}	0.097508	0.123	ok	
1386	{"family":"hgbt","fold":1,"repeat":7,"rung":12}	0.099968	0.117	ok	
1387	{"family":"hgbt","fold":2,"repeat":7,"rung":12}	0.049984	0.118	ok	
1388	{"family":"hgbt","fold":3,"repeat":7,"rung":12}	0.049984	0.120	ok	
1389	{"family":"hgbt","fold":0,"repeat":8,"rung":12}	0.000000	0.118	ok	
1390	{"family":"hgbt","fold":1,"repeat":8,"rung":12}	0.160709	0.124	ok	
1391	{"family":"hgbt","fold":2,"repeat":8,"rung":12}	0.085905	0.122	ok	
1392	{"family":"hgbt","fold":3,"repeat":8,"rung":12}	0.099968	0.116	ok	
1393	{"family":"hgbt","fold":0,"repeat":9,"rung":12}	0.099968	0.116	ok	
1394	{"family":"hgbt","fold":1,"repeat":9,"rung":12}	0.099968	0.118	ok	
1395	{"family":"hgbt","fold":2,"repeat":9,"rung":12}	0.099968	0.119	ok	
1396	{"family":"hgbt","fold":3,"repeat":9,"rung":12}	0.049984	0.118	ok	
1397	{"family":"hgbt","fold":0,"repeat":10,"rung":12}	0.099968	0.120	ok	
1398	{"family":"hgbt","fold":1,"repeat":10,"rung":12}	0.149951	0.121	ok	
1399	{"family":"hgbt","fold":2,"repeat":10,"rung":12}	0.049984	0.118	ok	
1400	{"family":"hgbt","fold":3,"repeat":10,"rung":12}	0.249919	0.133	ok	
1401	{"family":"hgbt","fold":0,"repeat":1,"rung":8}	0.250000	0.096	ok	
1402	{"family":"hgbt","fold":1,"repeat":1,"rung":8}	0.250000	0.093	ok	
1403	{"family":"hgbt","fold":2,"repeat":1,"rung":8}	0.250000	0.087	ok	
1404	{"family":"hgbt","fold":3,"repeat":1,"rung":8}	0.250000	0.080	ok	
1405	{"family":"hgbt","fold":0,"repeat":2,"rung":8}	0.250000	0.082	ok	
1406	{"family":"hgbt","fold":1,"repeat":2,"rung":8}	0.250000	0.080	ok	
1407	{"family":"hgbt","fold":2,"repeat":2,"rung":8}	0.250000	0.079	ok	
1408	{"family":"hgbt","fold":3,"repeat":2,"rung":8}	0.250000	0.079	ok	
1409	{"family":"hgbt","fold":0,"repeat":3,"rung":8}	0.250000	0.072	ok	
1410	{"family":"hgbt","fold":1,"repeat":3,"rung":8}	0.250000	0.075	ok	
1411	{"family":"hgbt","fold":2,"repeat":3,"rung":8}	0.250000	0.075	ok	
1412	{"family":"hgbt","fold":3,"repeat":3,"rung":8}	0.250000	0.082	ok	
1413	{"family":"hgbt","fold":0,"repeat":4,"rung":8}	0.250000	0.080	ok	
1414	{"family":"hgbt","fold":1,"repeat":4,"rung":8}	0.250000	0.078	ok	
1415	{"family":"hgbt","fold":2,"repeat":4,"rung":8}	0.250000	0.080	ok	
1416	{"family":"hgbt","fold":3,"repeat":4,"rung":8}	0.250000	0.079	ok	
1417	{"family":"hgbt","fold":0,"repeat":5,"rung":8}	0.250000	0.078	ok	
1418	{"family":"hgbt","fold":1,"repeat":5,"rung":8}	0.250000	0.094	ok	
1419	{"family":"hgbt","fold":2,"repeat":5,"rung":8}	0.250000	0.091	ok	
1420	{"family":"hgbt","fold":3,"repeat":5,"rung":8}	0.250000	0.099	ok	
1421	{"family":"hgbt","fold":0,"repeat":6,"rung":8}	0.250000	0.087	ok	
1422	{"family":"hgbt","fold":1,"repeat":6,"rung":8}	0.250000	0.083	ok	
1423	{"family":"hgbt","fold":2,"repeat":6,"rung":8}	0.250000	0.082	ok	
1424	{"family":"hgbt","fold":3,"repeat":6,"rung":8}	0.250000	0.079	ok	
1425	{"family":"hgbt","fold":0,"repeat":7,"rung":8}	0.250000	0.081	ok	
1426	{"family":"hgbt","fold":1,"repeat":7,"rung":8}	0.250000	0.072	ok	
1427	{"family":"hgbt","fold":2,"repeat":7,"rung":8}	0.250000	0.074	ok	
1428	{"family":"hgbt","fold":3,"repeat":7,"rung":8}	0.250000	0.077	ok	
1429	{"family":"hgbt","fold":0,"repeat":8,"rung":8}	0.250000	0.075	ok	
1430	{"family":"hgbt","fold":1,"repeat":8,"rung":8}	0.250000	0.074	ok	
1431	{"family":"hgbt","fold":2,"repeat":8,"rung":8}	0.250000	0.072	ok	
1432	{"family":"hgbt","fold":3,"repeat":8,"rung":8}	0.250000	0.073	ok	
1433	{"family":"hgbt","fold":0,"repeat":9,"rung":8}	0.250000	0.077	ok	
1434	{"family":"hgbt","fold":1,"repeat":9,"rung":8}	0.250000	0.075	ok	
1435	{"family":"hgbt","fold":2,"repeat":9,"rung":8}	0.250000	0.075	ok	
1436	{"family":"hgbt","fold":3,"repeat":9,"rung":8}	0.250000	0.085	ok	
1437	{"family":"hgbt","fold":0,"repeat":10,"rung":8}	0.250000	0.087	ok	
1438	{"family":"hgbt","fold":1,"repeat":10,"rung":8}	0.250000	0.081	ok	
1439	{"family":"hgbt","fold":2,"repeat":10,"rung":8}	0.250000	0.081	ok	
1440	{"family":"hgbt","fold":3,"repeat":10,"rung":8}	0.250000	0.079	ok	
1441	{"family":"tabpfn","fold":0,"repeat":1,"rung":60}	0.048950	0.929	ok	
1442	{"family":"tabpfn","fold":1,"repeat":1,"rung":60}	0.024933	0.128	ok	
1443	{"family":"tabpfn","fold":2,"repeat":1,"rung":60}	0.025360	0.129	ok	
1444	{"family":"tabpfn","fold":3,"repeat":1,"rung":60}	0.013352	0.127	ok	
1445	{"family":"tabpfn","fold":0,"repeat":2,"rung":60}	0.090323	0.126	ok	
1446	{"family":"tabpfn","fold":1,"repeat":2,"rung":60}	0.013742	0.126	ok	
1447	{"family":"tabpfn","fold":2,"repeat":2,"rung":60}	0.053764	0.128	ok	
1448	{"family":"tabpfn","fold":3,"repeat":2,"rung":60}	0.005192	0.127	ok	
1449	{"family":"tabpfn","fold":0,"repeat":3,"rung":60}	0.002812	0.126	ok	
1450	{"family":"tabpfn","fold":1,"repeat":3,"rung":60}	0.026995	0.127	ok	
1451	{"family":"tabpfn","fold":2,"repeat":3,"rung":60}	0.056750	0.125	ok	
1452	{"family":"tabpfn","fold":3,"repeat":3,"rung":60}	0.057642	0.124	ok	
1453	{"family":"tabpfn","fold":0,"repeat":4,"rung":60}	0.064066	0.130	ok	
1454	{"family":"tabpfn","fold":1,"repeat":4,"rung":60}	0.011599	0.125	ok	
1455	{"family":"tabpfn","fold":2,"repeat":4,"rung":60}	0.047028	0.123	ok	
1456	{"family":"tabpfn","fold":3,"repeat":4,"rung":60}	0.040102	0.125	ok	
1457	{"family":"tabpfn","fold":0,"repeat":5,"rung":60}	0.001342	0.123	ok	
1458	{"family":"tabpfn","fold":1,"repeat":5,"rung":60}	0.033382	0.126	ok	
1459	{"family":"tabpfn","fold":2,"repeat":5,"rung":60}	0.074858	0.125	ok	
1460	{"family":"tabpfn","fold":3,"repeat":5,"rung":60}	0.051470	0.127	ok	
1461	{"family":"tabpfn","fold":0,"repeat":6,"rung":60}	0.015901	0.125	ok	
1462	{"family":"tabpfn","fold":1,"repeat":6,"rung":60}	0.080196	0.122	ok	
1463	{"family":"tabpfn","fold":2,"repeat":6,"rung":60}	0.005920	0.131	ok	
1464	{"family":"tabpfn","fold":3,"repeat":6,"rung":60}	0.055554	0.130	ok	
1465	{"family":"tabpfn","fold":0,"repeat":7,"rung":60}	0.054403	0.129	ok	
1466	{"family":"tabpfn","fold":1,"repeat":7,"rung":60}	0.050505	0.127	ok	
1467	{"family":"tabpfn","fold":2,"repeat":7,"rung":60}	0.034303	0.126	ok	
1468	{"family":"tabpfn","fold":3,"repeat":7,"rung":60}	0.016707	0.124	ok	
1469	{"family":"tabpfn","fold":0,"repeat":8,"rung":60}	0.004479	0.123	ok	
1470	{"family":"tabpfn","fold":1,"repeat":8,"rung":60}	0.020911	0.122	ok	
1471	{"family":"tabpfn","fold":2,"repeat":8,"rung":60}	0.056845	0.127	ok	
1472	{"family":"tabpfn","fold":3,"repeat":8,"rung":60}	0.028301	0.127	ok	
1473	{"family":"tabpfn","fold":0,"repeat":9,"rung":60}	0.023838	0.120	ok	
1474	{"family":"tabpfn","fold":1,"repeat":9,"rung":60}	0.069849	0.122	ok	
1475	{"family":"tabpfn","fold":2,"repeat":9,"rung":60}	0.044736	0.122	ok	
1476	{"family":"tabpfn","fold":3,"repeat":9,"rung":60}	0.017420	0.127	ok	
1477	{"family":"tabpfn","fold":0,"repeat":10,"rung":60}	0.008719	0.163	ok	
1478	{"family":"tabpfn","fold":1,"repeat":10,"rung":60}	0.014348	0.127	ok	
1479	{"family":"tabpfn","fold":2,"repeat":10,"rung":60}	0.021989	0.128	ok	
1480	{"family":"tabpfn","fold":3,"repeat":10,"rung":60}	0.120274	0.125	ok	
1481	{"family":"tabpfn","fold":0,"repeat":1,"rung":45}	0.054107	0.126	ok	
1482	{"family":"tabpfn","fold":1,"repeat":1,"rung":45}	0.022474	0.127	ok	
1483	{"family":"tabpfn","fold":2,"repeat":1,"rung":45}	0.027651	0.124	ok	
1484	{"family":"tabpfn","fold":3,"repeat":1,"rung":45}	0.021778	0.123	ok	
1485	{"family":"tabpfn","fold":0,"repeat":2,"rung":45}	0.087458	0.119	ok	
1486	{"family":"tabpfn","fold":1,"repeat":2,"rung":45}	0.016144	0.121	ok	
1487	{"family":"tabpfn","fold":2,"repeat":2,"rung":45}	0.035014	0.124	ok	
1488	{"family":"tabpfn","fold":3,"repeat":2,"rung":45}	0.001641	0.123	ok	
1489	{"family":"tabpfn","fold":0,"repeat":3,"rung":45}	0.004245	0.125	ok	
1490	{"family":"tabpfn","fold":1,"repeat":3,"rung":45}	0.014274	0.124	ok	
1491	{"family":"tabpfn","fold":2,"repeat":3,"rung":45}	0.051142	0.124	ok	
1492	{"family":"tabpfn","fold":3,"repeat":3,"rung":45}	0.069601	0.123	ok	
1493	{"family":"tabpfn","fold":0,"repeat":4,"rung":45}	0.076669	0.123	ok	
1494	{"family":"tabpfn","fold":1,"repeat":4,"rung":45}	0.033828	0.123	ok	
1495	{"family":"tabpfn","fold":2,"repeat":4,"rung":45}	0.045738	0.122	ok	
1496	{"family":"tabpfn","fold":3,"repeat":4,"rung":45}	0.063779	0.123	ok	
1497	{"family":"tabpfn","fold":0,"repeat":5,"rung":45}	0.008972	0.122	ok	
1498	{"family":"tabpfn","fold":1,"repeat":5,"rung":45}	0.027743	0.123	ok	
1499	{"family":"tabpfn","fold":2,"repeat":5,"rung":45}	0.065901	0.122	ok	
1500	{"family":"tabpfn","fold":3,"repeat":5,"rung":45}	0.056719	0.122	ok	
1501	{"family":"tabpfn","fold":0,"repeat":6,"rung":45}	0.022599	0.124	ok	
1502	{"family":"tabpfn","fold":1,"repeat":6,"rung":45}	0.078903	0.123	ok	
1503	{"family":"tabpfn","fold":2,"repeat":6,"rung":45}	0.006369	0.123	ok	
1504	{"family":"tabpfn","fold":3,"repeat":6,"rung":45}	0.064004	0.125	ok	
1505	{"family":"tabpfn","fold":0,"repeat":7,"rung":45}	0.061362	0.126	ok	
1506	{"family":"tabpfn","fold":1,"repeat":7,"rung":45}	0.068440	0.126	ok	
1507	{"family":"tabpfn","fold":2,"repeat":7,"rung":45}	0.026584	0.124	ok	
1508	{"family":"tabpfn","fold":3,"repeat":7,"rung":45}	0.018631	0.123	ok	
1509	{"family":"tabpfn","fold":0,"repeat":8,"rung":45}	0.003096	0.124	ok	
1510	{"family":"tabpfn","fold":1,"repeat":8,"rung":45}	0.022541	0.123	ok	
1511	{"family":"tabpfn","fold":2,"repeat":8,"rung":45}	0.072506	0.123	ok	
1512	{"family":"tabpfn","fold":3,"repeat":8,"rung":45}	0.035342	0.124	ok	
1513	{"family":"tabpfn","fold":0,"repeat":9,"rung":45}	0.022933	0.122	ok	
1514	{"family":"tabpfn","fold":1,"repeat":9,"rung":45}	0.060047	0.124	ok	
1515	{"family":"tabpfn","fold":2,"repeat":9,"rung":45}	0.055909	0.124	ok	
1516	{"family":"tabpfn","fold":3,"repeat":9,"rung":45}	0.031539	0.124	ok	
1517	{"family":"tabpfn","fold":0,"repeat":10,"rung":45}	0.003197	0.121	ok	
1518	{"family":"tabpfn","fold":1,"repeat":10,"rung":45}	0.015489	0.124	ok	
1519	{"family":"tabpfn","fold":2,"repeat":10,"rung":45}	0.037885	0.124	ok	
1520	{"family":"tabpfn","fold":3,"repeat":10,"rung":45}	0.155583	0.123	ok	
1521	{"family":"tabpfn","fold":0,"repeat":1,"rung":30}	0.049136	0.111	ok	
1522	{"family":"tabpfn","fold":1,"repeat":1,"rung":30}	0.036672	0.111	ok	
1523	{"family":"tabpfn","fold":2,"repeat":1,"rung":30}	0.032159	0.109	ok	
1524	{"family":"tabpfn","fold":3,"repeat":1,"rung":30}	0.009577	0.108	ok	
1525	{"family":"tabpfn","fold":0,"repeat":2,"rung":30}	0.080023	0.109	ok	
1526	{"family":"tabpfn","fold":1,"repeat":2,"rung":30}	0.014955	0.107	ok	
1527	{"family":"tabpfn","fold":2,"repeat":2,"rung":30}	0.035004	0.109	ok	
1528	{"family":"tabpfn","fold":3,"repeat":2,"rung":30}	0.003526	0.107	ok	
1529	{"family":"tabpfn","fold":0,"repeat":3,"rung":30}	0.016984	0.108	ok	
1530	{"family":"tabpfn","fold":1,"repeat":3,"rung":30}	0.010143	0.108	ok	
1531	{"family":"tabpfn","fold":2,"repeat":3,"rung":30}	0.042034	0.107	ok	
1532	{"family":"tabpfn","fold":3,"repeat":3,"rung":30}	0.085893	0.107	ok	
1533	{"family":"tabpfn","fold":0,"repeat":4,"rung":30}	0.048811	0.106	ok	
1534	{"family":"tabpfn","fold":1,"repeat":4,"rung":30}	0.024353	0.108	ok	
1535	{"family":"tabpfn","fold":2,"repeat":4,"rung":30}	0.052757	0.112	ok	
1536	{"family":"tabpfn","fold":3,"repeat":4,"rung":30}	0.013298	0.107	ok	
1537	{"family":"tabpfn","fold":0,"repeat":5,"rung":30}	0.008035	0.107	ok	
1538	{"family":"tabpfn","fold":1,"repeat":5,"rung":30}	0.029875	0.108	ok	
1539	{"family":"tabpfn","fold":2,"repeat":5,"rung":30}	0.067516	0.107	ok	
1540	{"family":"tabpfn","fold":3,"repeat":5,"rung":30}	0.053023	0.109	ok	
1541	{"family":"tabpfn","fold":0,"repeat":6,"rung":30}	0.013890	0.109	ok	
1542	{"family":"tabpfn","fold":1,"repeat":6,"rung":30}	0.065633	0.108	ok	
1543	{"family":"tabpfn","fold":2,"repeat":6,"rung":30}	0.026441	0.108	ok	
1544	{"family":"tabpfn","fold":3,"repeat":6,"rung":30}	0.079625	0.107	ok	
1545	{"family":"tabpfn","fold":0,"repeat":7,"rung":30}	0.054381	0.108	ok	
1546	{"family":"tabpfn","fold":1,"repeat":7,"rung":30}	0.091337	0.108	ok	
1547	{"family":"tabpfn","fold":2,"repeat":7,"rung":30}	0.035224	0.108	ok	
1548	{"family":"tabpfn","fold":3,"repeat":7,"rung":30}	0.045187	0.109	ok	
1549	{"family":"tabpfn","fold":0,"repeat":8,"rung":30}	0.010131	0.107	ok	
1550	{"family":"tabpfn","fold":1,"repeat":8,"rung":30}	0.023986	0.108	ok	
1551	{"family":"tabpfn","fold":2,"repeat":8,"rung":30}	0.083076	0.107	ok	
1552	{"family":"tabpfn","fold":3,"repeat":8,"rung":30}	0.041001	0.107	ok	
1553	{"family":"tabpfn","fold":0,"repeat":9,"rung":30}	0.017984	0.108	ok	
1554	{"family":"tabpfn","fold":1,"repeat":9,"rung":30}	0.120802	0.107	ok	
1555	{"family":"tabpfn","fold":2,"repeat":9,"rung":30}	0.047657	0.107	ok	
1556	{"family":"tabpfn","fold":3,"repeat":9,"rung":30}	0.020630	0.108	ok	
1557	{"family":"tabpfn","fold":0,"repeat":10,"rung":30}	0.030851	0.107	ok	
1558	{"family":"tabpfn","fold":1,"repeat":10,"rung":30}	0.006543	0.106	ok	
1559	{"family":"tabpfn","fold":2,"repeat":10,"rung":30}	0.047274	0.108	ok	
1560	{"family":"tabpfn","fold":3,"repeat":10,"rung":30}	0.158343	0.107	ok	
1561	{"family":"tabpfn","fold":0,"repeat":1,"rung":20}	0.043104	0.087	ok	
1562	{"family":"tabpfn","fold":1,"repeat":1,"rung":20}	0.040568	0.087	ok	
1563	{"family":"tabpfn","fold":2,"repeat":1,"rung":20}	0.037069	0.087	ok	
1564	{"family":"tabpfn","fold":3,"repeat":1,"rung":20}	0.024202	0.089	ok	
1565	{"family":"tabpfn","fold":0,"repeat":2,"rung":20}	0.079583	0.090	ok	
1566	{"family":"tabpfn","fold":1,"repeat":2,"rung":20}	0.015784	0.088	ok	
1567	{"family":"tabpfn","fold":2,"repeat":2,"rung":20}	0.059430	0.090	ok	
1568	{"family":"tabpfn","fold":3,"repeat":2,"rung":20}	0.007859	0.087	ok	
1569	{"family":"tabpfn","fold":0,"repeat":3,"rung":20}	0.003639	0.087	ok	
1570	{"family":"tabpfn","fold":1,"repeat":3,"rung":20}	0.024421	0.088	ok	
1571	{"family":"tabpfn","fold":2,"repeat":3,"rung":20}	0.081924	0.088	ok	
1572	{"family":"tabpfn","fold":3,"repeat":3,"rung":20}	0.077281	0.088	ok	
1573	{"family":"tabpfn","fold":0,"repeat":4,"rung":20}	0.049137	0.086	ok	
1574	{"family":"tabpfn","fold":1,"repeat":4,"rung":20}	0.042625	0.086	ok	
1575	{"family":"tabpfn","fold":2,"repeat":4,"rung":20}	0.057023	0.088	ok	
1576	{"family":"tabpfn","fold":3,"repeat":4,"rung":20}	0.023110	0.087	ok	
1577	{"family":"tabpfn","fold":0,"repeat":5,"rung":20}	0.010951	0.087	ok	
1578	{"family":"tabpfn","fold":1,"repeat":5,"rung":20}	0.035096	0.088	ok	
1579	{"family":"tabpfn","fold":2,"repeat":5,"rung":20}	0.056803	0.087	ok	
1580	{"family":"tabpfn","fold":3,"repeat":5,"rung":20}	0.067474	0.087	ok	
1581	{"family":"tabpfn","fold":0,"repeat":6,"rung":20}	0.023484	0.089	ok	
1582	{"family":"tabpfn","fold":1,"repeat":6,"rung":20}	0.082103	0.087	ok	
1583	{"family":"tabpfn","fold":2,"repeat":6,"rung":20}	0.041675	0.087	ok	
1584	{"family":"tabpfn","fold":3,"repeat":6,"rung":20}	0.118694	0.087	ok	
1585	{"family":"tabpfn","fold":0,"repeat":7,"rung":20}	0.060312	0.086	ok	
1586	{"family":"tabpfn","fold":1,"repeat":7,"rung":20}	0.090911	0.087	ok	
1587	{"family":"tabpfn","fold":2,"repeat":7,"rung":20}	0.044159	0.086	ok	
1588	{"family":"tabpfn","fold":3,"repeat":7,"rung":20}	0.033453	0.087	ok	
1589	{"family":"tabpfn","fold":0,"repeat":8,"rung":20}	0.003824	0.090	ok	
1590	{"family":"tabpfn","fold":1,"repeat":8,"rung":20}	0.039797	0.089	ok	
1591	{"family":"tabpfn","fold":2,"repeat":8,"rung":20}	0.066824	0.088	ok	
1592	{"family":"tabpfn","fold":3,"repeat":8,"rung":20}	0.040594	0.087	ok	
1593	{"family":"tabpfn","fold":0,"repeat":9,"rung":20}	0.036394	0.088	ok	
1594	{"family":"tabpfn","fold":1,"repeat":9,"rung":20}	0.049389	0.088	ok	
1595	{"family":"tabpfn","fold":2,"repeat":9,"rung":20}	0.077628	0.087	ok	
1596	{"family":"tabpfn","fold":3,"repeat":9,"rung":20}	0.024504	0.084	ok	
1597	{"family":"tabpfn","fold":0,"repeat":10,"rung":20}	0.011293	0.086	ok	
1598	{"family":"tabpfn","fold":1,"repeat":10,"rung":20}	0.006220	0.087	ok	
1599	{"family":"tabpfn","fold":2,"repeat":10,"rung":20}	0.062460	0.086	ok	
1600	{"family":"tabpfn","fold":3,"repeat":10,"rung":20}	0.146836	0.086	ok	
1601	{"family":"tabpfn","fold":0,"repeat":1,"rung":12}	0.083474	0.084	ok	
1602	{"family":"tabpfn","fold":1,"repeat":1,"rung":12}	0.052774	0.085	ok	
1603	{"family":"tabpfn","fold":2,"repeat":1,"rung":12}	0.027750	0.084	ok	
1604	{"family":"tabpfn","fold":3,"repeat":1,"rung":12}	0.019564	0.083	ok	
1605	{"family":"tabpfn","fold":0,"repeat":2,"rung":12}	0.081822	0.084	ok	
1606	{"family":"tabpfn","fold":1,"repeat":2,"rung":12}	0.028869	0.084	ok	
1607	{"family":"tabpfn","fold":2,"repeat":2,"rung":12}	0.067113	0.085	ok	
1608	{"family":"tabpfn","fold":3,"repeat":2,"rung":12}	0.021457	0.083	ok	
1609	{"family":"tabpfn","fold":0,"repeat":3,"rung":12}	0.012876	0.084	ok	
1610	{"family":"tabpfn","fold":1,"repeat":3,"rung":12}	0.068042	0.123	ok	
1611	{"family":"tabpfn","fold":2,"repeat":3,"rung":12}	0.052893	0.084	ok	
1612	{"family":"tabpfn","fold":3,"repeat":3,"rung":12}	0.132975	0.084	ok	
1613	{"family":"tabpfn","fold":0,"repeat":4,"rung":12}	0.080644	0.084	ok	
1614	{"family":"tabpfn","fold":1,"repeat":4,"rung":12}	0.031165	0.084	ok	
1615	{"family":"tabpfn","fold":2,"repeat":4,"rung":12}	0.042516	0.085	ok	
1616	{"family":"tabpfn","fold":3,"repeat":4,"rung":12}	0.039822	0.084	ok	
1617	{"family":"tabpfn","fold":0,"repeat":5,"rung":12}	0.025899	0.083	ok	
1618	{"family":"tabpfn","fold":1,"repeat":5,"rung":12}	0.037363	0.084	ok	
1619	{"family":"tabpfn","fold":2,"repeat":5,"rung":12}	0.075491	0.085	ok	
1620	{"family":"tabpfn","fold":3,"repeat":5,"rung":12}	0.038319	0.084	ok	
1621	{"family":"tabpfn","fold":0,"repeat":6,"rung":12}	0.042768	0.085	ok	
1622	{"family":"tabpfn","fold":1,"repeat":6,"rung":12}	0.065859	0.082	ok	
1623	{"family":"tabpfn","fold":2,"repeat":6,"rung":12}	0.079811	0.083	ok	
1624	{"family":"tabpfn","fold":3,"repeat":6,"rung":12}	0.092769	0.085	ok	
1625	{"family":"tabpfn","fold":0,"repeat":7,"rung":12}	0.055667	0.083	ok	
1626	{"family":"tabpfn","fold":1,"repeat":7,"rung":12}	0.075696	0.084	ok	
1627	{"family":"tabpfn","fold":2,"repeat":7,"rung":12}	0.045821	0.084	ok	
1628	{"family":"tabpfn","fold":3,"repeat":7,"rung":12}	0.043407	0.084	ok	
1629	{"family":"tabpfn","fold":0,"repeat":8,"rung":12}	0.012695	0.084	ok	
1630	{"family":"tabpfn","fold":1,"repeat":8,"rung":12}	0.085558	0.083	ok	
1631	{"family":"tabpfn","fold":2,"repeat":8,"rung":12}	0.074508	0.083	ok	
1632	{"family":"tabpfn","fold":3,"repeat":8,"rung":12}	0.056868	0.083	ok	
1633	{"family":"tabpfn","fold":0,"repeat":9,"rung":12}	0.054743	0.083	ok	
1634	{"family":"tabpfn","fold":1,"repeat":9,"rung":12}	0.069158	0.084	ok	
1635	{"family":"tabpfn","fold":2,"repeat":9,"rung":12}	0.080431	0.083	ok	
1636	{"family":"tabpfn","fold":3,"repeat":9,"rung":12}	0.056764	0.084	ok	
1637	{"family":"tabpfn","fold":0,"repeat":10,"rung":12}	0.021292	0.084	ok	
1638	{"family":"tabpfn","fold":1,"repeat":10,"rung":12}	0.043568	0.084	ok	
1639	{"family":"tabpfn","fold":2,"repeat":10,"rung":12}	0.059265	0.084	ok	
1640	{"family":"tabpfn","fold":3,"repeat":10,"rung":12}	0.152421	0.085	ok	
1641	{"family":"tabpfn","fold":0,"repeat":1,"rung":8}	0.089038	0.074	ok	
1642	{"family":"tabpfn","fold":1,"repeat":1,"rung":8}	0.091703	0.074	ok	
1643	{"family":"tabpfn","fold":2,"repeat":1,"rung":8}	0.043790	0.074	ok	
1644	{"family":"tabpfn","fold":3,"repeat":1,"rung":8}	0.045257	0.075	ok	
1645	{"family":"tabpfn","fold":0,"repeat":2,"rung":8}	0.108548	0.074	ok	
1646	{"family":"tabpfn","fold":1,"repeat":2,"rung":8}	0.038676	0.074	ok	
1647	{"family":"tabpfn","fold":2,"repeat":2,"rung":8}	0.060304	0.072	ok	
1648	{"family":"tabpfn","fold":3,"repeat":2,"rung":8}	0.070798	0.073	ok	
1649	{"family":"tabpfn","fold":0,"repeat":3,"rung":8}	0.027341	0.074	ok	
1650	{"family":"tabpfn","fold":1,"repeat":3,"rung":8}	0.110422	0.073	ok	
1651	{"family":"tabpfn","fold":2,"repeat":3,"rung":8}	0.097976	0.074	ok	
1652	{"family":"tabpfn","fold":3,"repeat":3,"rung":8}	0.136779	0.073	ok	
1653	{"family":"tabpfn","fold":0,"repeat":4,"rung":8}	0.089531	0.074	ok	
1654	{"family":"tabpfn","fold":1,"repeat":4,"rung":8}	0.023138	0.074	ok	
1655	{"family":"tabpfn","fold":2,"repeat":4,"rung":8}	0.046082	0.074	ok	
1656	{"family":"tabpfn","fold":3,"repeat":4,"rung":8}	0.062534	0.073	ok	
1657	{"family":"tabpfn","fold":0,"repeat":5,"rung":8}	0.068553	0.074	ok	
1658	{"family":"tabpfn","fold":1,"repeat":5,"rung":8}	0.059992	0.074	ok	
1659	{"family":"tabpfn","fold":2,"repeat":5,"rung":8}	0.125272	0.074	ok	
1660	{"family":"tabpfn","fold":3,"repeat":5,"rung":8}	0.074026	0.075	ok	
1661	{"family":"tabpfn","fold":0,"repeat":6,"rung":8}	0.061253	0.076	ok	
1662	{"family":"tabpfn","fold":1,"repeat":6,"rung":8}	0.057159	0.074	ok	
1663	{"family":"tabpfn","fold":2,"repeat":6,"rung":8}	0.106431	0.075	ok	
1664	{"family":"tabpfn","fold":3,"repeat":6,"rung":8}	0.102160	0.077	ok	
1665	{"family":"tabpfn","fold":0,"repeat":7,"rung":8}	0.053819	0.075	ok	
1666	{"family":"tabpfn","fold":1,"repeat":7,"rung":8}	0.074892	0.075	ok	
1667	{"family":"tabpfn","fold":2,"repeat":7,"rung":8}	0.054337	0.075	ok	
1668	{"family":"tabpfn","fold":3,"repeat":7,"rung":8}	0.056420	0.075	ok	
1669	{"family":"tabpfn","fold":0,"repeat":8,"rung":8}	0.063824	0.076	ok	
1670	{"family":"tabpfn","fold":1,"repeat":8,"rung":8}	0.087070	0.074	ok	
1671	{"family":"tabpfn","fold":2,"repeat":8,"rung":8}	0.136612	0.075	ok	
1672	{"family":"tabpfn","fold":3,"repeat":8,"rung":8}	0.107365	0.076	ok	
1673	{"family":"tabpfn","fold":0,"repeat":9,"rung":8}	0.132273	0.075	ok	
1674	{"family":"tabpfn","fold":1,"repeat":9,"rung":8}	0.143000	0.074	ok	
1675	{"family":"tabpfn","fold":2,"repeat":9,"rung":8}	0.084305	0.074	ok	
1676	{"family":"tabpfn","fold":3,"repeat":9,"rung":8}	0.081046	0.075	ok	
1677	{"family":"tabpfn","fold":0,"repeat":10,"rung":8}	0.069199	0.075	ok	
1678	{"family":"tabpfn","fold":1,"repeat":10,"rung":8}	0.043708	0.074	ok	
1679	{"family":"tabpfn","fold":2,"repeat":10,"rung":8}	0.027982	0.075	ok	
1680	{"family":"tabpfn","fold":3,"repeat":10,"rung":8}	0.146353	0.075	ok	
