family	rung	repeat	fold	metric	value	note
lda_shrinkage	60	1	0	val_logloss	0.13650178772858124	
lda_shrinkage	60	1	0	val_auc	0.9797979797979798	
lda_shrinkage	60	1	0	val_pr_auc	0.9765432098765432	
lda_shrinkage	60	1	0	val_accuracy	0.9	
lda_shrinkage	60	1	0	val_f1	0.8888888888888888	
lda_shrinkage	60	1	0	cal_intercept	0.7461901982674747	
lda_shrinkage	60	1	0	cal_slope	1.165621009924204	
lda_shrinkage	60	1	1	val_logloss	0.06529102943821545	
lda_shrinkage	60	1	1	val_auc	1.0	
lda_shrinkage	60	1	1	val_pr_auc	0.9999999999999999	
lda_shrinkage	60	1	1	val_accuracy	1.0	
lda_shrinkage	60	1	1	val_f1	1.0	
lda_shrinkage	60	1	1	cal_intercept	-0.7175836760728319	
lda_shrinkage	60	1	1	cal_slope	10.471892875184698	
lda_shrinkage	60	1	2	val_logloss	0.08291810136779507	
lda_shrinkage	60	1	2	val_auc	1.0	
lda_shrinkage	60	1	2	val_pr_auc	0.9999999999999999	
lda_shrinkage	60	1	2	val_accuracy	0.95	
lda_shrinkage	60	1	2	val_f1	0.9523809523809523	
lda_shrinkage	60	1	2	cal_intercept	-8.96179234687212	
lda_shrinkage	60	1	2	cal_slope	5.6462111901797485	
lda_shrinkage	60	1	3	val_logloss	0.04786901910992009	
lda_shrinkage	60	1	3	val_auc	1.0	
lda_shrinkage	60	1	3	val_pr_auc	0.9999999999999999	
lda_shrinkage	60	1	3	val_accuracy	1.0	
lda_shrinkage	60	1	3	val_f1	1.0	
lda_shrinkage	60	1	3	cal_intercept	-1.367315197804776	
lda_shrinkage	60	1	3	cal_slope	9.061424314741068	
lda_shrinkage	60	2	0	val_logloss	0.20785438018036687	
lda_shrinkage	60	2	0	val_auc	1.0	
lda_shrinkage	60	2	0	val_pr_auc	0.9999999999999999	
lda_shrinkage	60	2	0	val_accuracy	0.9	
lda_shrinkage	60	2	0	val_f1	0.9090909090909091	
lda_shrinkage	60	2	0	cal_intercept	-112.97067834308075	
lda_shrinkage	60	2	0	cal_slope	58.683822400913265	
lda_shrinkage	60	2	1	val_logloss	0.02912025556817986	
lda_shrinkage	60	2	1	val_auc	1.0	
lda_shrinkage	60	2	1	val_pr_auc	1.0000000000000002	
lda_shrinkage	60	2	1	val_accuracy	1.0	
lda_shrinkage	60	2	1	val_f1	1.0	
lda_shrinkage	60	2	1	cal_intercept	-4.97604902198772	
lda_shrinkage	60	2	1	cal_slope	3.5019967842925954	
lda_shrinkage	60	2	2	val_logloss	0.17551933742904358	
lda_shrinkage	60	2	2	val_auc	1.0	
lda_shrinkage	60	2	2	val_pr_auc	0.9999999999999999	
lda_shrinkage	60	2	2	val_accuracy	0.9	
lda_shrinkage	60	2	2	val_f1	0.8888888888888888	
lda_shrinkage	60	2	2	cal_intercept	16.450041286327473	
lda_shrinkage	60	2	2	cal_slope	5.381287507698143	
lda_shrinkage	60	2	3	val_logloss	0.025953506011377192	
lda_shrinkage	60	2	3	val_auc	1.0	
lda_shrinkage	60	2	3	val_pr_auc	0.9999999999999999	
lda_shrinkage	60	2	3	val_accuracy	1.0	
lda_shrinkage	60	2	3	val_f1	1.0	
lda_shrinkage	60	2	3	cal_intercept	2.0304113737313867	
lda_shrinkage	60	2	3	cal_slope	3.745103857845197	
lda_shrinkage	60	3	0	val_logloss	0.025703927179135076	
lda_shrinkage	60	3	0	val_auc	1.0	
lda_shrinkage	60	3	0	val_pr_auc	0.9999999999999999	
lda_shrinkage	60	3	0	val_accuracy	1.0	
lda_shrinkage	60	3	0	val_f1	1.0	
lda_shrinkage	60	3	0	cal_intercept	2.363052457410681	
lda_shrinkage	60	3	0	cal_slope	3.833633705094948	
lda_shrinkage	60	3	1	val_logloss	0.11450222243484591	
lda_shrinkage	60	3	1	val_auc	1.0	
lda_shrinkage	60	3	1	val_pr_auc	0.9999999999999999	
lda_shrinkage	60	3	1	val_accuracy	0.9	
lda_shrinkage	60	3	1	val_f1	0.8888888888888888	
lda_shrinkage	60	3	1	cal_intercept	12.122057992373758	
lda_shrinkage	60	3	1	cal_slope	5.315870738487965	
lda_shrinkage	60	3	2	val_logloss	0.12046548763964322	
lda_shrinkage	60	3	2	val_auc	0.99	
lda_shrinkage	60	3	2	val_pr_auc	0.9909090909090909	
lda_shrinkage	60	3	2	val_accuracy	0.95	
lda_shrinkage	60	3	2	val_f1	0.9523809523809523	
lda_shrinkage	60	3	2	cal_intercept	-0.752183955599524	
lda_shrinkage	60	3	2	cal_slope	0.860693810978381	
lda_shrinkage	60	3	3	val_logloss	0.1325912479260558	
lda_shrinkage	60	3	3	val_auc	1.0	
lda_shrinkage	60	3	3	val_pr_auc	1.0000000000000002	
lda_shrinkage	60	3	3	val_accuracy	0.95	
lda_shrinkage	60	3	3	val_f1	0.9473684210526315	
lda_shrinkage	60	3	3	cal_intercept	-7.700258529075496	
lda_shrinkage	60	3	3	cal_slope	7.464987864426431	
lda_shrinkage	60	4	0	val_logloss	0.10315797066400145	
lda_shrinkage	60	4	0	val_auc	1.0	
lda_shrinkage	60	4	0	val_pr_auc	1.0000000000000002	
lda_shrinkage	60	4	0	val_accuracy	0.95	
lda_shrinkage	60	4	0	val_f1	0.9473684210526315	
lda_shrinkage	60	4	0	cal_intercept	-13.220103896936337	
lda_shrinkage	60	4	0	cal_slope	13.455029081379713	
lda_shrinkage	60	4	1	val_logloss	0.037064000556228924	
lda_shrinkage	60	4	1	val_auc	1.0	
lda_shrinkage	60	4	1	val_pr_auc	0.9999999999999999	
lda_shrinkage	60	4	1	val_accuracy	1.0	
lda_shrinkage	60	4	1	val_f1	1.0	
lda_shrinkage	60	4	1	cal_intercept	-3.8885029750076927	
lda_shrinkage	60	4	1	cal_slope	7.202943586506753	
lda_shrinkage	60	4	2	val_logloss	0.12033749806214455	
lda_shrinkage	60	4	2	val_auc	0.98	
lda_shrinkage	60	4	2	val_pr_auc	0.9809090909090908	
lda_shrinkage	60	4	2	val_accuracy	0.95	
lda_shrinkage	60	4	2	val_f1	0.9523809523809523	
lda_shrinkage	60	4	2	cal_intercept	-0.41769590016268165	
lda_shrinkage	60	4	2	cal_slope	0.9949062455899002	
lda_shrinkage	60	4	3	val_logloss	0.07735417197678249	
lda_shrinkage	60	4	3	val_auc	1.0	
lda_shrinkage	60	4	3	val_pr_auc	0.9999999999999999	
lda_shrinkage	60	4	3	val_accuracy	1.0	
lda_shrinkage	60	4	3	val_f1	1.0	
lda_shrinkage	60	4	3	cal_intercept	3.8973528760283975	
lda_shrinkage	60	4	3	cal_slope	13.573840621949058	
lda_shrinkage	60	5	0	val_logloss	0.01676448806130079	
lda_shrinkage	60	5	0	val_auc	1.0	
lda_shrinkage	60	5	0	val_pr_auc	0.9999999999999999	
lda_shrinkage	60	5	0	val_accuracy	1.0	
lda_shrinkage	60	5	0	val_f1	1.0	
lda_shrinkage	60	5	0	cal_intercept	1.197044413553102	
lda_shrinkage	60	5	0	cal_slope	3.285743007976223	
lda_shrinkage	60	5	1	val_logloss	0.11828786397498665	
lda_shrinkage	60	5	1	val_auc	1.0	
lda_shrinkage	60	5	1	val_pr_auc	0.9999999999999999	
lda_shrinkage	60	5	1	val_accuracy	0.95	
lda_shrinkage	60	5	1	val_f1	0.9523809523809523	
lda_shrinkage	60	5	1	cal_intercept	-9.223787491753148	
lda_shrinkage	60	5	1	cal_slope	9.19948771411147	
lda_shrinkage	60	5	2	val_logloss	0.14907061561084295	
lda_shrinkage	60	5	2	val_auc	0.99	
lda_shrinkage	60	5	2	val_pr_auc	0.9909090909090909	
lda_shrinkage	60	5	2	val_accuracy	0.9	
lda_shrinkage	60	5	2	val_f1	0.9090909090909091	
lda_shrinkage	60	5	2	cal_intercept	-7.7123780611453805	
lda_shrinkage	60	5	2	cal_slope	6.34115709785517	
lda_shrinkage	60	5	3	val_logloss	0.1100881258868538	
lda_shrinkage	60	5	3	val_auc	1.0	
lda_shrinkage	60	5	3	val_pr_auc	1.0000000000000002	
lda_shrinkage	60	5	3	val_accuracy	0.95	
lda_shrinkage	60	5	3	val_f1	0.9411764705882353	
lda_shrinkage	60	5	3	cal_intercept	10.884534117397559	
lda_shrinkage	60	5	3	cal_slope	4.620632640024047	
lda_shrinkage	60	6	0	val_logloss	0.03500195400083872	
lda_shrinkage	60	6	0	val_auc	1.0	
lda_shrinkage	60	6	0	val_pr_auc	1.0000000000000002	
lda_shrinkage	60	6	0	val_accuracy	1.0	
lda_shrinkage	60	6	0	val_f1	1.0	
lda_shrinkage	60	6	0	cal_intercept	-2.998862709693057	
lda_shrinkage	60	6	0	cal_slope	5.550632618882998	
lda_shrinkage	60	6	1	val_logloss	0.1814670669317358	
lda_shrinkage	60	6	1	val_auc	0.99	
lda_shrinkage	60	6	1	val_pr_auc	0.9909090909090909	
lda_shrinkage	60	6	1	val_accuracy	0.9	
lda_shrinkage	60	6	1	val_f1	0.9090909090909091	
lda_shrinkage	60	6	1	cal_intercept	-2.181757436365746	
lda_shrinkage	60	6	1	cal_slope	1.4437358208045439	
lda_shrinkage	60	6	2	val_logloss	0.030176270377853708	
lda_shrinkage	60	6	2	val_auc	1.0	
lda_shrinkage	60	6	2	val_pr_auc	0.9999999999999999	
lda_shrinkage	60	6	2	val_accuracy	1.0	
lda_shrinkage	60	6	2	val_f1	1.0	
lda_shrinkage	60	6	2	cal_intercept	2.9019431990964426	
lda_shrinkage	60	6	2	cal_slope	3.7428138516073712	
lda_shrinkage	60	6	3	val_logloss	0.1374513194608556	
lda_shrinkage	60	6	3	val_auc	0.98	
lda_shrinkage	60	6	3	val_pr_auc	0.9809090909090908	
lda_shrinkage	60	6	3	val_accuracy	0.9	
lda_shrinkage	60	6	3	val_f1	0.9	
lda_shrinkage	60	6	3	cal_intercept	0.3440613975087471	
lda_shrinkage	60	6	3	cal_slope	1.1081606547858274	
lda_shrinkage	60	7	0	val_logloss	0.13393928842176617	
lda_shrinkage	60	7	0	val_auc	1.0	
lda_shrinkage	60	7	0	val_pr_auc	0.9999999999999999	
lda_shrinkage	60	7	0	val_accuracy	0.95	
lda_shrinkage	60	7	0	val_f1	0.9523809523809523	
lda_shrinkage	60	7	0	cal_intercept	-261.6120986890565	
lda_shrinkage	60	7	0	cal_slope	155.03807551843087	
lda_shrinkage	60	7	1	val_logloss	0.08306438364871074	
lda_shrinkage	60	7	1	val_auc	1.0	
lda_shrinkage	60	7	1	val_pr_auc	0.9999999999999999	
lda_shrinkage	60	7	1	val_accuracy	0.95	
lda_shrinkage	60	7	1	val_f1	0.9473684210526315	
lda_shrinkage	60	7	1	cal_intercept	8.865714491760993	
lda_shrinkage	60	7	1	cal_slope	4.096980387952378	
lda_shrinkage	60	7	2	val_logloss	0.07504399360305167	
lda_shrinkage	60	7	2	val_auc	1.0	
lda_shrinkage	60	7	2	val_pr_auc	0.9999999999999999	
lda_shrinkage	60	7	2	val_accuracy	0.95	
lda_shrinkage	60	7	2	val_f1	0.9523809523809523	
lda_shrinkage	60	7	2	cal_intercept	-7.874788607705264	
lda_shrinkage	60	7	2	cal_slope	10.972035644844313	
lda_shrinkage	60	7	3	val_logloss	0.0722286035690887	
lda_shrinkage	60	7	3	val_auc	1.0	
lda_shrinkage	60	7	3	val_pr_auc	1.0000000000000002	
lda_shrinkage	60	7	3	val_accuracy	1.0	
lda_shrinkage	60	7	3	val_f1	1.0	
lda_shrinkage	60	7	3	cal_intercept	1.517994326953028	
lda_shrinkage	60	7	3	cal_slope	10.883967419951306	
lda_shrinkage	60	8	0	val_logloss	0.029243248741182108	
lda_shrinkage	60	8	0	val_auc	1.0	
lda_shrinkage	60	8	0	val_pr_auc	0.9999999999999999	
lda_shrinkage	60	8	0	val_accuracy	1.0	
lda_shrinkage	60	8	0	val_f1	1.0	
lda_shrinkage	60	8	0	cal_intercept	3.3977070545073453	
lda_shrinkage	60	8	0	cal_slope	3.8975191660737405	
lda_shrinkage	60	8	1	val_logloss	0.07570170224464563	
lda_shrinkage	60	8	1	val_auc	1.0	
lda_shrinkage	60	8	1	val_pr_auc	0.9999999999999999	
lda_shrinkage	60	8	1	val_accuracy	0.95	
lda_shrinkage	60	8	1	val_f1	0.9473684210526315	
lda_shrinkage	60	8	1	cal_intercept	6.750048208859975	
lda_shrinkage	60	8	1	cal_slope	15.22548924798675	
lda_shrinkage	60	8	2	val_logloss	0.11857129069235381	
lda_shrinkage	60	8	2	val_auc	1.0	
lda_shrinkage	60	8	2	val_pr_auc	1.0000000000000002	
lda_shrinkage	60	8	2	val_accuracy	0.95	
lda_shrinkage	60	8	2	val_f1	0.9473684210526315	
lda_shrinkage	60	8	2	cal_intercept	-125.93617465486835	
lda_shrinkage	60	8	2	cal_slope	86.78746691294651	
lda_shrinkage	60	8	3	val_logloss	0.08142276811631413	
lda_shrinkage	60	8	3	val_auc	1.0	
lda_shrinkage	60	8	3	val_pr_auc	0.9999999999999999	
lda_shrinkage	60	8	3	val_accuracy	1.0	
lda_shrinkage	60	8	3	val_f1	1.0	
lda_shrinkage	60	8	3	cal_intercept	-4.855699946298659	
lda_shrinkage	60	8	3	cal_slope	13.372867618503482	
lda_shrinkage	60	9	0	val_logloss	0.04759726399240557	
lda_shrinkage	60	9	0	val_auc	1.0	
lda_shrinkage	60	9	0	val_pr_auc	0.9999999999999999	
lda_shrinkage	60	9	0	val_accuracy	1.0	
lda_shrinkage	60	9	0	val_f1	1.0	
lda_shrinkage	60	9	0	cal_intercept	-4.457571764791152	
lda_shrinkage	60	9	0	cal_slope	8.74838590957478	
lda_shrinkage	60	9	1	val_logloss	0.1847806959331364	
lda_shrinkage	60	9	1	val_auc	0.98	
lda_shrinkage	60	9	1	val_pr_auc	0.9809090909090908	
lda_shrinkage	60	9	1	val_accuracy	0.9	
lda_shrinkage	60	9	1	val_f1	0.9	
lda_shrinkage	60	9	1	cal_intercept	-0.4272285997529359	
lda_shrinkage	60	9	1	cal_slope	2.589239764490226	
lda_shrinkage	60	9	2	val_logloss	0.13552511201104897	
lda_shrinkage	60	9	2	val_auc	0.99	
lda_shrinkage	60	9	2	val_pr_auc	0.9909090909090909	
lda_shrinkage	60	9	2	val_accuracy	0.9	
lda_shrinkage	60	9	2	val_f1	0.9	
lda_shrinkage	60	9	2	cal_intercept	0.7896004190027153	
lda_shrinkage	60	9	2	cal_slope	0.9628230139846942	
lda_shrinkage	60	9	3	val_logloss	0.019585256836442782	
lda_shrinkage	60	9	3	val_auc	1.0	
lda_shrinkage	60	9	3	val_pr_auc	1.0000000000000002	
lda_shrinkage	60	9	3	val_accuracy	1.0	
lda_shrinkage	60	9	3	val_f1	1.0	
lda_shrinkage	60	9	3	cal_intercept	1.0006148845419782	
lda_shrinkage	60	9	3	cal_slope	3.4345080505846344	
lda_shrinkage	60	10	0	val_logloss	0.0380680824518203	
lda_shrinkage	60	10	0	val_auc	1.0	
lda_shrinkage	60	10	0	val_pr_auc	0.9999999999999999	
lda_shrinkage	60	10	0	val_accuracy	1.0	
lda_shrinkage	60	10	0	val_f1	1.0	
lda_shrinkage	60	10	0	cal_intercept	3.6925266179327463	
lda_shrinkage	60	10	0	cal_slope	3.9245771495564896	
lda_shrinkage	60	10	1	val_logloss	0.017921268642676305	
lda_shrinkage	60	10	1	val_auc	1.0	
lda_shrinkage	60	10	1	val_pr_auc	0.9999999999999999	
lda_shrinkage	60	10	1	val_accuracy	1.0	
lda_shrinkage	60	10	1	val_f1	1.0	
lda_shrinkage	60	10	1	cal_intercept	1.9530247812008896	
lda_shrinkage	60	10	1	cal_slope	3.50156359516355	
lda_shrinkage	60	10	2	val_logloss	0.08032924672290385	
lda_shrinkage	60	10	2	val_auc	1.0	
lda_shrinkage	60	10	2	val_pr_auc	0.9999999999999999	
lda_shrinkage	60	10	2	val_accuracy	1.0	
lda_shrinkage	60	10	2	val_f1	1.0	
lda_shrinkage	60	10	2	cal_intercept	1.8187946945587063	
lda_shrinkage	60	10	2	cal_slope	12.808902906846072	
lda_shrinkage	60	10	3	val_logloss	0.24375510301181672	
lda_shrinkage	60	10	3	val_auc	0.9797979797979797	
lda_shrinkage	60	10	3	val_pr_auc	0.9797979797979799	
lda_shrinkage	60	10	3	val_accuracy	0.9	
lda_shrinkage	60	10	3	val_f1	0.9	
lda_shrinkage	60	10	3	cal_intercept	-2.531385972897918	
lda_shrinkage	60	10	3	cal_slope	1.6485660289180952	
lda_shrinkage	45	1	0	val_logloss	0.12098489034929212	
lda_shrinkage	45	1	0	val_auc	0.9797979797979798	
lda_shrinkage	45	1	0	val_pr_auc	0.9765432098765432	
lda_shrinkage	45	1	0	val_accuracy	0.95	
lda_shrinkage	45	1	0	val_f1	0.9473684210526315	
lda_shrinkage	45	1	0	cal_intercept	-0.039183604332754	
lda_shrinkage	45	1	0	cal_slope	1.4232811600916744	
lda_shrinkage	45	1	1	val_logloss	0.07599421662240315	
lda_shrinkage	45	1	1	val_auc	1.0	
lda_shrinkage	45	1	1	val_pr_auc	0.9999999999999999	
lda_shrinkage	45	1	1	val_accuracy	1.0	
lda_shrinkage	45	1	1	val_f1	1.0	
lda_shrinkage	45	1	1	cal_intercept	0.11832361020885067	
lda_shrinkage	45	1	1	cal_slope	12.940701841775823	
lda_shrinkage	45	1	2	val_logloss	0.08036714180309149	
lda_shrinkage	45	1	2	val_auc	1.0	
lda_shrinkage	45	1	2	val_pr_auc	0.9999999999999999	
lda_shrinkage	45	1	2	val_accuracy	0.95	
lda_shrinkage	45	1	2	val_f1	0.9523809523809523	
lda_shrinkage	45	1	2	cal_intercept	-8.611658578088832	
lda_shrinkage	45	1	2	cal_slope	5.3454560615796165	
lda_shrinkage	45	1	3	val_logloss	0.06521813777645163	
lda_shrinkage	45	1	3	val_auc	1.0	
lda_shrinkage	45	1	3	val_pr_auc	0.9999999999999999	
lda_shrinkage	45	1	3	val_accuracy	1.0	
lda_shrinkage	45	1	3	val_f1	1.0	
lda_shrinkage	45	1	3	cal_intercept	-3.552805305823285	
lda_shrinkage	45	1	3	cal_slope	14.369570429621243	
lda_shrinkage	45	2	0	val_logloss	0.2180567122725051	
lda_shrinkage	45	2	0	val_auc	0.9800000000000001	
lda_shrinkage	45	2	0	val_pr_auc	0.9833333333333333	
lda_shrinkage	45	2	0	val_accuracy	0.9	
lda_shrinkage	45	2	0	val_f1	0.9090909090909091	
lda_shrinkage	45	2	0	cal_intercept	-3.9478883277487826	
lda_shrinkage	45	2	0	cal_slope	2.2839258671080773	
lda_shrinkage	45	2	1	val_logloss	0.03334259681901329	
lda_shrinkage	45	2	1	val_auc	1.0	
lda_shrinkage	45	2	1	val_pr_auc	1.0000000000000002	
lda_shrinkage	45	2	1	val_accuracy	1.0	
lda_shrinkage	45	2	1	val_f1	1.0	
lda_shrinkage	45	2	1	cal_intercept	-5.214655796736344	
lda_shrinkage	45	2	1	cal_slope	4.2184057541606945	
lda_shrinkage	45	2	2	val_logloss	0.08390797755717276	
lda_shrinkage	45	2	2	val_auc	1.0	
lda_shrinkage	45	2	2	val_pr_auc	0.9999999999999999	
lda_shrinkage	45	2	2	val_accuracy	1.0	
lda_shrinkage	45	2	2	val_f1	1.0	
lda_shrinkage	45	2	2	cal_intercept	5.8403598739577784	
lda_shrinkage	45	2	2	cal_slope	4.740500047102931	
lda_shrinkage	45	2	3	val_logloss	0.02207149770644738	
lda_shrinkage	45	2	3	val_auc	1.0	
lda_shrinkage	45	2	3	val_pr_auc	0.9999999999999999	
lda_shrinkage	45	2	3	val_accuracy	1.0	
lda_shrinkage	45	2	3	val_f1	1.0	
lda_shrinkage	45	2	3	cal_intercept	1.8651802655094631	
lda_shrinkage	45	2	3	cal_slope	3.6016050477265487	
lda_shrinkage	45	3	0	val_logloss	0.028068096566129176	
lda_shrinkage	45	3	0	val_auc	1.0	
lda_shrinkage	45	3	0	val_pr_auc	0.9999999999999999	
lda_shrinkage	45	3	0	val_accuracy	1.0	
lda_shrinkage	45	3	0	val_f1	1.0	
lda_shrinkage	45	3	0	cal_intercept	1.7671424551595774	
lda_shrinkage	45	3	0	cal_slope	4.008026174807471	
lda_shrinkage	45	3	1	val_logloss	0.1375666976374115	
lda_shrinkage	45	3	1	val_auc	1.0	
lda_shrinkage	45	3	1	val_pr_auc	0.9999999999999999	
lda_shrinkage	45	3	1	val_accuracy	0.95	
lda_shrinkage	45	3	1	val_f1	0.9473684210526315	
lda_shrinkage	45	3	1	cal_intercept	13.178647826052778	
lda_shrinkage	45	3	1	cal_slope	5.162306162734284	
lda_shrinkage	45	3	2	val_logloss	0.10797728477345132	
lda_shrinkage	45	3	2	val_auc	0.99	
lda_shrinkage	45	3	2	val_pr_auc	0.9909090909090909	
lda_shrinkage	45	3	2	val_accuracy	0.95	
lda_shrinkage	45	3	2	val_f1	0.9523809523809523	
lda_shrinkage	45	3	2	cal_intercept	-0.4551236118538285	
lda_shrinkage	45	3	2	cal_slope	0.956486879194376	
lda_shrinkage	45	3	3	val_logloss	0.1559085569831821	
lda_shrinkage	45	3	3	val_auc	1.0	
lda_shrinkage	45	3	3	val_pr_auc	1.0000000000000002	
lda_shrinkage	45	3	3	val_accuracy	0.9	
lda_shrinkage	45	3	3	val_f1	0.9	
lda_shrinkage	45	3	3	cal_intercept	-13.100619272753075	
lda_shrinkage	45	3	3	cal_slope	17.01260738202908	
lda_shrinkage	45	4	0	val_logloss	0.11472048961313745	
lda_shrinkage	45	4	0	val_auc	1.0	
lda_shrinkage	45	4	0	val_pr_auc	1.0	
lda_shrinkage	45	4	0	val_accuracy	0.95	
lda_shrinkage	45	4	0	val_f1	0.9473684210526315	
lda_shrinkage	45	4	0	cal_intercept	-18.80887362027989	
lda_shrinkage	45	4	0	cal_slope	11.51366430009771	
lda_shrinkage	45	4	1	val_logloss	0.06493512686459388	
lda_shrinkage	45	4	1	val_auc	1.0	
lda_shrinkage	45	4	1	val_pr_auc	0.9999999999999999	
lda_shrinkage	45	4	1	val_accuracy	0.95	
lda_shrinkage	45	4	1	val_f1	0.9523809523809523	
lda_shrinkage	45	4	1	cal_intercept	-16.717337138023534	
lda_shrinkage	45	4	1	cal_slope	11.04258724816015	
lda_shrinkage	45	4	2	val_logloss	0.10643601114733584	
lda_shrinkage	45	4	2	val_auc	0.99	
lda_shrinkage	45	4	2	val_pr_auc	0.9909090909090909	
lda_shrinkage	45	4	2	val_accuracy	0.95	
lda_shrinkage	45	4	2	val_f1	0.9523809523809523	
lda_shrinkage	45	4	2	cal_intercept	-0.9600126977747656	
lda_shrinkage	45	4	2	cal_slope	1.5247260273066494	
lda_shrinkage	45	4	3	val_logloss	0.1059762282997063	
lda_shrinkage	45	4	3	val_auc	1.0	
lda_shrinkage	45	4	3	val_pr_auc	0.9999999999999999	
lda_shrinkage	45	4	3	val_accuracy	0.95	
lda_shrinkage	45	4	3	val_f1	0.9473684210526315	
lda_shrinkage	45	4	3	cal_intercept	22.113045562923404	
lda_shrinkage	45	4	3	cal_slope	26.736309034854393	
lda_shrinkage	45	5	0	val_logloss	0.02884701268002906	
lda_shrinkage	45	5	0	val_auc	1.0	
lda_shrinkage	45	5	0	val_pr_auc	0.9999999999999999	
lda_shrinkage	45	5	0	val_accuracy	1.0	
lda_shrinkage	45	5	0	val_f1	1.0	
lda_shrinkage	45	5	0	cal_intercept	1.9879987339843601	
lda_shrinkage	45	5	0	cal_slope	3.69240527088119	
lda_shrinkage	45	5	1	val_logloss	0.08568649929197812	
lda_shrinkage	45	5	1	val_auc	1.0	
lda_shrinkage	45	5	1	val_pr_auc	0.9999999999999999	
lda_shrinkage	45	5	1	val_accuracy	0.95	
lda_shrinkage	45	5	1	val_f1	0.9523809523809523	
lda_shrinkage	45	5	1	cal_intercept	-6.916603964448692	
lda_shrinkage	45	5	1	cal_slope	8.910690915390813	
lda_shrinkage	45	5	2	val_logloss	0.13220394034079813	
lda_shrinkage	45	5	2	val_auc	0.99	
lda_shrinkage	45	5	2	val_pr_auc	0.9909090909090909	
lda_shrinkage	45	5	2	val_accuracy	0.95	
lda_shrinkage	45	5	2	val_f1	0.9523809523809523	
lda_shrinkage	45	5	2	cal_intercept	-1.5813648032539283	
lda_shrinkage	45	5	2	cal_slope	2.2224305093036723	
lda_shrinkage	45	5	3	val_logloss	0.11526454931574952	
lda_shrinkage	45	5	3	val_auc	1.0	
lda_shrinkage	45	5	3	val_pr_auc	1.0000000000000002	
lda_shrinkage	45	5	3	val_accuracy	0.95	
lda_shrinkage	45	5	3	val_f1	0.9411764705882353	
lda_shrinkage	45	5	3	cal_intercept	9.245760753321266	
lda_shrinkage	45	5	3	cal_slope	4.652977017545276	
lda_shrinkage	45	6	0	val_logloss	0.03946513333460192	
lda_shrinkage	45	6	0	val_auc	1.0	
lda_shrinkage	45	6	0	val_pr_auc	1.0000000000000002	
lda_shrinkage	45	6	0	val_accuracy	1.0	
lda_shrinkage	45	6	0	val_f1	1.0	
lda_shrinkage	45	6	0	cal_intercept	-5.749321114718788	
lda_shrinkage	45	6	0	cal_slope	5.16066992828426	
lda_shrinkage	45	6	1	val_logloss	0.1966497835070344	
lda_shrinkage	45	6	1	val_auc	0.99	
lda_shrinkage	45	6	1	val_pr_auc	0.9909090909090909	
lda_shrinkage	45	6	1	val_accuracy	0.9	
lda_shrinkage	45	6	1	val_f1	0.9090909090909091	
lda_shrinkage	45	6	1	cal_intercept	-1.8888384420666098	
lda_shrinkage	45	6	1	cal_slope	1.1689887528359302	
lda_shrinkage	45	6	2	val_logloss	0.03505979024551322	
lda_shrinkage	45	6	2	val_auc	1.0	
lda_shrinkage	45	6	2	val_pr_auc	0.9999999999999999	
lda_shrinkage	45	6	2	val_accuracy	1.0	
lda_shrinkage	45	6	2	val_f1	1.0	
lda_shrinkage	45	6	2	cal_intercept	2.7678968580649865	
lda_shrinkage	45	6	2	cal_slope	3.892988123168408	
lda_shrinkage	45	6	3	val_logloss	0.1657879313721521	
lda_shrinkage	45	6	3	val_auc	0.98	
lda_shrinkage	45	6	3	val_pr_auc	0.9809090909090908	
lda_shrinkage	45	6	3	val_accuracy	0.9	
lda_shrinkage	45	6	3	val_f1	0.9	
lda_shrinkage	45	6	3	cal_intercept	0.5654865333840259	
lda_shrinkage	45	6	3	cal_slope	1.0770452881773243	
lda_shrinkage	45	7	0	val_logloss	0.11871048792185765	
lda_shrinkage	45	7	0	val_auc	1.0	
lda_shrinkage	45	7	0	val_pr_auc	0.9999999999999999	
lda_shrinkage	45	7	0	val_accuracy	0.95	
lda_shrinkage	45	7	0	val_f1	0.9523809523809523	
lda_shrinkage	45	7	0	cal_intercept	-69.22133717683187	
lda_shrinkage	45	7	0	cal_slope	45.163679478624196	
lda_shrinkage	45	7	1	val_logloss	0.09846747432136836	
lda_shrinkage	45	7	1	val_auc	1.0	
lda_shrinkage	45	7	1	val_pr_auc	0.9999999999999999	
lda_shrinkage	45	7	1	val_accuracy	0.9	
lda_shrinkage	45	7	1	val_f1	0.8888888888888888	
lda_shrinkage	45	7	1	cal_intercept	9.410352051373641	
lda_shrinkage	45	7	1	cal_slope	6.538448159859345	
lda_shrinkage	45	7	2	val_logloss	0.08173649942852215	
lda_shrinkage	45	7	2	val_auc	1.0	
lda_shrinkage	45	7	2	val_pr_auc	0.9999999999999999	
lda_shrinkage	45	7	2	val_accuracy	1.0	
lda_shrinkage	45	7	2	val_f1	1.0	
lda_shrinkage	45	7	2	cal_intercept	-4.145701803468802	
lda_shrinkage	45	7	2	cal_slope	10.624292636742549	
lda_shrinkage	45	7	3	val_logloss	0.06205041970724565	
lda_shrinkage	45	7	3	val_auc	1.0	
lda_shrinkage	45	7	3	val_pr_auc	1.0000000000000002	
lda_shrinkage	45	7	3	val_accuracy	1.0	
lda_shrinkage	45	7	3	val_f1	1.0	
lda_shrinkage	45	7	3	cal_intercept	-3.184461397251604	
lda_shrinkage	45	7	3	cal_slope	11.51748631615399	
lda_shrinkage	45	8	0	val_logloss	0.023504537901097366	
lda_shrinkage	45	8	0	val_auc	1.0	
lda_shrinkage	45	8	0	val_pr_auc	0.9999999999999999	
lda_shrinkage	45	8	0	val_accuracy	1.0	
lda_shrinkage	45	8	0	val_f1	1.0	
lda_shrinkage	45	8	0	cal_intercept	2.8278880531658785	
lda_shrinkage	45	8	0	cal_slope	3.7129349597581784	
lda_shrinkage	45	8	1	val_logloss	0.07215691170414663	
lda_shrinkage	45	8	1	val_auc	1.0	
lda_shrinkage	45	8	1	val_pr_auc	0.9999999999999999	
lda_shrinkage	45	8	1	val_accuracy	1.0	
lda_shrinkage	45	8	1	val_f1	1.0	
lda_shrinkage	45	8	1	cal_intercept	-0.33786346146431134	
lda_shrinkage	45	8	1	cal_slope	13.975768307005326	
lda_shrinkage	45	8	2	val_logloss	0.1224150154159455	
lda_shrinkage	45	8	2	val_auc	1.0	
lda_shrinkage	45	8	2	val_pr_auc	1.0000000000000002	
lda_shrinkage	45	8	2	val_accuracy	0.95	
lda_shrinkage	45	8	2	val_f1	0.9473684210526315	
lda_shrinkage	45	8	2	cal_intercept	-95.20369242183352	
lda_shrinkage	45	8	2	cal_slope	65.92439014992574	
lda_shrinkage	45	8	3	val_logloss	0.09295237819554947	
lda_shrinkage	45	8	3	val_auc	1.0	
lda_shrinkage	45	8	3	val_pr_auc	0.9999999999999999	
lda_shrinkage	45	8	3	val_accuracy	1.0	
lda_shrinkage	45	8	3	val_f1	1.0	
lda_shrinkage	45	8	3	cal_intercept	3.234142827098051	
lda_shrinkage	45	8	3	cal_slope	18.36134246736041	
lda_shrinkage	45	9	0	val_logloss	0.057857233659134345	
lda_shrinkage	45	9	0	val_auc	1.0	
lda_shrinkage	45	9	0	val_pr_auc	0.9999999999999999	
lda_shrinkage	45	9	0	val_accuracy	1.0	
lda_shrinkage	45	9	0	val_f1	1.0	
lda_shrinkage	45	9	0	cal_intercept	-6.2834297199037845	
lda_shrinkage	45	9	0	cal_slope	12.2549664596536	
lda_shrinkage	45	9	1	val_logloss	0.1333998976923782	
lda_shrinkage	45	9	1	val_auc	1.0	
lda_shrinkage	45	9	1	val_pr_auc	0.9999999999999999	
lda_shrinkage	45	9	1	val_accuracy	1.0	
lda_shrinkage	45	9	1	val_f1	1.0	
lda_shrinkage	45	9	1	cal_intercept	1.6247043934645324	
lda_shrinkage	45	9	1	cal_slope	15.338679603467398	
lda_shrinkage	45	9	2	val_logloss	0.1222024859650778	
lda_shrinkage	45	9	2	val_auc	0.99	
lda_shrinkage	45	9	2	val_pr_auc	0.9909090909090909	
lda_shrinkage	45	9	2	val_accuracy	0.9	
lda_shrinkage	45	9	2	val_f1	0.9	
lda_shrinkage	45	9	2	cal_intercept	0.5193388647747775	
lda_shrinkage	45	9	2	cal_slope	0.9907514827630328	
lda_shrinkage	45	9	3	val_logloss	0.04646646840095195	
lda_shrinkage	45	9	3	val_auc	1.0	
lda_shrinkage	45	9	3	val_pr_auc	1.0000000000000002	
lda_shrinkage	45	9	3	val_accuracy	1.0	
lda_shrinkage	45	9	3	val_f1	1.0	
lda_shrinkage	45	9	3	cal_intercept	4.148719097017158	
lda_shrinkage	45	9	3	cal_slope	4.646810053924261	
lda_shrinkage	45	10	0	val_logloss	0.024820424076184632	
lda_shrinkage	45	10	0	val_auc	1.0	
lda_shrinkage	45	10	0	val_pr_auc	0.9999999999999999	
lda_shrinkage	45	10	0	val_accuracy	1.0	
lda_shrinkage	45	10	0	val_f1	1.0	
lda_shrinkage	45	10	0	cal_intercept	2.556739161233392	
lda_shrinkage	45	10	0	cal_slope	3.770049542318928	
lda_shrinkage	45	10	1	val_logloss	0.039828858593765976	
lda_shrinkage	45	10	1	val_auc	1.0	
lda_shrinkage	45	10	1	val_pr_auc	0.9999999999999999	
lda_shrinkage	45	10	1	val_accuracy	1.0	
lda_shrinkage	45	10	1	val_f1	1.0	
lda_shrinkage	45	10	1	cal_intercept	5.452118179521362	
lda_shrinkage	45	10	1	cal_slope	4.970298179558078	
lda_shrinkage	45	10	2	val_logloss	0.11409645491780543	
lda_shrinkage	45	10	2	val_auc	0.99	
lda_shrinkage	45	10	2	val_pr_auc	0.9909090909090909	
lda_shrinkage	45	10	2	val_accuracy	0.9	
lda_shrinkage	45	10	2	val_f1	0.9	
lda_shrinkage	45	10	2	cal_intercept	0.105161095848237	
lda_shrinkage	45	10	2	cal_slope	3.091929433501633	
lda_shrinkage	45	10	3	val_logloss	0.26257710042169685	
lda_shrinkage	45	10	3	val_auc	0.9595959595959596	
lda_shrinkage	45	10	3	val_pr_auc	0.9575757575757577	
lda_shrinkage	45	10	3	val_accuracy	0.85	
lda_shrinkage	45	10	3	val_f1	0.8571428571428571	
lda_shrinkage	45	10	3	cal_intercept	-1.0098632739115692	
lda_shrinkage	45	10	3	cal_slope	0.8273334527352495	
lda_shrinkage	30	1	0	val_logloss	0.14562918935726124	
lda_shrinkage	30	1	0	val_auc	0.9797979797979798	
lda_shrinkage	30	1	0	val_pr_auc	0.9765432098765432	
lda_shrinkage	30	1	0	val_accuracy	0.9	
lda_shrinkage	30	1	0	val_f1	0.8888888888888888	
lda_shrinkage	30	1	0	cal_intercept	0.45508848057315565	
lda_shrinkage	30	1	0	cal_slope	0.9467515144912011	
lda_shrinkage	30	1	1	val_logloss	0.10675452617694074	
lda_shrinkage	30	1	1	val_auc	1.0	
lda_shrinkage	30	1	1	val_pr_auc	0.9999999999999999	
lda_shrinkage	30	1	1	val_accuracy	0.95	
lda_shrinkage	30	1	1	val_f1	0.9473684210526315	
lda_shrinkage	30	1	1	cal_intercept	12.570262866477545	
lda_shrinkage	30	1	1	cal_slope	14.27202212510598	
lda_shrinkage	30	1	2	val_logloss	0.059037617889907655	
lda_shrinkage	30	1	2	val_auc	1.0	
lda_shrinkage	30	1	2	val_pr_auc	0.9999999999999999	
lda_shrinkage	30	1	2	val_accuracy	0.95	
lda_shrinkage	30	1	2	val_f1	0.9523809523809523	
lda_shrinkage	30	1	2	cal_intercept	-8.153881669275014	
lda_shrinkage	30	1	2	cal_slope	5.881222604422216	
lda_shrinkage	30	1	3	val_logloss	0.06403169734578576	
lda_shrinkage	30	1	3	val_auc	1.0	
lda_shrinkage	30	1	3	val_pr_auc	0.9999999999999999	
lda_shrinkage	30	1	3	val_accuracy	1.0	
lda_shrinkage	30	1	3	val_f1	1.0	
lda_shrinkage	30	1	3	cal_intercept	0.9211009780172449	
lda_shrinkage	30	1	3	cal_slope	13.89887609318139	
lda_shrinkage	30	2	0	val_logloss	0.18412578740322705	
lda_shrinkage	30	2	0	val_auc	0.99	
lda_shrinkage	30	2	0	val_pr_auc	0.9909090909090909	
lda_shrinkage	30	2	0	val_accuracy	0.9	
lda_shrinkage	30	2	0	val_f1	0.9090909090909091	
lda_shrinkage	30	2	0	cal_intercept	-1.940666631981963	
lda_shrinkage	30	2	0	cal_slope	1.708493186130008	
lda_shrinkage	30	2	1	val_logloss	0.03241420768471925	
lda_shrinkage	30	2	1	val_auc	1.0	
lda_shrinkage	30	2	1	val_pr_auc	1.0000000000000002	
lda_shrinkage	30	2	1	val_accuracy	1.0	
lda_shrinkage	30	2	1	val_f1	1.0	
lda_shrinkage	30	2	1	cal_intercept	-4.022558922454381	
lda_shrinkage	30	2	1	cal_slope	4.909671812432607	
lda_shrinkage	30	2	2	val_logloss	0.053845651333426746	
lda_shrinkage	30	2	2	val_auc	1.0	
lda_shrinkage	30	2	2	val_pr_auc	0.9999999999999999	
lda_shrinkage	30	2	2	val_accuracy	1.0	
lda_shrinkage	30	2	2	val_f1	1.0	
lda_shrinkage	30	2	2	cal_intercept	4.169337623313363	
lda_shrinkage	30	2	2	cal_slope	4.5144075670257005	
lda_shrinkage	30	2	3	val_logloss	0.01269543640639136	
lda_shrinkage	30	2	3	val_auc	1.0	
lda_shrinkage	30	2	3	val_pr_auc	0.9999999999999999	
lda_shrinkage	30	2	3	val_accuracy	1.0	
lda_shrinkage	30	2	3	val_f1	1.0	
lda_shrinkage	30	2	3	cal_intercept	1.1644030722436025	
lda_shrinkage	30	2	3	cal_slope	3.259014231473811	
lda_shrinkage	30	3	0	val_logloss	0.040678419884886755	
lda_shrinkage	30	3	0	val_auc	1.0	
lda_shrinkage	30	3	0	val_pr_auc	0.9999999999999999	
lda_shrinkage	30	3	0	val_accuracy	1.0	
lda_shrinkage	30	3	0	val_f1	1.0	
lda_shrinkage	30	3	0	cal_intercept	2.1777382070897713	
lda_shrinkage	30	3	0	cal_slope	5.044318178318642	
lda_shrinkage	30	3	1	val_logloss	0.09331899145182611	
lda_shrinkage	30	3	1	val_auc	1.0	
lda_shrinkage	30	3	1	val_pr_auc	0.9999999999999999	
lda_shrinkage	30	3	1	val_accuracy	1.0	
lda_shrinkage	30	3	1	val_f1	1.0	
lda_shrinkage	30	3	1	cal_intercept	6.631167305115896	
lda_shrinkage	30	3	1	cal_slope	3.8815218610305595	
lda_shrinkage	30	3	2	val_logloss	0.11468056334317585	
lda_shrinkage	30	3	2	val_auc	0.99	
lda_shrinkage	30	3	2	val_pr_auc	0.9909090909090909	
lda_shrinkage	30	3	2	val_accuracy	0.95	
lda_shrinkage	30	3	2	val_f1	0.9523809523809523	
lda_shrinkage	30	3	2	cal_intercept	-0.6510250541019474	
lda_shrinkage	30	3	2	cal_slope	1.197910073807029	
lda_shrinkage	30	3	3	val_logloss	0.1953552091933715	
lda_shrinkage	30	3	3	val_auc	1.0	
lda_shrinkage	30	3	3	val_pr_auc	1.0000000000000002	
lda_shrinkage	30	3	3	val_accuracy	0.9	
lda_shrinkage	30	3	3	val_f1	0.9	
lda_shrinkage	30	3	3	cal_intercept	-39.2781627877218	
lda_shrinkage	30	3	3	cal_slope	32.1510692444107	
lda_shrinkage	30	4	0	val_logloss	0.11651494903105304	
lda_shrinkage	30	4	0	val_auc	0.9898989898989898	
lda_shrinkage	30	4	0	val_pr_auc	0.9888888888888892	
lda_shrinkage	30	4	0	val_accuracy	0.95	
lda_shrinkage	30	4	0	val_f1	0.9411764705882353	
lda_shrinkage	30	4	0	cal_intercept	0.6888064498514088	
lda_shrinkage	30	4	0	cal_slope	2.690116312262081	
lda_shrinkage	30	4	1	val_logloss	0.04520126472900809	
lda_shrinkage	30	4	1	val_auc	1.0	
lda_shrinkage	30	4	1	val_pr_auc	0.9999999999999999	
lda_shrinkage	30	4	1	val_accuracy	0.95	
lda_shrinkage	30	4	1	val_f1	0.9523809523809523	
lda_shrinkage	30	4	1	cal_intercept	-7.105692696950494	
lda_shrinkage	30	4	1	cal_slope	8.593540192846588	
lda_shrinkage	30	4	2	val_logloss	0.10339038686124469	
lda_shrinkage	30	4	2	val_auc	0.99	
lda_shrinkage	30	4	2	val_pr_auc	0.9909090909090909	
lda_shrinkage	30	4	2	val_accuracy	0.95	
lda_shrinkage	30	4	2	val_f1	0.9523809523809523	
lda_shrinkage	30	4	2	cal_intercept	-1.6564264921366496	
lda_shrinkage	30	4	2	cal_slope	1.7913999474995235	
lda_shrinkage	30	4	3	val_logloss	0.09071242209766109	
lda_shrinkage	30	4	3	val_auc	1.0	
lda_shrinkage	30	4	3	val_pr_auc	0.9999999999999999	
lda_shrinkage	30	4	3	val_accuracy	0.95	
lda_shrinkage	30	4	3	val_f1	0.9473684210526315	
lda_shrinkage	30	4	3	cal_intercept	10.552679327527825	
lda_shrinkage	30	4	3	cal_slope	9.122612161866583	
lda_shrinkage	30	5	0	val_logloss	0.025241402813144742	
lda_shrinkage	30	5	0	val_auc	1.0	
lda_shrinkage	30	5	0	val_pr_auc	0.9999999999999999	
lda_shrinkage	30	5	0	val_accuracy	1.0	
lda_shrinkage	30	5	0	val_f1	1.0	
lda_shrinkage	30	5	0	cal_intercept	1.7662284151669025	
lda_shrinkage	30	5	0	cal_slope	3.5986631160017613	
lda_shrinkage	30	5	1	val_logloss	0.08981301399742579	
lda_shrinkage	30	5	1	val_auc	1.0	
lda_shrinkage	30	5	1	val_pr_auc	0.9999999999999999	
lda_shrinkage	30	5	1	val_accuracy	0.95	
lda_shrinkage	30	5	1	val_f1	0.9523809523809523	
lda_shrinkage	30	5	1	cal_intercept	-21.56927640778168	
lda_shrinkage	30	5	1	cal_slope	17.73348556348045	
lda_shrinkage	30	5	2	val_logloss	0.14040147048232013	
lda_shrinkage	30	5	2	val_auc	0.99	
lda_shrinkage	30	5	2	val_pr_auc	0.9909090909090909	
lda_shrinkage	30	5	2	val_accuracy	0.9	
lda_shrinkage	30	5	2	val_f1	0.9	
lda_shrinkage	30	5	2	cal_intercept	0.03125720420504611	
lda_shrinkage	30	5	2	cal_slope	1.2425998683272026	
lda_shrinkage	30	5	3	val_logloss	0.13307287602996845	
lda_shrinkage	30	5	3	val_auc	1.0	
lda_shrinkage	30	5	3	val_pr_auc	1.0000000000000002	
lda_shrinkage	30	5	3	val_accuracy	0.9	
lda_shrinkage	30	5	3	val_f1	0.875	
lda_shrinkage	30	5	3	cal_intercept	12.682061418597783	
lda_shrinkage	30	5	3	cal_slope	6.51573600687762	
lda_shrinkage	30	6	0	val_logloss	0.03574348084423032	
lda_shrinkage	30	6	0	val_auc	1.0	
lda_shrinkage	30	6	0	val_pr_auc	1.0000000000000002	
lda_shrinkage	30	6	0	val_accuracy	1.0	
lda_shrinkage	30	6	0	val_f1	1.0	
lda_shrinkage	30	6	0	cal_intercept	-4.327494316518839	
lda_shrinkage	30	6	0	cal_slope	4.424392272941503	
lda_shrinkage	30	6	1	val_logloss	0.18417933668154532	
lda_shrinkage	30	6	1	val_auc	0.98	
lda_shrinkage	30	6	1	val_pr_auc	0.9809090909090908	
lda_shrinkage	30	6	1	val_accuracy	0.9	
lda_shrinkage	30	6	1	val_f1	0.9090909090909091	
lda_shrinkage	30	6	1	cal_intercept	-2.12158970254788	
lda_shrinkage	30	6	1	cal_slope	1.4343383923875273	
lda_shrinkage	30	6	2	val_logloss	0.03488365177888754	
lda_shrinkage	30	6	2	val_auc	1.0	
lda_shrinkage	30	6	2	val_pr_auc	0.9999999999999999	
lda_shrinkage	30	6	2	val_accuracy	1.0	
lda_shrinkage	30	6	2	val_f1	1.0	
lda_shrinkage	30	6	2	cal_intercept	2.3977567812195066	
lda_shrinkage	30	6	2	cal_slope	3.892988330538224	
lda_shrinkage	30	6	3	val_logloss	0.2083586782007194	
lda_shrinkage	30	6	3	val_auc	0.97	
lda_shrinkage	30	6	3	val_pr_auc	0.9697979797979798	
lda_shrinkage	30	6	3	val_accuracy	0.9	
lda_shrinkage	30	6	3	val_f1	0.9	
lda_shrinkage	30	6	3	cal_intercept	0.6023692931464144	
lda_shrinkage	30	6	3	cal_slope	1.0616741337514637	
lda_shrinkage	30	7	0	val_logloss	0.13486526712601712	
lda_shrinkage	30	7	0	val_auc	0.99	
lda_shrinkage	30	7	0	val_pr_auc	0.9909090909090909	
lda_shrinkage	30	7	0	val_accuracy	0.95	
lda_shrinkage	30	7	0	val_f1	0.9523809523809523	
lda_shrinkage	30	7	0	cal_intercept	-2.1304506693535887	
lda_shrinkage	30	7	0	cal_slope	1.683037006184974	
lda_shrinkage	30	7	1	val_logloss	0.2434408383847535	
lda_shrinkage	30	7	1	val_auc	0.98	
lda_shrinkage	30	7	1	val_pr_auc	0.9809090909090908	
lda_shrinkage	30	7	1	val_accuracy	0.9	
lda_shrinkage	30	7	1	val_f1	0.8888888888888888	
lda_shrinkage	30	7	1	cal_intercept	3.0249365001602837	
lda_shrinkage	30	7	1	cal_slope	1.4458919600708113	
lda_shrinkage	30	7	2	val_logloss	0.09028109341667959	
lda_shrinkage	30	7	2	val_auc	1.0	
lda_shrinkage	30	7	2	val_pr_auc	0.9999999999999999	
lda_shrinkage	30	7	2	val_accuracy	0.95	
lda_shrinkage	30	7	2	val_f1	0.9523809523809523	
lda_shrinkage	30	7	2	cal_intercept	-6.882849485231111	
lda_shrinkage	30	7	2	cal_slope	10.042691213366258	
lda_shrinkage	30	7	3	val_logloss	0.0753646546389485	
lda_shrinkage	30	7	3	val_auc	1.0	
lda_shrinkage	30	7	3	val_pr_auc	1.0000000000000002	
lda_shrinkage	30	7	3	val_accuracy	0.95	
lda_shrinkage	30	7	3	val_f1	0.9473684210526315	
lda_shrinkage	30	7	3	cal_intercept	-35.13445765458011	
lda_shrinkage	30	7	3	cal_slope	130.97929597588495	
lda_shrinkage	30	8	0	val_logloss	0.033261248187473655	
lda_shrinkage	30	8	0	val_auc	1.0	
lda_shrinkage	30	8	0	val_pr_auc	0.9999999999999999	
lda_shrinkage	30	8	0	val_accuracy	1.0	
lda_shrinkage	30	8	0	val_f1	1.0	
lda_shrinkage	30	8	0	cal_intercept	3.1138483231179945	
lda_shrinkage	30	8	0	cal_slope	3.8753800357637234	
lda_shrinkage	30	8	1	val_logloss	0.07235894793508926	
lda_shrinkage	30	8	1	val_auc	1.0	
lda_shrinkage	30	8	1	val_pr_auc	0.9999999999999999	
lda_shrinkage	30	8	1	val_accuracy	1.0	
lda_shrinkage	30	8	1	val_f1	1.0	
lda_shrinkage	30	8	1	cal_intercept	-4.082838146711525	
lda_shrinkage	30	8	1	cal_slope	9.112914663850322	
lda_shrinkage	30	8	2	val_logloss	0.1535592074065086	
lda_shrinkage	30	8	2	val_auc	1.0	
lda_shrinkage	30	8	2	val_pr_auc	1.0000000000000002	
lda_shrinkage	30	8	2	val_accuracy	0.9	
lda_shrinkage	30	8	2	val_f1	0.9	
lda_shrinkage	30	8	2	cal_intercept	-121.26874248160613	
lda_shrinkage	30	8	2	cal_slope	64.48710581209792	
lda_shrinkage	30	8	3	val_logloss	0.10657419591640845	
lda_shrinkage	30	8	3	val_auc	1.0	
lda_shrinkage	30	8	3	val_pr_auc	0.9999999999999999	
lda_shrinkage	30	8	3	val_accuracy	0.95	
lda_shrinkage	30	8	3	val_f1	0.9473684210526315	
lda_shrinkage	30	8	3	cal_intercept	8.371606094506271	
lda_shrinkage	30	8	3	cal_slope	18.366887910716763	
lda_shrinkage	30	9	0	val_logloss	0.04277073497360821	
lda_shrinkage	30	9	0	val_auc	1.0	
lda_shrinkage	30	9	0	val_pr_auc	0.9999999999999999	
lda_shrinkage	30	9	0	val_accuracy	1.0	
lda_shrinkage	30	9	0	val_f1	1.0	
lda_shrinkage	30	9	0	cal_intercept	-4.012222016220998	
lda_shrinkage	30	9	0	cal_slope	9.40984671926805	
lda_shrinkage	30	9	1	val_logloss	0.1747851392926107	
lda_shrinkage	30	9	1	val_auc	0.99	
lda_shrinkage	30	9	1	val_pr_auc	0.9909090909090909	
lda_shrinkage	30	9	1	val_accuracy	0.9	
lda_shrinkage	30	9	1	val_f1	0.9090909090909091	
lda_shrinkage	30	9	1	cal_intercept	-4.059147685181208	
lda_shrinkage	30	9	1	cal_slope	3.8008177816059376	
lda_shrinkage	30	9	2	val_logloss	0.12211813677948576	
lda_shrinkage	30	9	2	val_auc	0.99	
lda_shrinkage	30	9	2	val_pr_auc	0.9909090909090909	
lda_shrinkage	30	9	2	val_accuracy	0.9	
lda_shrinkage	30	9	2	val_f1	0.9	
lda_shrinkage	30	9	2	cal_intercept	0.5082352855354859	
lda_shrinkage	30	9	2	cal_slope	1.1095960206432198	
lda_shrinkage	30	9	3	val_logloss	0.05728503733310082	
lda_shrinkage	30	9	3	val_auc	1.0	
lda_shrinkage	30	9	3	val_pr_auc	1.0000000000000002	
lda_shrinkage	30	9	3	val_accuracy	0.95	
lda_shrinkage	30	9	3	val_f1	0.9411764705882353	
lda_shrinkage	30	9	3	cal_intercept	7.771583020706458	
lda_shrinkage	30	9	3	cal_slope	4.9882498567580456	
lda_shrinkage	30	10	0	val_logloss	0.06020900354290739	
lda_shrinkage	30	10	0	val_auc	1.0	
lda_shrinkage	30	10	0	val_pr_auc	0.9999999999999999	
lda_shrinkage	30	10	0	val_accuracy	0.95	
lda_shrinkage	30	10	0	val_f1	0.9473684210526315	
lda_shrinkage	30	10	0	cal_intercept	7.371759579212606	
lda_shrinkage	30	10	0	cal_slope	3.010804760672606	
lda_shrinkage	30	10	1	val_logloss	0.02516577462808563	
lda_shrinkage	30	10	1	val_auc	1.0	
lda_shrinkage	30	10	1	val_pr_auc	0.9999999999999999	
lda_shrinkage	30	10	1	val_accuracy	1.0	
lda_shrinkage	30	10	1	val_f1	1.0	
lda_shrinkage	30	10	1	cal_intercept	3.832146723708634	
lda_shrinkage	30	10	1	cal_slope	4.23487761130254	
lda_shrinkage	30	10	2	val_logloss	0.11824480717842947	
lda_shrinkage	30	10	2	val_auc	1.0	
lda_shrinkage	30	10	2	val_pr_auc	0.9999999999999999	
lda_shrinkage	30	10	2	val_accuracy	0.95	
lda_shrinkage	30	10	2	val_f1	0.9473684210526315	
lda_shrinkage	30	10	2	cal_intercept	8.560469572049216	
lda_shrinkage	30	10	2	cal_slope	63.517059451039295	
lda_shrinkage	30	10	3	val_logloss	0.3583444493515372	
lda_shrinkage	30	10	3	val_auc	0.9595959595959596	
lda_shrinkage	30	10	3	val_pr_auc	0.9575757575757577	
lda_shrinkage	30	10	3	val_accuracy	0.85	
lda_shrinkage	30	10	3	val_f1	0.8571428571428571	
lda_shrinkage	30	10	3	cal_intercept	-1.701663833210605	
lda_shrinkage	30	10	3	cal_slope	0.8066833036650182	
lda_shrinkage	20	1	0	val_logloss	0.18534411462855638	
lda_shrinkage	20	1	0	val_auc	0.9797979797979798	
lda_shrinkage	20	1	0	val_pr_auc	0.9765432098765434	
lda_shrinkage	20	1	0	val_accuracy	0.9	
lda_shrinkage	20	1	0	val_f1	0.8888888888888888	
lda_shrinkage	20	1	0	cal_intercept	0.32347483145192285	
lda_shrinkage	20	1	0	cal_slope	0.7126955149400603	
lda_shrinkage	20	1	1	val_logloss	0.1252980186786917	
lda_shrinkage	20	1	1	val_auc	1.0	
lda_shrinkage	20	1	1	val_pr_auc	0.9999999999999999	
lda_shrinkage	20	1	1	val_accuracy	0.95	
lda_shrinkage	20	1	1	val_f1	0.9473684210526315	
lda_shrinkage	20	1	1	cal_intercept	16.51168081910657	
lda_shrinkage	20	1	1	cal_slope	12.19359660005398	
lda_shrinkage	20	1	2	val_logloss	0.04574693486026301	
lda_shrinkage	20	1	2	val_auc	1.0	
lda_shrinkage	20	1	2	val_pr_auc	0.9999999999999999	
lda_shrinkage	20	1	2	val_accuracy	1.0	
lda_shrinkage	20	1	2	val_f1	1.0	
lda_shrinkage	20	1	2	cal_intercept	-4.446165270011405	
lda_shrinkage	20	1	2	cal_slope	6.349053960810448	
lda_shrinkage	20	1	3	val_logloss	0.09869190421857359	
lda_shrinkage	20	1	3	val_auc	0.99	
lda_shrinkage	20	1	3	val_pr_auc	0.9909090909090909	
lda_shrinkage	20	1	3	val_accuracy	0.95	
lda_shrinkage	20	1	3	val_f1	0.9523809523809523	
lda_shrinkage	20	1	3	cal_intercept	0.03195649039585395	
lda_shrinkage	20	1	3	cal_slope	1.305308110204575	
lda_shrinkage	20	2	0	val_logloss	0.22111523412729586	
lda_shrinkage	20	2	0	val_auc	0.9800000000000001	
lda_shrinkage	20	2	0	val_pr_auc	0.9833333333333333	
lda_shrinkage	20	2	0	val_accuracy	0.85	
lda_shrinkage	20	2	0	val_f1	0.8571428571428571	
lda_shrinkage	20	2	0	cal_intercept	-0.9247263074741485	
lda_shrinkage	20	2	0	cal_slope	0.7085371038515292	
lda_shrinkage	20	2	1	val_logloss	0.04564913865074298	
lda_shrinkage	20	2	1	val_auc	1.0	
lda_shrinkage	20	2	1	val_pr_auc	1.0000000000000002	
lda_shrinkage	20	2	1	val_accuracy	1.0	
lda_shrinkage	20	2	1	val_f1	1.0	
lda_shrinkage	20	2	1	cal_intercept	-1.0623871235615499	
lda_shrinkage	20	2	1	cal_slope	7.433669329287264	
lda_shrinkage	20	2	2	val_logloss	0.07288585794991258	
lda_shrinkage	20	2	2	val_auc	1.0	
lda_shrinkage	20	2	2	val_pr_auc	0.9999999999999999	
lda_shrinkage	20	2	2	val_accuracy	1.0	
lda_shrinkage	20	2	2	val_f1	1.0	
lda_shrinkage	20	2	2	cal_intercept	4.662911989172293	
lda_shrinkage	20	2	2	cal_slope	4.324831299469973	
lda_shrinkage	20	2	3	val_logloss	0.014311273113911093	
lda_shrinkage	20	2	3	val_auc	1.0	
lda_shrinkage	20	2	3	val_pr_auc	0.9999999999999999	
lda_shrinkage	20	2	3	val_accuracy	1.0	
lda_shrinkage	20	2	3	val_f1	1.0	
lda_shrinkage	20	2	3	cal_intercept	-0.11734544778117893	
lda_shrinkage	20	2	3	cal_slope	3.3975812026010193	
lda_shrinkage	20	3	0	val_logloss	0.01029738610378938	
lda_shrinkage	20	3	0	val_auc	1.0	
lda_shrinkage	20	3	0	val_pr_auc	0.9999999999999999	
lda_shrinkage	20	3	0	val_accuracy	1.0	
lda_shrinkage	20	3	0	val_f1	1.0	
lda_shrinkage	20	3	0	cal_intercept	-0.1107448509036009	
lda_shrinkage	20	3	0	cal_slope	2.989621014111763	
lda_shrinkage	20	3	1	val_logloss	0.12837417318939612	
lda_shrinkage	20	3	1	val_auc	1.0	
lda_shrinkage	20	3	1	val_pr_auc	0.9999999999999999	
lda_shrinkage	20	3	1	val_accuracy	0.95	
lda_shrinkage	20	3	1	val_f1	0.9473684210526315	
lda_shrinkage	20	3	1	cal_intercept	9.035148963196468	
lda_shrinkage	20	3	1	cal_slope	3.9018689346915663	
lda_shrinkage	20	3	2	val_logloss	0.16777652548468297	
lda_shrinkage	20	3	2	val_auc	0.99	
lda_shrinkage	20	3	2	val_pr_auc	0.9909090909090909	
lda_shrinkage	20	3	2	val_accuracy	0.9	
lda_shrinkage	20	3	2	val_f1	0.9	
lda_shrinkage	20	3	2	cal_intercept	-0.8059332428933385	
lda_shrinkage	20	3	2	cal_slope	0.6900208014844169	
lda_shrinkage	20	3	3	val_logloss	0.13169339160766183	
lda_shrinkage	20	3	3	val_auc	1.0	
lda_shrinkage	20	3	3	val_pr_auc	1.0000000000000002	
lda_shrinkage	20	3	3	val_accuracy	1.0	
lda_shrinkage	20	3	3	val_f1	1.0	
lda_shrinkage	20	3	3	cal_intercept	-6.514371021890125	
lda_shrinkage	20	3	3	cal_slope	7.831917489675503	
lda_shrinkage	20	4	0	val_logloss	0.14022938664152962	
lda_shrinkage	20	4	0	val_auc	0.9797979797979797	
lda_shrinkage	20	4	0	val_pr_auc	0.9797979797979799	
lda_shrinkage	20	4	0	val_accuracy	0.95	
lda_shrinkage	20	4	0	val_f1	0.9411764705882353	
lda_shrinkage	20	4	0	cal_intercept	0.998158282663211	
lda_shrinkage	20	4	0	cal_slope	1.5880153730984568	
lda_shrinkage	20	4	1	val_logloss	0.07604281822375118	
lda_shrinkage	20	4	1	val_auc	1.0	
lda_shrinkage	20	4	1	val_pr_auc	0.9999999999999999	
lda_shrinkage	20	4	1	val_accuracy	0.95	
lda_shrinkage	20	4	1	val_f1	0.9523809523809523	
lda_shrinkage	20	4	1	cal_intercept	-36.41174029555649	
lda_shrinkage	20	4	1	cal_slope	32.60165077056011	
lda_shrinkage	20	4	2	val_logloss	0.1098144008361436	
lda_shrinkage	20	4	2	val_auc	0.99	
lda_shrinkage	20	4	2	val_pr_auc	0.9909090909090909	
lda_shrinkage	20	4	2	val_accuracy	0.95	
lda_shrinkage	20	4	2	val_f1	0.9523809523809523	
lda_shrinkage	20	4	2	cal_intercept	-1.071215526024909	
lda_shrinkage	20	4	2	cal_slope	1.8878690533965214	
lda_shrinkage	20	4	3	val_logloss	0.20406080405025775	
lda_shrinkage	20	4	3	val_auc	0.99	
lda_shrinkage	20	4	3	val_pr_auc	0.9909090909090909	
lda_shrinkage	20	4	3	val_accuracy	0.9	
lda_shrinkage	20	4	3	val_f1	0.8888888888888888	
lda_shrinkage	20	4	3	cal_intercept	3.5430014675273296	
lda_shrinkage	20	4	3	cal_slope	1.2942472350327037	
lda_shrinkage	20	5	0	val_logloss	0.03733338496839025	
lda_shrinkage	20	5	0	val_auc	1.0	
lda_shrinkage	20	5	0	val_pr_auc	0.9999999999999999	
lda_shrinkage	20	5	0	val_accuracy	1.0	
lda_shrinkage	20	5	0	val_f1	1.0	
lda_shrinkage	20	5	0	cal_intercept	2.2166267499509154	
lda_shrinkage	20	5	0	cal_slope	4.088042100254035	
lda_shrinkage	20	5	1	val_logloss	0.10621803589382586	
lda_shrinkage	20	5	1	val_auc	0.99	
lda_shrinkage	20	5	1	val_pr_auc	0.9909090909090909	
lda_shrinkage	20	5	1	val_accuracy	0.9	
lda_shrinkage	20	5	1	val_f1	0.9	
lda_shrinkage	20	5	1	cal_intercept	0.4600945119169901	
lda_shrinkage	20	5	1	cal_slope	0.9911925261675782	
lda_shrinkage	20	5	2	val_logloss	0.19564786049494273	
lda_shrinkage	20	5	2	val_auc	0.9700000000000001	
lda_shrinkage	20	5	2	val_pr_auc	0.9733333333333333	
lda_shrinkage	20	5	2	val_accuracy	0.9	
lda_shrinkage	20	5	2	val_f1	0.9	
lda_shrinkage	20	5	2	cal_intercept	0.36621538010953586	
lda_shrinkage	20	5	2	cal_slope	0.8492613265748542	
lda_shrinkage	20	5	3	val_logloss	0.2750005478021023	
lda_shrinkage	20	5	3	val_auc	0.9898989898989898	
lda_shrinkage	20	5	3	val_pr_auc	0.9888888888888892	
lda_shrinkage	20	5	3	val_accuracy	0.85	
lda_shrinkage	20	5	3	val_f1	0.8	
lda_shrinkage	20	5	3	cal_intercept	16.64525707032775	
lda_shrinkage	20	5	3	cal_slope	6.295309508615992	
lda_shrinkage	20	6	0	val_logloss	0.05410473353668764	
lda_shrinkage	20	6	0	val_auc	1.0	
lda_shrinkage	20	6	0	val_pr_auc	1.0000000000000002	
lda_shrinkage	20	6	0	val_accuracy	0.95	
lda_shrinkage	20	6	0	val_f1	0.9473684210526315	
lda_shrinkage	20	6	0	cal_intercept	-7.7740841541227015	
lda_shrinkage	20	6	0	cal_slope	4.791048716780528	
lda_shrinkage	20	6	1	val_logloss	0.27198355832873894	
lda_shrinkage	20	6	1	val_auc	0.98	
lda_shrinkage	20	6	1	val_pr_auc	0.9809090909090908	
lda_shrinkage	20	6	1	val_accuracy	0.9	
lda_shrinkage	20	6	1	val_f1	0.9090909090909091	
lda_shrinkage	20	6	1	cal_intercept	-1.9588185788733468	
lda_shrinkage	20	6	1	cal_slope	0.7902513221304399	
lda_shrinkage	20	6	2	val_logloss	0.05736690428389714	
lda_shrinkage	20	6	2	val_auc	1.0	
lda_shrinkage	20	6	2	val_pr_auc	0.9999999999999999	
lda_shrinkage	20	6	2	val_accuracy	1.0	
lda_shrinkage	20	6	2	val_f1	1.0	
lda_shrinkage	20	6	2	cal_intercept	3.737499881437752	
lda_shrinkage	20	6	2	cal_slope	4.263766948229669	
lda_shrinkage	20	6	3	val_logloss	0.39435499483464936	
lda_shrinkage	20	6	3	val_auc	0.98	
lda_shrinkage	20	6	3	val_pr_auc	0.9809090909090908	
lda_shrinkage	20	6	3	val_accuracy	0.85	
lda_shrinkage	20	6	3	val_f1	0.8421052631578947	
lda_shrinkage	20	6	3	cal_intercept	1.6293007687905439	
lda_shrinkage	20	6	3	cal_slope	0.6509854507887705	
lda_shrinkage	20	7	0	val_logloss	0.1333913566369678	
lda_shrinkage	20	7	0	val_auc	0.99	
lda_shrinkage	20	7	0	val_pr_auc	0.9909090909090909	
lda_shrinkage	20	7	0	val_accuracy	0.95	
lda_shrinkage	20	7	0	val_f1	0.9523809523809523	
lda_shrinkage	20	7	0	cal_intercept	-1.7551500706453882	
lda_shrinkage	20	7	0	cal_slope	1.8567525540289724	
lda_shrinkage	20	7	1	val_logloss	0.189853089892213	
lda_shrinkage	20	7	1	val_auc	0.9800000000000001	
lda_shrinkage	20	7	1	val_pr_auc	0.9833333333333333	
lda_shrinkage	20	7	1	val_accuracy	0.9	
lda_shrinkage	20	7	1	val_f1	0.8888888888888888	
lda_shrinkage	20	7	1	cal_intercept	3.800950018961642	
lda_shrinkage	20	7	1	cal_slope	2.8693939520146605	
lda_shrinkage	20	7	2	val_logloss	0.10738029142322343	
lda_shrinkage	20	7	2	val_auc	0.99	
lda_shrinkage	20	7	2	val_pr_auc	0.9909090909090909	
lda_shrinkage	20	7	2	val_accuracy	0.95	
lda_shrinkage	20	7	2	val_f1	0.9523809523809523	
lda_shrinkage	20	7	2	cal_intercept	-0.7277040571204474	
lda_shrinkage	20	7	2	cal_slope	1.2963869268901682	
lda_shrinkage	20	7	3	val_logloss	0.07864110127519996	
lda_shrinkage	20	7	3	val_auc	1.0	
lda_shrinkage	20	7	3	val_pr_auc	1.0000000000000002	
lda_shrinkage	20	7	3	val_accuracy	0.95	
lda_shrinkage	20	7	3	val_f1	0.9473684210526315	
lda_shrinkage	20	7	3	cal_intercept	-44.541572117304035	
lda_shrinkage	20	7	3	cal_slope	173.46199518699785	
lda_shrinkage	20	8	0	val_logloss	0.020243155106272885	
lda_shrinkage	20	8	0	val_auc	1.0	
lda_shrinkage	20	8	0	val_pr_auc	0.9999999999999999	
lda_shrinkage	20	8	0	val_accuracy	1.0	
lda_shrinkage	20	8	0	val_f1	1.0	
lda_shrinkage	20	8	0	cal_intercept	2.4140115019511237	
lda_shrinkage	20	8	0	cal_slope	3.6990131379823055	
lda_shrinkage	20	8	1	val_logloss	0.1116377581399263	
lda_shrinkage	20	8	1	val_auc	1.0	
lda_shrinkage	20	8	1	val_pr_auc	0.9999999999999999	
lda_shrinkage	20	8	1	val_accuracy	0.95	
lda_shrinkage	20	8	1	val_f1	0.9523809523809523	
lda_shrinkage	20	8	1	cal_intercept	-10.621963893278716	
lda_shrinkage	20	8	1	cal_slope	11.327411159866212	
lda_shrinkage	20	8	2	val_logloss	0.15386815979048246	
lda_shrinkage	20	8	2	val_auc	0.9898989898989898	
lda_shrinkage	20	8	2	val_pr_auc	0.9888888888888892	
lda_shrinkage	20	8	2	val_accuracy	0.9	
lda_shrinkage	20	8	2	val_f1	0.9	
lda_shrinkage	20	8	2	cal_intercept	-2.7257496287959326	
lda_shrinkage	20	8	2	cal_slope	2.0903676748510427	
lda_shrinkage	20	8	3	val_logloss	0.13559867414103483	
lda_shrinkage	20	8	3	val_auc	0.99	
lda_shrinkage	20	8	3	val_pr_auc	0.9909090909090909	
lda_shrinkage	20	8	3	val_accuracy	0.9	
lda_shrinkage	20	8	3	val_f1	0.9	
lda_shrinkage	20	8	3	cal_intercept	-0.08644365720016703	
lda_shrinkage	20	8	3	cal_slope	0.8875430244000675	
lda_shrinkage	20	9	0	val_logloss	0.07213871390598993	
lda_shrinkage	20	9	0	val_auc	1.0	
lda_shrinkage	20	9	0	val_pr_auc	0.9999999999999999	
lda_shrinkage	20	9	0	val_accuracy	0.95	
lda_shrinkage	20	9	0	val_f1	0.9523809523809523	
lda_shrinkage	20	9	0	cal_intercept	-25.325896141876832	
lda_shrinkage	20	9	0	cal_slope	21.84509722492559	
lda_shrinkage	20	9	1	val_logloss	0.14507983391390505	
lda_shrinkage	20	9	1	val_auc	1.0	
lda_shrinkage	20	9	1	val_pr_auc	0.9999999999999999	
lda_shrinkage	20	9	1	val_accuracy	0.95	
lda_shrinkage	20	9	1	val_f1	0.9523809523809523	
lda_shrinkage	20	9	1	cal_intercept	-30.8525477906027	
lda_shrinkage	20	9	1	cal_slope	13.724456678284518	
lda_shrinkage	20	9	2	val_logloss	0.16263125452749652	
lda_shrinkage	20	9	2	val_auc	0.99	
lda_shrinkage	20	9	2	val_pr_auc	0.9909090909090909	
lda_shrinkage	20	9	2	val_accuracy	0.9	
lda_shrinkage	20	9	2	val_f1	0.9	
lda_shrinkage	20	9	2	cal_intercept	0.8990070104918279	
lda_shrinkage	20	9	2	cal_slope	0.7617194978603602	
lda_shrinkage	20	9	3	val_logloss	0.10896150430826687	
lda_shrinkage	20	9	3	val_auc	1.0	
lda_shrinkage	20	9	3	val_pr_auc	1.0000000000000002	
lda_shrinkage	20	9	3	val_accuracy	0.95	
lda_shrinkage	20	9	3	val_f1	0.9411764705882353	
lda_shrinkage	20	9	3	cal_intercept	39.650239988456434	
lda_shrinkage	20	9	3	cal_slope	21.889499763426397	
lda_shrinkage	20	10	0	val_logloss	0.017309343337777512	
lda_shrinkage	20	10	0	val_auc	1.0	
lda_shrinkage	20	10	0	val_pr_auc	0.9999999999999999	
lda_shrinkage	20	10	0	val_accuracy	1.0	
lda_shrinkage	20	10	0	val_f1	1.0	
lda_shrinkage	20	10	0	cal_intercept	1.9367619735851413	
lda_shrinkage	20	10	0	cal_slope	3.6595835489832536	
lda_shrinkage	20	10	1	val_logloss	0.009846345126713892	
lda_shrinkage	20	10	1	val_auc	1.0	
lda_shrinkage	20	10	1	val_pr_auc	0.9999999999999999	
lda_shrinkage	20	10	1	val_accuracy	1.0	
lda_shrinkage	20	10	1	val_f1	1.0	
lda_shrinkage	20	10	1	cal_intercept	0.4861664811666465	
lda_shrinkage	20	10	1	cal_slope	3.0299258694424007	
lda_shrinkage	20	10	2	val_logloss	0.13274760600821336	
lda_shrinkage	20	10	2	val_auc	0.99	
lda_shrinkage	20	10	2	val_pr_auc	0.9909090909090909	
lda_shrinkage	20	10	2	val_accuracy	0.9	
lda_shrinkage	20	10	2	val_f1	0.9	
lda_shrinkage	20	10	2	cal_intercept	0.8022081488796279	
lda_shrinkage	20	10	2	cal_slope	1.6899041170924278	
lda_shrinkage	20	10	3	val_logloss	0.40804352522225945	
lda_shrinkage	20	10	3	val_auc	0.9393939393939394	
lda_shrinkage	20	10	3	val_pr_auc	0.941919191919192	
lda_shrinkage	20	10	3	val_accuracy	0.8	
lda_shrinkage	20	10	3	val_f1	0.8	
lda_shrinkage	20	10	3	cal_intercept	-0.9265322673729433	
lda_shrinkage	20	10	3	cal_slope	0.44344131644906903	
lda_shrinkage	12	1	0	val_logloss	0.34439295824948973	
lda_shrinkage	12	1	0	val_auc	0.9494949494949494	
lda_shrinkage	12	1	0	val_pr_auc	0.9534662867996202	
lda_shrinkage	12	1	0	val_accuracy	0.85	
lda_shrinkage	12	1	0	val_f1	0.8235294117647058	
lda_shrinkage	12	1	0	cal_intercept	0.16928802963970577	
lda_shrinkage	12	1	0	cal_slope	0.4273557224055041	
lda_shrinkage	12	1	1	val_logloss	0.18204247727171724	
lda_shrinkage	12	1	1	val_auc	1.0	
lda_shrinkage	12	1	1	val_pr_auc	0.9999999999999999	
lda_shrinkage	12	1	1	val_accuracy	0.9	
lda_shrinkage	12	1	1	val_f1	0.8888888888888888	
lda_shrinkage	12	1	1	cal_intercept	125.83083785706827	
lda_shrinkage	12	1	1	cal_slope	49.457540942494845	
lda_shrinkage	12	1	2	val_logloss	0.06643612269920314	
lda_shrinkage	12	1	2	val_auc	1.0	
lda_shrinkage	12	1	2	val_pr_auc	0.9999999999999999	
lda_shrinkage	12	1	2	val_accuracy	0.95	
lda_shrinkage	12	1	2	val_f1	0.9523809523809523	
lda_shrinkage	12	1	2	cal_intercept	-13.052112462578235	
lda_shrinkage	12	1	2	cal_slope	9.99126333647023	
lda_shrinkage	12	1	3	val_logloss	0.16266258971049977	
lda_shrinkage	12	1	3	val_auc	0.98	
lda_shrinkage	12	1	3	val_pr_auc	0.980909090909091	
lda_shrinkage	12	1	3	val_accuracy	0.9	
lda_shrinkage	12	1	3	val_f1	0.9	
lda_shrinkage	12	1	3	cal_intercept	0.7458462361630619	
lda_shrinkage	12	1	3	cal_slope	0.43404594845831945	
lda_shrinkage	12	2	0	val_logloss	0.2369623957328464	
lda_shrinkage	12	2	0	val_auc	0.9800000000000001	
lda_shrinkage	12	2	0	val_pr_auc	0.9833333333333333	
lda_shrinkage	12	2	0	val_accuracy	0.9	
lda_shrinkage	12	2	0	val_f1	0.9	
lda_shrinkage	12	2	0	cal_intercept	-0.987428044602257	
lda_shrinkage	12	2	0	cal_slope	0.7910973290413574	
lda_shrinkage	12	2	1	val_logloss	0.028890084958360023	
lda_shrinkage	12	2	1	val_auc	1.0	
lda_shrinkage	12	2	1	val_pr_auc	1.0000000000000002	
lda_shrinkage	12	2	1	val_accuracy	1.0	
lda_shrinkage	12	2	1	val_f1	1.0	
lda_shrinkage	12	2	1	cal_intercept	1.464167955296797	
lda_shrinkage	12	2	1	cal_slope	5.229142902902341	
lda_shrinkage	12	2	2	val_logloss	0.04623034174682309	
lda_shrinkage	12	2	2	val_auc	1.0	
lda_shrinkage	12	2	2	val_pr_auc	0.9999999999999999	
lda_shrinkage	12	2	2	val_accuracy	1.0	
lda_shrinkage	12	2	2	val_f1	1.0	
lda_shrinkage	12	2	2	cal_intercept	2.7701009390585094	
lda_shrinkage	12	2	2	cal_slope	5.7127107282475	
lda_shrinkage	12	2	3	val_logloss	0.02011046883353929	
lda_shrinkage	12	2	3	val_auc	1.0	
lda_shrinkage	12	2	3	val_pr_auc	0.9999999999999999	
lda_shrinkage	12	2	3	val_accuracy	1.0	
lda_shrinkage	12	2	3	val_f1	1.0	
lda_shrinkage	12	2	3	cal_intercept	1.6147894810199932	
lda_shrinkage	12	2	3	cal_slope	3.5004502733280374	
lda_shrinkage	12	3	0	val_logloss	0.020480688955553075	
lda_shrinkage	12	3	0	val_auc	1.0	
lda_shrinkage	12	3	0	val_pr_auc	0.9999999999999999	
lda_shrinkage	12	3	0	val_accuracy	1.0	
lda_shrinkage	12	3	0	val_f1	1.0	
lda_shrinkage	12	3	0	cal_intercept	-0.49142137446164924	
lda_shrinkage	12	3	0	cal_slope	3.500405671935517	
lda_shrinkage	12	3	1	val_logloss	0.3880948107287491	
lda_shrinkage	12	3	1	val_auc	1.0	
lda_shrinkage	12	3	1	val_pr_auc	0.9999999999999999	
lda_shrinkage	12	3	1	val_accuracy	0.85	
lda_shrinkage	12	3	1	val_f1	0.8235294117647058	
lda_shrinkage	12	3	1	cal_intercept	30.111844924962764	
lda_shrinkage	12	3	1	cal_slope	5.564037099958044	
lda_shrinkage	12	3	2	val_logloss	0.15419061311550578	
lda_shrinkage	12	3	2	val_auc	0.99	
lda_shrinkage	12	3	2	val_pr_auc	0.9909090909090909	
lda_shrinkage	12	3	2	val_accuracy	0.95	
lda_shrinkage	12	3	2	val_f1	0.9523809523809523	
lda_shrinkage	12	3	2	cal_intercept	-1.2699465734261692	
lda_shrinkage	12	3	2	cal_slope	0.8002774974452976	
lda_shrinkage	12	3	3	val_logloss	0.8372193222439874	
lda_shrinkage	12	3	3	val_auc	0.9292929292929293	
lda_shrinkage	12	3	3	val_pr_auc	0.9280303030303032	
lda_shrinkage	12	3	3	val_accuracy	0.75	
lda_shrinkage	12	3	3	val_f1	0.782608695652174	
lda_shrinkage	12	3	3	cal_intercept	-1.9553950690298276	
lda_shrinkage	12	3	3	cal_slope	0.4637006497056403	
lda_shrinkage	12	4	0	val_logloss	0.33303949846817354	
lda_shrinkage	12	4	0	val_auc	0.9595959595959596	
lda_shrinkage	12	4	0	val_pr_auc	0.9658119658119659	
lda_shrinkage	12	4	0	val_accuracy	0.85	
lda_shrinkage	12	4	0	val_f1	0.8421052631578947	
lda_shrinkage	12	4	0	cal_intercept	0.13814053033458606	
lda_shrinkage	12	4	0	cal_slope	0.7106763462944342	
lda_shrinkage	12	4	1	val_logloss	0.053151013347056554	
lda_shrinkage	12	4	1	val_auc	1.0	
lda_shrinkage	12	4	1	val_pr_auc	0.9999999999999999	
lda_shrinkage	12	4	1	val_accuracy	0.95	
lda_shrinkage	12	4	1	val_f1	0.9523809523809523	
lda_shrinkage	12	4	1	cal_intercept	-9.085200945192486	
lda_shrinkage	12	4	1	cal_slope	12.222247750687059	
lda_shrinkage	12	4	2	val_logloss	0.0875366767269797	
lda_shrinkage	12	4	2	val_auc	1.0	
lda_shrinkage	12	4	2	val_pr_auc	0.9999999999999999	
lda_shrinkage	12	4	2	val_accuracy	0.95	
lda_shrinkage	12	4	2	val_f1	0.9523809523809523	
lda_shrinkage	12	4	2	cal_intercept	-31.96276854028474	
lda_shrinkage	12	4	2	cal_slope	23.760401844643013	
lda_shrinkage	12	4	3	val_logloss	0.1517281548067665	
lda_shrinkage	12	4	3	val_auc	0.99	
lda_shrinkage	12	4	3	val_pr_auc	0.9909090909090909	
lda_shrinkage	12	4	3	val_accuracy	0.95	
lda_shrinkage	12	4	3	val_f1	0.9473684210526315	
lda_shrinkage	12	4	3	cal_intercept	1.7291149454522128	
lda_shrinkage	12	4	3	cal_slope	0.9648653221823473	
lda_shrinkage	12	5	0	val_logloss	0.07286312115284695	
lda_shrinkage	12	5	0	val_auc	1.0	
lda_shrinkage	12	5	0	val_pr_auc	0.9999999999999999	
lda_shrinkage	12	5	0	val_accuracy	1.0	
lda_shrinkage	12	5	0	val_f1	1.0	
lda_shrinkage	12	5	0	cal_intercept	6.669835901944754	
lda_shrinkage	12	5	0	cal_slope	3.9228035167956468	
lda_shrinkage	12	5	1	val_logloss	0.11141607576950667	
lda_shrinkage	12	5	1	val_auc	0.99	
lda_shrinkage	12	5	1	val_pr_auc	0.9909090909090909	
lda_shrinkage	12	5	1	val_accuracy	0.9	
lda_shrinkage	12	5	1	val_f1	0.9	
lda_shrinkage	12	5	1	cal_intercept	0.3485043894749939	
lda_shrinkage	12	5	1	cal_slope	0.6970177656847575	
lda_shrinkage	12	5	2	val_logloss	0.27312178508462676	
lda_shrinkage	12	5	2	val_auc	0.96	
lda_shrinkage	12	5	2	val_pr_auc	0.9669230769230769	
lda_shrinkage	12	5	2	val_accuracy	0.85	
lda_shrinkage	12	5	2	val_f1	0.8421052631578947	
lda_shrinkage	12	5	2	cal_intercept	0.6822030883577703	
lda_shrinkage	12	5	2	cal_slope	0.7451136753829801	
lda_shrinkage	12	5	3	val_logloss	0.09795065336454281	
lda_shrinkage	12	5	3	val_auc	1.0	
lda_shrinkage	12	5	3	val_pr_auc	1.0000000000000002	
lda_shrinkage	12	5	3	val_accuracy	0.95	
lda_shrinkage	12	5	3	val_f1	0.9411764705882353	
lda_shrinkage	12	5	3	cal_intercept	11.482158489252729	
lda_shrinkage	12	5	3	cal_slope	6.551125898110714	
lda_shrinkage	12	6	0	val_logloss	0.02893911563637654	
lda_shrinkage	12	6	0	val_auc	1.0	
lda_shrinkage	12	6	0	val_pr_auc	1.0000000000000002	
lda_shrinkage	12	6	0	val_accuracy	1.0	
lda_shrinkage	12	6	0	val_f1	1.0	
lda_shrinkage	12	6	0	cal_intercept	-3.1826469339366352	
lda_shrinkage	12	6	0	cal_slope	4.8695621539910805	
lda_shrinkage	12	6	1	val_logloss	0.216555674556998	
lda_shrinkage	12	6	1	val_auc	0.98	
lda_shrinkage	12	6	1	val_pr_auc	0.9809090909090908	
lda_shrinkage	12	6	1	val_accuracy	0.95	
lda_shrinkage	12	6	1	val_f1	0.9523809523809523	
lda_shrinkage	12	6	1	cal_intercept	-0.94714313715594	
lda_shrinkage	12	6	1	cal_slope	0.5475619410816243	
lda_shrinkage	12	6	2	val_logloss	0.07500600072602735	
lda_shrinkage	12	6	2	val_auc	1.0	
lda_shrinkage	12	6	2	val_pr_auc	0.9999999999999999	
lda_shrinkage	12	6	2	val_accuracy	1.0	
lda_shrinkage	12	6	2	val_f1	1.0	
lda_shrinkage	12	6	2	cal_intercept	1.5874953896850923	
lda_shrinkage	12	6	2	cal_slope	6.262455256380316	
lda_shrinkage	12	6	3	val_logloss	0.3105354700986916	
lda_shrinkage	12	6	3	val_auc	0.97	
lda_shrinkage	12	6	3	val_pr_auc	0.9697979797979798	
lda_shrinkage	12	6	3	val_accuracy	0.85	
lda_shrinkage	12	6	3	val_f1	0.8421052631578947	
lda_shrinkage	12	6	3	cal_intercept	0.4103630790369609	
lda_shrinkage	12	6	3	cal_slope	0.5478962966892534	
lda_shrinkage	12	7	0	val_logloss	0.2049453076478552	
lda_shrinkage	12	7	0	val_auc	0.98	
lda_shrinkage	12	7	0	val_pr_auc	0.9809090909090908	
lda_shrinkage	12	7	0	val_accuracy	0.9	
lda_shrinkage	12	7	0	val_f1	0.9090909090909091	
lda_shrinkage	12	7	0	cal_intercept	-2.030983503625487	
lda_shrinkage	12	7	0	cal_slope	1.0720149117046143	
lda_shrinkage	12	7	1	val_logloss	0.03707339272404317	
lda_shrinkage	12	7	1	val_auc	1.0	
lda_shrinkage	12	7	1	val_pr_auc	0.9999999999999999	
lda_shrinkage	12	7	1	val_accuracy	1.0	
lda_shrinkage	12	7	1	val_f1	1.0	
lda_shrinkage	12	7	1	cal_intercept	3.080904510263061	
lda_shrinkage	12	7	1	cal_slope	3.8365305735298936	
lda_shrinkage	12	7	2	val_logloss	0.2616432127398999	
lda_shrinkage	12	7	2	val_auc	0.98	
lda_shrinkage	12	7	2	val_pr_auc	0.9809090909090908	
lda_shrinkage	12	7	2	val_accuracy	0.95	
lda_shrinkage	12	7	2	val_f1	0.9523809523809523	
lda_shrinkage	12	7	2	cal_intercept	-1.7700029654807965	
lda_shrinkage	12	7	2	cal_slope	0.5650595204174329	
lda_shrinkage	12	7	3	val_logloss	0.18774414101455822	
lda_shrinkage	12	7	3	val_auc	0.9898989898989898	
lda_shrinkage	12	7	3	val_pr_auc	0.9888888888888892	
lda_shrinkage	12	7	3	val_accuracy	0.9	
lda_shrinkage	12	7	3	val_f1	0.875	
lda_shrinkage	12	7	3	cal_intercept	1.423473393104002	
lda_shrinkage	12	7	3	cal_slope	0.6446482435109538	
lda_shrinkage	12	8	0	val_logloss	0.03847985012338524	
lda_shrinkage	12	8	0	val_auc	1.0	
lda_shrinkage	12	8	0	val_pr_auc	0.9999999999999999	
lda_shrinkage	12	8	0	val_accuracy	1.0	
lda_shrinkage	12	8	0	val_f1	1.0	
lda_shrinkage	12	8	0	cal_intercept	1.170569501837032	
lda_shrinkage	12	8	0	cal_slope	5.0270862369764995	
lda_shrinkage	12	8	1	val_logloss	0.14494959022686624	
lda_shrinkage	12	8	1	val_auc	0.99	
lda_shrinkage	12	8	1	val_pr_auc	0.9909090909090909	
lda_shrinkage	12	8	1	val_accuracy	0.95	
lda_shrinkage	12	8	1	val_f1	0.9473684210526315	
lda_shrinkage	12	8	1	cal_intercept	0.6911737815102301	
lda_shrinkage	12	8	1	cal_slope	2.386860047608179	
lda_shrinkage	12	8	2	val_logloss	0.1516444664853749	
lda_shrinkage	12	8	2	val_auc	0.9898989898989898	
lda_shrinkage	12	8	2	val_pr_auc	0.9888888888888892	
lda_shrinkage	12	8	2	val_accuracy	0.9	
lda_shrinkage	12	8	2	val_f1	0.9	
lda_shrinkage	12	8	2	cal_intercept	-6.775176725806372	
lda_shrinkage	12	8	2	cal_slope	8.332643096648624	
lda_shrinkage	12	8	3	val_logloss	0.2251960225126654	
lda_shrinkage	12	8	3	val_auc	0.99	
lda_shrinkage	12	8	3	val_pr_auc	0.9909090909090909	
lda_shrinkage	12	8	3	val_accuracy	0.9	
lda_shrinkage	12	8	3	val_f1	0.9	
lda_shrinkage	12	8	3	cal_intercept	0.5825688584620031	
lda_shrinkage	12	8	3	cal_slope	0.42947868211109036	
lda_shrinkage	12	9	0	val_logloss	0.09571307268184417	
lda_shrinkage	12	9	0	val_auc	1.0	
lda_shrinkage	12	9	0	val_pr_auc	0.9999999999999999	
lda_shrinkage	12	9	0	val_accuracy	0.95	
lda_shrinkage	12	9	0	val_f1	0.9523809523809523	
lda_shrinkage	12	9	0	cal_intercept	-47.38299334292379	
lda_shrinkage	12	9	0	cal_slope	28.961093904785127	
lda_shrinkage	12	9	1	val_logloss	0.17664910089736552	
lda_shrinkage	12	9	1	val_auc	1.0	
lda_shrinkage	12	9	1	val_pr_auc	0.9999999999999999	
lda_shrinkage	12	9	1	val_accuracy	0.85	
lda_shrinkage	12	9	1	val_f1	0.8695652173913043	
lda_shrinkage	12	9	1	cal_intercept	-20.061941053859858	
lda_shrinkage	12	9	1	cal_slope	14.743337796724008	
lda_shrinkage	12	9	2	val_logloss	0.16651733081668868	
lda_shrinkage	12	9	2	val_auc	0.99	
lda_shrinkage	12	9	2	val_pr_auc	0.9909090909090909	
lda_shrinkage	12	9	2	val_accuracy	0.95	
lda_shrinkage	12	9	2	val_f1	0.9523809523809523	
lda_shrinkage	12	9	2	cal_intercept	-0.39648498775511826	
lda_shrinkage	12	9	2	cal_slope	0.5498876609231332	
lda_shrinkage	12	9	3	val_logloss	0.04557550495055926	
lda_shrinkage	12	9	3	val_auc	1.0	
lda_shrinkage	12	9	3	val_pr_auc	1.0000000000000002	
lda_shrinkage	12	9	3	val_accuracy	1.0	
lda_shrinkage	12	9	3	val_f1	1.0	
lda_shrinkage	12	9	3	cal_intercept	2.984854180810728	
lda_shrinkage	12	9	3	cal_slope	5.240597704623145	
lda_shrinkage	12	10	0	val_logloss	0.03762110190470838	
lda_shrinkage	12	10	0	val_auc	1.0	
lda_shrinkage	12	10	0	val_pr_auc	0.9999999999999999	
lda_shrinkage	12	10	0	val_accuracy	1.0	
lda_shrinkage	12	10	0	val_f1	1.0	
lda_shrinkage	12	10	0	cal_intercept	3.8548831409745663	
lda_shrinkage	12	10	0	cal_slope	3.959356161560014	
lda_shrinkage	12	10	1	val_logloss	0.08608033875777081	
lda_shrinkage	12	10	1	val_auc	0.99	
lda_shrinkage	12	10	1	val_pr_auc	0.9909090909090909	
lda_shrinkage	12	10	1	val_accuracy	0.95	
lda_shrinkage	12	10	1	val_f1	0.9523809523809523	
lda_shrinkage	12	10	1	cal_intercept	-1.2080032654820125	
lda_shrinkage	12	10	1	cal_slope	1.830619234463508	
lda_shrinkage	12	10	2	val_logloss	0.06363815316652008	
lda_shrinkage	12	10	2	val_auc	1.0	
lda_shrinkage	12	10	2	val_pr_auc	0.9999999999999999	
lda_shrinkage	12	10	2	val_accuracy	0.95	
lda_shrinkage	12	10	2	val_f1	0.9473684210526315	
lda_shrinkage	12	10	2	cal_intercept	7.592258779289329	
lda_shrinkage	12	10	2	cal_slope	3.8435819278467855	
lda_shrinkage	12	10	3	val_logloss	0.5738440616457272	
lda_shrinkage	12	10	3	val_auc	0.9393939393939394	
lda_shrinkage	12	10	3	val_pr_auc	0.941919191919192	
lda_shrinkage	12	10	3	val_accuracy	0.85	
lda_shrinkage	12	10	3	val_f1	0.8571428571428571	
lda_shrinkage	12	10	3	cal_intercept	-1.0985978228221298	
lda_shrinkage	12	10	3	cal_slope	0.34734552586111656	
lda_shrinkage	8	1	0	val_logloss	0.3687629810868377	
lda_shrinkage	8	1	0	val_auc	0.9494949494949495	
lda_shrinkage	8	1	0	val_pr_auc	0.9500000000000002	
lda_shrinkage	8	1	0	val_accuracy	0.9	
lda_shrinkage	8	1	0	val_f1	0.875	
lda_shrinkage	8	1	0	cal_intercept	0.5913211560031055	
lda_shrinkage	8	1	0	cal_slope	0.4810427901373577	
lda_shrinkage	8	1	1	val_logloss	0.7675151883077236	
lda_shrinkage	8	1	1	val_auc	0.97	
lda_shrinkage	8	1	1	val_pr_auc	0.9769230769230769	
lda_shrinkage	8	1	1	val_accuracy	0.9	
lda_shrinkage	8	1	1	val_f1	0.8888888888888888	
lda_shrinkage	8	1	1	cal_intercept	2.7589981885665664	
lda_shrinkage	8	1	1	cal_slope	0.4346759121925175	
lda_shrinkage	8	1	2	val_logloss	0.7763780500129218	
lda_shrinkage	8	1	2	val_auc	1.0	
lda_shrinkage	8	1	2	val_pr_auc	1.0	
lda_shrinkage	8	1	2	val_accuracy	0.85	
lda_shrinkage	8	1	2	val_f1	0.8235294117647058	
lda_shrinkage	8	1	2	cal_intercept	85.7949430966022	
lda_shrinkage	8	1	2	cal_slope	7.454625327603586	
lda_shrinkage	8	1	3	val_logloss	0.1676186071629661	
lda_shrinkage	8	1	3	val_auc	0.98	
lda_shrinkage	8	1	3	val_pr_auc	0.9809090909090908	
lda_shrinkage	8	1	3	val_accuracy	0.95	
lda_shrinkage	8	1	3	val_f1	0.9523809523809523	
lda_shrinkage	8	1	3	cal_intercept	0.3604523278099426	
lda_shrinkage	8	1	3	cal_slope	0.4236676433367795	
lda_shrinkage	8	2	0	val_logloss	0.3761516596240046	
lda_shrinkage	8	2	0	val_auc	1.0	
lda_shrinkage	8	2	0	val_pr_auc	0.9999999999999999	
lda_shrinkage	8	2	0	val_accuracy	0.85	
lda_shrinkage	8	2	0	val_f1	0.8695652173913043	
lda_shrinkage	8	2	0	cal_intercept	-59.701251600820996	
lda_shrinkage	8	2	0	cal_slope	14.879168087265944	
lda_shrinkage	8	2	1	val_logloss	0.08783063903891147	
lda_shrinkage	8	2	1	val_auc	1.0	
lda_shrinkage	8	2	1	val_pr_auc	1.0000000000000002	
lda_shrinkage	8	2	1	val_accuracy	0.95	
lda_shrinkage	8	2	1	val_f1	0.9473684210526315	
lda_shrinkage	8	2	1	cal_intercept	-23.400994266665073	
lda_shrinkage	8	2	1	cal_slope	10.191214462881652	
lda_shrinkage	8	2	2	val_logloss	0.16923965220132003	
lda_shrinkage	8	2	2	val_auc	0.99	
lda_shrinkage	8	2	2	val_pr_auc	0.9909090909090909	
lda_shrinkage	8	2	2	val_accuracy	0.95	
lda_shrinkage	8	2	2	val_f1	0.9473684210526315	
lda_shrinkage	8	2	2	cal_intercept	0.6750899763952424	
lda_shrinkage	8	2	2	cal_slope	0.8143231361140751	
lda_shrinkage	8	2	3	val_logloss	0.06615271937399791	
lda_shrinkage	8	2	3	val_auc	1.0	
lda_shrinkage	8	2	3	val_pr_auc	0.9999999999999999	
lda_shrinkage	8	2	3	val_accuracy	1.0	
lda_shrinkage	8	2	3	val_f1	1.0	
lda_shrinkage	8	2	3	cal_intercept	5.29401198092064	
lda_shrinkage	8	2	3	cal_slope	4.2246622499100335	
lda_shrinkage	8	3	0	val_logloss	0.028457607620990345	
lda_shrinkage	8	3	0	val_auc	1.0	
lda_shrinkage	8	3	0	val_pr_auc	0.9999999999999999	
lda_shrinkage	8	3	0	val_accuracy	1.0	
lda_shrinkage	8	3	0	val_f1	1.0	
lda_shrinkage	8	3	0	cal_intercept	0.3418953651620164	
lda_shrinkage	8	3	0	cal_slope	4.036746156192351	
lda_shrinkage	8	3	1	val_logloss	0.1370182946417216	
lda_shrinkage	8	3	1	val_auc	1.0	
lda_shrinkage	8	3	1	val_pr_auc	0.9999999999999999	
lda_shrinkage	8	3	1	val_accuracy	0.95	
lda_shrinkage	8	3	1	val_f1	0.9473684210526315	
lda_shrinkage	8	3	1	cal_intercept	8.504825463968261	
lda_shrinkage	8	3	1	cal_slope	3.719106014992958	
lda_shrinkage	8	3	2	val_logloss	0.6643397900390069	
lda_shrinkage	8	3	2	val_auc	0.99	
lda_shrinkage	8	3	2	val_pr_auc	0.990909090909091	
lda_shrinkage	8	3	2	val_accuracy	0.85	
lda_shrinkage	8	3	2	val_f1	0.8695652173913043	
lda_shrinkage	8	3	2	cal_intercept	-2.520990380600671	
lda_shrinkage	8	3	2	cal_slope	0.42012044845198776	
lda_shrinkage	8	3	3	val_logloss	0.7376887191646182	
lda_shrinkage	8	3	3	val_auc	0.9494949494949495	
lda_shrinkage	8	3	3	val_pr_auc	0.9500000000000002	
lda_shrinkage	8	3	3	val_accuracy	0.8	
lda_shrinkage	8	3	3	val_f1	0.8181818181818182	
lda_shrinkage	8	3	3	cal_intercept	-2.882720436659631	
lda_shrinkage	8	3	3	cal_slope	0.6686137720162136	
lda_shrinkage	8	4	0	val_logloss	0.11823636144214453	
lda_shrinkage	8	4	0	val_auc	1.0	
lda_shrinkage	8	4	0	val_pr_auc	1.0000000000000002	
lda_shrinkage	8	4	0	val_accuracy	0.95	
lda_shrinkage	8	4	0	val_f1	0.9411764705882353	
lda_shrinkage	8	4	0	cal_intercept	11.908305467265698	
lda_shrinkage	8	4	0	cal_slope	11.241326282432363	
lda_shrinkage	8	4	1	val_logloss	0.0270632250303015	
lda_shrinkage	8	4	1	val_auc	1.0	
lda_shrinkage	8	4	1	val_pr_auc	1.0	
lda_shrinkage	8	4	1	val_accuracy	1.0	
lda_shrinkage	8	4	1	val_f1	1.0	
lda_shrinkage	8	4	1	cal_intercept	-3.8539837511635113	
lda_shrinkage	8	4	1	cal_slope	4.7500823817149636	
lda_shrinkage	8	4	2	val_logloss	0.07541448912300058	
lda_shrinkage	8	4	2	val_auc	1.0	
lda_shrinkage	8	4	2	val_pr_auc	0.9999999999999999	
lda_shrinkage	8	4	2	val_accuracy	1.0	
lda_shrinkage	8	4	2	val_f1	1.0	
lda_shrinkage	8	4	2	cal_intercept	-3.604210532743329	
lda_shrinkage	8	4	2	cal_slope	17.599980935790995	
lda_shrinkage	8	4	3	val_logloss	0.2817478625930775	
lda_shrinkage	8	4	3	val_auc	1.0	
lda_shrinkage	8	4	3	val_pr_auc	0.9999999999999999	
lda_shrinkage	8	4	3	val_accuracy	0.9	
lda_shrinkage	8	4	3	val_f1	0.8888888888888888	
lda_shrinkage	8	4	3	cal_intercept	59.737327136802264	
lda_shrinkage	8	4	3	cal_slope	17.28632087194352	
lda_shrinkage	8	5	0	val_logloss	0.03876403536188725	
lda_shrinkage	8	5	0	val_auc	1.0	
lda_shrinkage	8	5	0	val_pr_auc	0.9999999999999999	
lda_shrinkage	8	5	0	val_accuracy	1.0	
lda_shrinkage	8	5	0	val_f1	1.0	
lda_shrinkage	8	5	0	cal_intercept	4.918706489478395	
lda_shrinkage	8	5	0	cal_slope	3.3470269965830233	
lda_shrinkage	8	5	1	val_logloss	0.1720458204722332	
lda_shrinkage	8	5	1	val_auc	0.9800000000000001	
lda_shrinkage	8	5	1	val_pr_auc	0.9833333333333334	
lda_shrinkage	8	5	1	val_accuracy	0.85	
lda_shrinkage	8	5	1	val_f1	0.8571428571428571	
lda_shrinkage	8	5	1	cal_intercept	-0.5004569432328317	
lda_shrinkage	8	5	1	cal_slope	0.5013690356397931	
lda_shrinkage	8	5	2	val_logloss	0.30407608975781286	
lda_shrinkage	8	5	2	val_auc	0.9400000000000001	
lda_shrinkage	8	5	2	val_pr_auc	0.9503174603174603	
lda_shrinkage	8	5	2	val_accuracy	0.85	
lda_shrinkage	8	5	2	val_f1	0.8421052631578947	
lda_shrinkage	8	5	2	cal_intercept	0.2877587477160109	
lda_shrinkage	8	5	2	cal_slope	0.7785868646077486	
lda_shrinkage	8	5	3	val_logloss	0.04213513737958733	
lda_shrinkage	8	5	3	val_auc	1.0	
lda_shrinkage	8	5	3	val_pr_auc	1.0000000000000002	
lda_shrinkage	8	5	3	val_accuracy	1.0	
lda_shrinkage	8	5	3	val_f1	1.0	
lda_shrinkage	8	5	3	cal_intercept	5.225621251885519	
lda_shrinkage	8	5	3	cal_slope	4.6265336846352145	
lda_shrinkage	8	6	0	val_logloss	0.04670992466836917	
lda_shrinkage	8	6	0	val_auc	1.0	
lda_shrinkage	8	6	0	val_pr_auc	1.0000000000000002	
lda_shrinkage	8	6	0	val_accuracy	1.0	
lda_shrinkage	8	6	0	val_f1	1.0	
lda_shrinkage	8	6	0	cal_intercept	-0.24589731867568734	
lda_shrinkage	8	6	0	cal_slope	7.116711181847042	
lda_shrinkage	8	6	1	val_logloss	0.18574183344372638	
lda_shrinkage	8	6	1	val_auc	0.99	
lda_shrinkage	8	6	1	val_pr_auc	0.9909090909090909	
lda_shrinkage	8	6	1	val_accuracy	0.95	
lda_shrinkage	8	6	1	val_f1	0.9473684210526315	
lda_shrinkage	8	6	1	cal_intercept	1.417207607803332	
lda_shrinkage	8	6	1	cal_slope	0.641592535803066	
lda_shrinkage	8	6	2	val_logloss	0.03465213440314265	
lda_shrinkage	8	6	2	val_auc	1.0	
lda_shrinkage	8	6	2	val_pr_auc	0.9999999999999999	
lda_shrinkage	8	6	2	val_accuracy	1.0	
lda_shrinkage	8	6	2	val_f1	1.0	
lda_shrinkage	8	6	2	cal_intercept	0.6787086473761944	
lda_shrinkage	8	6	2	cal_slope	4.495471624514467	
lda_shrinkage	8	6	3	val_logloss	0.26430039796312865	
lda_shrinkage	8	6	3	val_auc	0.98	
lda_shrinkage	8	6	3	val_pr_auc	0.9809090909090908	
lda_shrinkage	8	6	3	val_accuracy	0.85	
lda_shrinkage	8	6	3	val_f1	0.8421052631578947	
lda_shrinkage	8	6	3	cal_intercept	0.7251005195982175	
lda_shrinkage	8	6	3	cal_slope	0.5671625250813649	
lda_shrinkage	8	7	0	val_logloss	0.14088257094960605	
lda_shrinkage	8	7	0	val_auc	1.0	
lda_shrinkage	8	7	0	val_pr_auc	0.9999999999999999	
lda_shrinkage	8	7	0	val_accuracy	0.95	
lda_shrinkage	8	7	0	val_f1	0.9523809523809523	
lda_shrinkage	8	7	0	cal_intercept	-27.16862219673123	
lda_shrinkage	8	7	0	cal_slope	9.354332388356324	
lda_shrinkage	8	7	1	val_logloss	0.07042873387111438	
lda_shrinkage	8	7	1	val_auc	1.0	
lda_shrinkage	8	7	1	val_pr_auc	0.9999999999999999	
lda_shrinkage	8	7	1	val_accuracy	1.0	
lda_shrinkage	8	7	1	val_f1	1.0	
lda_shrinkage	8	7	1	cal_intercept	5.622882396899688	
lda_shrinkage	8	7	1	cal_slope	6.094021725903206	
lda_shrinkage	8	7	2	val_logloss	0.5828803110696038	
lda_shrinkage	8	7	2	val_auc	1.0	
lda_shrinkage	8	7	2	val_pr_auc	0.9999999999999999	
lda_shrinkage	8	7	2	val_accuracy	0.9	
lda_shrinkage	8	7	2	val_f1	0.9090909090909091	
lda_shrinkage	8	7	2	cal_intercept	-163.6769341990597	
lda_shrinkage	8	7	2	cal_slope	14.548195243101242	
lda_shrinkage	8	7	3	val_logloss	0.18288639119435085	
lda_shrinkage	8	7	3	val_auc	0.9696969696969697	
lda_shrinkage	8	7	3	val_pr_auc	0.9626543209876546	
lda_shrinkage	8	7	3	val_accuracy	0.9	
lda_shrinkage	8	7	3	val_f1	0.8888888888888888	
lda_shrinkage	8	7	3	cal_intercept	0.648475958119471	
lda_shrinkage	8	7	3	cal_slope	0.5140595365975036	
lda_shrinkage	8	8	0	val_logloss	0.06221258504009891	
lda_shrinkage	8	8	0	val_auc	1.0	
lda_shrinkage	8	8	0	val_pr_auc	0.9999999999999999	
lda_shrinkage	8	8	0	val_accuracy	1.0	
lda_shrinkage	8	8	0	val_f1	1.0	
lda_shrinkage	8	8	0	cal_intercept	3.6137986550242207	
lda_shrinkage	8	8	0	cal_slope	5.879606543989489	
lda_shrinkage	8	8	1	val_logloss	0.28359526961266107	
lda_shrinkage	8	8	1	val_auc	0.98	
lda_shrinkage	8	8	1	val_pr_auc	0.9809090909090908	
lda_shrinkage	8	8	1	val_accuracy	0.9	
lda_shrinkage	8	8	1	val_f1	0.8888888888888888	
lda_shrinkage	8	8	1	cal_intercept	1.3987342803591127	
lda_shrinkage	8	8	1	cal_slope	0.773038368500243	
lda_shrinkage	8	8	2	val_logloss	0.17912530110464975	
lda_shrinkage	8	8	2	val_auc	0.9898989898989898	
lda_shrinkage	8	8	2	val_pr_auc	0.9888888888888892	
lda_shrinkage	8	8	2	val_accuracy	0.9	
lda_shrinkage	8	8	2	val_f1	0.9	
lda_shrinkage	8	8	2	cal_intercept	-4.433469959340169	
lda_shrinkage	8	8	2	cal_slope	5.769256716604171	
lda_shrinkage	8	8	3	val_logloss	0.773905261499783	
lda_shrinkage	8	8	3	val_auc	0.9400000000000001	
lda_shrinkage	8	8	3	val_pr_auc	0.9566666666666668	
lda_shrinkage	8	8	3	val_accuracy	0.85	
lda_shrinkage	8	8	3	val_f1	0.8421052631578947	
lda_shrinkage	8	8	3	cal_intercept	0.18292275293234794	
lda_shrinkage	8	8	3	cal_slope	0.2200228016974913	
lda_shrinkage	8	9	0	val_logloss	1.0611657537314003	
lda_shrinkage	8	9	0	val_auc	0.9400000000000001	
lda_shrinkage	8	9	0	val_pr_auc	0.9469696969696969	
lda_shrinkage	8	9	0	val_accuracy	0.8	
lda_shrinkage	8	9	0	val_f1	0.8333333333333334	
lda_shrinkage	8	9	0	cal_intercept	-2.0984396986761897	
lda_shrinkage	8	9	0	cal_slope	0.38572860677808474	
lda_shrinkage	8	9	1	val_logloss	0.3363036198075319	
lda_shrinkage	8	9	1	val_auc	0.97	
lda_shrinkage	8	9	1	val_pr_auc	0.9697979797979799	
lda_shrinkage	8	9	1	val_accuracy	0.85	
lda_shrinkage	8	9	1	val_f1	0.8421052631578947	
lda_shrinkage	8	9	1	cal_intercept	0.7518552913739983	
lda_shrinkage	8	9	1	cal_slope	0.5120970169495584	
lda_shrinkage	8	9	2	val_logloss	0.7145312314752945	
lda_shrinkage	8	9	2	val_auc	0.9700000000000001	
lda_shrinkage	8	9	2	val_pr_auc	0.9733333333333334	
lda_shrinkage	8	9	2	val_accuracy	0.85	
lda_shrinkage	8	9	2	val_f1	0.8421052631578947	
lda_shrinkage	8	9	2	cal_intercept	0.507357408096816	
lda_shrinkage	8	9	2	cal_slope	0.2341019025626562	
lda_shrinkage	8	9	3	val_logloss	0.02166496761958198	
lda_shrinkage	8	9	3	val_auc	1.0	
lda_shrinkage	8	9	3	val_pr_auc	1.0000000000000002	
lda_shrinkage	8	9	3	val_accuracy	1.0	
lda_shrinkage	8	9	3	val_f1	1.0	
lda_shrinkage	8	9	3	cal_intercept	2.4796235481306343	
lda_shrinkage	8	9	3	cal_slope	3.7075715321471527	
lda_shrinkage	8	10	0	val_logloss	0.6183872291283141	
lda_shrinkage	8	10	0	val_auc	1.0	
lda_shrinkage	8	10	0	val_pr_auc	0.9999999999999999	
lda_shrinkage	8	10	0	val_accuracy	0.9	
lda_shrinkage	8	10	0	val_f1	0.8888888888888888	
lda_shrinkage	8	10	0	cal_intercept	23.870160520448195	
lda_shrinkage	8	10	0	cal_slope	2.45779585975665	
lda_shrinkage	8	10	1	val_logloss	0.07390576649248252	
lda_shrinkage	8	10	1	val_auc	1.0	
lda_shrinkage	8	10	1	val_pr_auc	0.9999999999999999	
lda_shrinkage	8	10	1	val_accuracy	0.95	
lda_shrinkage	8	10	1	val_f1	0.9473684210526315	
lda_shrinkage	8	10	1	cal_intercept	10.231573311043713	
lda_shrinkage	8	10	1	cal_slope	39.47952208439198	
lda_shrinkage	8	10	2	val_logloss	0.028460735109299817	
lda_shrinkage	8	10	2	val_auc	1.0	
lda_shrinkage	8	10	2	val_pr_auc	0.9999999999999999	
lda_shrinkage	8	10	2	val_accuracy	1.0	
lda_shrinkage	8	10	2	val_f1	1.0	
lda_shrinkage	8	10	2	cal_intercept	4.527704874432453	
lda_shrinkage	8	10	2	cal_slope	3.67782424477668	
lda_shrinkage	8	10	3	val_logloss	0.4606508647318999	
lda_shrinkage	8	10	3	val_auc	0.9696969696969697	
lda_shrinkage	8	10	3	val_pr_auc	0.9722222222222223	
lda_shrinkage	8	10	3	val_accuracy	0.85	
lda_shrinkage	8	10	3	val_f1	0.8571428571428571	
lda_shrinkage	8	10	3	cal_intercept	-1.7107851256158675	
lda_shrinkage	8	10	3	cal_slope	0.536930850006043	
qda	60	1	0	val_logloss	0.17186528472978896	
qda	60	1	0	val_auc	0.9797979797979798	
qda	60	1	0	val_pr_auc	0.9765432098765434	
qda	60	1	0	val_accuracy	0.9	
qda	60	1	0	val_f1	0.8888888888888888	
qda	60	1	0	cal_intercept	0.2932971217258701	
qda	60	1	0	cal_slope	2.0741431847244374	
qda	60	1	1	val_logloss	0.1430512396312887	
qda	60	1	1	val_auc	1.0	
qda	60	1	1	val_pr_auc	0.9999999999999999	
qda	60	1	1	val_accuracy	0.95	
qda	60	1	1	val_f1	0.9473684210526315	
qda	60	1	1	cal_intercept	11.851296254451258	
qda	60	1	1	cal_slope	33.20349870280035	
qda	60	1	2	val_logloss	0.11317908297375182	
qda	60	1	2	val_auc	1.0	
qda	60	1	2	val_pr_auc	0.9999999999999999	
qda	60	1	2	val_accuracy	0.95	
qda	60	1	2	val_f1	0.9523809523809523	
qda	60	1	2	cal_intercept	-10.301977182976561	
qda	60	1	2	cal_slope	12.845429237930515	
qda	60	1	3	val_logloss	0.1408731315385781	
qda	60	1	3	val_auc	1.0	
qda	60	1	3	val_pr_auc	0.9999999999999999	
qda	60	1	3	val_accuracy	0.95	
qda	60	1	3	val_f1	0.9473684210526315	
qda	60	1	3	cal_intercept	145.157136229352	
qda	60	1	3	cal_slope	457.85746591196175	
qda	60	2	0	val_logloss	0.23245615501665906	
qda	60	2	0	val_auc	0.9700000000000001	
qda	60	2	0	val_pr_auc	0.9733333333333333	
qda	60	2	0	val_accuracy	0.9	
qda	60	2	0	val_f1	0.9090909090909091	
qda	60	2	0	cal_intercept	-0.8632168709570871	
qda	60	2	0	cal_slope	1.915365639117936	
qda	60	2	1	val_logloss	0.07881260717734667	
qda	60	2	1	val_auc	1.0	
qda	60	2	1	val_pr_auc	1.0000000000000002	
qda	60	2	1	val_accuracy	1.0	
qda	60	2	1	val_f1	1.0	
qda	60	2	1	cal_intercept	-4.871835863541348	
qda	60	2	1	cal_slope	8.60734591182543	
qda	60	2	2	val_logloss	0.138058161203983	
qda	60	2	2	val_auc	1.0	
qda	60	2	2	val_pr_auc	0.9999999999999999	
qda	60	2	2	val_accuracy	0.9	
qda	60	2	2	val_f1	0.8888888888888888	
qda	60	2	2	cal_intercept	9.490438386221246	
qda	60	2	2	cal_slope	8.417273622762483	
qda	60	2	3	val_logloss	0.12268193204635705	
qda	60	2	3	val_auc	1.0	
qda	60	2	3	val_pr_auc	0.9999999999999999	
qda	60	2	3	val_accuracy	1.0	
qda	60	2	3	val_f1	1.0	
qda	60	2	3	cal_intercept	5.862470895368802	
qda	60	2	3	cal_slope	7.63849600915979	
qda	60	3	0	val_logloss	0.11569353228644053	
qda	60	3	0	val_auc	1.0	
qda	60	3	0	val_pr_auc	0.9999999999999999	
qda	60	3	0	val_accuracy	1.0	
qda	60	3	0	val_f1	1.0	
qda	60	3	0	cal_intercept	5.042190259502747	
qda	60	3	0	cal_slope	9.579799492140193	
qda	60	3	1	val_logloss	0.1453584623210034	
qda	60	3	1	val_auc	1.0	
qda	60	3	1	val_pr_auc	0.9999999999999999	
qda	60	3	1	val_accuracy	0.95	
qda	60	3	1	val_f1	0.9473684210526315	
qda	60	3	1	cal_intercept	7.246676580099584	
qda	60	3	1	cal_slope	9.056481686890054	
qda	60	3	2	val_logloss	0.1376565661185101	
qda	60	3	2	val_auc	0.99	
qda	60	3	2	val_pr_auc	0.9909090909090909	
qda	60	3	2	val_accuracy	0.9	
qda	60	3	2	val_f1	0.9	
qda	60	3	2	cal_intercept	-0.3114762668423953	
qda	60	3	2	cal_slope	1.4790986816288918	
qda	60	3	3	val_logloss	0.1896873977786962	
qda	60	3	3	val_auc	1.0	
qda	60	3	3	val_pr_auc	1.0000000000000002	
qda	60	3	3	val_accuracy	0.9	
qda	60	3	3	val_f1	0.9	
qda	60	3	3	cal_intercept	-13.817769682551496	
qda	60	3	3	cal_slope	71.49091200159094	
qda	60	4	0	val_logloss	0.21314235269256182	
qda	60	4	0	val_auc	0.9797979797979797	
qda	60	4	0	val_pr_auc	0.9797979797979799	
qda	60	4	0	val_accuracy	0.85	
qda	60	4	0	val_f1	0.8421052631578947	
qda	60	4	0	cal_intercept	-0.15929808279260277	
qda	60	4	0	cal_slope	2.366095177042166	
qda	60	4	1	val_logloss	0.0843125793043149	
qda	60	4	1	val_auc	1.0	
qda	60	4	1	val_pr_auc	0.9999999999999999	
qda	60	4	1	val_accuracy	1.0	
qda	60	4	1	val_f1	1.0	
qda	60	4	1	cal_intercept	4.077180419807314	
qda	60	4	1	cal_slope	26.500692496211972	
qda	60	4	2	val_logloss	0.14501416245670407	
qda	60	4	2	val_auc	0.99	
qda	60	4	2	val_pr_auc	0.9909090909090909	
qda	60	4	2	val_accuracy	0.95	
qda	60	4	2	val_f1	0.9523809523809523	
qda	60	4	2	cal_intercept	-0.47576836989312465	
qda	60	4	2	cal_slope	1.756201722692012	
qda	60	4	3	val_logloss	0.13613121122461794	
qda	60	4	3	val_auc	1.0	
qda	60	4	3	val_pr_auc	0.9999999999999999	
qda	60	4	3	val_accuracy	1.0	
qda	60	4	3	val_f1	1.0	
qda	60	4	3	cal_intercept	6.061941015273709	
qda	60	4	3	cal_slope	7.3708330417268435	
qda	60	5	0	val_logloss	0.08412801840223012	
qda	60	5	0	val_auc	1.0	
qda	60	5	0	val_pr_auc	0.9999999999999999	
qda	60	5	0	val_accuracy	1.0	
qda	60	5	0	val_f1	1.0	
qda	60	5	0	cal_intercept	1.8611596997217892	
qda	60	5	0	cal_slope	5.6823912362833	
qda	60	5	1	val_logloss	0.14691011280667293	
qda	60	5	1	val_auc	1.0	
qda	60	5	1	val_pr_auc	0.9999999999999999	
qda	60	5	1	val_accuracy	1.0	
qda	60	5	1	val_f1	1.0	
qda	60	5	1	cal_intercept	-2.6931642551967614	
qda	60	5	1	cal_slope	22.83686485112629	
qda	60	5	2	val_logloss	0.19463935423012835	
qda	60	5	2	val_auc	0.98	
qda	60	5	2	val_pr_auc	0.9809090909090908	
qda	60	5	2	val_accuracy	0.9	
qda	60	5	2	val_f1	0.9	
qda	60	5	2	cal_intercept	-0.15873936064289054	
qda	60	5	2	cal_slope	1.5673500589782263	
qda	60	5	3	val_logloss	0.14984206185233404	
qda	60	5	3	val_auc	1.0	
qda	60	5	3	val_pr_auc	1.0000000000000002	
qda	60	5	3	val_accuracy	0.9	
qda	60	5	3	val_f1	0.875	
qda	60	5	3	cal_intercept	7.791920526264239	
qda	60	5	3	cal_slope	6.4597854134444095	
qda	60	6	0	val_logloss	0.09282630067043326	
qda	60	6	0	val_auc	1.0	
qda	60	6	0	val_pr_auc	1.0000000000000002	
qda	60	6	0	val_accuracy	1.0	
qda	60	6	0	val_f1	1.0	
qda	60	6	0	cal_intercept	-4.117589201541587	
qda	60	6	0	cal_slope	11.635158905723099	
qda	60	6	1	val_logloss	0.18239926609057805	
qda	60	6	1	val_auc	0.99	
qda	60	6	1	val_pr_auc	0.9909090909090909	
qda	60	6	1	val_accuracy	0.9	
qda	60	6	1	val_f1	0.9	
qda	60	6	1	cal_intercept	-0.6584856346741716	
qda	60	6	1	cal_slope	1.7162259014160834	
qda	60	6	2	val_logloss	0.14479282277563751	
qda	60	6	2	val_auc	1.0	
qda	60	6	2	val_pr_auc	0.9999999999999999	
qda	60	6	2	val_accuracy	0.95	
qda	60	6	2	val_f1	0.9473684210526315	
qda	60	6	2	cal_intercept	6.650316067101202	
qda	60	6	2	cal_slope	5.848222399417238	
qda	60	6	3	val_logloss	0.18344312144046657	
qda	60	6	3	val_auc	0.98	
qda	60	6	3	val_pr_auc	0.9809090909090908	
qda	60	6	3	val_accuracy	0.9	
qda	60	6	3	val_f1	0.9	
qda	60	6	3	cal_intercept	0.38362478472001404	
qda	60	6	3	cal_slope	2.0919203705332063	
qda	60	7	0	val_logloss	0.19611804712984165	
qda	60	7	0	val_auc	0.98	
qda	60	7	0	val_pr_auc	0.9809090909090908	
qda	60	7	0	val_accuracy	0.9	
qda	60	7	0	val_f1	0.9	
qda	60	7	0	cal_intercept	-0.18894392990241957	
qda	60	7	0	cal_slope	1.7174830255295517	
qda	60	7	1	val_logloss	0.11532716108081205	
qda	60	7	1	val_auc	1.0	
qda	60	7	1	val_pr_auc	0.9999999999999999	
qda	60	7	1	val_accuracy	0.95	
qda	60	7	1	val_f1	0.9473684210526315	
qda	60	7	1	cal_intercept	6.890825823626847	
qda	60	7	1	cal_slope	11.014814484982178	
qda	60	7	2	val_logloss	0.13525086055983365	
qda	60	7	2	val_auc	0.99	
qda	60	7	2	val_pr_auc	0.9909090909090909	
qda	60	7	2	val_accuracy	0.95	
qda	60	7	2	val_f1	0.9473684210526315	
qda	60	7	2	cal_intercept	0.564957939996204	
qda	60	7	2	cal_slope	6.87632865073603	
qda	60	7	3	val_logloss	0.11491147205530401	
qda	60	7	3	val_auc	1.0	
qda	60	7	3	val_pr_auc	1.0000000000000002	
qda	60	7	3	val_accuracy	0.95	
qda	60	7	3	val_f1	0.9411764705882353	
qda	60	7	3	cal_intercept	6.795200889105347	
qda	60	7	3	cal_slope	27.96027848652602	
qda	60	8	0	val_logloss	0.13409890352210035	
qda	60	8	0	val_auc	1.0	
qda	60	8	0	val_pr_auc	0.9999999999999999	
qda	60	8	0	val_accuracy	1.0	
qda	60	8	0	val_f1	1.0	
qda	60	8	0	cal_intercept	6.259223714999029	
qda	60	8	0	cal_slope	7.77040965029324	
qda	60	8	1	val_logloss	0.11764038473691037	
qda	60	8	1	val_auc	1.0	
qda	60	8	1	val_pr_auc	0.9999999999999999	
qda	60	8	1	val_accuracy	1.0	
qda	60	8	1	val_f1	1.0	
qda	60	8	1	cal_intercept	-1.5814819567074103	
qda	60	8	1	cal_slope	18.012326726122218	
qda	60	8	2	val_logloss	0.1795854164257749	
qda	60	8	2	val_auc	0.9797979797979798	
qda	60	8	2	val_pr_auc	0.9765432098765434	
qda	60	8	2	val_accuracy	0.9	
qda	60	8	2	val_f1	0.8888888888888888	
qda	60	8	2	cal_intercept	-0.2247375742000857	
qda	60	8	2	cal_slope	1.5524881384552964	
qda	60	8	3	val_logloss	0.14184580185738555	
qda	60	8	3	val_auc	1.0	
qda	60	8	3	val_pr_auc	0.9999999999999999	
qda	60	8	3	val_accuracy	0.95	
qda	60	8	3	val_f1	0.9473684210526315	
qda	60	8	3	cal_intercept	12.005860432024667	
qda	60	8	3	cal_slope	96.09985466007501	
qda	60	9	0	val_logloss	0.14301851683921157	
qda	60	9	0	val_auc	0.99	
qda	60	9	0	val_pr_auc	0.9909090909090909	
qda	60	9	0	val_accuracy	0.9	
qda	60	9	0	val_f1	0.9	
qda	60	9	0	cal_intercept	-0.07835038584544887	
qda	60	9	0	cal_slope	3.328497307547316	
qda	60	9	1	val_logloss	0.17528351332198117	
qda	60	9	1	val_auc	1.0	
qda	60	9	1	val_pr_auc	0.9999999999999999	
qda	60	9	1	val_accuracy	1.0	
qda	60	9	1	val_f1	1.0	
qda	60	9	1	cal_intercept	0.5193497451426538	
qda	60	9	1	cal_slope	227.12913134087628	
qda	60	9	2	val_logloss	0.13216622562603586	
qda	60	9	2	val_auc	0.99	
qda	60	9	2	val_pr_auc	0.9909090909090909	
qda	60	9	2	val_accuracy	0.95	
qda	60	9	2	val_f1	0.9523809523809523	
qda	60	9	2	cal_intercept	-0.49500668249414836	
qda	60	9	2	cal_slope	2.107695929807847	
qda	60	9	3	val_logloss	0.10806725617338975	
qda	60	9	3	val_auc	1.0	
qda	60	9	3	val_pr_auc	1.0000000000000002	
qda	60	9	3	val_accuracy	1.0	
qda	60	9	3	val_f1	1.0	
qda	60	9	3	cal_intercept	4.849351433492358	
qda	60	9	3	cal_slope	7.770648921680526	
qda	60	10	0	val_logloss	0.1381812641236897	
qda	60	10	0	val_auc	1.0	
qda	60	10	0	val_pr_auc	0.9999999999999999	
qda	60	10	0	val_accuracy	0.9	
qda	60	10	0	val_f1	0.8888888888888888	
qda	60	10	0	cal_intercept	9.272335023605097	
qda	60	10	0	cal_slope	8.123108844623657	
qda	60	10	1	val_logloss	0.11925581713882374	
qda	60	10	1	val_auc	1.0	
qda	60	10	1	val_pr_auc	0.9999999999999999	
qda	60	10	1	val_accuracy	0.95	
qda	60	10	1	val_f1	0.9473684210526315	
qda	60	10	1	cal_intercept	11.402868404554066	
qda	60	10	1	cal_slope	12.796436118979361	
qda	60	10	2	val_logloss	0.129498699232775	
qda	60	10	2	val_auc	1.0	
qda	60	10	2	val_pr_auc	0.9999999999999999	
qda	60	10	2	val_accuracy	0.95	
qda	60	10	2	val_f1	0.9473684210526315	
qda	60	10	2	cal_intercept	12.19693225278896	
qda	60	10	2	cal_slope	32.704468635965355	
qda	60	10	3	val_logloss	0.2342424799407481	
qda	60	10	3	val_auc	0.9797979797979798	
qda	60	10	3	val_pr_auc	0.9765432098765434	
qda	60	10	3	val_accuracy	0.9	
qda	60	10	3	val_f1	0.9	
qda	60	10	3	cal_intercept	-1.7274717118560314	
qda	60	10	3	cal_slope	2.0924426375819505	
qda	45	1	0	val_logloss	0.16988862072653974	
qda	45	1	0	val_auc	0.9797979797979798	
qda	45	1	0	val_pr_auc	0.9765432098765434	
qda	45	1	0	val_accuracy	0.95	
qda	45	1	0	val_f1	0.9473684210526315	
qda	45	1	0	cal_intercept	0.059409409390334005	
qda	45	1	0	cal_slope	1.9195565413475735	
qda	45	1	1	val_logloss	0.15639336436445478	
qda	45	1	1	val_auc	1.0	
qda	45	1	1	val_pr_auc	0.9999999999999999	
qda	45	1	1	val_accuracy	0.95	
qda	45	1	1	val_f1	0.9473684210526315	
qda	45	1	1	cal_intercept	9.714895501501276	
qda	45	1	1	cal_slope	42.085679139186	
qda	45	1	2	val_logloss	0.10800146618498085	
qda	45	1	2	val_auc	1.0	
qda	45	1	2	val_pr_auc	0.9999999999999999	
qda	45	1	2	val_accuracy	0.95	
qda	45	1	2	val_f1	0.9523809523809523	
qda	45	1	2	cal_intercept	-9.770088051619805	
qda	45	1	2	cal_slope	10.631442120967122	
qda	45	1	3	val_logloss	0.14970632759334992	
qda	45	1	3	val_auc	0.99	
qda	45	1	3	val_pr_auc	0.9909090909090909	
qda	45	1	3	val_accuracy	0.95	
qda	45	1	3	val_f1	0.9473684210526315	
qda	45	1	3	cal_intercept	1.4384145849535062	
qda	45	1	3	cal_slope	3.620191808329152	
qda	45	2	0	val_logloss	0.2539483765348597	
qda	45	2	0	val_auc	0.9600000000000001	
qda	45	2	0	val_pr_auc	0.965151515151515	
qda	45	2	0	val_accuracy	0.9	
qda	45	2	0	val_f1	0.9090909090909091	
qda	45	2	0	cal_intercept	-1.186725973831367	
qda	45	2	0	cal_slope	1.7754327977289819	
qda	45	2	1	val_logloss	0.08228212850326505	
qda	45	2	1	val_auc	1.0	
qda	45	2	1	val_pr_auc	1.0000000000000002	
qda	45	2	1	val_accuracy	1.0	
qda	45	2	1	val_f1	1.0	
qda	45	2	1	cal_intercept	-3.698395361851548	
qda	45	2	1	cal_slope	9.010519099781714	
qda	45	2	2	val_logloss	0.1278525794130582	
qda	45	2	2	val_auc	1.0	
qda	45	2	2	val_pr_auc	0.9999999999999999	
qda	45	2	2	val_accuracy	0.95	
qda	45	2	2	val_f1	0.9473684210526315	
qda	45	2	2	cal_intercept	10.021637480977716	
qda	45	2	2	cal_slope	8.547220354821722	
qda	45	2	3	val_logloss	0.11673334744629982	
qda	45	2	3	val_auc	1.0	
qda	45	2	3	val_pr_auc	0.9999999999999999	
qda	45	2	3	val_accuracy	1.0	
qda	45	2	3	val_f1	1.0	
qda	45	2	3	cal_intercept	5.031999975524418	
qda	45	2	3	cal_slope	7.812005321233189	
qda	45	3	0	val_logloss	0.11761991811258951	
qda	45	3	0	val_auc	1.0	
qda	45	3	0	val_pr_auc	0.9999999999999999	
qda	45	3	0	val_accuracy	1.0	
qda	45	3	0	val_f1	1.0	
qda	45	3	0	cal_intercept	4.50628456830562	
qda	45	3	0	cal_slope	8.870588126906199	
qda	45	3	1	val_logloss	0.15362346868453727	
qda	45	3	1	val_auc	1.0	
qda	45	3	1	val_pr_auc	0.9999999999999999	
qda	45	3	1	val_accuracy	0.9	
qda	45	3	1	val_f1	0.8888888888888888	
qda	45	3	1	cal_intercept	8.433294455526159	
qda	45	3	1	cal_slope	10.317829346898227	
qda	45	3	2	val_logloss	0.13636760190681838	
qda	45	3	2	val_auc	0.99	
qda	45	3	2	val_pr_auc	0.9909090909090909	
qda	45	3	2	val_accuracy	0.9	
qda	45	3	2	val_f1	0.9	
qda	45	3	2	cal_intercept	-0.1888819394430414	
qda	45	3	2	cal_slope	1.5571954297278416	
qda	45	3	3	val_logloss	0.20852465094210046	
qda	45	3	3	val_auc	1.0	
qda	45	3	3	val_pr_auc	1.0000000000000002	
qda	45	3	3	val_accuracy	0.9	
qda	45	3	3	val_f1	0.9	
qda	45	3	3	cal_intercept	-289.8867443802785	
qda	45	3	3	cal_slope	1086.0681907006579	
qda	45	4	0	val_logloss	0.19637993928872946	
qda	45	4	0	val_auc	0.9898989898989898	
qda	45	4	0	val_pr_auc	0.9888888888888892	
qda	45	4	0	val_accuracy	0.9	
qda	45	4	0	val_f1	0.9	
qda	45	4	0	cal_intercept	-1.5462389556394351	
qda	45	4	0	cal_slope	3.3582861332358456	
qda	45	4	1	val_logloss	0.08773872613055363	
qda	45	4	1	val_auc	1.0	
qda	45	4	1	val_pr_auc	0.9999999999999999	
qda	45	4	1	val_accuracy	0.95	
qda	45	4	1	val_f1	0.9523809523809523	
qda	45	4	1	cal_intercept	-13.512944305438483	
qda	45	4	1	cal_slope	56.88077060316917	
qda	45	4	2	val_logloss	0.15527608129197104	
qda	45	4	2	val_auc	0.99	
qda	45	4	2	val_pr_auc	0.9909090909090909	
qda	45	4	2	val_accuracy	0.95	
qda	45	4	2	val_f1	0.9523809523809523	
qda	45	4	2	cal_intercept	-0.7259794992266064	
qda	45	4	2	cal_slope	1.8051788082395281	
qda	45	4	3	val_logloss	0.1399055236437312	
qda	45	4	3	val_auc	1.0	
qda	45	4	3	val_pr_auc	0.9999999999999999	
qda	45	4	3	val_accuracy	1.0	
qda	45	4	3	val_f1	1.0	
qda	45	4	3	cal_intercept	5.7080855069214795	
qda	45	4	3	cal_slope	7.3631706920481035	
qda	45	5	0	val_logloss	0.08649344595819121	
qda	45	5	0	val_auc	1.0	
qda	45	5	0	val_pr_auc	0.9999999999999999	
qda	45	5	0	val_accuracy	1.0	
qda	45	5	0	val_f1	1.0	
qda	45	5	0	cal_intercept	2.3494690810428716	
qda	45	5	0	cal_slope	5.8207764383218406	
qda	45	5	1	val_logloss	0.14704656009487466	
qda	45	5	1	val_auc	1.0	
qda	45	5	1	val_pr_auc	0.9999999999999999	
qda	45	5	1	val_accuracy	1.0	
qda	45	5	1	val_f1	1.0	
qda	45	5	1	cal_intercept	-5.426026500518999	
qda	45	5	1	cal_slope	29.382915965962457	
qda	45	5	2	val_logloss	0.20925295516200162	
qda	45	5	2	val_auc	0.98	
qda	45	5	2	val_pr_auc	0.9809090909090908	
qda	45	5	2	val_accuracy	0.85	
qda	45	5	2	val_f1	0.8421052631578947	
qda	45	5	2	cal_intercept	0.34861100215151886	
qda	45	5	2	cal_slope	1.4347211658373125	
qda	45	5	3	val_logloss	0.1496476031823502	
qda	45	5	3	val_auc	1.0	
qda	45	5	3	val_pr_auc	1.0000000000000002	
qda	45	5	3	val_accuracy	0.9	
qda	45	5	3	val_f1	0.875	
qda	45	5	3	cal_intercept	8.76252985779287	
qda	45	5	3	cal_slope	7.471727213448871	
qda	45	6	0	val_logloss	0.08508984773473419	
qda	45	6	0	val_auc	1.0	
qda	45	6	0	val_pr_auc	1.0000000000000002	
qda	45	6	0	val_accuracy	1.0	
qda	45	6	0	val_f1	1.0	
qda	45	6	0	cal_intercept	-5.1219254573201525	
qda	45	6	0	cal_slope	9.385408179679763	
qda	45	6	1	val_logloss	0.18694453470691785	
qda	45	6	1	val_auc	0.98	
qda	45	6	1	val_pr_auc	0.9809090909090908	
qda	45	6	1	val_accuracy	0.95	
qda	45	6	1	val_f1	0.9523809523809523	
qda	45	6	1	cal_intercept	-0.6591672450868064	
qda	45	6	1	cal_slope	1.5611695829421173	
qda	45	6	2	val_logloss	0.14775643017996878	
qda	45	6	2	val_auc	1.0	
qda	45	6	2	val_pr_auc	0.9999999999999999	
qda	45	6	2	val_accuracy	1.0	
qda	45	6	2	val_f1	1.0	
qda	45	6	2	cal_intercept	7.063949352576583	
qda	45	6	2	cal_slope	6.721635087263698	
qda	45	6	3	val_logloss	0.19800508432467948	
qda	45	6	3	val_auc	0.98	
qda	45	6	3	val_pr_auc	0.9809090909090908	
qda	45	6	3	val_accuracy	0.9	
qda	45	6	3	val_f1	0.9	
qda	45	6	3	cal_intercept	0.36367227095341637	
qda	45	6	3	cal_slope	2.192757263173535	
qda	45	7	0	val_logloss	0.19521932970069095	
qda	45	7	0	val_auc	0.98	
qda	45	7	0	val_pr_auc	0.9809090909090908	
qda	45	7	0	val_accuracy	0.9	
qda	45	7	0	val_f1	0.9	
qda	45	7	0	cal_intercept	0.08360280967849096	
qda	45	7	0	cal_slope	1.6151741671440707	
qda	45	7	1	val_logloss	0.13506091784043256	
qda	45	7	1	val_auc	1.0	
qda	45	7	1	val_pr_auc	0.9999999999999999	
qda	45	7	1	val_accuracy	0.95	
qda	45	7	1	val_f1	0.9473684210526315	
qda	45	7	1	cal_intercept	6.711282648293415	
qda	45	7	1	cal_slope	15.739588929720357	
qda	45	7	2	val_logloss	0.17298894914849144	
qda	45	7	2	val_auc	0.9800000000000001	
qda	45	7	2	val_pr_auc	0.9833333333333333	
qda	45	7	2	val_accuracy	0.95	
qda	45	7	2	val_f1	0.9473684210526315	
qda	45	7	2	cal_intercept	0.9712216214281724	
qda	45	7	2	cal_slope	1.4539675211142942	
qda	45	7	3	val_logloss	0.11486440183334337	
qda	45	7	3	val_auc	1.0	
qda	45	7	3	val_pr_auc	1.0000000000000002	
qda	45	7	3	val_accuracy	1.0	
qda	45	7	3	val_f1	1.0	
qda	45	7	3	cal_intercept	0.03665749512116977	
qda	45	7	3	cal_slope	45.53105538845394	
qda	45	8	0	val_logloss	0.1295241307559845	
qda	45	8	0	val_auc	1.0	
qda	45	8	0	val_pr_auc	0.9999999999999999	
qda	45	8	0	val_accuracy	1.0	
qda	45	8	0	val_f1	1.0	
qda	45	8	0	cal_intercept	5.983454383800861	
qda	45	8	0	cal_slope	7.427534286109536	
qda	45	8	1	val_logloss	0.12359585350204223	
qda	45	8	1	val_auc	1.0	
qda	45	8	1	val_pr_auc	0.9999999999999999	
qda	45	8	1	val_accuracy	0.95	
qda	45	8	1	val_f1	0.9523809523809523	
qda	45	8	1	cal_intercept	-7.512670800898081	
qda	45	8	1	cal_slope	30.180077486910996	
qda	45	8	2	val_logloss	0.18669236949872933	
qda	45	8	2	val_auc	0.9797979797979798	
qda	45	8	2	val_pr_auc	0.9765432098765434	
qda	45	8	2	val_accuracy	0.95	
qda	45	8	2	val_f1	0.9473684210526315	
qda	45	8	2	cal_intercept	-0.5604023979571093	
qda	45	8	2	cal_slope	1.4912209159711882	
qda	45	8	3	val_logloss	0.15445317692668037	
qda	45	8	3	val_auc	1.0	
qda	45	8	3	val_pr_auc	0.9999999999999999	
qda	45	8	3	val_accuracy	0.9	
qda	45	8	3	val_f1	0.8888888888888888	
qda	45	8	3	cal_intercept	36.53140497035358	
qda	45	8	3	cal_slope	59.0976174792794	
qda	45	9	0	val_logloss	0.1611799264394831	
qda	45	9	0	val_auc	0.99	
qda	45	9	0	val_pr_auc	0.9909090909090909	
qda	45	9	0	val_accuracy	0.9	
qda	45	9	0	val_f1	0.9	
qda	45	9	0	cal_intercept	0.025752071658587315	
qda	45	9	0	cal_slope	3.069989463210796	
qda	45	9	1	val_logloss	0.19189878868566473	
qda	45	9	1	val_auc	1.0	
qda	45	9	1	val_pr_auc	0.9999999999999999	
qda	45	9	1	val_accuracy	0.95	
qda	45	9	1	val_f1	0.9473684210526315	
qda	45	9	1	cal_intercept	8.3400176372714	
qda	45	9	1	cal_slope	116.19433830039856	
qda	45	9	2	val_logloss	0.12847379639379727	
qda	45	9	2	val_auc	1.0	
qda	45	9	2	val_pr_auc	0.9999999999999999	
qda	45	9	2	val_accuracy	0.95	
qda	45	9	2	val_f1	0.9523809523809523	
qda	45	9	2	cal_intercept	-125.38717177903786	
qda	45	9	2	cal_slope	166.5188656010302	
qda	45	9	3	val_logloss	0.12622621580919594	
qda	45	9	3	val_auc	1.0	
qda	45	9	3	val_pr_auc	1.0000000000000002	
qda	45	9	3	val_accuracy	0.95	
qda	45	9	3	val_f1	0.9411764705882353	
qda	45	9	3	cal_intercept	8.635879496450016	
qda	45	9	3	cal_slope	9.875685149748199	
qda	45	10	0	val_logloss	0.11366320592803218	
qda	45	10	0	val_auc	1.0	
qda	45	10	0	val_pr_auc	0.9999999999999999	
qda	45	10	0	val_accuracy	0.95	
qda	45	10	0	val_f1	0.9473684210526315	
qda	45	10	0	cal_intercept	7.228719509653789	
qda	45	10	0	cal_slope	8.066425168551637	
qda	45	10	1	val_logloss	0.12769933731949937	
qda	45	10	1	val_auc	1.0	
qda	45	10	1	val_pr_auc	0.9999999999999999	
qda	45	10	1	val_accuracy	0.95	
qda	45	10	1	val_f1	0.9473684210526315	
qda	45	10	1	cal_intercept	29.08675140173767	
qda	45	10	1	cal_slope	34.30531623438129	
qda	45	10	2	val_logloss	0.14950249347844616	
qda	45	10	2	val_auc	0.99	
qda	45	10	2	val_pr_auc	0.9909090909090909	
qda	45	10	2	val_accuracy	0.95	
qda	45	10	2	val_f1	0.9473684210526315	
qda	45	10	2	cal_intercept	0.6722816852108969	
qda	45	10	2	cal_slope	3.412049481692864	
qda	45	10	3	val_logloss	0.23719275646619123	
qda	45	10	3	val_auc	0.9595959595959596	
qda	45	10	3	val_pr_auc	0.9575757575757577	
qda	45	10	3	val_accuracy	0.9	
qda	45	10	3	val_f1	0.9	
qda	45	10	3	cal_intercept	-1.2538049169730163	
qda	45	10	3	cal_slope	1.7641420983365268	
qda	30	1	0	val_logloss	0.17440039453403983	
qda	30	1	0	val_auc	0.9797979797979798	
qda	30	1	0	val_pr_auc	0.9765432098765434	
qda	30	1	0	val_accuracy	0.9	
qda	30	1	0	val_f1	0.8888888888888888	
qda	30	1	0	cal_intercept	-0.10915402878716789	
qda	30	1	0	cal_slope	1.768878816574776	
qda	30	1	1	val_logloss	0.1593313721449824	
qda	30	1	1	val_auc	1.0	
qda	30	1	1	val_pr_auc	0.9999999999999999	
qda	30	1	1	val_accuracy	0.95	
qda	30	1	1	val_f1	0.9473684210526315	
qda	30	1	1	cal_intercept	10.908187587784361	
qda	30	1	1	cal_slope	15.975775709908834	
qda	30	1	2	val_logloss	0.08614642491474588	
qda	30	1	2	val_auc	1.0	
qda	30	1	2	val_pr_auc	0.9999999999999999	
qda	30	1	2	val_accuracy	0.95	
qda	30	1	2	val_f1	0.9523809523809523	
qda	30	1	2	cal_intercept	-6.55422417314374	
qda	30	1	2	cal_slope	8.155313690090319	
qda	30	1	3	val_logloss	0.1554810686585643	
qda	30	1	3	val_auc	0.99	
qda	30	1	3	val_pr_auc	0.9909090909090909	
qda	30	1	3	val_accuracy	0.9	
qda	30	1	3	val_f1	0.8888888888888888	
qda	30	1	3	cal_intercept	2.0945592580546206	
qda	30	1	3	cal_slope	3.09333269473235	
qda	30	2	0	val_logloss	0.27403487456398135	
qda	30	2	0	val_auc	0.95	
qda	30	2	0	val_pr_auc	0.9587412587412587	
qda	30	2	0	val_accuracy	0.85	
qda	30	2	0	val_f1	0.8571428571428571	
qda	30	2	0	cal_intercept	-0.6437127857388362	
qda	30	2	0	cal_slope	1.7315100481120853	
qda	30	2	1	val_logloss	0.10019143346861056	
qda	30	2	1	val_auc	1.0	
qda	30	2	1	val_pr_auc	1.0000000000000002	
qda	30	2	1	val_accuracy	1.0	
qda	30	2	1	val_f1	1.0	
qda	30	2	1	cal_intercept	-0.37918971524697553	
qda	30	2	1	cal_slope	12.640959682250106	
qda	30	2	2	val_logloss	0.1714832137883034	
qda	30	2	2	val_auc	1.0	
qda	30	2	2	val_pr_auc	0.9999999999999999	
qda	30	2	2	val_accuracy	0.95	
qda	30	2	2	val_f1	0.9473684210526315	
qda	30	2	2	cal_intercept	49.91662743649222	
qda	30	2	2	cal_slope	37.4982562437894	
qda	30	2	3	val_logloss	0.11020680186248295	
qda	30	2	3	val_auc	1.0	
qda	30	2	3	val_pr_auc	0.9999999999999999	
qda	30	2	3	val_accuracy	1.0	
qda	30	2	3	val_f1	1.0	
qda	30	2	3	cal_intercept	1.2484728029578216	
qda	30	2	3	cal_slope	8.094700639466247	
qda	30	3	0	val_logloss	0.1325471250554962	
qda	30	3	0	val_auc	1.0	
qda	30	3	0	val_pr_auc	0.9999999999999999	
qda	30	3	0	val_accuracy	1.0	
qda	30	3	0	val_f1	1.0	
qda	30	3	0	cal_intercept	3.2960181481910724	
qda	30	3	0	cal_slope	12.457879134310422	
qda	30	3	1	val_logloss	0.1324389800951385	
qda	30	3	1	val_auc	1.0	
qda	30	3	1	val_pr_auc	0.9999999999999999	
qda	30	3	1	val_accuracy	0.95	
qda	30	3	1	val_f1	0.9473684210526315	
qda	30	3	1	cal_intercept	7.630480949676924	
qda	30	3	1	cal_slope	8.559818274125046	
qda	30	3	2	val_logloss	0.1571654417042859	
qda	30	3	2	val_auc	0.99	
qda	30	3	2	val_pr_auc	0.9909090909090909	
qda	30	3	2	val_accuracy	0.9	
qda	30	3	2	val_f1	0.9	
qda	30	3	2	cal_intercept	-0.15390045958074286	
qda	30	3	2	cal_slope	1.8842377393428864	
qda	30	3	3	val_logloss	0.23557601235235412	
qda	30	3	3	val_auc	0.9797979797979798	
qda	30	3	3	val_pr_auc	0.9765432098765434	
qda	30	3	3	val_accuracy	0.85	
qda	30	3	3	val_f1	0.8571428571428571	
qda	30	3	3	cal_intercept	-4.083932440115861	
qda	30	3	3	cal_slope	6.017062756824887	
qda	30	4	0	val_logloss	0.19826759629612195	
qda	30	4	0	val_auc	0.9797979797979797	
qda	30	4	0	val_pr_auc	0.9797979797979799	
qda	30	4	0	val_accuracy	0.95	
qda	30	4	0	val_f1	0.9411764705882353	
qda	30	4	0	cal_intercept	0.261647403201555	
qda	30	4	0	cal_slope	1.9982540166373246	
qda	30	4	1	val_logloss	0.07941994655384002	
qda	30	4	1	val_auc	1.0	
qda	30	4	1	val_pr_auc	0.9999999999999999	
qda	30	4	1	val_accuracy	1.0	
qda	30	4	1	val_f1	1.0	
qda	30	4	1	cal_intercept	0.6394492463182778	
qda	30	4	1	cal_slope	40.11400482900535	
qda	30	4	2	val_logloss	0.16489839563043004	
qda	30	4	2	val_auc	0.99	
qda	30	4	2	val_pr_auc	0.9909090909090909	
qda	30	4	2	val_accuracy	0.95	
qda	30	4	2	val_f1	0.9523809523809523	
qda	30	4	2	cal_intercept	-0.9066904613806417	
qda	30	4	2	cal_slope	1.5781372552876731	
qda	30	4	3	val_logloss	0.10384415521960677	
qda	30	4	3	val_auc	1.0	
qda	30	4	3	val_pr_auc	0.9999999999999999	
qda	30	4	3	val_accuracy	1.0	
qda	30	4	3	val_f1	1.0	
qda	30	4	3	cal_intercept	4.664282560780473	
qda	30	4	3	cal_slope	5.42951072105235	
qda	30	5	0	val_logloss	0.09820146107384817	
qda	30	5	0	val_auc	1.0	
qda	30	5	0	val_pr_auc	0.9999999999999999	
qda	30	5	0	val_accuracy	1.0	
qda	30	5	0	val_f1	1.0	
qda	30	5	0	cal_intercept	2.2640430672384735	
qda	30	5	0	cal_slope	6.11030427631922	
qda	30	5	1	val_logloss	0.14642606267228486	
qda	30	5	1	val_auc	1.0	
qda	30	5	1	val_pr_auc	0.9999999999999999	
qda	30	5	1	val_accuracy	0.95	
qda	30	5	1	val_f1	0.9523809523809523	
qda	30	5	1	cal_intercept	-81.03715930282189	
qda	30	5	1	cal_slope	390.5093606091234	
qda	30	5	2	val_logloss	0.21142859713684276	
qda	30	5	2	val_auc	0.98	
qda	30	5	2	val_pr_auc	0.9809090909090908	
qda	30	5	2	val_accuracy	0.85	
qda	30	5	2	val_f1	0.8421052631578947	
qda	30	5	2	cal_intercept	0.5023424044137875	
qda	30	5	2	cal_slope	1.4695387257758747	
qda	30	5	3	val_logloss	0.16833686000866824	
qda	30	5	3	val_auc	1.0	
qda	30	5	3	val_pr_auc	1.0000000000000002	
qda	30	5	3	val_accuracy	0.9	
qda	30	5	3	val_f1	0.875	
qda	30	5	3	cal_intercept	9.355562432365762	
qda	30	5	3	cal_slope	7.570043561750817	
qda	30	6	0	val_logloss	0.07692549566325267	
qda	30	6	0	val_auc	1.0	
qda	30	6	0	val_pr_auc	1.0000000000000002	
qda	30	6	0	val_accuracy	1.0	
qda	30	6	0	val_f1	1.0	
qda	30	6	0	cal_intercept	-3.0862054915229864	
qda	30	6	0	cal_slope	6.882856929387244	
qda	30	6	1	val_logloss	0.1919887865801143	
qda	30	6	1	val_auc	0.98	
qda	30	6	1	val_pr_auc	0.9809090909090908	
qda	30	6	1	val_accuracy	0.95	
qda	30	6	1	val_f1	0.9523809523809523	
qda	30	6	1	cal_intercept	-1.0119057167599765	
qda	30	6	1	cal_slope	1.6857990166918444	
qda	30	6	2	val_logloss	0.1234301128244976	
qda	30	6	2	val_auc	1.0	
qda	30	6	2	val_pr_auc	0.9999999999999999	
qda	30	6	2	val_accuracy	0.95	
qda	30	6	2	val_f1	0.9473684210526315	
qda	30	6	2	cal_intercept	7.080880250295481	
qda	30	6	2	cal_slope	5.101307274496815	
qda	30	6	3	val_logloss	0.2165593504958642	
qda	30	6	3	val_auc	0.98	
qda	30	6	3	val_pr_auc	0.9809090909090908	
qda	30	6	3	val_accuracy	0.95	
qda	30	6	3	val_f1	0.9523809523809523	
qda	30	6	3	cal_intercept	-0.3361873136892308	
qda	30	6	3	cal_slope	3.7894509431282386	
qda	30	7	0	val_logloss	0.19954408127122308	
qda	30	7	0	val_auc	0.98	
qda	30	7	0	val_pr_auc	0.9809090909090908	
qda	30	7	0	val_accuracy	0.9	
qda	30	7	0	val_f1	0.9	
qda	30	7	0	cal_intercept	0.14150517635828258	
qda	30	7	0	cal_slope	1.3814906389980863	
qda	30	7	1	val_logloss	0.1644170095843745	
qda	30	7	1	val_auc	0.9800000000000001	
qda	30	7	1	val_pr_auc	0.9833333333333333	
qda	30	7	1	val_accuracy	0.95	
qda	30	7	1	val_f1	0.9473684210526315	
qda	30	7	1	cal_intercept	1.9056661994039095	
qda	30	7	1	cal_slope	2.5154151187579887	
qda	30	7	2	val_logloss	0.2050133540607451	
qda	30	7	2	val_auc	0.9800000000000001	
qda	30	7	2	val_pr_auc	0.9833333333333333	
qda	30	7	2	val_accuracy	0.9	
qda	30	7	2	val_f1	0.9	
qda	30	7	2	cal_intercept	0.44619358003799314	
qda	30	7	2	cal_slope	1.1182794718475462	
qda	30	7	3	val_logloss	0.10414032906961554	
qda	30	7	3	val_auc	1.0	
qda	30	7	3	val_pr_auc	1.0000000000000002	
qda	30	7	3	val_accuracy	0.95	
qda	30	7	3	val_f1	0.9473684210526315	
qda	30	7	3	cal_intercept	-31.806227087393694	
qda	30	7	3	cal_slope	121.49893767744588	
qda	30	8	0	val_logloss	0.1415364630491366	
qda	30	8	0	val_auc	1.0	
qda	30	8	0	val_pr_auc	0.9999999999999999	
qda	30	8	0	val_accuracy	1.0	
qda	30	8	0	val_f1	1.0	
qda	30	8	0	cal_intercept	6.139632294781721	
qda	30	8	0	cal_slope	7.829727061439592	
qda	30	8	1	val_logloss	0.12451847950503339	
qda	30	8	1	val_auc	1.0	
qda	30	8	1	val_pr_auc	0.9999999999999999	
qda	30	8	1	val_accuracy	1.0	
qda	30	8	1	val_f1	1.0	
qda	30	8	1	cal_intercept	-3.327486115399529	
qda	30	8	1	cal_slope	17.46778186914317	
qda	30	8	2	val_logloss	0.20646539372971878	
qda	30	8	2	val_auc	0.9797979797979798	
qda	30	8	2	val_pr_auc	0.9765432098765434	
qda	30	8	2	val_accuracy	0.9	
qda	30	8	2	val_f1	0.9	
qda	30	8	2	cal_intercept	-0.8893505260840316	
qda	30	8	2	cal_slope	1.550247070282924	
qda	30	8	3	val_logloss	0.17094754788992478	
qda	30	8	3	val_auc	1.0	
qda	30	8	3	val_pr_auc	0.9999999999999999	
qda	30	8	3	val_accuracy	0.9	
qda	30	8	3	val_f1	0.8888888888888888	
qda	30	8	3	cal_intercept	107.17128926028896	
qda	30	8	3	cal_slope	122.89812898128746	
qda	30	9	0	val_logloss	0.13353819749385648	
qda	30	9	0	val_auc	0.99	
qda	30	9	0	val_pr_auc	0.9909090909090909	
qda	30	9	0	val_accuracy	0.9	
qda	30	9	0	val_f1	0.9	
qda	30	9	0	cal_intercept	-0.044154130125605914	
qda	30	9	0	cal_slope	2.599371355460781	
qda	30	9	1	val_logloss	0.20001766099333604	
qda	30	9	1	val_auc	0.99	
qda	30	9	1	val_pr_auc	0.9909090909090909	
qda	30	9	1	val_accuracy	0.9	
qda	30	9	1	val_f1	0.9090909090909091	
qda	30	9	1	cal_intercept	-2.1556454990498013	
qda	30	9	1	cal_slope	3.3437563117004334	
qda	30	9	2	val_logloss	0.14109181787781155	
qda	30	9	2	val_auc	1.0	
qda	30	9	2	val_pr_auc	0.9999999999999999	
qda	30	9	2	val_accuracy	0.95	
qda	30	9	2	val_f1	0.9523809523809523	
qda	30	9	2	cal_intercept	-52.90172996269391	
qda	30	9	2	cal_slope	43.59164514492704	
qda	30	9	3	val_logloss	0.13518884249231797	
qda	30	9	3	val_auc	1.0	
qda	30	9	3	val_pr_auc	1.0000000000000002	
qda	30	9	3	val_accuracy	0.95	
qda	30	9	3	val_f1	0.9411764705882353	
qda	30	9	3	cal_intercept	14.641635807964924	
qda	30	9	3	cal_slope	13.811686187482891	
qda	30	10	0	val_logloss	0.14978172470473178	
qda	30	10	0	val_auc	1.0	
qda	30	10	0	val_pr_auc	0.9999999999999999	
qda	30	10	0	val_accuracy	0.9	
qda	30	10	0	val_f1	0.8888888888888888	
qda	30	10	0	cal_intercept	12.284971748209694	
qda	30	10	0	cal_slope	6.941287348111303	
qda	30	10	1	val_logloss	0.08687069377233687	
qda	30	10	1	val_auc	1.0	
qda	30	10	1	val_pr_auc	0.9999999999999999	
qda	30	10	1	val_accuracy	1.0	
qda	30	10	1	val_f1	1.0	
qda	30	10	1	cal_intercept	6.09562938184142	
qda	30	10	1	cal_slope	9.884049799044261	
qda	30	10	2	val_logloss	0.138496595082115	
qda	30	10	2	val_auc	0.99	
qda	30	10	2	val_pr_auc	0.9909090909090909	
qda	30	10	2	val_accuracy	0.9	
qda	30	10	2	val_f1	0.9	
qda	30	10	2	cal_intercept	-0.055118283021232235	
qda	30	10	2	cal_slope	2.840939724931528	
qda	30	10	3	val_logloss	0.2807461999233054	
qda	30	10	3	val_auc	0.9595959595959596	
qda	30	10	3	val_pr_auc	0.9575757575757577	
qda	30	10	3	val_accuracy	0.85	
qda	30	10	3	val_f1	0.8571428571428571	
qda	30	10	3	cal_intercept	-2.3845219956917356	
qda	30	10	3	cal_slope	2.006539010272085	
qda	20	1	0	val_logloss	0.18175317891743348	
qda	20	1	0	val_auc	0.9898989898989898	
qda	20	1	0	val_pr_auc	0.9888888888888892	
qda	20	1	0	val_accuracy	0.9	
qda	20	1	0	val_f1	0.8888888888888888	
qda	20	1	0	cal_intercept	-0.44357392740576623	
qda	20	1	0	cal_slope	1.7633118760388795	
qda	20	1	1	val_logloss	0.1598165327889742	
qda	20	1	1	val_auc	1.0	
qda	20	1	1	val_pr_auc	0.9999999999999999	
qda	20	1	1	val_accuracy	0.95	
qda	20	1	1	val_f1	0.9473684210526315	
qda	20	1	1	cal_intercept	14.426920504282872	
qda	20	1	1	cal_slope	18.923750798594273	
qda	20	1	2	val_logloss	0.07052273595117299	
qda	20	1	2	val_auc	1.0	
qda	20	1	2	val_pr_auc	0.9999999999999999	
qda	20	1	2	val_accuracy	1.0	
qda	20	1	2	val_f1	1.0	
qda	20	1	2	cal_intercept	-2.6001600477338678	
qda	20	1	2	cal_slope	8.267568550821789	
qda	20	1	3	val_logloss	0.13368488005913992	
qda	20	1	3	val_auc	0.99	
qda	20	1	3	val_pr_auc	0.9909090909090909	
qda	20	1	3	val_accuracy	0.9	
qda	20	1	3	val_f1	0.9	
qda	20	1	3	cal_intercept	0.595161677847161	
qda	20	1	3	cal_slope	1.578162962091581	
qda	20	2	0	val_logloss	0.2895608746052163	
qda	20	2	0	val_auc	0.9600000000000001	
qda	20	2	0	val_pr_auc	0.965151515151515	
qda	20	2	0	val_accuracy	0.85	
qda	20	2	0	val_f1	0.8571428571428571	
qda	20	2	0	cal_intercept	-1.0444749967030011	
qda	20	2	0	cal_slope	1.672717360485189	
qda	20	2	1	val_logloss	0.11079807136271655	
qda	20	2	1	val_auc	1.0	
qda	20	2	1	val_pr_auc	1.0000000000000002	
qda	20	2	1	val_accuracy	1.0	
qda	20	2	1	val_f1	1.0	
qda	20	2	1	cal_intercept	4.926305684460018	
qda	20	2	1	cal_slope	12.085356973728443	
qda	20	2	2	val_logloss	0.1794077940180491	
qda	20	2	2	val_auc	1.0	
qda	20	2	2	val_pr_auc	0.9999999999999999	
qda	20	2	2	val_accuracy	0.95	
qda	20	2	2	val_f1	0.9473684210526315	
qda	20	2	2	cal_intercept	47.60306890710413	
qda	20	2	2	cal_slope	36.45823393861566	
qda	20	2	3	val_logloss	0.10896893234826892	
qda	20	2	3	val_auc	1.0	
qda	20	2	3	val_pr_auc	0.9999999999999999	
qda	20	2	3	val_accuracy	1.0	
qda	20	2	3	val_f1	1.0	
qda	20	2	3	cal_intercept	-1.0575903467338224	
qda	20	2	3	cal_slope	8.782060111867187	
qda	20	3	0	val_logloss	0.0823154335371965	
qda	20	3	0	val_auc	1.0	
qda	20	3	0	val_pr_auc	0.9999999999999999	
qda	20	3	0	val_accuracy	1.0	
qda	20	3	0	val_f1	1.0	
qda	20	3	0	cal_intercept	-1.104416900655978	
qda	20	3	0	cal_slope	7.914374920679097	
qda	20	3	1	val_logloss	0.13560347363435674	
qda	20	3	1	val_auc	1.0	
qda	20	3	1	val_pr_auc	0.9999999999999999	
qda	20	3	1	val_accuracy	1.0	
qda	20	3	1	val_f1	1.0	
qda	20	3	1	cal_intercept	7.013201843580738	
qda	20	3	1	cal_slope	9.082856109423854	
qda	20	3	2	val_logloss	0.16332608191579445	
qda	20	3	2	val_auc	0.9800000000000001	
qda	20	3	2	val_pr_auc	0.9833333333333333	
qda	20	3	2	val_accuracy	0.9	
qda	20	3	2	val_f1	0.9	
qda	20	3	2	cal_intercept	-0.44996982043426875	
qda	20	3	2	cal_slope	1.2164362932054693	
qda	20	3	3	val_logloss	0.23490857440643748	
qda	20	3	3	val_auc	1.0	
qda	20	3	3	val_pr_auc	1.0000000000000002	
qda	20	3	3	val_accuracy	0.85	
qda	20	3	3	val_f1	0.8571428571428571	
qda	20	3	3	cal_intercept	-70.3875826240955	
qda	20	3	3	cal_slope	102.22090842883682	
qda	20	4	0	val_logloss	0.157593229574345	
qda	20	4	0	val_auc	1.0	
qda	20	4	0	val_pr_auc	1.0000000000000002	
qda	20	4	0	val_accuracy	1.0	
qda	20	4	0	val_f1	1.0	
qda	20	4	0	cal_intercept	4.015253295101029	
qda	20	4	0	cal_slope	74.73360260715982	
qda	20	4	1	val_logloss	0.08216122666599587	
qda	20	4	1	val_auc	0.99	
qda	20	4	1	val_pr_auc	0.9909090909090909	
qda	20	4	1	val_accuracy	0.9	
qda	20	4	1	val_f1	0.9	
qda	20	4	1	cal_intercept	0.08405345372941345	
qda	20	4	1	cal_slope	1.7795744672826994	
qda	20	4	2	val_logloss	0.17196267657616154	
qda	20	4	2	val_auc	0.99	
qda	20	4	2	val_pr_auc	0.9909090909090909	
qda	20	4	2	val_accuracy	0.9	
qda	20	4	2	val_f1	0.9	
qda	20	4	2	cal_intercept	-0.447741814537198	
qda	20	4	2	cal_slope	1.5579228610468567	
qda	20	4	3	val_logloss	0.09551324453533541	
qda	20	4	3	val_auc	1.0	
qda	20	4	3	val_pr_auc	0.9999999999999999	
qda	20	4	3	val_accuracy	1.0	
qda	20	4	3	val_f1	1.0	
qda	20	4	3	cal_intercept	4.1522797889188805	
qda	20	4	3	cal_slope	6.231286526360966	
qda	20	5	0	val_logloss	0.12019406902581435	
qda	20	5	0	val_auc	1.0	
qda	20	5	0	val_pr_auc	0.9999999999999999	
qda	20	5	0	val_accuracy	1.0	
qda	20	5	0	val_f1	1.0	
qda	20	5	0	cal_intercept	3.086253243192291	
qda	20	5	0	cal_slope	6.636336358513685	
qda	20	5	1	val_logloss	0.15211092282292232	
qda	20	5	1	val_auc	0.98	
qda	20	5	1	val_pr_auc	0.9809090909090908	
qda	20	5	1	val_accuracy	0.9	
qda	20	5	1	val_f1	0.8888888888888888	
qda	20	5	1	cal_intercept	1.306824611140805	
qda	20	5	1	cal_slope	2.001717583209343	
qda	20	5	2	val_logloss	0.20120775132076582	
qda	20	5	2	val_auc	0.98	
qda	20	5	2	val_pr_auc	0.9809090909090908	
qda	20	5	2	val_accuracy	0.85	
qda	20	5	2	val_f1	0.8421052631578947	
qda	20	5	2	cal_intercept	0.495079225209075	
qda	20	5	2	cal_slope	1.8083552768164313	
qda	20	5	3	val_logloss	0.22414291887323046	
qda	20	5	3	val_auc	1.0	
qda	20	5	3	val_pr_auc	1.0000000000000002	
qda	20	5	3	val_accuracy	0.9	
qda	20	5	3	val_f1	0.875	
qda	20	5	3	cal_intercept	21.66129906936274	
qda	20	5	3	cal_slope	15.832854234529368	
qda	20	6	0	val_logloss	0.10757452082619097	
qda	20	6	0	val_auc	1.0	
qda	20	6	0	val_pr_auc	1.0000000000000002	
qda	20	6	0	val_accuracy	0.95	
qda	20	6	0	val_f1	0.9473684210526315	
qda	20	6	0	cal_intercept	-7.926071525326393	
qda	20	6	0	cal_slope	8.00265149310598	
qda	20	6	1	val_logloss	0.24786257448374815	
qda	20	6	1	val_auc	0.98	
qda	20	6	1	val_pr_auc	0.9809090909090908	
qda	20	6	1	val_accuracy	0.9	
qda	20	6	1	val_f1	0.9090909090909091	
qda	20	6	1	cal_intercept	-1.8900143403170582	
qda	20	6	1	cal_slope	1.2850032431409761	
qda	20	6	2	val_logloss	0.16741230032539042	
qda	20	6	2	val_auc	1.0	
qda	20	6	2	val_pr_auc	0.9999999999999999	
qda	20	6	2	val_accuracy	0.9	
qda	20	6	2	val_f1	0.8888888888888888	
qda	20	6	2	cal_intercept	8.536475951272497	
qda	20	6	2	cal_slope	5.401919733505102	
qda	20	6	3	val_logloss	0.1886512157138319	
qda	20	6	3	val_auc	1.0	
qda	20	6	3	val_pr_auc	0.9999999999999999	
qda	20	6	3	val_accuracy	0.9	
qda	20	6	3	val_f1	0.8888888888888888	
qda	20	6	3	cal_intercept	194.93156713899623	
qda	20	6	3	cal_slope	526.7721190657212	
qda	20	7	0	val_logloss	0.20608893323276015	
qda	20	7	0	val_auc	0.9700000000000001	
qda	20	7	0	val_pr_auc	0.9733333333333333	
qda	20	7	0	val_accuracy	0.9	
qda	20	7	0	val_f1	0.9	
qda	20	7	0	cal_intercept	-0.06887969621117927	
qda	20	7	0	cal_slope	1.321917393118795	
qda	20	7	1	val_logloss	0.18864391059254323	
qda	20	7	1	val_auc	0.99	
qda	20	7	1	val_pr_auc	0.9909090909090909	
qda	20	7	1	val_accuracy	0.95	
qda	20	7	1	val_f1	0.9473684210526315	
qda	20	7	1	cal_intercept	1.5153899693798094	
qda	20	7	1	cal_slope	2.705429534654402	
qda	20	7	2	val_logloss	0.2231094684474105	
qda	20	7	2	val_auc	0.99	
qda	20	7	2	val_pr_auc	0.9909090909090909	
qda	20	7	2	val_accuracy	0.9	
qda	20	7	2	val_f1	0.9	
qda	20	7	2	cal_intercept	0.6540003568991071	
qda	20	7	2	cal_slope	1.0279314571387275	
qda	20	7	3	val_logloss	0.09420928398647752	
qda	20	7	3	val_auc	1.0	
qda	20	7	3	val_pr_auc	1.0000000000000002	
qda	20	7	3	val_accuracy	1.0	
qda	20	7	3	val_f1	1.0	
qda	20	7	3	cal_intercept	-2.553248615916515	
qda	20	7	3	cal_slope	42.80157799886369	
qda	20	8	0	val_logloss	0.14585417559603311	
qda	20	8	0	val_auc	1.0	
qda	20	8	0	val_pr_auc	0.9999999999999999	
qda	20	8	0	val_accuracy	1.0	
qda	20	8	0	val_f1	1.0	
qda	20	8	0	cal_intercept	5.551346641118947	
qda	20	8	0	cal_slope	8.570559661004507	
qda	20	8	1	val_logloss	0.15105772499708653	
qda	20	8	1	val_auc	1.0	
qda	20	8	1	val_pr_auc	0.9999999999999999	
qda	20	8	1	val_accuracy	1.0	
qda	20	8	1	val_f1	1.0	
qda	20	8	1	cal_intercept	-5.367230132999417	
qda	20	8	1	cal_slope	13.399997708449852	
qda	20	8	2	val_logloss	0.20530660764422531	
qda	20	8	2	val_auc	0.9797979797979798	
qda	20	8	2	val_pr_auc	0.9765432098765434	
qda	20	8	2	val_accuracy	0.9	
qda	20	8	2	val_f1	0.9	
qda	20	8	2	cal_intercept	-0.5563587714424088	
qda	20	8	2	cal_slope	1.5386129144479268	
qda	20	8	3	val_logloss	0.17158508227483144	
qda	20	8	3	val_auc	1.0	
qda	20	8	3	val_pr_auc	0.9999999999999999	
qda	20	8	3	val_accuracy	0.9	
qda	20	8	3	val_f1	0.8888888888888888	
qda	20	8	3	cal_intercept	68.21587011423702	
qda	20	8	3	cal_slope	148.1318065056463	
qda	20	9	0	val_logloss	0.15699150217264934	
qda	20	9	0	val_auc	0.99	
qda	20	9	0	val_pr_auc	0.9909090909090909	
qda	20	9	0	val_accuracy	0.95	
qda	20	9	0	val_f1	0.9523809523809523	
qda	20	9	0	cal_intercept	-1.5893932400799267	
qda	20	9	0	cal_slope	1.8525017853396326	
qda	20	9	1	val_logloss	0.18219237558121024	
qda	20	9	1	val_auc	0.99	
qda	20	9	1	val_pr_auc	0.9909090909090909	
qda	20	9	1	val_accuracy	0.9	
qda	20	9	1	val_f1	0.9090909090909091	
qda	20	9	1	cal_intercept	-9.230695285114196	
qda	20	9	1	cal_slope	10.420220484272305	
qda	20	9	2	val_logloss	0.1648073256260371	
qda	20	9	2	val_auc	1.0	
qda	20	9	2	val_pr_auc	0.9999999999999999	
qda	20	9	2	val_accuracy	0.95	
qda	20	9	2	val_f1	0.9523809523809523	
qda	20	9	2	cal_intercept	-204.75659231787768	
qda	20	9	2	cal_slope	183.90312140143357	
qda	20	9	3	val_logloss	0.2086601979087926	
qda	20	9	3	val_auc	0.9696969696969697	
qda	20	9	3	val_pr_auc	0.9722222222222223	
qda	20	9	3	val_accuracy	0.95	
qda	20	9	3	val_f1	0.9411764705882353	
qda	20	9	3	cal_intercept	0.444386814957731	
qda	20	9	3	cal_slope	1.6190490178157375	
qda	20	10	0	val_logloss	0.1265749372061867	
qda	20	10	0	val_auc	1.0	
qda	20	10	0	val_pr_auc	0.9999999999999999	
qda	20	10	0	val_accuracy	0.9	
qda	20	10	0	val_f1	0.8888888888888888	
qda	20	10	0	cal_intercept	11.338191248395061	
qda	20	10	0	cal_slope	5.892135331936391	
qda	20	10	1	val_logloss	0.06461722557227727	
qda	20	10	1	val_auc	1.0	
qda	20	10	1	val_pr_auc	0.9999999999999999	
qda	20	10	1	val_accuracy	1.0	
qda	20	10	1	val_f1	1.0	
qda	20	10	1	cal_intercept	1.9743523794254205	
qda	20	10	1	cal_slope	6.787029808947297	
qda	20	10	2	val_logloss	0.14585411880164637	
qda	20	10	2	val_auc	0.99	
qda	20	10	2	val_pr_auc	0.9909090909090909	
qda	20	10	2	val_accuracy	0.9	
qda	20	10	2	val_f1	0.9	
qda	20	10	2	cal_intercept	0.4528575657306055	
qda	20	10	2	cal_slope	2.0871869824298606	
qda	20	10	3	val_logloss	0.28759185888050076	
qda	20	10	3	val_auc	0.9595959595959596	
qda	20	10	3	val_pr_auc	0.9575757575757577	
qda	20	10	3	val_accuracy	0.9	
qda	20	10	3	val_f1	0.9	
qda	20	10	3	cal_intercept	-1.3399713387312735	
qda	20	10	3	cal_slope	1.43328508692555	
qda	12	1	0	val_logloss	0.23088855167045907	
qda	12	1	0	val_auc	0.9696969696969697	
qda	12	1	0	val_pr_auc	0.9722222222222223	
qda	12	1	0	val_accuracy	0.9	
qda	12	1	0	val_f1	0.8888888888888888	
qda	12	1	0	cal_intercept	-0.12876519020696414	
qda	12	1	0	cal_slope	1.5985401014056748	
qda	12	1	1	val_logloss	0.20187926658619554	
qda	12	1	1	val_auc	0.99	
qda	12	1	1	val_pr_auc	0.9909090909090909	
qda	12	1	1	val_accuracy	0.9	
qda	12	1	1	val_f1	0.8888888888888888	
qda	12	1	1	cal_intercept	2.9927909551985192	
qda	12	1	1	cal_slope	2.759672081464451	
qda	12	1	2	val_logloss	0.08677547759076037	
qda	12	1	2	val_auc	1.0	
qda	12	1	2	val_pr_auc	0.9999999999999999	
qda	12	1	2	val_accuracy	0.95	
qda	12	1	2	val_f1	0.9523809523809523	
qda	12	1	2	cal_intercept	-11.398949028177556	
qda	12	1	2	cal_slope	16.297196462944672	
qda	12	1	3	val_logloss	0.1364094372838029	
qda	12	1	3	val_auc	0.98	
qda	12	1	3	val_pr_auc	0.9809090909090908	
qda	12	1	3	val_accuracy	0.9	
qda	12	1	3	val_f1	0.9	
qda	12	1	3	cal_intercept	0.7534923324639833	
qda	12	1	3	cal_slope	0.9852211856922245	
qda	12	2	0	val_logloss	0.3846900242672167	
qda	12	2	0	val_auc	0.93	
qda	12	2	0	val_pr_auc	0.9421356421356419	
qda	12	2	0	val_accuracy	0.75	
qda	12	2	0	val_f1	0.782608695652174	
qda	12	2	0	cal_intercept	-1.024537332644568	
qda	12	2	0	cal_slope	1.4641516024724466	
qda	12	2	1	val_logloss	0.10275306998093017	
qda	12	2	1	val_auc	1.0	
qda	12	2	1	val_pr_auc	1.0000000000000002	
qda	12	2	1	val_accuracy	1.0	
qda	12	2	1	val_f1	1.0	
qda	12	2	1	cal_intercept	4.8313405966271725	
qda	12	2	1	cal_slope	12.610004921275822	
qda	12	2	2	val_logloss	0.4735209263510057	
qda	12	2	2	val_auc	0.92	
qda	12	2	2	val_pr_auc	0.9406593406593405	
qda	12	2	2	val_accuracy	0.85	
qda	12	2	2	val_f1	0.8235294117647058	
qda	12	2	2	cal_intercept	1.4172923869094327	
qda	12	2	2	cal_slope	0.9554562649503343	
qda	12	2	3	val_logloss	0.10739168708462113	
qda	12	2	3	val_auc	1.0	
qda	12	2	3	val_pr_auc	0.9999999999999999	
qda	12	2	3	val_accuracy	1.0	
qda	12	2	3	val_f1	1.0	
qda	12	2	3	cal_intercept	1.665857785026203	
qda	12	2	3	cal_slope	7.6460186256830935	
qda	12	3	0	val_logloss	0.10261103425012844	
qda	12	3	0	val_auc	1.0	
qda	12	3	0	val_pr_auc	0.9999999999999999	
qda	12	3	0	val_accuracy	1.0	
qda	12	3	0	val_f1	1.0	
qda	12	3	0	cal_intercept	-1.846537183312924	
qda	12	3	0	cal_slope	8.41440644401153	
qda	12	3	1	val_logloss	0.3054883512807629	
qda	12	3	1	val_auc	0.9400000000000001	
qda	12	3	1	val_pr_auc	0.9263455988455987	
qda	12	3	1	val_accuracy	0.9	
qda	12	3	1	val_f1	0.9	
qda	12	3	1	cal_intercept	0.3867213752985243	
qda	12	3	1	cal_slope	1.0135733533592288	
qda	12	3	2	val_logloss	0.17819690352877907	
qda	12	3	2	val_auc	0.9800000000000001	
qda	12	3	2	val_pr_auc	0.9833333333333333	
qda	12	3	2	val_accuracy	0.85	
qda	12	3	2	val_f1	0.8571428571428571	
qda	12	3	2	cal_intercept	-1.0320168304555253	
qda	12	3	2	cal_slope	1.2868094310880112	
qda	12	3	3	val_logloss	0.5166004699152388	
qda	12	3	3	val_auc	0.9292929292929293	
qda	12	3	3	val_pr_auc	0.9253086419753087	
qda	12	3	3	val_accuracy	0.75	
qda	12	3	3	val_f1	0.782608695652174	
qda	12	3	3	cal_intercept	-1.8882727134819945	
qda	12	3	3	cal_slope	0.943898291157919	
qda	12	4	0	val_logloss	0.24507083247837175	
qda	12	4	0	val_auc	0.9797979797979798	
qda	12	4	0	val_pr_auc	0.9765432098765434	
qda	12	4	0	val_accuracy	0.85	
qda	12	4	0	val_f1	0.8235294117647058	
qda	12	4	0	cal_intercept	0.3866385357129434	
qda	12	4	0	cal_slope	3.485678210351938	
qda	12	4	1	val_logloss	0.0935100347098993	
qda	12	4	1	val_auc	0.99	
qda	12	4	1	val_pr_auc	0.9909090909090909	
qda	12	4	1	val_accuracy	0.95	
qda	12	4	1	val_f1	0.9473684210526315	
qda	12	4	1	cal_intercept	0.3832703228234018	
qda	12	4	1	cal_slope	1.7891603493803865	
qda	12	4	2	val_logloss	0.1966377947874697	
qda	12	4	2	val_auc	0.99	
qda	12	4	2	val_pr_auc	0.9909090909090909	
qda	12	4	2	val_accuracy	0.95	
qda	12	4	2	val_f1	0.9523809523809523	
qda	12	4	2	cal_intercept	-1.8426723738623993	
qda	12	4	2	cal_slope	2.0152878028785493	
qda	12	4	3	val_logloss	0.11849609290327287	
qda	12	4	3	val_auc	1.0	
qda	12	4	3	val_pr_auc	0.9999999999999999	
qda	12	4	3	val_accuracy	1.0	
qda	12	4	3	val_f1	1.0	
qda	12	4	3	cal_intercept	2.319328884202251	
qda	12	4	3	cal_slope	8.83990286384094	
qda	12	5	0	val_logloss	0.14257528097632122	
qda	12	5	0	val_auc	1.0	
qda	12	5	0	val_pr_auc	0.9999999999999999	
qda	12	5	0	val_accuracy	1.0	
qda	12	5	0	val_f1	1.0	
qda	12	5	0	cal_intercept	5.262716019548367	
qda	12	5	0	cal_slope	6.658699520148685	
qda	12	5	1	val_logloss	0.19256023320647933	
qda	12	5	1	val_auc	0.9700000000000001	
qda	12	5	1	val_pr_auc	0.9733333333333333	
qda	12	5	1	val_accuracy	0.85	
qda	12	5	1	val_f1	0.8421052631578947	
qda	12	5	1	cal_intercept	-0.08370346793822456	
qda	12	5	1	cal_slope	0.7492471604442327	
qda	12	5	2	val_logloss	0.23023104789146842	
qda	12	5	2	val_auc	0.98	
qda	12	5	2	val_pr_auc	0.9809090909090908	
qda	12	5	2	val_accuracy	0.85	
qda	12	5	2	val_f1	0.8421052631578947	
qda	12	5	2	cal_intercept	0.5118604415486736	
qda	12	5	2	cal_slope	1.2741188773668812	
qda	12	5	3	val_logloss	0.10624993884566758	
qda	12	5	3	val_auc	1.0	
qda	12	5	3	val_pr_auc	1.0000000000000002	
qda	12	5	3	val_accuracy	0.95	
qda	12	5	3	val_f1	0.9411764705882353	
qda	12	5	3	cal_intercept	10.972035145538301	
qda	12	5	3	cal_slope	6.281569296509181	
qda	12	6	0	val_logloss	0.08683030266001449	
qda	12	6	0	val_auc	1.0	
qda	12	6	0	val_pr_auc	1.0000000000000002	
qda	12	6	0	val_accuracy	1.0	
qda	12	6	0	val_f1	1.0	
qda	12	6	0	cal_intercept	-0.1904911872598913	
qda	12	6	0	cal_slope	7.421835827284357	
qda	12	6	1	val_logloss	0.21159869148815486	
qda	12	6	1	val_auc	0.98	
qda	12	6	1	val_pr_auc	0.9809090909090908	
qda	12	6	1	val_accuracy	0.95	
qda	12	6	1	val_f1	0.9523809523809523	
qda	12	6	1	cal_intercept	-1.138809015763633	
qda	12	6	1	cal_slope	1.1283963012674993	
qda	12	6	2	val_logloss	0.14836554932418394	
qda	12	6	2	val_auc	1.0	
qda	12	6	2	val_pr_auc	0.9999999999999999	
qda	12	6	2	val_accuracy	0.95	
qda	12	6	2	val_f1	0.9473684210526315	
qda	12	6	2	cal_intercept	7.033347076484399	
qda	12	6	2	cal_slope	5.544095501654667	
qda	12	6	3	val_logloss	0.4108801126419978	
qda	12	6	3	val_auc	0.88	
qda	12	6	3	val_pr_auc	0.8860958485958484	
qda	12	6	3	val_accuracy	0.85	
qda	12	6	3	val_f1	0.8421052631578947	
qda	12	6	3	cal_intercept	0.4439677144358433	
qda	12	6	3	cal_slope	0.9767877471514749	
qda	12	7	0	val_logloss	0.2853565044581391	
qda	12	7	0	val_auc	0.94	
qda	12	7	0	val_pr_auc	0.9476301476301475	
qda	12	7	0	val_accuracy	0.8	
qda	12	7	0	val_f1	0.8181818181818182	
qda	12	7	0	cal_intercept	-0.5551639564370993	
qda	12	7	0	cal_slope	1.2890810370449493	
qda	12	7	1	val_logloss	0.34652410779043263	
qda	12	7	1	val_auc	0.92	
qda	12	7	1	val_pr_auc	0.9555555555555556	
qda	12	7	1	val_accuracy	0.95	
qda	12	7	1	val_f1	0.9473684210526315	
qda	12	7	1	cal_intercept	0.5527561782194473	
qda	12	7	1	cal_slope	0.9428747212062847	
qda	12	7	2	val_logloss	0.19418691980612715	
qda	12	7	2	val_auc	0.98	
qda	12	7	2	val_pr_auc	0.9809090909090908	
qda	12	7	2	val_accuracy	0.95	
qda	12	7	2	val_f1	0.9523809523809523	
qda	12	7	2	cal_intercept	-0.8520798446502981	
qda	12	7	2	cal_slope	1.0002208199084897	
qda	12	7	3	val_logloss	0.0945297957788317	
qda	12	7	3	val_auc	1.0	
qda	12	7	3	val_pr_auc	1.0000000000000002	
qda	12	7	3	val_accuracy	1.0	
qda	12	7	3	val_f1	1.0	
qda	12	7	3	cal_intercept	0.6311485756290842	
qda	12	7	3	cal_slope	25.94207238954878	
qda	12	8	0	val_logloss	0.16666967689840634	
qda	12	8	0	val_auc	1.0	
qda	12	8	0	val_pr_auc	0.9999999999999999	
qda	12	8	0	val_accuracy	1.0	
qda	12	8	0	val_f1	1.0	
qda	12	8	0	cal_intercept	-0.014722671036471947	
qda	12	8	0	cal_slope	9.610712659232705	
qda	12	8	1	val_logloss	0.20011520369437674	
qda	12	8	1	val_auc	1.0	
qda	12	8	1	val_pr_auc	0.9999999999999999	
qda	12	8	1	val_accuracy	1.0	
qda	12	8	1	val_f1	1.0	
qda	12	8	1	cal_intercept	-3.766067756150152	
qda	12	8	1	cal_slope	20.970040816166843	
qda	12	8	2	val_logloss	0.23646890375654556	
qda	12	8	2	val_auc	0.9696969696969696	
qda	12	8	2	val_pr_auc	0.9674523007856344	
qda	12	8	2	val_accuracy	0.9	
qda	12	8	2	val_f1	0.8888888888888888	
qda	12	8	2	cal_intercept	0.3223133406475494	
qda	12	8	2	cal_slope	1.737507259747975	
qda	12	8	3	val_logloss	0.15386122007783049	
qda	12	8	3	val_auc	1.0	
qda	12	8	3	val_pr_auc	0.9999999999999999	
qda	12	8	3	val_accuracy	0.9	
qda	12	8	3	val_f1	0.8888888888888888	
qda	12	8	3	cal_intercept	66.52299719991257	
qda	12	8	3	cal_slope	69.47725217262219	
qda	12	9	0	val_logloss	0.29482098237853055	
qda	12	9	0	val_auc	0.9800000000000001	
qda	12	9	0	val_pr_auc	0.9833333333333333	
qda	12	9	0	val_accuracy	0.9	
qda	12	9	0	val_f1	0.9090909090909091	
qda	12	9	0	cal_intercept	-2.3105925290351768	
qda	12	9	0	cal_slope	1.167564662611757	
qda	12	9	1	val_logloss	0.18583130037133325	
qda	12	9	1	val_auc	0.99	
qda	12	9	1	val_pr_auc	0.9909090909090909	
qda	12	9	1	val_accuracy	0.9	
qda	12	9	1	val_f1	0.9090909090909091	
qda	12	9	1	cal_intercept	-3.839482118631141	
qda	12	9	1	cal_slope	8.64348369350183	
qda	12	9	2	val_logloss	0.15800979085135483	
qda	12	9	2	val_auc	1.0	
qda	12	9	2	val_pr_auc	0.9999999999999999	
qda	12	9	2	val_accuracy	0.95	
qda	12	9	2	val_f1	0.9523809523809523	
qda	12	9	2	cal_intercept	-1348.5874916777038	
qda	12	9	2	cal_slope	748.7518512478098	
qda	12	9	3	val_logloss	0.2881542143531865	
qda	12	9	3	val_auc	0.9292929292929293	
qda	12	9	3	val_pr_auc	0.9513888888888891	
qda	12	9	3	val_accuracy	0.95	
qda	12	9	3	val_f1	0.9411764705882353	
qda	12	9	3	cal_intercept	0.38734973696017055	
qda	12	9	3	cal_slope	1.355551669289846	
qda	12	10	0	val_logloss	0.1525670868283177	
qda	12	10	0	val_auc	1.0	
qda	12	10	0	val_pr_auc	0.9999999999999999	
qda	12	10	0	val_accuracy	0.9	
qda	12	10	0	val_f1	0.8888888888888888	
qda	12	10	0	cal_intercept	16.82838428112499	
qda	12	10	0	cal_slope	8.054961166255586	
qda	12	10	1	val_logloss	0.08507409063403543	
qda	12	10	1	val_auc	1.0	
qda	12	10	1	val_pr_auc	0.9999999999999999	
qda	12	10	1	val_accuracy	1.0	
qda	12	10	1	val_f1	1.0	
qda	12	10	1	cal_intercept	-1.5221303168234155	
qda	12	10	1	cal_slope	8.77861142887568	
qda	12	10	2	val_logloss	0.10172024676925207	
qda	12	10	2	val_auc	0.99	
qda	12	10	2	val_pr_auc	0.9909090909090909	
qda	12	10	2	val_accuracy	0.95	
qda	12	10	2	val_f1	0.9473684210526315	
qda	12	10	2	cal_intercept	0.23747922070819744	
qda	12	10	2	cal_slope	3.364953521330896	
qda	12	10	3	val_logloss	0.3366513974826279	
qda	12	10	3	val_auc	0.9595959595959596	
qda	12	10	3	val_pr_auc	0.9575757575757577	
qda	12	10	3	val_accuracy	0.8	
qda	12	10	3	val_f1	0.8181818181818182	
qda	12	10	3	cal_intercept	-2.4143550035033186	
qda	12	10	3	cal_slope	1.360269440581231	
qda	8	1	0	val_logloss	0.21145003316382058	
qda	8	1	0	val_auc	0.9797979797979797	
qda	8	1	0	val_pr_auc	0.9797979797979799	
qda	8	1	0	val_accuracy	0.9	
qda	8	1	0	val_f1	0.8888888888888888	
qda	8	1	0	cal_intercept	0.21705347902226974	
qda	8	1	0	cal_slope	1.8160006015924957	
qda	8	1	1	val_logloss	0.5699612327505628	
qda	8	1	1	val_auc	0.96	
qda	8	1	1	val_pr_auc	0.9669230769230769	
qda	8	1	1	val_accuracy	0.9	
qda	8	1	1	val_f1	0.8888888888888888	
qda	8	1	1	cal_intercept	2.477408163823042	
qda	8	1	1	cal_slope	0.5981199946113146	
qda	8	1	2	val_logloss	0.09339842382446167	
qda	8	1	2	val_auc	1.0	
qda	8	1	2	val_pr_auc	0.9999999999999999	
qda	8	1	2	val_accuracy	0.95	
qda	8	1	2	val_f1	0.9473684210526315	
qda	8	1	2	cal_intercept	9.89382709199528	
qda	8	1	2	cal_slope	9.651895529362175	
qda	8	1	3	val_logloss	0.15386277061890216	
qda	8	1	3	val_auc	0.97	
qda	8	1	3	val_pr_auc	0.9697979797979798	
qda	8	1	3	val_accuracy	0.95	
qda	8	1	3	val_f1	0.9523809523809523	
qda	8	1	3	cal_intercept	0.41910973153329856	
qda	8	1	3	cal_slope	1.0458598527564003	
qda	8	2	0	val_logloss	0.5424079533073143	
qda	8	2	0	val_auc	0.95	
qda	8	2	0	val_pr_auc	0.9511111111111111	
qda	8	2	0	val_accuracy	0.75	
qda	8	2	0	val_f1	0.8	
qda	8	2	0	cal_intercept	-2.453593275042267	
qda	8	2	0	cal_slope	1.183067246953723	
qda	8	2	1	val_logloss	0.23869911024921983	
qda	8	2	1	val_auc	0.9696969696969696	
qda	8	2	1	val_pr_auc	0.9674523007856344	
qda	8	2	1	val_accuracy	0.9	
qda	8	2	1	val_f1	0.8888888888888888	
qda	8	2	1	cal_intercept	0.1384393345469136	
qda	8	2	1	cal_slope	0.7016942748294112	
qda	8	2	2	val_logloss	0.3911411894467587	
qda	8	2	2	val_auc	0.9400000000000001	
qda	8	2	2	val_pr_auc	0.9566666666666667	
qda	8	2	2	val_accuracy	0.9	
qda	8	2	2	val_f1	0.8888888888888888	
qda	8	2	2	cal_intercept	0.4476572134752092	
qda	8	2	2	cal_slope	0.5579546659133023	
qda	8	2	3	val_logloss	0.11297904432572858	
qda	8	2	3	val_auc	1.0	
qda	8	2	3	val_pr_auc	0.9999999999999999	
qda	8	2	3	val_accuracy	1.0	
qda	8	2	3	val_f1	1.0	
qda	8	2	3	cal_intercept	5.335083777582841	
qda	8	2	3	cal_slope	7.243048268206136	
qda	8	3	0	val_logloss	0.11486670170911642	
qda	8	3	0	val_auc	1.0	
qda	8	3	0	val_pr_auc	0.9999999999999999	
qda	8	3	0	val_accuracy	1.0	
qda	8	3	0	val_f1	1.0	
qda	8	3	0	cal_intercept	2.49910032163911	
qda	8	3	0	cal_slope	12.528232117088983	
qda	8	3	1	val_logloss	0.26773697533181806	
qda	8	3	1	val_auc	0.9500000000000001	
qda	8	3	1	val_pr_auc	0.9430122655122654	
qda	8	3	1	val_accuracy	0.9	
qda	8	3	1	val_f1	0.9	
qda	8	3	1	cal_intercept	0.08900799434606622	
qda	8	3	1	cal_slope	0.991827803248985	
qda	8	3	2	val_logloss	0.2996726684789629	
qda	8	3	2	val_auc	0.9800000000000001	
qda	8	3	2	val_pr_auc	0.9833333333333333	
qda	8	3	2	val_accuracy	0.85	
qda	8	3	2	val_f1	0.8695652173913043	
qda	8	3	2	cal_intercept	-2.2047222254249026	
qda	8	3	2	cal_slope	1.0790821655952483	
qda	8	3	3	val_logloss	0.48575935645566065	
qda	8	3	3	val_auc	0.9393939393939393	
qda	8	3	3	val_pr_auc	0.9328843995510663	
qda	8	3	3	val_accuracy	0.8	
qda	8	3	3	val_f1	0.8181818181818182	
qda	8	3	3	cal_intercept	-2.1953871373817804	
qda	8	3	3	cal_slope	1.119854712748374	
qda	8	4	0	val_logloss	0.18280109126477928	
qda	8	4	0	val_auc	1.0	
qda	8	4	0	val_pr_auc	1.0000000000000002	
qda	8	4	0	val_accuracy	0.95	
qda	8	4	0	val_f1	0.9411764705882353	
qda	8	4	0	cal_intercept	35.59477290949946	
qda	8	4	0	cal_slope	111.70637155450932	
qda	8	4	1	val_logloss	0.06953352416263629	
qda	8	4	1	val_auc	1.0	
qda	8	4	1	val_pr_auc	0.9999999999999999	
qda	8	4	1	val_accuracy	1.0	
qda	8	4	1	val_f1	1.0	
qda	8	4	1	cal_intercept	-3.9916051904969243	
qda	8	4	1	cal_slope	47.664369622176345	
qda	8	4	2	val_logloss	0.15699796882527078	
qda	8	4	2	val_auc	0.99	
qda	8	4	2	val_pr_auc	0.9909090909090909	
qda	8	4	2	val_accuracy	0.95	
qda	8	4	2	val_f1	0.9523809523809523	
qda	8	4	2	cal_intercept	-1.5710529185184343	
qda	8	4	2	cal_slope	1.5114969753567142	
qda	8	4	3	val_logloss	0.12819839972858665	
qda	8	4	3	val_auc	1.0	
qda	8	4	3	val_pr_auc	0.9999999999999999	
qda	8	4	3	val_accuracy	0.95	
qda	8	4	3	val_f1	0.9473684210526315	
qda	8	4	3	cal_intercept	10.892971425686808	
qda	8	4	3	cal_slope	8.87082242789224	
qda	8	5	0	val_logloss	0.3863342208804367	
qda	8	5	0	val_auc	0.9500000000000001	
qda	8	5	0	val_pr_auc	0.9444011544011544	
qda	8	5	0	val_accuracy	0.9	
qda	8	5	0	val_f1	0.9	
qda	8	5	0	cal_intercept	-0.20816555379677895	
qda	8	5	0	cal_slope	0.820888805571029	
qda	8	5	1	val_logloss	0.20131491542126825	
qda	8	5	1	val_auc	0.9700000000000001	
qda	8	5	1	val_pr_auc	0.9733333333333333	
qda	8	5	1	val_accuracy	0.85	
qda	8	5	1	val_f1	0.8421052631578947	
qda	8	5	1	cal_intercept	-0.1436619644819527	
qda	8	5	1	cal_slope	0.7264343473105473	
qda	8	5	2	val_logloss	0.3539828241806331	
qda	8	5	2	val_auc	0.9299999999999999	
qda	8	5	2	val_pr_auc	0.9387412587412588	
qda	8	5	2	val_accuracy	0.8	
qda	8	5	2	val_f1	0.8	
qda	8	5	2	cal_intercept	-0.3168524138724746	
qda	8	5	2	cal_slope	0.86935481377954	
qda	8	5	3	val_logloss	0.07766466049596243	
qda	8	5	3	val_auc	1.0	
qda	8	5	3	val_pr_auc	1.0000000000000002	
qda	8	5	3	val_accuracy	0.95	
qda	8	5	3	val_f1	0.9411764705882353	
qda	8	5	3	cal_intercept	8.315384969597787	
qda	8	5	3	cal_slope	4.939197608229303	
qda	8	6	0	val_logloss	0.13198159705276774	
qda	8	6	0	val_auc	1.0	
qda	8	6	0	val_pr_auc	1.0000000000000002	
qda	8	6	0	val_accuracy	1.0	
qda	8	6	0	val_f1	1.0	
qda	8	6	0	cal_intercept	3.6550299930849945	
qda	8	6	0	cal_slope	11.275482753672765	
qda	8	6	1	val_logloss	0.16220169954485303	
qda	8	6	1	val_auc	0.98	
qda	8	6	1	val_pr_auc	0.9809090909090908	
qda	8	6	1	val_accuracy	0.95	
qda	8	6	1	val_f1	0.9523809523809523	
qda	8	6	1	cal_intercept	-0.4459564918750318	
qda	8	6	1	cal_slope	1.2910250110190655	
qda	8	6	2	val_logloss	0.0900296228012097	
qda	8	6	2	val_auc	1.0	
qda	8	6	2	val_pr_auc	0.9999999999999999	
qda	8	6	2	val_accuracy	1.0	
qda	8	6	2	val_f1	1.0	
qda	8	6	2	cal_intercept	4.983066370483728	
qda	8	6	2	cal_slope	5.158866133583704	
qda	8	6	3	val_logloss	0.7593815496242236	
qda	8	6	3	val_auc	0.7700000000000001	
qda	8	6	3	val_pr_auc	0.8485731373889268	
qda	8	6	3	val_accuracy	0.8	
qda	8	6	3	val_f1	0.7777777777777778	
qda	8	6	3	cal_intercept	0.42200409121145877	
qda	8	6	3	cal_slope	0.3848390559740441	
qda	8	7	0	val_logloss	0.4134173518476024	
qda	8	7	0	val_auc	0.8899999999999999	
qda	8	7	0	val_pr_auc	0.8996503496503495	
qda	8	7	0	val_accuracy	0.85	
qda	8	7	0	val_f1	0.8695652173913043	
qda	8	7	0	cal_intercept	-1.0047055476013427	
qda	8	7	0	cal_slope	0.97441109296016	
qda	8	7	1	val_logloss	0.2616422812832779	
qda	8	7	1	val_auc	0.93	
qda	8	7	1	val_pr_auc	0.9588235294117647	
qda	8	7	1	val_accuracy	0.95	
qda	8	7	1	val_f1	0.9473684210526315	
qda	8	7	1	cal_intercept	0.34348867486852835	
qda	8	7	1	cal_slope	1.4216706017337761	
qda	8	7	2	val_logloss	0.2198572755772023	
qda	8	7	2	val_auc	0.99	
qda	8	7	2	val_pr_auc	0.9909090909090909	
qda	8	7	2	val_accuracy	0.9	
qda	8	7	2	val_f1	0.9090909090909091	
qda	8	7	2	cal_intercept	-4.519629312168992	
qda	8	7	2	cal_slope	1.8898983367523416	
qda	8	7	3	val_logloss	0.12234078951304136	
qda	8	7	3	val_auc	1.0	
qda	8	7	3	val_pr_auc	1.0000000000000002	
qda	8	7	3	val_accuracy	0.95	
qda	8	7	3	val_f1	0.9473684210526315	
qda	8	7	3	cal_intercept	-38.44791492125677	
qda	8	7	3	cal_slope	54.63977628015882	
qda	8	8	0	val_logloss	0.19516793945278105	
qda	8	8	0	val_auc	1.0	
qda	8	8	0	val_pr_auc	0.9999999999999999	
qda	8	8	0	val_accuracy	0.95	
qda	8	8	0	val_f1	0.9473684210526315	
qda	8	8	0	cal_intercept	12.904800598321966	
qda	8	8	0	cal_slope	46.27186039152598	
qda	8	8	1	val_logloss	0.14488335421172843	
qda	8	8	1	val_auc	1.0	
qda	8	8	1	val_pr_auc	0.9999999999999999	
qda	8	8	1	val_accuracy	0.95	
qda	8	8	1	val_f1	0.9473684210526315	
qda	8	8	1	cal_intercept	14.52895206489675	
qda	8	8	1	cal_slope	15.252289406762992	
qda	8	8	2	val_logloss	0.2953492870865961	
qda	8	8	2	val_auc	0.9393939393939393	
qda	8	8	2	val_pr_auc	0.9191718775052109	
qda	8	8	2	val_accuracy	0.85	
qda	8	8	2	val_f1	0.8235294117647058	
qda	8	8	2	cal_intercept	0.5828434610248437	
qda	8	8	2	cal_slope	1.7870808837054333	
qda	8	8	3	val_logloss	0.6022253928733181	
qda	8	8	3	val_auc	0.92	
qda	8	8	3	val_pr_auc	0.9443181818181817	
qda	8	8	3	val_accuracy	0.8	
qda	8	8	3	val_f1	0.8	
qda	8	8	3	cal_intercept	-0.054112653009117176	
qda	8	8	3	cal_slope	0.31750929928493027	
qda	8	9	0	val_logloss	0.5155715150789495	
qda	8	9	0	val_auc	0.9400000000000001	
qda	8	9	0	val_pr_auc	0.9469696969696969	
qda	8	9	0	val_accuracy	0.8	
qda	8	9	0	val_f1	0.8333333333333334	
qda	8	9	0	cal_intercept	-1.8369147191532238	
qda	8	9	0	cal_slope	0.7991939340375704	
qda	8	9	1	val_logloss	0.37316594928899194	
qda	8	9	1	val_auc	0.93	
qda	8	9	1	val_pr_auc	0.9272546897546897	
qda	8	9	1	val_accuracy	0.85	
qda	8	9	1	val_f1	0.8421052631578947	
qda	8	9	1	cal_intercept	0.4008467293005903	
qda	8	9	1	cal_slope	0.5483838164061279	
qda	8	9	2	val_logloss	0.31114058565298003	
qda	8	9	2	val_auc	0.95	
qda	8	9	2	val_pr_auc	0.9558119658119658	
qda	8	9	2	val_accuracy	0.9	
qda	8	9	2	val_f1	0.9	
qda	8	9	2	cal_intercept	-0.2569938708117953	
qda	8	9	2	cal_slope	0.7093154331604423	
qda	8	9	3	val_logloss	0.24650182846490415	
qda	8	9	3	val_auc	0.9393939393939394	
qda	8	9	3	val_pr_auc	0.9555555555555557	
qda	8	9	3	val_accuracy	0.95	
qda	8	9	3	val_f1	0.9411764705882353	
qda	8	9	3	cal_intercept	0.791968163301841	
qda	8	9	3	cal_slope	1.3425253589663335	
qda	8	10	0	val_logloss	0.44816362912131424	
qda	8	10	0	val_auc	1.0	
qda	8	10	0	val_pr_auc	0.9999999999999999	
qda	8	10	0	val_accuracy	0.9	
qda	8	10	0	val_f1	0.8888888888888888	
qda	8	10	0	cal_intercept	23.010381801163337	
qda	8	10	0	cal_slope	4.086162656104955	
qda	8	10	1	val_logloss	0.08377049193136196	
qda	8	10	1	val_auc	1.0	
qda	8	10	1	val_pr_auc	0.9999999999999999	
qda	8	10	1	val_accuracy	1.0	
qda	8	10	1	val_f1	1.0	
qda	8	10	1	cal_intercept	2.133210046768744	
qda	8	10	1	cal_slope	6.086641327633616	
qda	8	10	2	val_logloss	0.14868329174904463	
qda	8	10	2	val_auc	0.99	
qda	8	10	2	val_pr_auc	0.9909090909090909	
qda	8	10	2	val_accuracy	0.95	
qda	8	10	2	val_f1	0.9523809523809523	
qda	8	10	2	cal_intercept	-1.1238962152265413	
qda	8	10	2	cal_slope	1.7133281190158058	
qda	8	10	3	val_logloss	0.28055172784081095	
qda	8	10	3	val_auc	0.9595959595959596	
qda	8	10	3	val_pr_auc	0.9598765432098768	
qda	8	10	3	val_accuracy	0.85	
qda	8	10	3	val_f1	0.8571428571428571	
qda	8	10	3	cal_intercept	-1.8923047713475494	
qda	8	10	3	cal_slope	1.1884272861426377	
logit_l2	60	1	0	val_logloss	0.20002646029944132	
logit_l2	60	1	0	val_auc	0.9797979797979798	
logit_l2	60	1	0	val_pr_auc	0.9765432098765434	
logit_l2	60	1	0	val_accuracy	0.9	
logit_l2	60	1	0	val_f1	0.8888888888888888	
logit_l2	60	1	0	cal_intercept	0.5826644426363469	
logit_l2	60	1	0	cal_slope	2.966998887823422	
logit_l2	60	1	1	val_logloss	0.1499910983669183	
logit_l2	60	1	1	val_auc	1.0	
logit_l2	60	1	1	val_pr_auc	0.9999999999999999	
logit_l2	60	1	1	val_accuracy	1.0	
logit_l2	60	1	1	val_f1	1.0	
logit_l2	60	1	1	cal_intercept	5.147903335834048	
logit_l2	60	1	1	cal_slope	33.41219131636957	
logit_l2	60	1	2	val_logloss	0.1368306644705406	
logit_l2	60	1	2	val_auc	1.0	
logit_l2	60	1	2	val_pr_auc	0.9999999999999999	
logit_l2	60	1	2	val_accuracy	0.95	
logit_l2	60	1	2	val_f1	0.9523809523809523	
logit_l2	60	1	2	cal_intercept	-10.665649664200505	
logit_l2	60	1	2	cal_slope	13.871390824275858	
logit_l2	60	1	3	val_logloss	0.10898653468412553	
logit_l2	60	1	3	val_auc	1.0	
logit_l2	60	1	3	val_pr_auc	0.9999999999999999	
logit_l2	60	1	3	val_accuracy	1.0	
logit_l2	60	1	3	val_f1	1.0	
logit_l2	60	1	3	cal_intercept	-4.895601923063004	
logit_l2	60	1	3	cal_slope	21.307820345184126	
logit_l2	60	2	0	val_logloss	0.24702550199182133	
logit_l2	60	2	0	val_auc	0.99	
logit_l2	60	2	0	val_pr_auc	0.9909090909090909	
logit_l2	60	2	0	val_accuracy	0.9	
logit_l2	60	2	0	val_f1	0.9090909090909091	
logit_l2	60	2	0	cal_intercept	-3.0926097540367476	
logit_l2	60	2	0	cal_slope	5.167514881944613	
logit_l2	60	2	1	val_logloss	0.08114912924191583	
logit_l2	60	2	1	val_auc	1.0	
logit_l2	60	2	1	val_pr_auc	1.0000000000000002	
logit_l2	60	2	1	val_accuracy	0.95	
logit_l2	60	2	1	val_f1	0.9473684210526315	
logit_l2	60	2	1	cal_intercept	-7.259921869837848	
logit_l2	60	2	1	cal_slope	6.449601606309298	
logit_l2	60	2	2	val_logloss	0.17254568405444892	
logit_l2	60	2	2	val_auc	1.0	
logit_l2	60	2	2	val_pr_auc	0.9999999999999999	
logit_l2	60	2	2	val_accuracy	1.0	
logit_l2	60	2	2	val_f1	1.0	
logit_l2	60	2	2	cal_intercept	7.029701376047111	
logit_l2	60	2	2	cal_slope	6.998686765592573	
logit_l2	60	2	3	val_logloss	0.11277364385081327	
logit_l2	60	2	3	val_auc	1.0	
logit_l2	60	2	3	val_pr_auc	0.9999999999999999	
logit_l2	60	2	3	val_accuracy	1.0	
logit_l2	60	2	3	val_f1	1.0	
logit_l2	60	2	3	cal_intercept	3.9604870202494786	
logit_l2	60	2	3	cal_slope	7.164104171837939	
logit_l2	60	3	0	val_logloss	0.1059335422002236	
logit_l2	60	3	0	val_auc	1.0	
logit_l2	60	3	0	val_pr_auc	0.9999999999999999	
logit_l2	60	3	0	val_accuracy	1.0	
logit_l2	60	3	0	val_f1	1.0	
logit_l2	60	3	0	cal_intercept	3.032392827920746	
logit_l2	60	3	0	cal_slope	7.89128711683015	
logit_l2	60	3	1	val_logloss	0.1578155967308264	
logit_l2	60	3	1	val_auc	1.0	
logit_l2	60	3	1	val_pr_auc	0.9999999999999999	
logit_l2	60	3	1	val_accuracy	1.0	
logit_l2	60	3	1	val_f1	1.0	
logit_l2	60	3	1	cal_intercept	6.534934601354342	
logit_l2	60	3	1	cal_slope	8.086050288871096	
logit_l2	60	3	2	val_logloss	0.1297812750729987	
logit_l2	60	3	2	val_auc	0.99	
logit_l2	60	3	2	val_pr_auc	0.9909090909090909	
logit_l2	60	3	2	val_accuracy	0.95	
logit_l2	60	3	2	val_f1	0.9523809523809523	
logit_l2	60	3	2	cal_intercept	-0.7651181886162731	
logit_l2	60	3	2	cal_slope	2.024364844698615	
logit_l2	60	3	3	val_logloss	0.2265429881441828	
logit_l2	60	3	3	val_auc	1.0	
logit_l2	60	3	3	val_pr_auc	1.0000000000000002	
logit_l2	60	3	3	val_accuracy	0.9	
logit_l2	60	3	3	val_f1	0.9	
logit_l2	60	3	3	cal_intercept	-25.16329525335362	
logit_l2	60	3	3	cal_slope	58.840850035671224	
logit_l2	60	4	0	val_logloss	0.25486833295180084	
logit_l2	60	4	0	val_auc	0.9797979797979797	
logit_l2	60	4	0	val_pr_auc	0.9797979797979799	
logit_l2	60	4	0	val_accuracy	0.85	
logit_l2	60	4	0	val_f1	0.8421052631578947	
logit_l2	60	4	0	cal_intercept	-0.6490034864309794	
logit_l2	60	4	0	cal_slope	2.0290186055040595	
logit_l2	60	4	1	val_logloss	0.07336038117416413	
logit_l2	60	4	1	val_auc	1.0	
logit_l2	60	4	1	val_pr_auc	0.9999999999999999	
logit_l2	60	4	1	val_accuracy	1.0	
logit_l2	60	4	1	val_f1	1.0	
logit_l2	60	4	1	cal_intercept	-4.35829926238484	
logit_l2	60	4	1	cal_slope	15.684786167366745	
logit_l2	60	4	2	val_logloss	0.15242139556284692	
logit_l2	60	4	2	val_auc	0.99	
logit_l2	60	4	2	val_pr_auc	0.9909090909090909	
logit_l2	60	4	2	val_accuracy	0.95	
logit_l2	60	4	2	val_f1	0.9523809523809523	
logit_l2	60	4	2	cal_intercept	-1.415558770471566	
logit_l2	60	4	2	cal_slope	3.566591962431855	
logit_l2	60	4	3	val_logloss	0.1567244758963658	
logit_l2	60	4	3	val_auc	1.0	
logit_l2	60	4	3	val_pr_auc	0.9999999999999999	
logit_l2	60	4	3	val_accuracy	1.0	
logit_l2	60	4	3	val_f1	1.0	
logit_l2	60	4	3	cal_intercept	4.875095500505555	
logit_l2	60	4	3	cal_slope	13.345478158544157	
logit_l2	60	5	0	val_logloss	0.07461660433266207	
logit_l2	60	5	0	val_auc	1.0	
logit_l2	60	5	0	val_pr_auc	0.9999999999999999	
logit_l2	60	5	0	val_accuracy	1.0	
logit_l2	60	5	0	val_f1	1.0	
logit_l2	60	5	0	cal_intercept	1.8905414795676168	
logit_l2	60	5	0	cal_slope	5.568460588711871	
logit_l2	60	5	1	val_logloss	0.17565449859638751	
logit_l2	60	5	1	val_auc	1.0	
logit_l2	60	5	1	val_pr_auc	0.9999999999999999	
logit_l2	60	5	1	val_accuracy	0.9	
logit_l2	60	5	1	val_f1	0.9090909090909091	
logit_l2	60	5	1	cal_intercept	-9.698880813042573	
logit_l2	60	5	1	cal_slope	23.998263626898687	
logit_l2	60	5	2	val_logloss	0.19200524977472466	
logit_l2	60	5	2	val_auc	0.99	
logit_l2	60	5	2	val_pr_auc	0.9909090909090909	
logit_l2	60	5	2	val_accuracy	0.9	
logit_l2	60	5	2	val_f1	0.9090909090909091	
logit_l2	60	5	2	cal_intercept	-2.98673386369585	
logit_l2	60	5	2	cal_slope	7.002746549411952	
logit_l2	60	5	3	val_logloss	0.16811214091577156	
logit_l2	60	5	3	val_auc	1.0	
logit_l2	60	5	3	val_pr_auc	1.0000000000000002	
logit_l2	60	5	3	val_accuracy	0.9	
logit_l2	60	5	3	val_f1	0.875	
logit_l2	60	5	3	cal_intercept	9.088890841743348	
logit_l2	60	5	3	cal_slope	9.230303867058721	
logit_l2	60	6	0	val_logloss	0.09866156801407493	
logit_l2	60	6	0	val_auc	1.0	
logit_l2	60	6	0	val_pr_auc	1.0000000000000002	
logit_l2	60	6	0	val_accuracy	0.95	
logit_l2	60	6	0	val_f1	0.9473684210526315	
logit_l2	60	6	0	cal_intercept	-6.546856003706946	
logit_l2	60	6	0	cal_slope	12.180819969911562	
logit_l2	60	6	1	val_logloss	0.2070054494120268	
logit_l2	60	6	1	val_auc	0.99	
logit_l2	60	6	1	val_pr_auc	0.9909090909090909	
logit_l2	60	6	1	val_accuracy	0.9	
logit_l2	60	6	1	val_f1	0.9090909090909091	
logit_l2	60	6	1	cal_intercept	-1.9619154519337516	
logit_l2	60	6	1	cal_slope	2.8998646141098035	
logit_l2	60	6	2	val_logloss	0.11026381966833572	
logit_l2	60	6	2	val_auc	1.0	
logit_l2	60	6	2	val_pr_auc	0.9999999999999999	
logit_l2	60	6	2	val_accuracy	1.0	
logit_l2	60	6	2	val_f1	1.0	
logit_l2	60	6	2	cal_intercept	4.313115312190608	
logit_l2	60	6	2	cal_slope	7.133061326718677	
logit_l2	60	6	3	val_logloss	0.21485362293002686	
logit_l2	60	6	3	val_auc	0.98	
logit_l2	60	6	3	val_pr_auc	0.9809090909090908	
logit_l2	60	6	3	val_accuracy	0.9	
logit_l2	60	6	3	val_f1	0.9	
logit_l2	60	6	3	cal_intercept	0.36059210866579855	
logit_l2	60	6	3	cal_slope	2.6083235055930865	
logit_l2	60	7	0	val_logloss	0.18573208980710199	
logit_l2	60	7	0	val_auc	1.0	
logit_l2	60	7	0	val_pr_auc	0.9999999999999999	
logit_l2	60	7	0	val_accuracy	0.9	
logit_l2	60	7	0	val_f1	0.9090909090909091	
logit_l2	60	7	0	cal_intercept	-160.10496232890787	
logit_l2	60	7	0	cal_slope	268.3022337530024	
logit_l2	60	7	1	val_logloss	0.13830582437660235	
logit_l2	60	7	1	val_auc	1.0	
logit_l2	60	7	1	val_pr_auc	0.9999999999999999	
logit_l2	60	7	1	val_accuracy	0.9	
logit_l2	60	7	1	val_f1	0.8888888888888888	
logit_l2	60	7	1	cal_intercept	8.859327872498067	
logit_l2	60	7	1	cal_slope	10.560338681050704	
logit_l2	60	7	2	val_logloss	0.1469263693836066	
logit_l2	60	7	2	val_auc	0.99	
logit_l2	60	7	2	val_pr_auc	0.9909090909090909	
logit_l2	60	7	2	val_accuracy	0.95	
logit_l2	60	7	2	val_f1	0.9523809523809523	
logit_l2	60	7	2	cal_intercept	-0.40346287156337846	
logit_l2	60	7	2	cal_slope	3.8363651896918367	
logit_l2	60	7	3	val_logloss	0.14070566316262395	
logit_l2	60	7	3	val_auc	1.0	
logit_l2	60	7	3	val_pr_auc	1.0000000000000002	
logit_l2	60	7	3	val_accuracy	1.0	
logit_l2	60	7	3	val_f1	1.0	
logit_l2	60	7	3	cal_intercept	0.8663149484398045	
logit_l2	60	7	3	cal_slope	24.908958477593618	
logit_l2	60	8	0	val_logloss	0.10285283866563115	
logit_l2	60	8	0	val_auc	1.0	
logit_l2	60	8	0	val_pr_auc	0.9999999999999999	
logit_l2	60	8	0	val_accuracy	1.0	
logit_l2	60	8	0	val_f1	1.0	
logit_l2	60	8	0	cal_intercept	3.9273317733410553	
logit_l2	60	8	0	cal_slope	7.019435273576963	
logit_l2	60	8	1	val_logloss	0.15775132110771267	
logit_l2	60	8	1	val_auc	1.0	
logit_l2	60	8	1	val_pr_auc	0.9999999999999999	
logit_l2	60	8	1	val_accuracy	1.0	
logit_l2	60	8	1	val_f1	1.0	
logit_l2	60	8	1	cal_intercept	-3.453278617243941	
logit_l2	60	8	1	cal_slope	28.017459117854614	
logit_l2	60	8	2	val_logloss	0.16610495639169026	
logit_l2	60	8	2	val_auc	1.0	
logit_l2	60	8	2	val_pr_auc	1.0000000000000002	
logit_l2	60	8	2	val_accuracy	0.95	
logit_l2	60	8	2	val_f1	0.9473684210526315	
logit_l2	60	8	2	cal_intercept	-97.55043591132161	
logit_l2	60	8	2	cal_slope	167.05483512422825	
logit_l2	60	8	3	val_logloss	0.15100563772441739	
logit_l2	60	8	3	val_auc	1.0	
logit_l2	60	8	3	val_pr_auc	0.9999999999999999	
logit_l2	60	8	3	val_accuracy	1.0	
logit_l2	60	8	3	val_f1	1.0	
logit_l2	60	8	3	cal_intercept	-0.4678205622639489	
logit_l2	60	8	3	cal_slope	162.15121368472705	
logit_l2	60	9	0	val_logloss	0.13791892035148748	
logit_l2	60	9	0	val_auc	1.0	
logit_l2	60	9	0	val_pr_auc	0.9999999999999999	
logit_l2	60	9	0	val_accuracy	0.95	
logit_l2	60	9	0	val_f1	0.9523809523809523	
logit_l2	60	9	0	cal_intercept	-16.857134178861237	
logit_l2	60	9	0	cal_slope	33.21946520878875	
logit_l2	60	9	1	val_logloss	0.21765098421727713	
logit_l2	60	9	1	val_auc	1.0	
logit_l2	60	9	1	val_pr_auc	0.9999999999999999	
logit_l2	60	9	1	val_accuracy	1.0	
logit_l2	60	9	1	val_f1	1.0	
logit_l2	60	9	1	cal_intercept	-2.1196676563642427	
logit_l2	60	9	1	cal_slope	44.75076339667508	
logit_l2	60	9	2	val_logloss	0.15263379270452204	
logit_l2	60	9	2	val_auc	0.98	
logit_l2	60	9	2	val_pr_auc	0.9809090909090908	
logit_l2	60	9	2	val_accuracy	0.95	
logit_l2	60	9	2	val_f1	0.9523809523809523	
logit_l2	60	9	2	cal_intercept	0.30012765758975185	
logit_l2	60	9	2	cal_slope	2.515717971919752	
logit_l2	60	9	3	val_logloss	0.11383680269513925	
logit_l2	60	9	3	val_auc	1.0	
logit_l2	60	9	3	val_pr_auc	1.0000000000000002	
logit_l2	60	9	3	val_accuracy	0.95	
logit_l2	60	9	3	val_f1	0.9411764705882353	
logit_l2	60	9	3	cal_intercept	6.9425995923171175	
logit_l2	60	9	3	cal_slope	8.993838311654327	
logit_l2	60	10	0	val_logloss	0.10722069004780328	
logit_l2	60	10	0	val_auc	1.0	
logit_l2	60	10	0	val_pr_auc	0.9999999999999999	
logit_l2	60	10	0	val_accuracy	1.0	
logit_l2	60	10	0	val_f1	1.0	
logit_l2	60	10	0	cal_intercept	4.756990939375355	
logit_l2	60	10	0	cal_slope	7.098947150595683	
logit_l2	60	10	1	val_logloss	0.10153899975997863	
logit_l2	60	10	1	val_auc	1.0	
logit_l2	60	10	1	val_pr_auc	0.9999999999999999	
logit_l2	60	10	1	val_accuracy	0.95	
logit_l2	60	10	1	val_f1	0.9473684210526315	
logit_l2	60	10	1	cal_intercept	9.637809330199323	
logit_l2	60	10	1	cal_slope	12.420751101695153	
logit_l2	60	10	2	val_logloss	0.15989746012404402	
logit_l2	60	10	2	val_auc	1.0	
logit_l2	60	10	2	val_pr_auc	0.9999999999999999	
logit_l2	60	10	2	val_accuracy	1.0	
logit_l2	60	10	2	val_f1	1.0	
logit_l2	60	10	2	cal_intercept	1.473646465598169	
logit_l2	60	10	2	cal_slope	26.494292727448336	
logit_l2	60	10	3	val_logloss	0.26931115722606747	
logit_l2	60	10	3	val_auc	0.9494949494949495	
logit_l2	60	10	3	val_pr_auc	0.9500000000000002	
logit_l2	60	10	3	val_accuracy	0.85	
logit_l2	60	10	3	val_f1	0.8571428571428571	
logit_l2	60	10	3	cal_intercept	-1.1901741198305367	
logit_l2	60	10	3	cal_slope	2.0017140281525303	
logit_l2	45	1	0	val_logloss	0.21234420002488413	
logit_l2	45	1	0	val_auc	0.9797979797979798	
logit_l2	45	1	0	val_pr_auc	0.9765432098765434	
logit_l2	45	1	0	val_accuracy	0.9	
logit_l2	45	1	0	val_f1	0.8888888888888888	
logit_l2	45	1	0	cal_intercept	0.4297413790342913	
logit_l2	45	1	0	cal_slope	3.3515993958662467	
logit_l2	45	1	1	val_logloss	0.15856914197591104	
logit_l2	45	1	1	val_auc	1.0	
logit_l2	45	1	1	val_pr_auc	0.9999999999999999	
logit_l2	45	1	1	val_accuracy	0.95	
logit_l2	45	1	1	val_f1	0.9473684210526315	
logit_l2	45	1	1	cal_intercept	8.474467654155108	
logit_l2	45	1	1	cal_slope	52.77146146425222	
logit_l2	45	1	2	val_logloss	0.16523746871368308	
logit_l2	45	1	2	val_auc	1.0	
logit_l2	45	1	2	val_pr_auc	0.9999999999999999	
logit_l2	45	1	2	val_accuracy	0.95	
logit_l2	45	1	2	val_f1	0.9523809523809523	
logit_l2	45	1	2	cal_intercept	-9.441847746301823	
logit_l2	45	1	2	cal_slope	13.078665106680349	
logit_l2	45	1	3	val_logloss	0.1271973770315073	
logit_l2	45	1	3	val_auc	1.0	
logit_l2	45	1	3	val_pr_auc	0.9999999999999999	
logit_l2	45	1	3	val_accuracy	0.95	
logit_l2	45	1	3	val_f1	0.9523809523809523	
logit_l2	45	1	3	cal_intercept	-10.030668777557171	
logit_l2	45	1	3	cal_slope	34.67303937316207	
logit_l2	45	2	0	val_logloss	0.25796459379457415	
logit_l2	45	2	0	val_auc	0.9800000000000001	
logit_l2	45	2	0	val_pr_auc	0.9833333333333333	
logit_l2	45	2	0	val_accuracy	0.9	
logit_l2	45	2	0	val_f1	0.9090909090909091	
logit_l2	45	2	0	cal_intercept	-1.9149656078578219	
logit_l2	45	2	0	cal_slope	3.1947237633295527	
logit_l2	45	2	1	val_logloss	0.09651814964182699	
logit_l2	45	2	1	val_auc	1.0	
logit_l2	45	2	1	val_pr_auc	1.0000000000000002	
logit_l2	45	2	1	val_accuracy	0.95	
logit_l2	45	2	1	val_f1	0.9473684210526315	
logit_l2	45	2	1	cal_intercept	-7.334221629142977	
logit_l2	45	2	1	cal_slope	8.328662376587255	
logit_l2	45	2	2	val_logloss	0.19223014615497042	
logit_l2	45	2	2	val_auc	1.0	
logit_l2	45	2	2	val_pr_auc	0.9999999999999999	
logit_l2	45	2	2	val_accuracy	1.0	
logit_l2	45	2	2	val_f1	1.0	
logit_l2	45	2	2	cal_intercept	5.903672892560745	
logit_l2	45	2	2	cal_slope	12.320540549315748	
logit_l2	45	2	3	val_logloss	0.12136866919769249	
logit_l2	45	2	3	val_auc	1.0	
logit_l2	45	2	3	val_pr_auc	0.9999999999999999	
logit_l2	45	2	3	val_accuracy	1.0	
logit_l2	45	2	3	val_f1	1.0	
logit_l2	45	2	3	cal_intercept	3.351252641196639	
logit_l2	45	2	3	cal_slope	7.519599056434192	
logit_l2	45	3	0	val_logloss	0.11686421412975798	
logit_l2	45	3	0	val_auc	1.0	
logit_l2	45	3	0	val_pr_auc	0.9999999999999999	
logit_l2	45	3	0	val_accuracy	1.0	
logit_l2	45	3	0	val_f1	1.0	
logit_l2	45	3	0	cal_intercept	2.903967467566064	
logit_l2	45	3	0	cal_slope	7.940954547045816	
logit_l2	45	3	1	val_logloss	0.1610294158778896	
logit_l2	45	3	1	val_auc	1.0	
logit_l2	45	3	1	val_pr_auc	0.9999999999999999	
logit_l2	45	3	1	val_accuracy	1.0	
logit_l2	45	3	1	val_f1	1.0	
logit_l2	45	3	1	cal_intercept	4.996560654350928	
logit_l2	45	3	1	cal_slope	8.469179502988254	
logit_l2	45	3	2	val_logloss	0.13747708911744586	
logit_l2	45	3	2	val_auc	0.99	
logit_l2	45	3	2	val_pr_auc	0.9909090909090909	
logit_l2	45	3	2	val_accuracy	0.95	
logit_l2	45	3	2	val_f1	0.9523809523809523	
logit_l2	45	3	2	cal_intercept	-0.3580719697978206	
logit_l2	45	3	2	cal_slope	2.224452415975485	
logit_l2	45	3	3	val_logloss	0.25688171790261666	
logit_l2	45	3	3	val_auc	0.9797979797979797	
logit_l2	45	3	3	val_pr_auc	0.9797979797979799	
logit_l2	45	3	3	val_accuracy	0.85	
logit_l2	45	3	3	val_f1	0.8421052631578947	
logit_l2	45	3	3	cal_intercept	-0.9374056524169362	
logit_l2	45	3	3	cal_slope	2.552430676714451	
logit_l2	45	4	0	val_logloss	0.2809243323231189	
logit_l2	45	4	0	val_auc	0.9797979797979797	
logit_l2	45	4	0	val_pr_auc	0.9797979797979799	
logit_l2	45	4	0	val_accuracy	0.85	
logit_l2	45	4	0	val_f1	0.8421052631578947	
logit_l2	45	4	0	cal_intercept	-0.8473566177707846	
logit_l2	45	4	0	cal_slope	2.034468362309162	
logit_l2	45	4	1	val_logloss	0.09509661453521748	
logit_l2	45	4	1	val_auc	1.0	
logit_l2	45	4	1	val_pr_auc	0.9999999999999999	
logit_l2	45	4	1	val_accuracy	0.95	
logit_l2	45	4	1	val_f1	0.9523809523809523	
logit_l2	45	4	1	cal_intercept	-16.47828243382021	
logit_l2	45	4	1	cal_slope	26.3182651436192	
logit_l2	45	4	2	val_logloss	0.16340024800451466	
logit_l2	45	4	2	val_auc	0.99	
logit_l2	45	4	2	val_pr_auc	0.9909090909090909	
logit_l2	45	4	2	val_accuracy	0.95	
logit_l2	45	4	2	val_f1	0.9523809523809523	
logit_l2	45	4	2	cal_intercept	-1.2299503910896954	
logit_l2	45	4	2	cal_slope	3.238605601316979	
logit_l2	45	4	3	val_logloss	0.17678344935579396	
logit_l2	45	4	3	val_auc	1.0	
logit_l2	45	4	3	val_pr_auc	0.9999999999999999	
logit_l2	45	4	3	val_accuracy	1.0	
logit_l2	45	4	3	val_f1	1.0	
logit_l2	45	4	3	cal_intercept	5.485575660525504	
logit_l2	45	4	3	cal_slope	16.99038476036221	
logit_l2	45	5	0	val_logloss	0.0932421178537768	
logit_l2	45	5	0	val_auc	1.0	
logit_l2	45	5	0	val_pr_auc	0.9999999999999999	
logit_l2	45	5	0	val_accuracy	1.0	
logit_l2	45	5	0	val_f1	1.0	
logit_l2	45	5	0	cal_intercept	1.926392634969295	
logit_l2	45	5	0	cal_slope	5.994659868228676	
logit_l2	45	5	1	val_logloss	0.18035997789160757	
logit_l2	45	5	1	val_auc	1.0	
logit_l2	45	5	1	val_pr_auc	0.9999999999999999	
logit_l2	45	5	1	val_accuracy	0.95	
logit_l2	45	5	1	val_f1	0.9523809523809523	
logit_l2	45	5	1	cal_intercept	-14.954828968993336	
logit_l2	45	5	1	cal_slope	33.46386244701795	
logit_l2	45	5	2	val_logloss	0.1984498186001125	
logit_l2	45	5	2	val_auc	0.98	
logit_l2	45	5	2	val_pr_auc	0.9809090909090908	
logit_l2	45	5	2	val_accuracy	0.95	
logit_l2	45	5	2	val_f1	0.9523809523809523	
logit_l2	45	5	2	cal_intercept	-0.6393953161445588	
logit_l2	45	5	2	cal_slope	3.338509408848058	
logit_l2	45	5	3	val_logloss	0.1798372897359431	
logit_l2	45	5	3	val_auc	1.0	
logit_l2	45	5	3	val_pr_auc	1.0000000000000002	
logit_l2	45	5	3	val_accuracy	0.95	
logit_l2	45	5	3	val_f1	0.9411764705882353	
logit_l2	45	5	3	cal_intercept	8.580651794473358	
logit_l2	45	5	3	cal_slope	10.194904289515483	
logit_l2	45	6	0	val_logloss	0.11571567324223005	
logit_l2	45	6	0	val_auc	1.0	
logit_l2	45	6	0	val_pr_auc	1.0000000000000002	
logit_l2	45	6	0	val_accuracy	0.95	
logit_l2	45	6	0	val_f1	0.9473684210526315	
logit_l2	45	6	0	cal_intercept	-9.29617026777927	
logit_l2	45	6	0	cal_slope	12.205360220855532	
logit_l2	45	6	1	val_logloss	0.21295426923058997	
logit_l2	45	6	1	val_auc	0.99	
logit_l2	45	6	1	val_pr_auc	0.9909090909090909	
logit_l2	45	6	1	val_accuracy	0.9	
logit_l2	45	6	1	val_f1	0.9090909090909091	
logit_l2	45	6	1	cal_intercept	-1.8075252583530004	
logit_l2	45	6	1	cal_slope	3.3212223752606937	
logit_l2	45	6	2	val_logloss	0.12674315534305872	
logit_l2	45	6	2	val_auc	1.0	
logit_l2	45	6	2	val_pr_auc	0.9999999999999999	
logit_l2	45	6	2	val_accuracy	1.0	
logit_l2	45	6	2	val_f1	1.0	
logit_l2	45	6	2	cal_intercept	3.7301463602117995	
logit_l2	45	6	2	cal_slope	7.838652343483736	
logit_l2	45	6	3	val_logloss	0.2278097402133576	
logit_l2	45	6	3	val_auc	0.98	
logit_l2	45	6	3	val_pr_auc	0.9809090909090908	
logit_l2	45	6	3	val_accuracy	0.9	
logit_l2	45	6	3	val_f1	0.9	
logit_l2	45	6	3	cal_intercept	0.3661787936575012	
logit_l2	45	6	3	cal_slope	2.7732825194645154	
logit_l2	45	7	0	val_logloss	0.19572552828713072	
logit_l2	45	7	0	val_auc	1.0	
logit_l2	45	7	0	val_pr_auc	0.9999999999999999	
logit_l2	45	7	0	val_accuracy	0.95	
logit_l2	45	7	0	val_f1	0.9523809523809523	
logit_l2	45	7	0	cal_intercept	-126.67902358358731	
logit_l2	45	7	0	cal_slope	283.00764152130205	
logit_l2	45	7	1	val_logloss	0.1535065579508989	
logit_l2	45	7	1	val_auc	1.0	
logit_l2	45	7	1	val_pr_auc	0.9999999999999999	
logit_l2	45	7	1	val_accuracy	0.9	
logit_l2	45	7	1	val_f1	0.8888888888888888	
logit_l2	45	7	1	cal_intercept	9.370734157701705	
logit_l2	45	7	1	cal_slope	12.82808943334932	
logit_l2	45	7	2	val_logloss	0.16353003864852406	
logit_l2	45	7	2	val_auc	1.0	
logit_l2	45	7	2	val_pr_auc	0.9999999999999999	
logit_l2	45	7	2	val_accuracy	0.95	
logit_l2	45	7	2	val_f1	0.9473684210526315	
logit_l2	45	7	2	cal_intercept	156.00145681692243	
logit_l2	45	7	2	cal_slope	547.2887513366933	
logit_l2	45	7	3	val_logloss	0.1481639588491316	
logit_l2	45	7	3	val_auc	1.0	
logit_l2	45	7	3	val_pr_auc	1.0000000000000002	
logit_l2	45	7	3	val_accuracy	0.95	
logit_l2	45	7	3	val_f1	0.9473684210526315	
logit_l2	45	7	3	cal_intercept	-8.012572354622982	
logit_l2	45	7	3	cal_slope	29.145845550885127	
logit_l2	45	8	0	val_logloss	0.11289082097644762	
logit_l2	45	8	0	val_auc	1.0	
logit_l2	45	8	0	val_pr_auc	0.9999999999999999	
logit_l2	45	8	0	val_accuracy	1.0	
logit_l2	45	8	0	val_f1	1.0	
logit_l2	45	8	0	cal_intercept	3.4927006888084335	
logit_l2	45	8	0	cal_slope	7.865867516221009	
logit_l2	45	8	1	val_logloss	0.1820631892467087	
logit_l2	45	8	1	val_auc	1.0	
logit_l2	45	8	1	val_pr_auc	0.9999999999999999	
logit_l2	45	8	1	val_accuracy	0.95	
logit_l2	45	8	1	val_f1	0.9523809523809523	
logit_l2	45	8	1	cal_intercept	-15.511868368785004	
logit_l2	45	8	1	cal_slope	57.13019384156216	
logit_l2	45	8	2	val_logloss	0.17558800316745174	
logit_l2	45	8	2	val_auc	1.0	
logit_l2	45	8	2	val_pr_auc	1.0000000000000002	
logit_l2	45	8	2	val_accuracy	0.95	
logit_l2	45	8	2	val_f1	0.9473684210526315	
logit_l2	45	8	2	cal_intercept	-114.95170368040007	
logit_l2	45	8	2	cal_slope	156.33818820552153	
logit_l2	45	8	3	val_logloss	0.17593100477433318	
logit_l2	45	8	3	val_auc	0.99	
logit_l2	45	8	3	val_pr_auc	0.9909090909090909	
logit_l2	45	8	3	val_accuracy	0.9	
logit_l2	45	8	3	val_f1	0.8888888888888888	
logit_l2	45	8	3	cal_intercept	2.077852184782809	
logit_l2	45	8	3	cal_slope	4.592394671324715	
logit_l2	45	9	0	val_logloss	0.15674074395831045	
logit_l2	45	9	0	val_auc	1.0	
logit_l2	45	9	0	val_pr_auc	0.9999999999999999	
logit_l2	45	9	0	val_accuracy	0.95	
logit_l2	45	9	0	val_f1	0.9523809523809523	
logit_l2	45	9	0	cal_intercept	-13.128456469101765	
logit_l2	45	9	0	cal_slope	36.42342641861063	
logit_l2	45	9	1	val_logloss	0.21637605622659967	
logit_l2	45	9	1	val_auc	1.0	
logit_l2	45	9	1	val_pr_auc	0.9999999999999999	
logit_l2	45	9	1	val_accuracy	1.0	
logit_l2	45	9	1	val_f1	1.0	
logit_l2	45	9	1	cal_intercept	3.865626543814	
logit_l2	45	9	1	cal_slope	33.078081103665625	
logit_l2	45	9	2	val_logloss	0.15251729849367895	
logit_l2	45	9	2	val_auc	0.99	
logit_l2	45	9	2	val_pr_auc	0.9909090909090909	
logit_l2	45	9	2	val_accuracy	0.95	
logit_l2	45	9	2	val_f1	0.9523809523809523	
logit_l2	45	9	2	cal_intercept	-6.706525441872775	
logit_l2	45	9	2	cal_slope	15.872516934577407	
logit_l2	45	9	3	val_logloss	0.17239595802223043	
logit_l2	45	9	3	val_auc	1.0	
logit_l2	45	9	3	val_pr_auc	1.0000000000000002	
logit_l2	45	9	3	val_accuracy	0.95	
logit_l2	45	9	3	val_f1	0.9411764705882353	
logit_l2	45	9	3	cal_intercept	64.31563725600655	
logit_l2	45	9	3	cal_slope	69.76146866500129	
logit_l2	45	10	0	val_logloss	0.11067549547548358	
logit_l2	45	10	0	val_auc	1.0	
logit_l2	45	10	0	val_pr_auc	0.9999999999999999	
logit_l2	45	10	0	val_accuracy	1.0	
logit_l2	45	10	0	val_f1	1.0	
logit_l2	45	10	0	cal_intercept	3.480344365005268	
logit_l2	45	10	0	cal_slope	7.330649864656162	
logit_l2	45	10	1	val_logloss	0.13278428110356963	
logit_l2	45	10	1	val_auc	1.0	
logit_l2	45	10	1	val_pr_auc	0.9999999999999999	
logit_l2	45	10	1	val_accuracy	0.95	
logit_l2	45	10	1	val_f1	0.9473684210526315	
logit_l2	45	10	1	cal_intercept	205.05379520055726	
logit_l2	45	10	1	cal_slope	285.9329697255776	
logit_l2	45	10	2	val_logloss	0.2028651467024151	
logit_l2	45	10	2	val_auc	0.99	
logit_l2	45	10	2	val_pr_auc	0.9909090909090909	
logit_l2	45	10	2	val_accuracy	0.95	
logit_l2	45	10	2	val_f1	0.9523809523809523	
logit_l2	45	10	2	cal_intercept	-0.15648582649538215	
logit_l2	45	10	2	cal_slope	4.726373303295113	
logit_l2	45	10	3	val_logloss	0.2870592831431458	
logit_l2	45	10	3	val_auc	0.9494949494949495	
logit_l2	45	10	3	val_pr_auc	0.9500000000000002	
logit_l2	45	10	3	val_accuracy	0.8	
logit_l2	45	10	3	val_f1	0.8	
logit_l2	45	10	3	cal_intercept	-0.7758158601138996	
logit_l2	45	10	3	cal_slope	1.4964885243334032	
logit_l2	30	1	0	val_logloss	0.2331925628366101	
logit_l2	30	1	0	val_auc	0.9797979797979798	
logit_l2	30	1	0	val_pr_auc	0.9765432098765434	
logit_l2	30	1	0	val_accuracy	0.85	
logit_l2	30	1	0	val_f1	0.8235294117647058	
logit_l2	30	1	0	cal_intercept	1.0770018146798712	
logit_l2	30	1	0	cal_slope	2.9106510267957333	
logit_l2	30	1	1	val_logloss	0.20580030730498372	
logit_l2	30	1	1	val_auc	0.99	
logit_l2	30	1	1	val_pr_auc	0.9909090909090909	
logit_l2	30	1	1	val_accuracy	0.9	
logit_l2	30	1	1	val_f1	0.8888888888888888	
logit_l2	30	1	1	cal_intercept	5.189944446531141	
logit_l2	30	1	1	cal_slope	7.737827760025109	
logit_l2	30	1	2	val_logloss	0.17964843080068982	
logit_l2	30	1	2	val_auc	1.0	
logit_l2	30	1	2	val_pr_auc	0.9999999999999999	
logit_l2	30	1	2	val_accuracy	0.95	
logit_l2	30	1	2	val_f1	0.9523809523809523	
logit_l2	30	1	2	cal_intercept	-10.905928257229833	
logit_l2	30	1	2	cal_slope	16.484901322195576	
logit_l2	30	1	3	val_logloss	0.16979102694202902	
logit_l2	30	1	3	val_auc	1.0	
logit_l2	30	1	3	val_pr_auc	0.9999999999999999	
logit_l2	30	1	3	val_accuracy	0.95	
logit_l2	30	1	3	val_f1	0.9523809523809523	
logit_l2	30	1	3	cal_intercept	-13.524866001665501	
logit_l2	30	1	3	cal_slope	76.58366580381866	
logit_l2	30	2	0	val_logloss	0.29348686926065615	
logit_l2	30	2	0	val_auc	0.96	
logit_l2	30	2	0	val_pr_auc	0.9669230769230769	
logit_l2	30	2	0	val_accuracy	0.85	
logit_l2	30	2	0	val_f1	0.8571428571428571	
logit_l2	30	2	0	cal_intercept	-0.5919199161202332	
logit_l2	30	2	0	cal_slope	2.1814000138058085	
logit_l2	30	2	1	val_logloss	0.11653238978290095	
logit_l2	30	2	1	val_auc	1.0	
logit_l2	30	2	1	val_pr_auc	1.0000000000000002	
logit_l2	30	2	1	val_accuracy	0.95	
logit_l2	30	2	1	val_f1	0.9473684210526315	
logit_l2	30	2	1	cal_intercept	-6.471869956590972	
logit_l2	30	2	1	cal_slope	13.483846910782283	
logit_l2	30	2	2	val_logloss	0.20502966473896653	
logit_l2	30	2	2	val_auc	1.0	
logit_l2	30	2	2	val_pr_auc	0.9999999999999999	
logit_l2	30	2	2	val_accuracy	1.0	
logit_l2	30	2	2	val_f1	1.0	
logit_l2	30	2	2	cal_intercept	5.139332988663912	
logit_l2	30	2	2	cal_slope	14.824713379104095	
logit_l2	30	2	3	val_logloss	0.1451848734150346	
logit_l2	30	2	3	val_auc	1.0	
logit_l2	30	2	3	val_pr_auc	0.9999999999999999	
logit_l2	30	2	3	val_accuracy	1.0	
logit_l2	30	2	3	val_f1	1.0	
logit_l2	30	2	3	cal_intercept	1.9890794386479367	
logit_l2	30	2	3	cal_slope	8.538379967198543	
logit_l2	30	3	0	val_logloss	0.18129502739616163	
logit_l2	30	3	0	val_auc	1.0	
logit_l2	30	3	0	val_pr_auc	0.9999999999999999	
logit_l2	30	3	0	val_accuracy	1.0	
logit_l2	30	3	0	val_f1	1.0	
logit_l2	30	3	0	cal_intercept	1.6346464055840777	
logit_l2	30	3	0	cal_slope	15.590825297612657	
logit_l2	30	3	1	val_logloss	0.1766771327029872	
logit_l2	30	3	1	val_auc	1.0	
logit_l2	30	3	1	val_pr_auc	0.9999999999999999	
logit_l2	30	3	1	val_accuracy	0.95	
logit_l2	30	3	1	val_f1	0.9473684210526315	
logit_l2	30	3	1	cal_intercept	8.072915482718706	
logit_l2	30	3	1	cal_slope	10.569001549329258	
logit_l2	30	3	2	val_logloss	0.15899812264477037	
logit_l2	30	3	2	val_auc	0.99	
logit_l2	30	3	2	val_pr_auc	0.9909090909090909	
logit_l2	30	3	2	val_accuracy	0.95	
logit_l2	30	3	2	val_f1	0.9523809523809523	
logit_l2	30	3	2	cal_intercept	-0.5945252327904281	
logit_l2	30	3	2	cal_slope	2.8000832307344488	
logit_l2	30	3	3	val_logloss	0.3023197721764584	
logit_l2	30	3	3	val_auc	0.9696969696969696	
logit_l2	30	3	3	val_pr_auc	0.9674523007856344	
logit_l2	30	3	3	val_accuracy	0.9	
logit_l2	30	3	3	val_f1	0.9	
logit_l2	30	3	3	cal_intercept	-1.3277273907992044	
logit_l2	30	3	3	cal_slope	2.7048557005963505	
logit_l2	30	4	0	val_logloss	0.28639551099521776	
logit_l2	30	4	0	val_auc	0.9797979797979797	
logit_l2	30	4	0	val_pr_auc	0.9797979797979799	
logit_l2	30	4	0	val_accuracy	0.85	
logit_l2	30	4	0	val_f1	0.8421052631578947	
logit_l2	30	4	0	cal_intercept	0.13819041343462565	
logit_l2	30	4	0	cal_slope	2.160059526883077	
logit_l2	30	4	1	val_logloss	0.11477675113450043	
logit_l2	30	4	1	val_auc	1.0	
logit_l2	30	4	1	val_pr_auc	0.9999999999999999	
logit_l2	30	4	1	val_accuracy	0.95	
logit_l2	30	4	1	val_f1	0.9523809523809523	
logit_l2	30	4	1	cal_intercept	-16.126450245381992	
logit_l2	30	4	1	cal_slope	39.718508581784214	
logit_l2	30	4	2	val_logloss	0.17977176111061272	
logit_l2	30	4	2	val_auc	0.99	
logit_l2	30	4	2	val_pr_auc	0.9909090909090909	
logit_l2	30	4	2	val_accuracy	0.95	
logit_l2	30	4	2	val_f1	0.9523809523809523	
logit_l2	30	4	2	cal_intercept	-0.873699129694117	
logit_l2	30	4	2	cal_slope	2.982200268124251	
logit_l2	30	4	3	val_logloss	0.17135532288448416	
logit_l2	30	4	3	val_auc	1.0	
logit_l2	30	4	3	val_pr_auc	0.9999999999999999	
logit_l2	30	4	3	val_accuracy	1.0	
logit_l2	30	4	3	val_f1	1.0	
logit_l2	30	4	3	cal_intercept	3.227651388613703	
logit_l2	30	4	3	cal_slope	12.668451133189459	
logit_l2	30	5	0	val_logloss	0.12676769710609515	
logit_l2	30	5	0	val_auc	1.0	
logit_l2	30	5	0	val_pr_auc	0.9999999999999999	
logit_l2	30	5	0	val_accuracy	1.0	
logit_l2	30	5	0	val_f1	1.0	
logit_l2	30	5	0	cal_intercept	2.462047354494995	
logit_l2	30	5	0	cal_slope	7.042267086924991	
logit_l2	30	5	1	val_logloss	0.18523324230866783	
logit_l2	30	5	1	val_auc	0.99	
logit_l2	30	5	1	val_pr_auc	0.9909090909090909	
logit_l2	30	5	1	val_accuracy	0.95	
logit_l2	30	5	1	val_f1	0.9523809523809523	
logit_l2	30	5	1	cal_intercept	-2.189640276072663	
logit_l2	30	5	1	cal_slope	5.122682869055206	
logit_l2	30	5	2	val_logloss	0.2461922357776704	
logit_l2	30	5	2	val_auc	0.9800000000000001	
logit_l2	30	5	2	val_pr_auc	0.9833333333333333	
logit_l2	30	5	2	val_accuracy	0.9	
logit_l2	30	5	2	val_f1	0.9	
logit_l2	30	5	2	cal_intercept	0.17022270988828994	
logit_l2	30	5	2	cal_slope	1.9724339168761014	
logit_l2	30	5	3	val_logloss	0.18186369818822987	
logit_l2	30	5	3	val_auc	1.0	
logit_l2	30	5	3	val_pr_auc	1.0000000000000002	
logit_l2	30	5	3	val_accuracy	1.0	
logit_l2	30	5	3	val_f1	1.0	
logit_l2	30	5	3	cal_intercept	6.486115828278433	
logit_l2	30	5	3	cal_slope	10.124157771987125	
logit_l2	30	6	0	val_logloss	0.1488195890738076	
logit_l2	30	6	0	val_auc	1.0	
logit_l2	30	6	0	val_pr_auc	1.0000000000000002	
logit_l2	30	6	0	val_accuracy	0.95	
logit_l2	30	6	0	val_f1	0.9473684210526315	
logit_l2	30	6	0	cal_intercept	-6.121821285498013	
logit_l2	30	6	0	cal_slope	11.37539469318859	
logit_l2	30	6	1	val_logloss	0.2219174900252417	
logit_l2	30	6	1	val_auc	0.98	
logit_l2	30	6	1	val_pr_auc	0.9809090909090908	
logit_l2	30	6	1	val_accuracy	0.95	
logit_l2	30	6	1	val_f1	0.9523809523809523	
logit_l2	30	6	1	cal_intercept	-1.5544702867228726	
logit_l2	30	6	1	cal_slope	3.4535979452423455	
logit_l2	30	6	2	val_logloss	0.179961514646041	
logit_l2	30	6	2	val_auc	1.0	
logit_l2	30	6	2	val_pr_auc	0.9999999999999999	
logit_l2	30	6	2	val_accuracy	1.0	
logit_l2	30	6	2	val_f1	1.0	
logit_l2	30	6	2	cal_intercept	5.062533481160474	
logit_l2	30	6	2	cal_slope	9.565989025214957	
logit_l2	30	6	3	val_logloss	0.22949213591243472	
logit_l2	30	6	3	val_auc	0.98	
logit_l2	30	6	3	val_pr_auc	0.9809090909090908	
logit_l2	30	6	3	val_accuracy	0.95	
logit_l2	30	6	3	val_f1	0.9523809523809523	
logit_l2	30	6	3	cal_intercept	-0.1440698051030467	
logit_l2	30	6	3	cal_slope	3.296877733725277	
logit_l2	30	7	0	val_logloss	0.2032559644416671	
logit_l2	30	7	0	val_auc	0.99	
logit_l2	30	7	0	val_pr_auc	0.9909090909090909	
logit_l2	30	7	0	val_accuracy	0.95	
logit_l2	30	7	0	val_f1	0.9523809523809523	
logit_l2	30	7	0	cal_intercept	-2.60952568730966	
logit_l2	30	7	0	cal_slope	4.672113073175504	
logit_l2	30	7	1	val_logloss	0.2613374644096009	
logit_l2	30	7	1	val_auc	0.95	
logit_l2	30	7	1	val_pr_auc	0.9587412587412588	
logit_l2	30	7	1	val_accuracy	0.9	
logit_l2	30	7	1	val_f1	0.8888888888888888	
logit_l2	30	7	1	cal_intercept	0.7362939189014025	
logit_l2	30	7	1	cal_slope	1.400986514074997	
logit_l2	30	7	2	val_logloss	0.18066650729307762	
logit_l2	30	7	2	val_auc	0.99	
logit_l2	30	7	2	val_pr_auc	0.9909090909090909	
logit_l2	30	7	2	val_accuracy	0.95	
logit_l2	30	7	2	val_f1	0.9473684210526315	
logit_l2	30	7	2	cal_intercept	1.1260365441253384	
logit_l2	30	7	2	cal_slope	9.253305774274233	
logit_l2	30	7	3	val_logloss	0.1942647082265831	
logit_l2	30	7	3	val_auc	0.9898989898989898	
logit_l2	30	7	3	val_pr_auc	0.9888888888888892	
logit_l2	30	7	3	val_accuracy	0.95	
logit_l2	30	7	3	val_f1	0.9473684210526315	
logit_l2	30	7	3	cal_intercept	-0.5278254054548966	
logit_l2	30	7	3	cal_slope	2.956236151596459	
logit_l2	30	8	0	val_logloss	0.15904499610671452	
logit_l2	30	8	0	val_auc	1.0	
logit_l2	30	8	0	val_pr_auc	0.9999999999999999	
logit_l2	30	8	0	val_accuracy	1.0	
logit_l2	30	8	0	val_f1	1.0	
logit_l2	30	8	0	cal_intercept	4.070049778086017	
logit_l2	30	8	0	cal_slope	9.061340578941921	
logit_l2	30	8	1	val_logloss	0.2045560179793144	
logit_l2	30	8	1	val_auc	1.0	
logit_l2	30	8	1	val_pr_auc	0.9999999999999999	
logit_l2	30	8	1	val_accuracy	0.95	
logit_l2	30	8	1	val_f1	0.9523809523809523	
logit_l2	30	8	1	cal_intercept	-7.550215326590173	
logit_l2	30	8	1	cal_slope	32.30718984717328	
logit_l2	30	8	2	val_logloss	0.1915874814486607	
logit_l2	30	8	2	val_auc	1.0	
logit_l2	30	8	2	val_pr_auc	1.0000000000000002	
logit_l2	30	8	2	val_accuracy	0.9	
logit_l2	30	8	2	val_f1	0.9	
logit_l2	30	8	2	cal_intercept	-108.73107912958093	
logit_l2	30	8	2	cal_slope	117.04114579649998	
logit_l2	30	8	3	val_logloss	0.20808976109722455	
logit_l2	30	8	3	val_auc	0.9800000000000001	
logit_l2	30	8	3	val_pr_auc	0.9833333333333333	
logit_l2	30	8	3	val_accuracy	0.9	
logit_l2	30	8	3	val_f1	0.8888888888888888	
logit_l2	30	8	3	cal_intercept	1.1623401116053653	
logit_l2	30	8	3	cal_slope	2.838422827153779	
logit_l2	30	9	0	val_logloss	0.19701598915565857	
logit_l2	30	9	0	val_auc	1.0	
logit_l2	30	9	0	val_pr_auc	0.9999999999999999	
logit_l2	30	9	0	val_accuracy	0.95	
logit_l2	30	9	0	val_f1	0.9523809523809523	
logit_l2	30	9	0	cal_intercept	-54.20607346867207	
logit_l2	30	9	0	cal_slope	157.13364705474362	
logit_l2	30	9	1	val_logloss	0.25959078535033286	
logit_l2	30	9	1	val_auc	0.9700000000000001	
logit_l2	30	9	1	val_pr_auc	0.9733333333333333	
logit_l2	30	9	1	val_accuracy	0.9	
logit_l2	30	9	1	val_f1	0.9090909090909091	
logit_l2	30	9	1	cal_intercept	-1.4922885802836618	
logit_l2	30	9	1	cal_slope	4.388595589563505	
logit_l2	30	9	2	val_logloss	0.16021167464126668	
logit_l2	30	9	2	val_auc	1.0	
logit_l2	30	9	2	val_pr_auc	0.9999999999999999	
logit_l2	30	9	2	val_accuracy	0.95	
logit_l2	30	9	2	val_f1	0.9523809523809523	
logit_l2	30	9	2	cal_intercept	-104.5627691590556	
logit_l2	30	9	2	cal_slope	125.40847203905555	
logit_l2	30	9	3	val_logloss	0.21087249416559506	
logit_l2	30	9	3	val_auc	0.9898989898989898	
logit_l2	30	9	3	val_pr_auc	0.9888888888888892	
logit_l2	30	9	3	val_accuracy	0.95	
logit_l2	30	9	3	val_f1	0.9411764705882353	
logit_l2	30	9	3	cal_intercept	13.761054117130607	
logit_l2	30	9	3	cal_slope	14.734993353449932	
logit_l2	30	10	0	val_logloss	0.18626053459026207	
logit_l2	30	10	0	val_auc	1.0	
logit_l2	30	10	0	val_pr_auc	0.9999999999999999	
logit_l2	30	10	0	val_accuracy	0.95	
logit_l2	30	10	0	val_f1	0.9473684210526315	
logit_l2	30	10	0	cal_intercept	8.437842366116392	
logit_l2	30	10	0	cal_slope	12.055293016385734	
logit_l2	30	10	1	val_logloss	0.1321044153938175	
logit_l2	30	10	1	val_auc	1.0	
logit_l2	30	10	1	val_pr_auc	0.9999999999999999	
logit_l2	30	10	1	val_accuracy	0.95	
logit_l2	30	10	1	val_f1	0.9473684210526315	
logit_l2	30	10	1	cal_intercept	11.747516908542305	
logit_l2	30	10	1	cal_slope	29.598461319562897	
logit_l2	30	10	2	val_logloss	0.21472541535265463	
logit_l2	30	10	2	val_auc	1.0	
logit_l2	30	10	2	val_pr_auc	0.9999999999999999	
logit_l2	30	10	2	val_accuracy	0.95	
logit_l2	30	10	2	val_f1	0.9523809523809523	
logit_l2	30	10	2	cal_intercept	-9.537639249156218	
logit_l2	30	10	2	cal_slope	104.99772275366846	
logit_l2	30	10	3	val_logloss	0.30646718976040066	
logit_l2	30	10	3	val_auc	0.9494949494949495	
logit_l2	30	10	3	val_pr_auc	0.9500000000000002	
logit_l2	30	10	3	val_accuracy	0.85	
logit_l2	30	10	3	val_f1	0.8571428571428571	
logit_l2	30	10	3	cal_intercept	-1.115615477426899	
logit_l2	30	10	3	cal_slope	1.5946476636461837	
logit_l2	20	1	0	val_logloss	0.2893122703693968	
logit_l2	20	1	0	val_auc	0.9696969696969696	
logit_l2	20	1	0	val_pr_auc	0.9674523007856342	
logit_l2	20	1	0	val_accuracy	0.85	
logit_l2	20	1	0	val_f1	0.8235294117647058	
logit_l2	20	1	0	cal_intercept	0.6179555672915943	
logit_l2	20	1	0	cal_slope	3.1020501894691757	
logit_l2	20	1	1	val_logloss	0.23599459591567995	
logit_l2	20	1	1	val_auc	0.99	
logit_l2	20	1	1	val_pr_auc	0.9909090909090909	
logit_l2	20	1	1	val_accuracy	0.9	
logit_l2	20	1	1	val_f1	0.8888888888888888	
logit_l2	20	1	1	cal_intercept	3.497356782138096	
logit_l2	20	1	1	cal_slope	5.462273095454884	
logit_l2	20	1	2	val_logloss	0.2062648126590338	
logit_l2	20	1	2	val_auc	1.0	
logit_l2	20	1	2	val_pr_auc	0.9999999999999999	
logit_l2	20	1	2	val_accuracy	1.0	
logit_l2	20	1	2	val_f1	1.0	
logit_l2	20	1	2	cal_intercept	-5.518114318845446	
logit_l2	20	1	2	cal_slope	19.057031683329505	
logit_l2	20	1	3	val_logloss	0.19851760590608059	
logit_l2	20	1	3	val_auc	0.99	
logit_l2	20	1	3	val_pr_auc	0.9909090909090909	
logit_l2	20	1	3	val_accuracy	0.95	
logit_l2	20	1	3	val_f1	0.9523809523809523	
logit_l2	20	1	3	cal_intercept	-0.5154881946648582	
logit_l2	20	1	3	cal_slope	3.6674181665623333	
logit_l2	20	2	0	val_logloss	0.3072694011880902	
logit_l2	20	2	0	val_auc	0.9700000000000001	
logit_l2	20	2	0	val_pr_auc	0.9733333333333333	
logit_l2	20	2	0	val_accuracy	0.85	
logit_l2	20	2	0	val_f1	0.8571428571428571	
logit_l2	20	2	0	cal_intercept	-0.33323769484885757	
logit_l2	20	2	0	cal_slope	1.976488426970472	
logit_l2	20	2	1	val_logloss	0.15814677875476724	
logit_l2	20	2	1	val_auc	1.0	
logit_l2	20	2	1	val_pr_auc	1.0000000000000002	
logit_l2	20	2	1	val_accuracy	1.0	
logit_l2	20	2	1	val_f1	1.0	
logit_l2	20	2	1	cal_intercept	-1.4922541629329849	
logit_l2	20	2	1	cal_slope	24.17270070223948	
logit_l2	20	2	2	val_logloss	0.23781468019763277	
logit_l2	20	2	2	val_auc	1.0	
logit_l2	20	2	2	val_pr_auc	0.9999999999999999	
logit_l2	20	2	2	val_accuracy	1.0	
logit_l2	20	2	2	val_f1	1.0	
logit_l2	20	2	2	cal_intercept	4.098728231023324	
logit_l2	20	2	2	cal_slope	14.57193397722287	
logit_l2	20	2	3	val_logloss	0.18553648800044897	
logit_l2	20	2	3	val_auc	1.0	
logit_l2	20	2	3	val_pr_auc	0.9999999999999999	
logit_l2	20	2	3	val_accuracy	1.0	
logit_l2	20	2	3	val_f1	1.0	
logit_l2	20	2	3	cal_intercept	-0.4294998866696526	
logit_l2	20	2	3	cal_slope	10.139639785743942	
logit_l2	20	3	0	val_logloss	0.18787737939400903	
logit_l2	20	3	0	val_auc	1.0	
logit_l2	20	3	0	val_pr_auc	0.9999999999999999	
logit_l2	20	3	0	val_accuracy	1.0	
logit_l2	20	3	0	val_f1	1.0	
logit_l2	20	3	0	cal_intercept	-2.729403313506441	
logit_l2	20	3	0	cal_slope	12.289308223087604	
logit_l2	20	3	1	val_logloss	0.2202821289817392	
logit_l2	20	3	1	val_auc	1.0	
logit_l2	20	3	1	val_pr_auc	0.9999999999999999	
logit_l2	20	3	1	val_accuracy	0.95	
logit_l2	20	3	1	val_f1	0.9473684210526315	
logit_l2	20	3	1	cal_intercept	8.48445612125667	
logit_l2	20	3	1	cal_slope	11.058807633521752	
logit_l2	20	3	2	val_logloss	0.24000446198033892	
logit_l2	20	3	2	val_auc	0.97	
logit_l2	20	3	2	val_pr_auc	0.9769230769230769	
logit_l2	20	3	2	val_accuracy	0.8	
logit_l2	20	3	2	val_f1	0.8181818181818182	
logit_l2	20	3	2	cal_intercept	-1.2636132918791672	
logit_l2	20	3	2	cal_slope	1.918122181080877	
logit_l2	20	3	3	val_logloss	0.29434543094042576	
logit_l2	20	3	3	val_auc	0.9898989898989898	
logit_l2	20	3	3	val_pr_auc	0.9888888888888892	
logit_l2	20	3	3	val_accuracy	0.85	
logit_l2	20	3	3	val_f1	0.8571428571428571	
logit_l2	20	3	3	cal_intercept	-6.219395175807086	
logit_l2	20	3	3	cal_slope	14.04718003741413	
logit_l2	20	4	0	val_logloss	0.26779033117185636	
logit_l2	20	4	0	val_auc	0.9797979797979797	
logit_l2	20	4	0	val_pr_auc	0.9797979797979799	
logit_l2	20	4	0	val_accuracy	0.95	
logit_l2	20	4	0	val_f1	0.9411764705882353	
logit_l2	20	4	0	cal_intercept	0.3495016876588141	
logit_l2	20	4	0	cal_slope	3.930332597451452	
logit_l2	20	4	1	val_logloss	0.13682554006403488	
logit_l2	20	4	1	val_auc	1.0	
logit_l2	20	4	1	val_pr_auc	0.9999999999999999	
logit_l2	20	4	1	val_accuracy	0.95	
logit_l2	20	4	1	val_f1	0.9523809523809523	
logit_l2	20	4	1	cal_intercept	-21.364377142286	
logit_l2	20	4	1	cal_slope	96.63579257243522	
logit_l2	20	4	2	val_logloss	0.21984665328720093	
logit_l2	20	4	2	val_auc	0.99	
logit_l2	20	4	2	val_pr_auc	0.9909090909090909	
logit_l2	20	4	2	val_accuracy	0.95	
logit_l2	20	4	2	val_f1	0.9523809523809523	
logit_l2	20	4	2	cal_intercept	-0.7225144415406778	
logit_l2	20	4	2	cal_slope	3.5408764503600105	
logit_l2	20	4	3	val_logloss	0.18179898312901502	
logit_l2	20	4	3	val_auc	1.0	
logit_l2	20	4	3	val_pr_auc	0.9999999999999999	
logit_l2	20	4	3	val_accuracy	1.0	
logit_l2	20	4	3	val_f1	1.0	
logit_l2	20	4	3	cal_intercept	5.39489143462083	
logit_l2	20	4	3	cal_slope	17.378047828071175	
logit_l2	20	5	0	val_logloss	0.15551531498881438	
logit_l2	20	5	0	val_auc	1.0	
logit_l2	20	5	0	val_pr_auc	0.9999999999999999	
logit_l2	20	5	0	val_accuracy	1.0	
logit_l2	20	5	0	val_f1	1.0	
logit_l2	20	5	0	cal_intercept	1.9837544295717782	
logit_l2	20	5	0	cal_slope	7.974213707876271	
logit_l2	20	5	1	val_logloss	0.18675913900437088	
logit_l2	20	5	1	val_auc	0.98	
logit_l2	20	5	1	val_pr_auc	0.9809090909090908	
logit_l2	20	5	1	val_accuracy	0.85	
logit_l2	20	5	1	val_f1	0.8421052631578947	
logit_l2	20	5	1	cal_intercept	0.110819313148564	
logit_l2	20	5	1	cal_slope	2.1821232818198	
logit_l2	20	5	2	val_logloss	0.25335036708737213	
logit_l2	20	5	2	val_auc	0.9800000000000001	
logit_l2	20	5	2	val_pr_auc	0.9833333333333333	
logit_l2	20	5	2	val_accuracy	0.9	
logit_l2	20	5	2	val_f1	0.9	
logit_l2	20	5	2	cal_intercept	0.03304566792407938	
logit_l2	20	5	2	cal_slope	2.2592296401022787	
logit_l2	20	5	3	val_logloss	0.25057807656546527	
logit_l2	20	5	3	val_auc	1.0	
logit_l2	20	5	3	val_pr_auc	1.0000000000000002	
logit_l2	20	5	3	val_accuracy	0.85	
logit_l2	20	5	3	val_f1	0.8	
logit_l2	20	5	3	cal_intercept	62.14968453686065	
logit_l2	20	5	3	cal_slope	71.84512275328592	
logit_l2	20	6	0	val_logloss	0.18854291149738855	
logit_l2	20	6	0	val_auc	1.0	
logit_l2	20	6	0	val_pr_auc	1.0000000000000002	
logit_l2	20	6	0	val_accuracy	0.95	
logit_l2	20	6	0	val_f1	0.9473684210526315	
logit_l2	20	6	0	cal_intercept	-11.297882125262142	
logit_l2	20	6	0	cal_slope	14.516304342856168	
logit_l2	20	6	1	val_logloss	0.2505696518879458	
logit_l2	20	6	1	val_auc	0.99	
logit_l2	20	6	1	val_pr_auc	0.9909090909090909	
logit_l2	20	6	1	val_accuracy	0.9	
logit_l2	20	6	1	val_f1	0.9090909090909091	
logit_l2	20	6	1	cal_intercept	-1.5362447489367297	
logit_l2	20	6	1	cal_slope	2.8948132469477637	
logit_l2	20	6	2	val_logloss	0.19989858552755294	
logit_l2	20	6	2	val_auc	1.0	
logit_l2	20	6	2	val_pr_auc	0.9999999999999999	
logit_l2	20	6	2	val_accuracy	1.0	
logit_l2	20	6	2	val_f1	1.0	
logit_l2	20	6	2	cal_intercept	6.131377353124984	
logit_l2	20	6	2	cal_slope	10.606524933812898	
logit_l2	20	6	3	val_logloss	0.2547789918968548	
logit_l2	20	6	3	val_auc	0.98	
logit_l2	20	6	3	val_pr_auc	0.9809090909090908	
logit_l2	20	6	3	val_accuracy	0.85	
logit_l2	20	6	3	val_f1	0.8421052631578947	
logit_l2	20	6	3	cal_intercept	1.5161620874395703	
logit_l2	20	6	3	cal_slope	2.985373010970371	
logit_l2	20	7	0	val_logloss	0.2065968491825238	
logit_l2	20	7	0	val_auc	0.99	
logit_l2	20	7	0	val_pr_auc	0.9909090909090909	
logit_l2	20	7	0	val_accuracy	0.9	
logit_l2	20	7	0	val_f1	0.9090909090909091	
logit_l2	20	7	0	cal_intercept	-2.9911946441300863	
logit_l2	20	7	0	cal_slope	5.86752774823576	
logit_l2	20	7	1	val_logloss	0.30251432062731903	
logit_l2	20	7	1	val_auc	0.9400000000000001	
logit_l2	20	7	1	val_pr_auc	0.9532467532467531	
logit_l2	20	7	1	val_accuracy	0.85	
logit_l2	20	7	1	val_f1	0.8421052631578947	
logit_l2	20	7	1	cal_intercept	0.18407427803055415	
logit_l2	20	7	1	cal_slope	1.1735219626034523	
logit_l2	20	7	2	val_logloss	0.2075289364339174	
logit_l2	20	7	2	val_auc	0.99	
logit_l2	20	7	2	val_pr_auc	0.9909090909090909	
logit_l2	20	7	2	val_accuracy	0.95	
logit_l2	20	7	2	val_f1	0.9473684210526315	
logit_l2	20	7	2	cal_intercept	0.8837336335021645	
logit_l2	20	7	2	cal_slope	2.0807382692276004	
logit_l2	20	7	3	val_logloss	0.23029065035555477	
logit_l2	20	7	3	val_auc	0.9797979797979798	
logit_l2	20	7	3	val_pr_auc	0.9765432098765434	
logit_l2	20	7	3	val_accuracy	0.9	
logit_l2	20	7	3	val_f1	0.8888888888888888	
logit_l2	20	7	3	cal_intercept	-0.27974913291315184	
logit_l2	20	7	3	cal_slope	2.94274717573596	
logit_l2	20	8	0	val_logloss	0.22332049818648025	
logit_l2	20	8	0	val_auc	1.0	
logit_l2	20	8	0	val_pr_auc	0.9999999999999999	
logit_l2	20	8	0	val_accuracy	1.0	
logit_l2	20	8	0	val_f1	1.0	
logit_l2	20	8	0	cal_intercept	1.9046819150310634	
logit_l2	20	8	0	cal_slope	14.194746478254443	
logit_l2	20	8	1	val_logloss	0.26110568908709736	
logit_l2	20	8	1	val_auc	1.0	
logit_l2	20	8	1	val_pr_auc	0.9999999999999999	
logit_l2	20	8	1	val_accuracy	0.95	
logit_l2	20	8	1	val_f1	0.9523809523809523	
logit_l2	20	8	1	cal_intercept	-14.031234444285209	
logit_l2	20	8	1	cal_slope	32.35588111818919	
logit_l2	20	8	2	val_logloss	0.21061829877935984	
logit_l2	20	8	2	val_auc	0.9898989898989898	
logit_l2	20	8	2	val_pr_auc	0.9888888888888892	
logit_l2	20	8	2	val_accuracy	0.9	
logit_l2	20	8	2	val_f1	0.9	
logit_l2	20	8	2	cal_intercept	-3.7799402701356466	
logit_l2	20	8	2	cal_slope	6.4199971766731645	
logit_l2	20	8	3	val_logloss	0.23500764484192035	
logit_l2	20	8	3	val_auc	0.97	
logit_l2	20	8	3	val_pr_auc	0.9769230769230769	
logit_l2	20	8	3	val_accuracy	0.9	
logit_l2	20	8	3	val_f1	0.9	
logit_l2	20	8	3	cal_intercept	0.1003558599447741	
logit_l2	20	8	3	cal_slope	2.1780235561767545	
logit_l2	20	9	0	val_logloss	0.23829086570493058	
logit_l2	20	9	0	val_auc	0.99	
logit_l2	20	9	0	val_pr_auc	0.9909090909090909	
logit_l2	20	9	0	val_accuracy	0.95	
logit_l2	20	9	0	val_f1	0.9523809523809523	
logit_l2	20	9	0	cal_intercept	-2.496017377261892	
logit_l2	20	9	0	cal_slope	5.327159894909968	
logit_l2	20	9	1	val_logloss	0.25638879019648486	
logit_l2	20	9	1	val_auc	1.0	
logit_l2	20	9	1	val_pr_auc	0.9999999999999999	
logit_l2	20	9	1	val_accuracy	0.9	
logit_l2	20	9	1	val_f1	0.9090909090909091	
logit_l2	20	9	1	cal_intercept	-24.539261836634573	
logit_l2	20	9	1	cal_slope	72.97971990888225	
logit_l2	20	9	2	val_logloss	0.19231233851799934	
logit_l2	20	9	2	val_auc	0.99	
logit_l2	20	9	2	val_pr_auc	0.9909090909090909	
logit_l2	20	9	2	val_accuracy	0.95	
logit_l2	20	9	2	val_f1	0.9523809523809523	
logit_l2	20	9	2	cal_intercept	-2.1461050693139483	
logit_l2	20	9	2	cal_slope	4.886792395217078	
logit_l2	20	9	3	val_logloss	0.26948805390867936	
logit_l2	20	9	3	val_auc	0.9393939393939394	
logit_l2	20	9	3	val_pr_auc	0.9555555555555557	
logit_l2	20	9	3	val_accuracy	0.95	
logit_l2	20	9	3	val_f1	0.9411764705882353	
logit_l2	20	9	3	cal_intercept	0.21606853489254726	
logit_l2	20	9	3	cal_slope	2.146427068272521	
logit_l2	20	10	0	val_logloss	0.23156635152695476	
logit_l2	20	10	0	val_auc	1.0	
logit_l2	20	10	0	val_pr_auc	0.9999999999999999	
logit_l2	20	10	0	val_accuracy	0.9	
logit_l2	20	10	0	val_f1	0.8888888888888888	
logit_l2	20	10	0	cal_intercept	7.069489225725875	
logit_l2	20	10	0	cal_slope	13.208425060975749	
logit_l2	20	10	1	val_logloss	0.13416738381480478	
logit_l2	20	10	1	val_auc	1.0	
logit_l2	20	10	1	val_pr_auc	0.9999999999999999	
logit_l2	20	10	1	val_accuracy	1.0	
logit_l2	20	10	1	val_f1	1.0	
logit_l2	20	10	1	cal_intercept	1.084609357636648	
logit_l2	20	10	1	cal_slope	11.714721157970837	
logit_l2	20	10	2	val_logloss	0.2603219653719603	
logit_l2	20	10	2	val_auc	0.99	
logit_l2	20	10	2	val_pr_auc	0.9909090909090909	
logit_l2	20	10	2	val_accuracy	0.9	
logit_l2	20	10	2	val_f1	0.9	
logit_l2	20	10	2	cal_intercept	0.1442626062572723	
logit_l2	20	10	2	cal_slope	4.288348252110398	
logit_l2	20	10	3	val_logloss	0.3183478231690231	
logit_l2	20	10	3	val_auc	0.9393939393939394	
logit_l2	20	10	3	val_pr_auc	0.9361111111111113	
logit_l2	20	10	3	val_accuracy	0.8	
logit_l2	20	10	3	val_f1	0.8	
logit_l2	20	10	3	cal_intercept	-0.9215419562159674	
logit_l2	20	10	3	cal_slope	1.3139821532313767	
logit_l2	12	1	0	val_logloss	0.41931320046749276	
logit_l2	12	1	0	val_auc	0.898989898989899	
logit_l2	12	1	0	val_pr_auc	0.9185185185185187	
logit_l2	12	1	0	val_accuracy	0.85	
logit_l2	12	1	0	val_f1	0.8235294117647058	
logit_l2	12	1	0	cal_intercept	0.04981156922956019	
logit_l2	12	1	0	cal_slope	1.6667404250905866	
logit_l2	12	1	1	val_logloss	0.32353908862112346	
logit_l2	12	1	1	val_auc	0.9400000000000001	
logit_l2	12	1	1	val_pr_auc	0.9566666666666667	
logit_l2	12	1	1	val_accuracy	0.9	
logit_l2	12	1	1	val_f1	0.8888888888888888	
logit_l2	12	1	1	cal_intercept	0.5959433976192389	
logit_l2	12	1	1	cal_slope	1.5321177499744614	
logit_l2	12	1	2	val_logloss	0.26020214748044734	
logit_l2	12	1	2	val_auc	1.0	
logit_l2	12	1	2	val_pr_auc	0.9999999999999999	
logit_l2	12	1	2	val_accuracy	0.95	
logit_l2	12	1	2	val_f1	0.9523809523809523	
logit_l2	12	1	2	cal_intercept	-15.121461602187651	
logit_l2	12	1	2	cal_slope	36.90667830843223	
logit_l2	12	1	3	val_logloss	0.29607655424407864	
logit_l2	12	1	3	val_auc	0.96	
logit_l2	12	1	3	val_pr_auc	0.9572979797979798	
logit_l2	12	1	3	val_accuracy	0.75	
logit_l2	12	1	3	val_f1	0.7058823529411765	
logit_l2	12	1	3	cal_intercept	1.122092715091573	
logit_l2	12	1	3	cal_slope	2.1628417710531176	
logit_l2	12	2	0	val_logloss	0.37515451333268446	
logit_l2	12	2	0	val_auc	0.9500000000000001	
logit_l2	12	2	0	val_pr_auc	0.9614285714285713	
logit_l2	12	2	0	val_accuracy	0.85	
logit_l2	12	2	0	val_f1	0.8571428571428571	
logit_l2	12	2	0	cal_intercept	-0.9035168557785919	
logit_l2	12	2	0	cal_slope	2.856110966307714	
logit_l2	12	2	1	val_logloss	0.19962719088312858	
logit_l2	12	2	1	val_auc	1.0	
logit_l2	12	2	1	val_pr_auc	1.0000000000000002	
logit_l2	12	2	1	val_accuracy	0.95	
logit_l2	12	2	1	val_f1	0.9411764705882353	
logit_l2	12	2	1	cal_intercept	8.892540173042509	
logit_l2	12	2	1	cal_slope	42.54343782525932	
logit_l2	12	2	2	val_logloss	0.24491313477986038	
logit_l2	12	2	2	val_auc	1.0	
logit_l2	12	2	2	val_pr_auc	0.9999999999999999	
logit_l2	12	2	2	val_accuracy	1.0	
logit_l2	12	2	2	val_f1	1.0	
logit_l2	12	2	2	cal_intercept	3.604881519469515	
logit_l2	12	2	2	cal_slope	18.023554820800033	
logit_l2	12	2	3	val_logloss	0.18059341285752784	
logit_l2	12	2	3	val_auc	1.0	
logit_l2	12	2	3	val_pr_auc	0.9999999999999999	
logit_l2	12	2	3	val_accuracy	1.0	
logit_l2	12	2	3	val_f1	1.0	
logit_l2	12	2	3	cal_intercept	1.7514500011968956	
logit_l2	12	2	3	cal_slope	10.0930882252459	
logit_l2	12	3	0	val_logloss	0.2539408390251441	
logit_l2	12	3	0	val_auc	1.0	
logit_l2	12	3	0	val_pr_auc	0.9999999999999999	
logit_l2	12	3	0	val_accuracy	1.0	
logit_l2	12	3	0	val_f1	1.0	
logit_l2	12	3	0	cal_intercept	-5.086914097945242	
logit_l2	12	3	0	cal_slope	19.062426388738643	
logit_l2	12	3	1	val_logloss	0.26059255916468244	
logit_l2	12	3	1	val_auc	1.0	
logit_l2	12	3	1	val_pr_auc	0.9999999999999999	
logit_l2	12	3	1	val_accuracy	0.9	
logit_l2	12	3	1	val_f1	0.8888888888888888	
logit_l2	12	3	1	cal_intercept	20.15349791229143	
logit_l2	12	3	1	cal_slope	15.75137739672003	
logit_l2	12	3	2	val_logloss	0.25155908142512007	
logit_l2	12	3	2	val_auc	0.9800000000000001	
logit_l2	12	3	2	val_pr_auc	0.9833333333333333	
logit_l2	12	3	2	val_accuracy	0.9	
logit_l2	12	3	2	val_f1	0.9090909090909091	
logit_l2	12	3	2	cal_intercept	-1.6844168635095742	
logit_l2	12	3	2	cal_slope	2.8800746681744056	
logit_l2	12	3	3	val_logloss	0.5302291485400985	
logit_l2	12	3	3	val_auc	0.8888888888888888	
logit_l2	12	3	3	val_pr_auc	0.900561167227834	
logit_l2	12	3	3	val_accuracy	0.7	
logit_l2	12	3	3	val_f1	0.7272727272727273	
logit_l2	12	3	3	cal_intercept	-1.4692594686366287	
logit_l2	12	3	3	cal_slope	1.245305328736278	
logit_l2	12	4	0	val_logloss	0.42303508198428313	
logit_l2	12	4	0	val_auc	0.8787878787878788	
logit_l2	12	4	0	val_pr_auc	0.8835317460317462	
logit_l2	12	4	0	val_accuracy	0.85	
logit_l2	12	4	0	val_f1	0.8421052631578947	
logit_l2	12	4	0	cal_intercept	-0.17986213273400792	
logit_l2	12	4	0	cal_slope	1.7018568087105246	
logit_l2	12	4	1	val_logloss	0.15735621997545973	
logit_l2	12	4	1	val_auc	0.99	
logit_l2	12	4	1	val_pr_auc	0.9909090909090909	
logit_l2	12	4	1	val_accuracy	0.95	
logit_l2	12	4	1	val_f1	0.9523809523809523	
logit_l2	12	4	1	cal_intercept	-0.9728262245993409	
logit_l2	12	4	1	cal_slope	8.191689716427152	
logit_l2	12	4	2	val_logloss	0.2303182133007014	
logit_l2	12	4	2	val_auc	0.99	
logit_l2	12	4	2	val_pr_auc	0.9909090909090909	
logit_l2	12	4	2	val_accuracy	0.95	
logit_l2	12	4	2	val_f1	0.9523809523809523	
logit_l2	12	4	2	cal_intercept	-3.015137033158295	
logit_l2	12	4	2	cal_slope	5.746992110253236	
logit_l2	12	4	3	val_logloss	0.2140850671559113	
logit_l2	12	4	3	val_auc	1.0	
logit_l2	12	4	3	val_pr_auc	0.9999999999999999	
logit_l2	12	4	3	val_accuracy	1.0	
logit_l2	12	4	3	val_f1	1.0	
logit_l2	12	4	3	cal_intercept	-5.000870108538875	
logit_l2	12	4	3	cal_slope	38.517857090886054	
logit_l2	12	5	0	val_logloss	0.22794847080138408	
logit_l2	12	5	0	val_auc	1.0	
logit_l2	12	5	0	val_pr_auc	0.9999999999999999	
logit_l2	12	5	0	val_accuracy	1.0	
logit_l2	12	5	0	val_f1	1.0	
logit_l2	12	5	0	cal_intercept	5.608886085591278	
logit_l2	12	5	0	cal_slope	11.710398465123475	
logit_l2	12	5	1	val_logloss	0.22431763067199464	
logit_l2	12	5	1	val_auc	0.98	
logit_l2	12	5	1	val_pr_auc	0.9809090909090908	
logit_l2	12	5	1	val_accuracy	0.95	
logit_l2	12	5	1	val_f1	0.9523809523809523	
logit_l2	12	5	1	cal_intercept	-0.5164637385423838	
logit_l2	12	5	1	cal_slope	2.698839543342838	
logit_l2	12	5	2	val_logloss	0.33066898913236387	
logit_l2	12	5	2	val_auc	0.96	
logit_l2	12	5	2	val_pr_auc	0.9669230769230769	
logit_l2	12	5	2	val_accuracy	0.9	
logit_l2	12	5	2	val_f1	0.9	
logit_l2	12	5	2	cal_intercept	0.32999665228727804	
logit_l2	12	5	2	cal_slope	2.6222771697073233	
logit_l2	12	5	3	val_logloss	0.2396615813114577	
logit_l2	12	5	3	val_auc	1.0	
logit_l2	12	5	3	val_pr_auc	1.0000000000000002	
logit_l2	12	5	3	val_accuracy	0.95	
logit_l2	12	5	3	val_f1	0.9411764705882353	
logit_l2	12	5	3	cal_intercept	11.928926491314042	
logit_l2	12	5	3	cal_slope	29.76214870102533	
logit_l2	12	6	0	val_logloss	0.2057168303903739	
logit_l2	12	6	0	val_auc	1.0	
logit_l2	12	6	0	val_pr_auc	1.0000000000000002	
logit_l2	12	6	0	val_accuracy	1.0	
logit_l2	12	6	0	val_f1	1.0	
logit_l2	12	6	0	cal_intercept	-3.7969938871996503	
logit_l2	12	6	0	cal_slope	16.518747606329534	
logit_l2	12	6	1	val_logloss	0.2646767439236512	
logit_l2	12	6	1	val_auc	0.97	
logit_l2	12	6	1	val_pr_auc	0.9769230769230769	
logit_l2	12	6	1	val_accuracy	0.9	
logit_l2	12	6	1	val_f1	0.9	
logit_l2	12	6	1	cal_intercept	-0.7001985066310293	
logit_l2	12	6	1	cal_slope	2.525471366121468	
logit_l2	12	6	2	val_logloss	0.262501697613566	
logit_l2	12	6	2	val_auc	1.0	
logit_l2	12	6	2	val_pr_auc	0.9999999999999999	
logit_l2	12	6	2	val_accuracy	1.0	
logit_l2	12	6	2	val_f1	1.0	
logit_l2	12	6	2	cal_intercept	2.19288015597209	
logit_l2	12	6	2	cal_slope	17.50937498419395	
logit_l2	12	6	3	val_logloss	0.28963355931889956	
logit_l2	12	6	3	val_auc	0.97	
logit_l2	12	6	3	val_pr_auc	0.9697979797979798	
logit_l2	12	6	3	val_accuracy	0.9	
logit_l2	12	6	3	val_f1	0.9	
logit_l2	12	6	3	cal_intercept	-0.2635037993037817	
logit_l2	12	6	3	cal_slope	2.170838552263545	
logit_l2	12	7	0	val_logloss	0.20275265129328343	
logit_l2	12	7	0	val_auc	0.98	
logit_l2	12	7	0	val_pr_auc	0.9809090909090908	
logit_l2	12	7	0	val_accuracy	0.9	
logit_l2	12	7	0	val_f1	0.9090909090909091	
logit_l2	12	7	0	cal_intercept	-2.2021041656525036	
logit_l2	12	7	0	cal_slope	3.5061719511249567	
logit_l2	12	7	1	val_logloss	0.24149890721220652	
logit_l2	12	7	1	val_auc	1.0	
logit_l2	12	7	1	val_pr_auc	0.9999999999999999	
logit_l2	12	7	1	val_accuracy	0.95	
logit_l2	12	7	1	val_f1	0.9473684210526315	
logit_l2	12	7	1	cal_intercept	20.536567564890007	
logit_l2	12	7	1	cal_slope	49.76206465895114	
logit_l2	12	7	2	val_logloss	0.2421741172594068	
logit_l2	12	7	2	val_auc	0.98	
logit_l2	12	7	2	val_pr_auc	0.9809090909090908	
logit_l2	12	7	2	val_accuracy	0.95	
logit_l2	12	7	2	val_f1	0.9523809523809523	
logit_l2	12	7	2	cal_intercept	-0.5625640705132159	
logit_l2	12	7	2	cal_slope	2.741887227853612	
logit_l2	12	7	3	val_logloss	0.286446603505319	
logit_l2	12	7	3	val_auc	0.9797979797979798	
logit_l2	12	7	3	val_pr_auc	0.9765432098765434	
logit_l2	12	7	3	val_accuracy	0.9	
logit_l2	12	7	3	val_f1	0.8888888888888888	
logit_l2	12	7	3	cal_intercept	0.43109973058077133	
logit_l2	12	7	3	cal_slope	3.59631410444282	
logit_l2	12	8	0	val_logloss	0.2310658625880481	
logit_l2	12	8	0	val_auc	1.0	
logit_l2	12	8	0	val_pr_auc	0.9999999999999999	
logit_l2	12	8	0	val_accuracy	1.0	
logit_l2	12	8	0	val_f1	1.0	
logit_l2	12	8	0	cal_intercept	0.21063610077968023	
logit_l2	12	8	0	cal_slope	14.90654819294427	
logit_l2	12	8	1	val_logloss	0.30358689907770187	
logit_l2	12	8	1	val_auc	1.0	
logit_l2	12	8	1	val_pr_auc	0.9999999999999999	
logit_l2	12	8	1	val_accuracy	0.95	
logit_l2	12	8	1	val_f1	0.9523809523809523	
logit_l2	12	8	1	cal_intercept	-287.9082201787588	
logit_l2	12	8	1	cal_slope	2688.2565531351356	
logit_l2	12	8	2	val_logloss	0.2588620308768163	
logit_l2	12	8	2	val_auc	0.9898989898989898	
logit_l2	12	8	2	val_pr_auc	0.9888888888888892	
logit_l2	12	8	2	val_accuracy	0.9	
logit_l2	12	8	2	val_f1	0.9	
logit_l2	12	8	2	cal_intercept	-4.408612526987869	
logit_l2	12	8	2	cal_slope	11.067890591774306	
logit_l2	12	8	3	val_logloss	0.26158942141034736	
logit_l2	12	8	3	val_auc	0.96	
logit_l2	12	8	3	val_pr_auc	0.9669230769230769	
logit_l2	12	8	3	val_accuracy	0.85	
logit_l2	12	8	3	val_f1	0.8421052631578947	
logit_l2	12	8	3	cal_intercept	0.7290622340846376	
logit_l2	12	8	3	cal_slope	1.859742253890697	
logit_l2	12	9	0	val_logloss	0.30790184442505153	
logit_l2	12	9	0	val_auc	0.99	
logit_l2	12	9	0	val_pr_auc	0.9909090909090909	
logit_l2	12	9	0	val_accuracy	0.9	
logit_l2	12	9	0	val_f1	0.9090909090909091	
logit_l2	12	9	0	cal_intercept	-3.443883778300779	
logit_l2	12	9	0	cal_slope	6.0035880189611595	
logit_l2	12	9	1	val_logloss	0.30106492579757604	
logit_l2	12	9	1	val_auc	1.0	
logit_l2	12	9	1	val_pr_auc	0.9999999999999999	
logit_l2	12	9	1	val_accuracy	0.95	
logit_l2	12	9	1	val_f1	0.9523809523809523	
logit_l2	12	9	1	cal_intercept	-11.506716520401064	
logit_l2	12	9	1	cal_slope	115.68182115041557	
logit_l2	12	9	2	val_logloss	0.17499340723319015	
logit_l2	12	9	2	val_auc	1.0	
logit_l2	12	9	2	val_pr_auc	0.9999999999999999	
logit_l2	12	9	2	val_accuracy	0.95	
logit_l2	12	9	2	val_f1	0.9523809523809523	
logit_l2	12	9	2	cal_intercept	-90.0806695672657	
logit_l2	12	9	2	cal_slope	91.24341500705877	
logit_l2	12	9	3	val_logloss	0.34384554165673176	
logit_l2	12	9	3	val_auc	0.9292929292929293	
logit_l2	12	9	3	val_pr_auc	0.94320987654321	
logit_l2	12	9	3	val_accuracy	0.85	
logit_l2	12	9	3	val_f1	0.8235294117647058	
logit_l2	12	9	3	cal_intercept	-0.04385123288121264	
logit_l2	12	9	3	cal_slope	1.8673245047486937	
logit_l2	12	10	0	val_logloss	0.2526632344216474	
logit_l2	12	10	0	val_auc	1.0	
logit_l2	12	10	0	val_pr_auc	0.9999999999999999	
logit_l2	12	10	0	val_accuracy	0.9	
logit_l2	12	10	0	val_f1	0.8888888888888888	
logit_l2	12	10	0	cal_intercept	7.760131635859915	
logit_l2	12	10	0	cal_slope	15.645403219806981	
logit_l2	12	10	1	val_logloss	0.16737957060828162	
logit_l2	12	10	1	val_auc	1.0	
logit_l2	12	10	1	val_pr_auc	0.9999999999999999	
logit_l2	12	10	1	val_accuracy	1.0	
logit_l2	12	10	1	val_f1	1.0	
logit_l2	12	10	1	cal_intercept	-4.966633910182981	
logit_l2	12	10	1	cal_slope	27.879257695479865	
logit_l2	12	10	2	val_logloss	0.2718877622173109	
logit_l2	12	10	2	val_auc	1.0	
logit_l2	12	10	2	val_pr_auc	0.9999999999999999	
logit_l2	12	10	2	val_accuracy	0.95	
logit_l2	12	10	2	val_f1	0.9473684210526315	
logit_l2	12	10	2	cal_intercept	7.646391251165705	
logit_l2	12	10	2	cal_slope	26.90195230624949	
logit_l2	12	10	3	val_logloss	0.3419451046526934	
logit_l2	12	10	3	val_auc	0.9494949494949495	
logit_l2	12	10	3	val_pr_auc	0.9500000000000002	
logit_l2	12	10	3	val_accuracy	0.85	
logit_l2	12	10	3	val_f1	0.8571428571428571	
logit_l2	12	10	3	cal_intercept	-1.7410305112221747	
logit_l2	12	10	3	cal_slope	2.186230783581014	
logit_l2	8	1	0	val_logloss	0.4595176844883537	
logit_l2	8	1	0	val_auc	0.8787878787878788	
logit_l2	8	1	0	val_pr_auc	0.8907407407407408	
logit_l2	8	1	0	val_accuracy	0.85	
logit_l2	8	1	0	val_f1	0.8235294117647058	
logit_l2	8	1	0	cal_intercept	0.191093387338873	
logit_l2	8	1	0	cal_slope	2.166819406786239	
logit_l2	8	1	1	val_logloss	0.3950448373289991	
logit_l2	8	1	1	val_auc	0.92	
logit_l2	8	1	1	val_pr_auc	0.9443181818181817	
logit_l2	8	1	1	val_accuracy	0.9	
logit_l2	8	1	1	val_f1	0.8888888888888888	
logit_l2	8	1	1	cal_intercept	1.1061374875125296	
logit_l2	8	1	1	cal_slope	1.336103873134353	
logit_l2	8	1	2	val_logloss	0.26053334159418606	
logit_l2	8	1	2	val_auc	1.0	
logit_l2	8	1	2	val_pr_auc	0.9999999999999999	
logit_l2	8	1	2	val_accuracy	0.9	
logit_l2	8	1	2	val_f1	0.8888888888888888	
logit_l2	8	1	2	cal_intercept	33.225996589102294	
logit_l2	8	1	2	cal_slope	72.14876623182207	
logit_l2	8	1	3	val_logloss	0.3026578606616457	
logit_l2	8	1	3	val_auc	0.96	
logit_l2	8	1	3	val_pr_auc	0.9572979797979798	
logit_l2	8	1	3	val_accuracy	0.8	
logit_l2	8	1	3	val_f1	0.7777777777777778	
logit_l2	8	1	3	cal_intercept	0.7753799318498438	
logit_l2	8	1	3	cal_slope	2.5276739028960833	
logit_l2	8	2	0	val_logloss	0.447716836154639	
logit_l2	8	2	0	val_auc	0.9300000000000002	
logit_l2	8	2	0	val_pr_auc	0.9392063492063492	
logit_l2	8	2	0	val_accuracy	0.75	
logit_l2	8	2	0	val_f1	0.8	
logit_l2	8	2	0	cal_intercept	-2.551269661005627	
logit_l2	8	2	0	cal_slope	3.795977367304199	
logit_l2	8	2	1	val_logloss	0.298499167019065	
logit_l2	8	2	1	val_auc	0.9393939393939394	
logit_l2	8	2	1	val_pr_auc	0.941919191919192	
logit_l2	8	2	1	val_accuracy	0.85	
logit_l2	8	2	1	val_f1	0.8235294117647058	
logit_l2	8	2	1	cal_intercept	-0.17884037822502807	
logit_l2	8	2	1	cal_slope	1.6543800564859918	
logit_l2	8	2	2	val_logloss	0.2948645525250691	
logit_l2	8	2	2	val_auc	0.9700000000000001	
logit_l2	8	2	2	val_pr_auc	0.9733333333333333	
logit_l2	8	2	2	val_accuracy	0.85	
logit_l2	8	2	2	val_f1	0.8421052631578947	
logit_l2	8	2	2	cal_intercept	0.2878712593028059	
logit_l2	8	2	2	cal_slope	2.821404157718286	
logit_l2	8	2	3	val_logloss	0.24279740309970738	
logit_l2	8	2	3	val_auc	1.0	
logit_l2	8	2	3	val_pr_auc	0.9999999999999999	
logit_l2	8	2	3	val_accuracy	1.0	
logit_l2	8	2	3	val_f1	1.0	
logit_l2	8	2	3	cal_intercept	5.764854076862379	
logit_l2	8	2	3	cal_slope	13.954572467057252	
logit_l2	8	3	0	val_logloss	0.2832559698191306	
logit_l2	8	3	0	val_auc	1.0	
logit_l2	8	3	0	val_pr_auc	0.9999999999999999	
logit_l2	8	3	0	val_accuracy	1.0	
logit_l2	8	3	0	val_f1	1.0	
logit_l2	8	3	0	cal_intercept	-2.282352150308172	
logit_l2	8	3	0	cal_slope	21.20259005377453	
logit_l2	8	3	1	val_logloss	0.2827916288000569	
logit_l2	8	3	1	val_auc	1.0	
logit_l2	8	3	1	val_pr_auc	0.9999999999999999	
logit_l2	8	3	1	val_accuracy	0.95	
logit_l2	8	3	1	val_f1	0.9473684210526315	
logit_l2	8	3	1	cal_intercept	9.056682221947975	
logit_l2	8	3	1	cal_slope	14.799873931012158	
logit_l2	8	3	2	val_logloss	0.2859644764758871	
logit_l2	8	3	2	val_auc	0.9800000000000001	
logit_l2	8	3	2	val_pr_auc	0.9833333333333333	
logit_l2	8	3	2	val_accuracy	0.85	
logit_l2	8	3	2	val_f1	0.8695652173913043	
logit_l2	8	3	2	cal_intercept	-2.2669243346604517	
logit_l2	8	3	2	cal_slope	2.2078339209499163	
logit_l2	8	3	3	val_logloss	0.5026589922156192	
logit_l2	8	3	3	val_auc	0.8787878787878788	
logit_l2	8	3	3	val_pr_auc	0.8963945005611673	
logit_l2	8	3	3	val_accuracy	0.7	
logit_l2	8	3	3	val_f1	0.7272727272727273	
logit_l2	8	3	3	cal_intercept	-1.214302425384759	
logit_l2	8	3	3	cal_slope	1.5453846395498139	
logit_l2	8	4	0	val_logloss	0.3716895722951522	
logit_l2	8	4	0	val_auc	0.9797979797979797	
logit_l2	8	4	0	val_pr_auc	0.9797979797979799	
logit_l2	8	4	0	val_accuracy	0.9	
logit_l2	8	4	0	val_f1	0.8888888888888888	
logit_l2	8	4	0	cal_intercept	0.06914456808706422	
logit_l2	8	4	0	cal_slope	6.248798516272649	
logit_l2	8	4	1	val_logloss	0.1632785025806392	
logit_l2	8	4	1	val_auc	1.0	
logit_l2	8	4	1	val_pr_auc	0.9999999999999999	
logit_l2	8	4	1	val_accuracy	0.95	
logit_l2	8	4	1	val_f1	0.9523809523809523	
logit_l2	8	4	1	cal_intercept	-7.205120251555223	
logit_l2	8	4	1	cal_slope	32.44261465081452	
logit_l2	8	4	2	val_logloss	0.2548437648153027	
logit_l2	8	4	2	val_auc	0.99	
logit_l2	8	4	2	val_pr_auc	0.9909090909090909	
logit_l2	8	4	2	val_accuracy	0.95	
logit_l2	8	4	2	val_f1	0.9523809523809523	
logit_l2	8	4	2	cal_intercept	-1.3317711100870955	
logit_l2	8	4	2	cal_slope	4.999783485545159	
logit_l2	8	4	3	val_logloss	0.2501345897800695	
logit_l2	8	4	3	val_auc	1.0	
logit_l2	8	4	3	val_pr_auc	0.9999999999999999	
logit_l2	8	4	3	val_accuracy	0.9	
logit_l2	8	4	3	val_f1	0.8888888888888888	
logit_l2	8	4	3	cal_intercept	10.920681880239304	
logit_l2	8	4	3	cal_slope	26.451762738788254	
logit_l2	8	5	0	val_logloss	0.20752163031881338	
logit_l2	8	5	0	val_auc	1.0	
logit_l2	8	5	0	val_pr_auc	0.9999999999999999	
logit_l2	8	5	0	val_accuracy	1.0	
logit_l2	8	5	0	val_f1	1.0	
logit_l2	8	5	0	cal_intercept	4.859976920639727	
logit_l2	8	5	0	cal_slope	9.327737813392153	
logit_l2	8	5	1	val_logloss	0.2856395083193056	
logit_l2	8	5	1	val_auc	0.96	
logit_l2	8	5	1	val_pr_auc	0.9714285714285714	
logit_l2	8	5	1	val_accuracy	0.75	
logit_l2	8	5	1	val_f1	0.782608695652174	
logit_l2	8	5	1	cal_intercept	-1.4905057823208927	
logit_l2	8	5	1	cal_slope	2.328888734677972	
logit_l2	8	5	2	val_logloss	0.3926777620429017	
logit_l2	8	5	2	val_auc	0.92	
logit_l2	8	5	2	val_pr_auc	0.9413888888888889	
logit_l2	8	5	2	val_accuracy	0.85	
logit_l2	8	5	2	val_f1	0.8571428571428571	
logit_l2	8	5	2	cal_intercept	-0.18480279201388508	
logit_l2	8	5	2	cal_slope	2.4015129213215274	
logit_l2	8	5	3	val_logloss	0.2555104861679246	
logit_l2	8	5	3	val_auc	1.0	
logit_l2	8	5	3	val_pr_auc	1.0000000000000002	
logit_l2	8	5	3	val_accuracy	0.95	
logit_l2	8	5	3	val_f1	0.9411764705882353	
logit_l2	8	5	3	cal_intercept	9.193358867117299	
logit_l2	8	5	3	cal_slope	26.427752283808864	
logit_l2	8	6	0	val_logloss	0.23980356193420257	
logit_l2	8	6	0	val_auc	0.9797979797979798	
logit_l2	8	6	0	val_pr_auc	0.9777777777777779	
logit_l2	8	6	0	val_accuracy	0.9	
logit_l2	8	6	0	val_f1	0.875	
logit_l2	8	6	0	cal_intercept	1.613558668618956	
logit_l2	8	6	0	cal_slope	3.6470981575177674	
logit_l2	8	6	1	val_logloss	0.30361687739992127	
logit_l2	8	6	1	val_auc	0.99	
logit_l2	8	6	1	val_pr_auc	0.9909090909090909	
logit_l2	8	6	1	val_accuracy	0.9	
logit_l2	8	6	1	val_f1	0.9	
logit_l2	8	6	1	cal_intercept	-0.17977691285413872	
logit_l2	8	6	1	cal_slope	3.4735333775258725	
logit_l2	8	6	2	val_logloss	0.23826273238723808	
logit_l2	8	6	2	val_auc	1.0	
logit_l2	8	6	2	val_pr_auc	0.9999999999999999	
logit_l2	8	6	2	val_accuracy	1.0	
logit_l2	8	6	2	val_f1	1.0	
logit_l2	8	6	2	cal_intercept	-0.31790520274592926	
logit_l2	8	6	2	cal_slope	13.251768533588681	
logit_l2	8	6	3	val_logloss	0.2515616407197849	
logit_l2	8	6	3	val_auc	1.0	
logit_l2	8	6	3	val_pr_auc	0.9999999999999999	
logit_l2	8	6	3	val_accuracy	0.95	
logit_l2	8	6	3	val_f1	0.9523809523809523	
logit_l2	8	6	3	cal_intercept	-31.267207659651795	
logit_l2	8	6	3	cal_slope	111.53993915276546	
logit_l2	8	7	0	val_logloss	0.20413963941319468	
logit_l2	8	7	0	val_auc	0.99	
logit_l2	8	7	0	val_pr_auc	0.9909090909090909	
logit_l2	8	7	0	val_accuracy	0.9	
logit_l2	8	7	0	val_f1	0.9090909090909091	
logit_l2	8	7	0	cal_intercept	-5.429404698778069	
logit_l2	8	7	0	cal_slope	8.153523620550292	
logit_l2	8	7	1	val_logloss	0.30552851670379394	
logit_l2	8	7	1	val_auc	0.96	
logit_l2	8	7	1	val_pr_auc	0.9669230769230769	
logit_l2	8	7	1	val_accuracy	0.9	
logit_l2	8	7	1	val_f1	0.9	
logit_l2	8	7	1	cal_intercept	-0.13125272984461359	
logit_l2	8	7	1	cal_slope	3.058024985887873	
logit_l2	8	7	2	val_logloss	0.2587895220931572	
logit_l2	8	7	2	val_auc	0.99	
logit_l2	8	7	2	val_pr_auc	0.9909090909090909	
logit_l2	8	7	2	val_accuracy	0.95	
logit_l2	8	7	2	val_f1	0.9523809523809523	
logit_l2	8	7	2	cal_intercept	-2.4462297398407076	
logit_l2	8	7	2	cal_slope	5.039971589738197	
logit_l2	8	7	3	val_logloss	0.2888560205980664	
logit_l2	8	7	3	val_auc	0.9898989898989898	
logit_l2	8	7	3	val_pr_auc	0.9888888888888892	
logit_l2	8	7	3	val_accuracy	0.95	
logit_l2	8	7	3	val_f1	0.9473684210526315	
logit_l2	8	7	3	cal_intercept	-0.5904074965026638	
logit_l2	8	7	3	cal_slope	4.763904590765072	
logit_l2	8	8	0	val_logloss	0.2916809792333989	
logit_l2	8	8	0	val_auc	0.99	
logit_l2	8	8	0	val_pr_auc	0.9909090909090909	
logit_l2	8	8	0	val_accuracy	0.9	
logit_l2	8	8	0	val_f1	0.9	
logit_l2	8	8	0	cal_intercept	1.3598784745612273	
logit_l2	8	8	0	cal_slope	7.469605462504745	
logit_l2	8	8	1	val_logloss	0.3398061503394024	
logit_l2	8	8	1	val_auc	0.9800000000000001	
logit_l2	8	8	1	val_pr_auc	0.9833333333333333	
logit_l2	8	8	1	val_accuracy	0.95	
logit_l2	8	8	1	val_f1	0.9473684210526315	
logit_l2	8	8	1	cal_intercept	0.7575789201924328	
logit_l2	8	8	1	cal_slope	3.786250571236327	
logit_l2	8	8	2	val_logloss	0.3110212893838393	
logit_l2	8	8	2	val_auc	0.9898989898989898	
logit_l2	8	8	2	val_pr_auc	0.9888888888888892	
logit_l2	8	8	2	val_accuracy	0.9	
logit_l2	8	8	2	val_f1	0.9	
logit_l2	8	8	2	cal_intercept	-3.882737255931989	
logit_l2	8	8	2	cal_slope	10.374100284264202	
logit_l2	8	8	3	val_logloss	0.40803410960140074	
logit_l2	8	8	3	val_auc	0.91	
logit_l2	8	8	3	val_pr_auc	0.9374999999999999	
logit_l2	8	8	3	val_accuracy	0.75	
logit_l2	8	8	3	val_f1	0.7619047619047619	
logit_l2	8	8	3	cal_intercept	-0.09467166631661335	
logit_l2	8	8	3	cal_slope	1.0339313967857315	
logit_l2	8	9	0	val_logloss	0.4147245649413044	
logit_l2	8	9	0	val_auc	0.9400000000000001	
logit_l2	8	9	0	val_pr_auc	0.9469696969696969	
logit_l2	8	9	0	val_accuracy	0.8	
logit_l2	8	9	0	val_f1	0.8333333333333334	
logit_l2	8	9	0	cal_intercept	-1.758971040513989	
logit_l2	8	9	0	cal_slope	2.5576758463049036	
logit_l2	8	9	1	val_logloss	0.37250641418628433	
logit_l2	8	9	1	val_auc	1.0	
logit_l2	8	9	1	val_pr_auc	0.9999999999999999	
logit_l2	8	9	1	val_accuracy	1.0	
logit_l2	8	9	1	val_f1	1.0	
logit_l2	8	9	1	cal_intercept	-0.27420866538141714	
logit_l2	8	9	1	cal_slope	223.05440780898056	
logit_l2	8	9	2	val_logloss	0.18704691017882133	
logit_l2	8	9	2	val_auc	0.98	
logit_l2	8	9	2	val_pr_auc	0.9809090909090908	
logit_l2	8	9	2	val_accuracy	0.95	
logit_l2	8	9	2	val_f1	0.9523809523809523	
logit_l2	8	9	2	cal_intercept	-2.6984921129208463	
logit_l2	8	9	2	cal_slope	3.6108443660187635	
logit_l2	8	9	3	val_logloss	0.35004148981204286	
logit_l2	8	9	3	val_auc	0.9292929292929293	
logit_l2	8	9	3	val_pr_auc	0.94320987654321	
logit_l2	8	9	3	val_accuracy	0.9	
logit_l2	8	9	3	val_f1	0.875	
logit_l2	8	9	3	cal_intercept	0.2546219753169349	
logit_l2	8	9	3	cal_slope	2.063911007274689	
logit_l2	8	10	0	val_logloss	0.3499712047095937	
logit_l2	8	10	0	val_auc	1.0	
logit_l2	8	10	0	val_pr_auc	0.9999999999999999	
logit_l2	8	10	0	val_accuracy	0.75	
logit_l2	8	10	0	val_f1	0.6666666666666666	
logit_l2	8	10	0	cal_intercept	21.215101733215445	
logit_l2	8	10	0	cal_slope	22.301001247035057	
logit_l2	8	10	1	val_logloss	0.2274413631205296	
logit_l2	8	10	1	val_auc	0.9800000000000001	
logit_l2	8	10	1	val_pr_auc	0.9833333333333333	
logit_l2	8	10	1	val_accuracy	0.9	
logit_l2	8	10	1	val_f1	0.9	
logit_l2	8	10	1	cal_intercept	-0.2994467608048207	
logit_l2	8	10	1	cal_slope	3.069133792148836	
logit_l2	8	10	2	val_logloss	0.29029654500878993	
logit_l2	8	10	2	val_auc	0.99	
logit_l2	8	10	2	val_pr_auc	0.9909090909090909	
logit_l2	8	10	2	val_accuracy	0.95	
logit_l2	8	10	2	val_f1	0.9523809523809523	
logit_l2	8	10	2	cal_intercept	-0.9422310665459935	
logit_l2	8	10	2	cal_slope	7.344363625259305	
logit_l2	8	10	3	val_logloss	0.3200625268362976	
logit_l2	8	10	3	val_auc	0.9393939393939394	
logit_l2	8	10	3	val_pr_auc	0.9361111111111113	
logit_l2	8	10	3	val_accuracy	0.8	
logit_l2	8	10	3	val_f1	0.8	
logit_l2	8	10	3	cal_intercept	-0.7803648772621206	
logit_l2	8	10	3	cal_slope	1.5380219277192653	
knn_tuned	60	1	0	val_logloss	0.777302180407581	
knn_tuned	60	1	0	val_auc	0.9292929292929293	
knn_tuned	60	1	0	val_pr_auc	0.9265432098765432	
knn_tuned	60	1	0	val_accuracy	0.9	
knn_tuned	60	1	0	val_f1	0.8888888888888888	
knn_tuned	60	1	0	cal_intercept	0.5635691957923009	
knn_tuned	60	1	0	cal_slope	0.2204671040936713	
knn_tuned	60	1	1	val_logloss	0.10487175676733484	
knn_tuned	60	1	1	val_auc	0.99	
knn_tuned	60	1	1	val_pr_auc	0.990909090909091	
knn_tuned	60	1	1	val_accuracy	0.95	
knn_tuned	60	1	1	val_f1	0.9523809523809523	
knn_tuned	60	1	1	cal_intercept	-2.5945867077324727	
knn_tuned	60	1	1	cal_slope	7.895313406114435	
knn_tuned	60	1	2	val_logloss	0.08338900257949261	
knn_tuned	60	1	2	val_auc	1.0	
knn_tuned	60	1	2	val_pr_auc	1.0	
knn_tuned	60	1	2	val_accuracy	0.95	
knn_tuned	60	1	2	val_f1	0.9523809523809523	
knn_tuned	60	1	2	cal_intercept	-6.476248038495185	
knn_tuned	60	1	2	cal_slope	12.730627629306872	
knn_tuned	60	1	3	val_logloss	0.09195997056258363	
knn_tuned	60	1	3	val_auc	1.0	
knn_tuned	60	1	3	val_pr_auc	1.0	
knn_tuned	60	1	3	val_accuracy	1.0	
knn_tuned	60	1	3	val_f1	1.0	
knn_tuned	60	1	3	cal_intercept	0.5956818443449442	
knn_tuned	60	1	3	cal_slope	16.578152232295903	
knn_tuned	60	2	0	val_logloss	0.8680943844561154	
knn_tuned	60	2	0	val_auc	0.9249999999999999	
knn_tuned	60	2	0	val_pr_auc	0.8869230769230769	
knn_tuned	60	2	0	val_accuracy	0.8	
knn_tuned	60	2	0	val_f1	0.8181818181818182	
knn_tuned	60	2	0	cal_intercept	-0.9653212769582302	
knn_tuned	60	2	0	cal_slope	0.2309525025847118	
knn_tuned	60	2	1	val_logloss	0.05959799528286808	
knn_tuned	60	2	1	val_auc	1.0	
knn_tuned	60	2	1	val_pr_auc	1.0	
knn_tuned	60	2	1	val_accuracy	0.95	
knn_tuned	60	2	1	val_f1	0.9473684210526315	
knn_tuned	60	2	1	cal_intercept	-7.040617744008951	
knn_tuned	60	2	1	cal_slope	6.722800444749136	
knn_tuned	60	2	2	val_logloss	0.12299361993613118	
knn_tuned	60	2	2	val_auc	1.0	
knn_tuned	60	2	2	val_pr_auc	1.0	
knn_tuned	60	2	2	val_accuracy	1.0	
knn_tuned	60	2	2	val_f1	1.0	
knn_tuned	60	2	2	cal_intercept	6.430997184219017	
knn_tuned	60	2	2	cal_slope	9.339699953070493	
knn_tuned	60	2	3	val_logloss	0.04418846248322879	
knn_tuned	60	2	3	val_auc	1.0	
knn_tuned	60	2	3	val_pr_auc	1.0	
knn_tuned	60	2	3	val_accuracy	1.0	
knn_tuned	60	2	3	val_f1	1.0	
knn_tuned	60	2	3	cal_intercept	2.5722168957122293	
knn_tuned	60	2	3	cal_slope	4.323779288737741	
knn_tuned	60	3	0	val_logloss	0.06545467710379815	
knn_tuned	60	3	0	val_auc	1.0	
knn_tuned	60	3	0	val_pr_auc	1.0	
knn_tuned	60	3	0	val_accuracy	1.0	
knn_tuned	60	3	0	val_f1	1.0	
knn_tuned	60	3	0	cal_intercept	1.6899019773573674	
knn_tuned	60	3	0	cal_slope	6.432722377240128	
knn_tuned	60	3	1	val_logloss	0.13004847654896085	
knn_tuned	60	3	1	val_auc	1.0	
knn_tuned	60	3	1	val_pr_auc	1.0	
knn_tuned	60	3	1	val_accuracy	1.0	
knn_tuned	60	3	1	val_f1	1.0	
knn_tuned	60	3	1	cal_intercept	7.196094802281916	
knn_tuned	60	3	1	cal_slope	3.9228063958350208	
knn_tuned	60	3	2	val_logloss	0.12630828976760758	
knn_tuned	60	3	2	val_auc	0.99	
knn_tuned	60	3	2	val_pr_auc	0.990909090909091	
knn_tuned	60	3	2	val_accuracy	0.95	
knn_tuned	60	3	2	val_f1	0.9523809523809523	
knn_tuned	60	3	2	cal_intercept	-2.980937302727963	
knn_tuned	60	3	2	cal_slope	3.497071578919046	
knn_tuned	60	3	3	val_logloss	0.20086638684303443	
knn_tuned	60	3	3	val_auc	0.9797979797979798	
knn_tuned	60	3	3	val_pr_auc	0.9797979797979798	
knn_tuned	60	3	3	val_accuracy	0.9	
knn_tuned	60	3	3	val_f1	0.9	
knn_tuned	60	3	3	cal_intercept	-1.1270054237393297	
knn_tuned	60	3	3	cal_slope	0.9471706186810269	
knn_tuned	60	4	0	val_logloss	0.2432466326966018	
knn_tuned	60	4	0	val_auc	0.9696969696969697	
knn_tuned	60	4	0	val_pr_auc	0.9722222222222222	
knn_tuned	60	4	0	val_accuracy	0.85	
knn_tuned	60	4	0	val_f1	0.8421052631578947	
knn_tuned	60	4	0	cal_intercept	-0.3435052581318321	
knn_tuned	60	4	0	cal_slope	1.3416553730670113	
knn_tuned	60	4	1	val_logloss	0.05440296232481603	
knn_tuned	60	4	1	val_auc	1.0	
knn_tuned	60	4	1	val_pr_auc	1.0	
knn_tuned	60	4	1	val_accuracy	0.95	
knn_tuned	60	4	1	val_f1	0.9523809523809523	
knn_tuned	60	4	1	cal_intercept	-8.655494898131437	
knn_tuned	60	4	1	cal_slope	7.847833053439566	
knn_tuned	60	4	2	val_logloss	0.13076650758957606	
knn_tuned	60	4	2	val_auc	0.99	
knn_tuned	60	4	2	val_pr_auc	0.990909090909091	
knn_tuned	60	4	2	val_accuracy	0.95	
knn_tuned	60	4	2	val_f1	0.9523809523809523	
knn_tuned	60	4	2	cal_intercept	-0.5826162760677109	
knn_tuned	60	4	2	cal_slope	1.4783318539132642	
knn_tuned	60	4	3	val_logloss	0.12323495387595813	
knn_tuned	60	4	3	val_auc	1.0	
knn_tuned	60	4	3	val_pr_auc	1.0	
knn_tuned	60	4	3	val_accuracy	0.9	
knn_tuned	60	4	3	val_f1	0.8888888888888888	
knn_tuned	60	4	3	cal_intercept	12.14425351360883	
knn_tuned	60	4	3	cal_slope	12.558936036592002	
knn_tuned	60	5	0	val_logloss	0.057993630182169756	
knn_tuned	60	5	0	val_auc	1.0	
knn_tuned	60	5	0	val_pr_auc	1.0	
knn_tuned	60	5	0	val_accuracy	1.0	
knn_tuned	60	5	0	val_f1	1.0	
knn_tuned	60	5	0	cal_intercept	0.5997145399095605	
knn_tuned	60	5	0	cal_slope	5.838756420954864	
knn_tuned	60	5	1	val_logloss	0.13249379130388933	
knn_tuned	60	5	1	val_auc	1.0	
knn_tuned	60	5	1	val_pr_auc	1.0	
knn_tuned	60	5	1	val_accuracy	0.9	
knn_tuned	60	5	1	val_f1	0.9090909090909091	
knn_tuned	60	5	1	cal_intercept	-9.696095356201756	
knn_tuned	60	5	1	cal_slope	14.145768692182008	
knn_tuned	60	5	2	val_logloss	0.20728164238860133	
knn_tuned	60	5	2	val_auc	0.9600000000000001	
knn_tuned	60	5	2	val_pr_auc	0.9651515151515151	
knn_tuned	60	5	2	val_accuracy	0.8	
knn_tuned	60	5	2	val_f1	0.8	
knn_tuned	60	5	2	cal_intercept	0.14093393402915036	
knn_tuned	60	5	2	cal_slope	0.4126315522256623	
knn_tuned	60	5	3	val_logloss	0.7863185413648304	
knn_tuned	60	5	3	val_auc	0.9444444444444444	
knn_tuned	60	5	3	val_pr_auc	0.9388888888888889	
knn_tuned	60	5	3	val_accuracy	0.9	
knn_tuned	60	5	3	val_f1	0.875	
knn_tuned	60	5	3	cal_intercept	10.370230981198548	
knn_tuned	60	5	3	cal_slope	0.9241849419614666	
knn_tuned	60	6	0	val_logloss	0.0704685915763659	
knn_tuned	60	6	0	val_auc	1.0	
knn_tuned	60	6	0	val_pr_auc	1.0	
knn_tuned	60	6	0	val_accuracy	1.0	
knn_tuned	60	6	0	val_f1	1.0	
knn_tuned	60	6	0	cal_intercept	-3.0977852626520996	
knn_tuned	60	6	0	cal_slope	9.932856328686102	
knn_tuned	60	6	1	val_logloss	0.7891621645861765	
knn_tuned	60	6	1	val_auc	0.9299999999999999	
knn_tuned	60	6	1	val_pr_auc	0.8844444444444444	
knn_tuned	60	6	1	val_accuracy	0.9	
knn_tuned	60	6	1	val_f1	0.9090909090909091	
knn_tuned	60	6	1	cal_intercept	-0.5223866109488422	
knn_tuned	60	6	1	cal_slope	0.21541234767824372	
knn_tuned	60	6	2	val_logloss	0.07487475947729558	
knn_tuned	60	6	2	val_auc	1.0	
knn_tuned	60	6	2	val_pr_auc	1.0	
knn_tuned	60	6	2	val_accuracy	1.0	
knn_tuned	60	6	2	val_f1	1.0	
knn_tuned	60	6	2	cal_intercept	3.1128951855170857	
knn_tuned	60	6	2	cal_slope	4.3459460262260405	
knn_tuned	60	6	3	val_logloss	0.1815894876836852	
knn_tuned	60	6	3	val_auc	0.97	
knn_tuned	60	6	3	val_pr_auc	0.9733333333333334	
knn_tuned	60	6	3	val_accuracy	0.9	
knn_tuned	60	6	3	val_f1	0.9	
knn_tuned	60	6	3	cal_intercept	0.08716132356859739	
knn_tuned	60	6	3	cal_slope	1.2411820368925206	
knn_tuned	60	7	0	val_logloss	0.1440647061105508	
knn_tuned	60	7	0	val_auc	1.0	
knn_tuned	60	7	0	val_pr_auc	1.0	
knn_tuned	60	7	0	val_accuracy	0.9	
knn_tuned	60	7	0	val_f1	0.9090909090909091	
knn_tuned	60	7	0	cal_intercept	-21.00881151930572	
knn_tuned	60	7	0	cal_slope	23.14013023933022	
knn_tuned	60	7	1	val_logloss	0.11369968648681716	
knn_tuned	60	7	1	val_auc	1.0	
knn_tuned	60	7	1	val_pr_auc	1.0	
knn_tuned	60	7	1	val_accuracy	0.95	
knn_tuned	60	7	1	val_f1	0.9473684210526315	
knn_tuned	60	7	1	cal_intercept	23.982160004708188	
knn_tuned	60	7	1	cal_slope	20.03696997783983	
knn_tuned	60	7	2	val_logloss	0.15762354826629285	
knn_tuned	60	7	2	val_auc	0.98	
knn_tuned	60	7	2	val_pr_auc	0.9833333333333334	
knn_tuned	60	7	2	val_accuracy	0.9	
knn_tuned	60	7	2	val_f1	0.9	
knn_tuned	60	7	2	cal_intercept	-0.07940438552675087	
knn_tuned	60	7	2	cal_slope	1.3299025454704874	
knn_tuned	60	7	3	val_logloss	0.11272046420794975	
knn_tuned	60	7	3	val_auc	1.0	
knn_tuned	60	7	3	val_pr_auc	1.0	
knn_tuned	60	7	3	val_accuracy	0.95	
knn_tuned	60	7	3	val_f1	0.9473684210526315	
knn_tuned	60	7	3	cal_intercept	-58.53680669419877	
knn_tuned	60	7	3	cal_slope	147.87300445255957	
knn_tuned	60	8	0	val_logloss	0.09774989880502628	
knn_tuned	60	8	0	val_auc	1.0	
knn_tuned	60	8	0	val_pr_auc	1.0	
knn_tuned	60	8	0	val_accuracy	1.0	
knn_tuned	60	8	0	val_f1	1.0	
knn_tuned	60	8	0	cal_intercept	3.5810749111653903	
knn_tuned	60	8	0	cal_slope	7.29301574395237	
knn_tuned	60	8	1	val_logloss	0.1493084285272816	
knn_tuned	60	8	1	val_auc	0.99	
knn_tuned	60	8	1	val_pr_auc	0.990909090909091	
knn_tuned	60	8	1	val_accuracy	0.9	
knn_tuned	60	8	1	val_f1	0.9	
knn_tuned	60	8	1	cal_intercept	0.44108230799463943	
knn_tuned	60	8	1	cal_slope	3.8562684129219593	
knn_tuned	60	8	2	val_logloss	0.09933124046687605	
knn_tuned	60	8	2	val_auc	1.0	
knn_tuned	60	8	2	val_pr_auc	1.0	
knn_tuned	60	8	2	val_accuracy	0.95	
knn_tuned	60	8	2	val_f1	0.9473684210526315	
knn_tuned	60	8	2	cal_intercept	-12.478715113377666	
knn_tuned	60	8	2	cal_slope	19.178156569346495	
knn_tuned	60	8	3	val_logloss	0.11444509486850718	
knn_tuned	60	8	3	val_auc	0.99	
knn_tuned	60	8	3	val_pr_auc	0.990909090909091	
knn_tuned	60	8	3	val_accuracy	0.95	
knn_tuned	60	8	3	val_f1	0.9523809523809523	
knn_tuned	60	8	3	cal_intercept	-1.1570763905860977	
knn_tuned	60	8	3	cal_slope	2.5244952091023283	
knn_tuned	60	9	0	val_logloss	0.1075144506510211	
knn_tuned	60	9	0	val_auc	1.0	
knn_tuned	60	9	0	val_pr_auc	1.0	
knn_tuned	60	9	0	val_accuracy	0.95	
knn_tuned	60	9	0	val_f1	0.9523809523809523	
knn_tuned	60	9	0	cal_intercept	-92.36780229548648	
knn_tuned	60	9	0	cal_slope	174.0619645377298	
knn_tuned	60	9	1	val_logloss	0.17638462901462684	
knn_tuned	60	9	1	val_auc	0.99	
knn_tuned	60	9	1	val_pr_auc	0.990909090909091	
knn_tuned	60	9	1	val_accuracy	0.95	
knn_tuned	60	9	1	val_f1	0.9523809523809523	
knn_tuned	60	9	1	cal_intercept	-0.7910689644770127	
knn_tuned	60	9	1	cal_slope	4.376862532536822	
knn_tuned	60	9	2	val_logloss	0.14445663193192532	
knn_tuned	60	9	2	val_auc	0.99	
knn_tuned	60	9	2	val_pr_auc	0.990909090909091	
knn_tuned	60	9	2	val_accuracy	0.9	
knn_tuned	60	9	2	val_f1	0.9	
knn_tuned	60	9	2	cal_intercept	1.0422594253399304	
knn_tuned	60	9	2	cal_slope	0.6965276757609578	
knn_tuned	60	9	3	val_logloss	0.08867893993904055	
knn_tuned	60	9	3	val_auc	1.0	
knn_tuned	60	9	3	val_pr_auc	1.0	
knn_tuned	60	9	3	val_accuracy	0.95	
knn_tuned	60	9	3	val_f1	0.9411764705882353	
knn_tuned	60	9	3	cal_intercept	7.757452673581186	
knn_tuned	60	9	3	cal_slope	11.096433025251093	
knn_tuned	60	10	0	val_logloss	0.06699607509418032	
knn_tuned	60	10	0	val_auc	1.0	
knn_tuned	60	10	0	val_pr_auc	1.0	
knn_tuned	60	10	0	val_accuracy	1.0	
knn_tuned	60	10	0	val_f1	1.0	
knn_tuned	60	10	0	cal_intercept	1.7920409019692274	
knn_tuned	60	10	0	cal_slope	6.469056008978923	
knn_tuned	60	10	1	val_logloss	0.07219567803650592	
knn_tuned	60	10	1	val_auc	1.0	
knn_tuned	60	10	1	val_pr_auc	1.0	
knn_tuned	60	10	1	val_accuracy	0.95	
knn_tuned	60	10	1	val_f1	0.9473684210526315	
knn_tuned	60	10	1	cal_intercept	8.727255868182537	
knn_tuned	60	10	1	cal_slope	6.439181998910921	
knn_tuned	60	10	2	val_logloss	0.13249626219084557	
knn_tuned	60	10	2	val_auc	0.99	
knn_tuned	60	10	2	val_pr_auc	0.9909090909090909	
knn_tuned	60	10	2	val_accuracy	0.95	
knn_tuned	60	10	2	val_f1	0.9523809523809523	
knn_tuned	60	10	2	cal_intercept	-0.5737196531906682	
knn_tuned	60	10	2	cal_slope	3.909169704448659	
knn_tuned	60	10	3	val_logloss	1.4904220670024118	
knn_tuned	60	10	3	val_auc	0.8787878787878788	
knn_tuned	60	10	3	val_pr_auc	0.7771604938271606	
knn_tuned	60	10	3	val_accuracy	0.85	
knn_tuned	60	10	3	val_f1	0.8421052631578947	
knn_tuned	60	10	3	cal_intercept	-0.5712129880790294	
knn_tuned	60	10	3	cal_slope	0.15656867843006114	
knn_tuned	45	1	0	val_logloss	0.1972575044729939	
knn_tuned	45	1	0	val_auc	0.9797979797979798	
knn_tuned	45	1	0	val_pr_auc	0.9765432098765432	
knn_tuned	45	1	0	val_accuracy	0.9	
knn_tuned	45	1	0	val_f1	0.8888888888888888	
knn_tuned	45	1	0	cal_intercept	0.5621480185579746	
knn_tuned	45	1	0	cal_slope	1.767652394700025	
knn_tuned	45	1	1	val_logloss	0.12019510412730064	
knn_tuned	45	1	1	val_auc	0.99	
knn_tuned	45	1	1	val_pr_auc	0.990909090909091	
knn_tuned	45	1	1	val_accuracy	0.9	
knn_tuned	45	1	1	val_f1	0.9	
knn_tuned	45	1	1	cal_intercept	0.5284148733633172	
knn_tuned	45	1	1	cal_slope	1.2931050504974513	
knn_tuned	45	1	2	val_logloss	0.0831366428567002	
knn_tuned	45	1	2	val_auc	1.0	
knn_tuned	45	1	2	val_pr_auc	1.0	
knn_tuned	45	1	2	val_accuracy	1.0	
knn_tuned	45	1	2	val_f1	1.0	
knn_tuned	45	1	2	cal_intercept	-5.340305942373326	
knn_tuned	45	1	2	cal_slope	9.077474552489672	
knn_tuned	45	1	3	val_logloss	0.10711817746486277	
knn_tuned	45	1	3	val_auc	1.0	
knn_tuned	45	1	3	val_pr_auc	1.0	
knn_tuned	45	1	3	val_accuracy	0.95	
knn_tuned	45	1	3	val_f1	0.9523809523809523	
knn_tuned	45	1	3	cal_intercept	-6.895097403213841	
knn_tuned	45	1	3	cal_slope	29.61686652577006	
knn_tuned	45	2	0	val_logloss	0.8035848280275177	
knn_tuned	45	2	0	val_auc	0.9249999999999999	
knn_tuned	45	2	0	val_pr_auc	0.8869230769230769	
knn_tuned	45	2	0	val_accuracy	0.9	
knn_tuned	45	2	0	val_f1	0.9	
knn_tuned	45	2	0	cal_intercept	-0.8814818062416913	
knn_tuned	45	2	0	cal_slope	0.2300251087415198	
knn_tuned	45	2	1	val_logloss	0.10524994570180031	
knn_tuned	45	2	1	val_auc	1.0	
knn_tuned	45	2	1	val_pr_auc	1.0	
knn_tuned	45	2	1	val_accuracy	0.95	
knn_tuned	45	2	1	val_f1	0.9473684210526315	
knn_tuned	45	2	1	cal_intercept	-19.742739640613713	
knn_tuned	45	2	1	cal_slope	42.967159503379996	
knn_tuned	45	2	2	val_logloss	0.21675772495929677	
knn_tuned	45	2	2	val_auc	0.99	
knn_tuned	45	2	2	val_pr_auc	0.9909090909090909	
knn_tuned	45	2	2	val_accuracy	0.95	
knn_tuned	45	2	2	val_f1	0.9473684210526315	
knn_tuned	45	2	2	cal_intercept	1.2047739565053115	
knn_tuned	45	2	2	cal_slope	1.4091933800010659	
knn_tuned	45	2	3	val_logloss	0.07209296607968353	
knn_tuned	45	2	3	val_auc	1.0	
knn_tuned	45	2	3	val_pr_auc	1.0	
knn_tuned	45	2	3	val_accuracy	1.0	
knn_tuned	45	2	3	val_f1	1.0	
knn_tuned	45	2	3	cal_intercept	3.433883389345327	
knn_tuned	45	2	3	cal_slope	5.70183464325444	
knn_tuned	45	3	0	val_logloss	0.10321443613569747	
knn_tuned	45	3	0	val_auc	1.0	
knn_tuned	45	3	0	val_pr_auc	1.0	
knn_tuned	45	3	0	val_accuracy	1.0	
knn_tuned	45	3	0	val_f1	1.0	
knn_tuned	45	3	0	cal_intercept	2.52736973632442	
knn_tuned	45	3	0	cal_slope	6.398126304180904	
knn_tuned	45	3	1	val_logloss	0.20448560373768981	
knn_tuned	45	3	1	val_auc	1.0	
knn_tuned	45	3	1	val_pr_auc	1.0	
knn_tuned	45	3	1	val_accuracy	0.95	
knn_tuned	45	3	1	val_f1	0.9473684210526315	
knn_tuned	45	3	1	cal_intercept	49.8049181302138	
knn_tuned	45	3	1	cal_slope	25.280635413181592	
knn_tuned	45	3	2	val_logloss	0.08313977001956295	
knn_tuned	45	3	2	val_auc	1.0	
knn_tuned	45	3	2	val_pr_auc	1.0	
knn_tuned	45	3	2	val_accuracy	1.0	
knn_tuned	45	3	2	val_f1	1.0	
knn_tuned	45	3	2	cal_intercept	-4.100568331679689	
knn_tuned	45	3	2	cal_slope	9.196607694156208	
knn_tuned	45	3	3	val_logloss	0.22122523616165637	
knn_tuned	45	3	3	val_auc	0.9797979797979798	
knn_tuned	45	3	3	val_pr_auc	0.9797979797979798	
knn_tuned	45	3	3	val_accuracy	0.9	
knn_tuned	45	3	3	val_f1	0.8888888888888888	
knn_tuned	45	3	3	cal_intercept	-1.0013622489357346	
knn_tuned	45	3	3	cal_slope	0.8163929636928866	
knn_tuned	45	4	0	val_logloss	0.14800295347181078	
knn_tuned	45	4	0	val_auc	0.9797979797979798	
knn_tuned	45	4	0	val_pr_auc	0.9765432098765432	
knn_tuned	45	4	0	val_accuracy	0.95	
knn_tuned	45	4	0	val_f1	0.9473684210526315	
knn_tuned	45	4	0	cal_intercept	-1.2312589093776296	
knn_tuned	45	4	0	cal_slope	1.7777714415657746	
knn_tuned	45	4	1	val_logloss	0.7024990423662979	
knn_tuned	45	4	1	val_auc	0.9450000000000001	
knn_tuned	45	4	1	val_pr_auc	0.9009090909090909	
knn_tuned	45	4	1	val_accuracy	0.95	
knn_tuned	45	4	1	val_f1	0.9523809523809523	
knn_tuned	45	4	1	cal_intercept	-0.48898869111402077	
knn_tuned	45	4	1	cal_slope	0.22266821175802173	
knn_tuned	45	4	2	val_logloss	0.1483620135227179	
knn_tuned	45	4	2	val_auc	1.0	
knn_tuned	45	4	2	val_pr_auc	1.0	
knn_tuned	45	4	2	val_accuracy	0.95	
knn_tuned	45	4	2	val_f1	0.9523809523809523	
knn_tuned	45	4	2	cal_intercept	-32.24638599279867	
knn_tuned	45	4	2	cal_slope	25.900030910750903	
knn_tuned	45	4	3	val_logloss	0.12831871539762435	
knn_tuned	45	4	3	val_auc	1.0	
knn_tuned	45	4	3	val_pr_auc	1.0	
knn_tuned	45	4	3	val_accuracy	0.95	
knn_tuned	45	4	3	val_f1	0.9473684210526315	
knn_tuned	45	4	3	cal_intercept	71.93762056941493	
knn_tuned	45	4	3	cal_slope	109.85823718511034	
knn_tuned	45	5	0	val_logloss	0.027545728744778834	
knn_tuned	45	5	0	val_auc	1.0	
knn_tuned	45	5	0	val_pr_auc	1.0	
knn_tuned	45	5	0	val_accuracy	1.0	
knn_tuned	45	5	0	val_f1	1.0	
knn_tuned	45	5	0	cal_intercept	-1.0997053655706213	
knn_tuned	45	5	0	cal_slope	6.50333108731025	
knn_tuned	45	5	1	val_logloss	0.7372771879812177	
knn_tuned	45	5	1	val_auc	0.945	
knn_tuned	45	5	1	val_pr_auc	0.9009090909090909	
knn_tuned	45	5	1	val_accuracy	0.95	
knn_tuned	45	5	1	val_f1	0.9523809523809523	
knn_tuned	45	5	1	cal_intercept	-1.0299182741273296	
knn_tuned	45	5	1	cal_slope	0.24798422215368646	
knn_tuned	45	5	2	val_logloss	0.227062375048442	
knn_tuned	45	5	2	val_auc	0.9600000000000001	
knn_tuned	45	5	2	val_pr_auc	0.9622222222222222	
knn_tuned	45	5	2	val_accuracy	0.85	
knn_tuned	45	5	2	val_f1	0.8571428571428571	
knn_tuned	45	5	2	cal_intercept	0.6278978231893688	
knn_tuned	45	5	2	cal_slope	0.49925873690099304	
knn_tuned	45	5	3	val_logloss	0.17332834486636167	
knn_tuned	45	5	3	val_auc	1.0	
knn_tuned	45	5	3	val_pr_auc	1.0	
knn_tuned	45	5	3	val_accuracy	0.9	
knn_tuned	45	5	3	val_f1	0.875	
knn_tuned	45	5	3	cal_intercept	10.121897717445863	
knn_tuned	45	5	3	cal_slope	1.550066575023873	
knn_tuned	45	6	0	val_logloss	0.0716076683426294	
knn_tuned	45	6	0	val_auc	1.0	
knn_tuned	45	6	0	val_pr_auc	1.0	
knn_tuned	45	6	0	val_accuracy	1.0	
knn_tuned	45	6	0	val_f1	1.0	
knn_tuned	45	6	0	cal_intercept	-3.877703112381644	
knn_tuned	45	6	0	cal_slope	7.291010347961631	
knn_tuned	45	6	1	val_logloss	0.7477695555109845	
knn_tuned	45	6	1	val_auc	0.9400000000000001	
knn_tuned	45	6	1	val_pr_auc	0.8920202020202019	
knn_tuned	45	6	1	val_accuracy	0.95	
knn_tuned	45	6	1	val_f1	0.9523809523809523	
knn_tuned	45	6	1	cal_intercept	-0.3256299846340763	
knn_tuned	45	6	1	cal_slope	0.2125233049518308	
knn_tuned	45	6	2	val_logloss	0.09000600467894133	
knn_tuned	45	6	2	val_auc	1.0	
knn_tuned	45	6	2	val_pr_auc	1.0	
knn_tuned	45	6	2	val_accuracy	1.0	
knn_tuned	45	6	2	val_f1	1.0	
knn_tuned	45	6	2	cal_intercept	2.640344871616153	
knn_tuned	45	6	2	cal_slope	5.702844576504914	
knn_tuned	45	6	3	val_logloss	0.2724424419296594	
knn_tuned	45	6	3	val_auc	0.9500000000000001	
knn_tuned	45	6	3	val_pr_auc	0.9497222222222221	
knn_tuned	45	6	3	val_accuracy	0.9	
knn_tuned	45	6	3	val_f1	0.9	
knn_tuned	45	6	3	cal_intercept	0.5456109176578136	
knn_tuned	45	6	3	cal_slope	0.3762719814640203	
knn_tuned	45	7	0	val_logloss	0.10425265208663696	
knn_tuned	45	7	0	val_auc	1.0	
knn_tuned	45	7	0	val_pr_auc	1.0	
knn_tuned	45	7	0	val_accuracy	0.95	
knn_tuned	45	7	0	val_f1	0.9523809523809523	
knn_tuned	45	7	0	cal_intercept	-17.862229817553665	
knn_tuned	45	7	0	cal_slope	36.48127818963536	
knn_tuned	45	7	1	val_logloss	0.16261825679356598	
knn_tuned	45	7	1	val_auc	1.0	
knn_tuned	45	7	1	val_pr_auc	1.0	
knn_tuned	45	7	1	val_accuracy	0.95	
knn_tuned	45	7	1	val_f1	0.9473684210526315	
knn_tuned	45	7	1	cal_intercept	32.35598278002691	
knn_tuned	45	7	1	cal_slope	46.92197422912983	
knn_tuned	45	7	2	val_logloss	0.20854504538481655	
knn_tuned	45	7	2	val_auc	0.98	
knn_tuned	45	7	2	val_pr_auc	0.9833333333333334	
knn_tuned	45	7	2	val_accuracy	0.85	
knn_tuned	45	7	2	val_f1	0.8571428571428571	
knn_tuned	45	7	2	cal_intercept	0.20628277241025003	
knn_tuned	45	7	2	cal_slope	0.6641209998723459	
knn_tuned	45	7	3	val_logloss	0.06103863487366166	
knn_tuned	45	7	3	val_auc	1.0	
knn_tuned	45	7	3	val_pr_auc	1.0	
knn_tuned	45	7	3	val_accuracy	0.95	
knn_tuned	45	7	3	val_f1	0.9473684210526315	
knn_tuned	45	7	3	cal_intercept	-9.448932539168906	
knn_tuned	45	7	3	cal_slope	11.707785166597453	
knn_tuned	45	8	0	val_logloss	0.08399861642027653	
knn_tuned	45	8	0	val_auc	1.0	
knn_tuned	45	8	0	val_pr_auc	1.0	
knn_tuned	45	8	0	val_accuracy	1.0	
knn_tuned	45	8	0	val_f1	1.0	
knn_tuned	45	8	0	cal_intercept	-1.824509069249595	
knn_tuned	45	8	0	cal_slope	8.084119525948822	
knn_tuned	45	8	1	val_logloss	0.15694621082491966	
knn_tuned	45	8	1	val_auc	0.99	
knn_tuned	45	8	1	val_pr_auc	0.990909090909091	
knn_tuned	45	8	1	val_accuracy	0.9	
knn_tuned	45	8	1	val_f1	0.9	
knn_tuned	45	8	1	cal_intercept	0.8971324716961134	
knn_tuned	45	8	1	cal_slope	0.4585949162008198	
knn_tuned	45	8	2	val_logloss	0.11280026595087758	
knn_tuned	45	8	2	val_auc	1.0	
knn_tuned	45	8	2	val_pr_auc	1.0	
knn_tuned	45	8	2	val_accuracy	0.95	
knn_tuned	45	8	2	val_f1	0.9473684210526315	
knn_tuned	45	8	2	cal_intercept	-16.94988703094609	
knn_tuned	45	8	2	cal_slope	32.44198471237544	
knn_tuned	45	8	3	val_logloss	0.13934607458049558	
knn_tuned	45	8	3	val_auc	0.9800000000000001	
knn_tuned	45	8	3	val_pr_auc	0.9833333333333334	
knn_tuned	45	8	3	val_accuracy	0.95	
knn_tuned	45	8	3	val_f1	0.9473684210526315	
knn_tuned	45	8	3	cal_intercept	1.1410679575208902	
knn_tuned	45	8	3	cal_slope	2.312853523285965	
knn_tuned	45	9	0	val_logloss	0.17250877969489156	
knn_tuned	45	9	0	val_auc	0.96	
knn_tuned	45	9	0	val_pr_auc	0.958409090909091	
knn_tuned	45	9	0	val_accuracy	0.9	
knn_tuned	45	9	0	val_f1	0.9	
knn_tuned	45	9	0	cal_intercept	1.1359481852786106	
knn_tuned	45	9	0	cal_slope	0.48685787217384097	
knn_tuned	45	9	1	val_logloss	0.21373444844417816	
knn_tuned	45	9	1	val_auc	0.99	
knn_tuned	45	9	1	val_pr_auc	0.990909090909091	
knn_tuned	45	9	1	val_accuracy	0.95	
knn_tuned	45	9	1	val_f1	0.9523809523809523	
knn_tuned	45	9	1	cal_intercept	-1.2101037722922856	
knn_tuned	45	9	1	cal_slope	5.994471378609315	
knn_tuned	45	9	2	val_logloss	0.14449729308261358	
knn_tuned	45	9	2	val_auc	0.99	
knn_tuned	45	9	2	val_pr_auc	0.990909090909091	
knn_tuned	45	9	2	val_accuracy	0.9	
knn_tuned	45	9	2	val_f1	0.9	
knn_tuned	45	9	2	cal_intercept	0.3584247671403895	
knn_tuned	45	9	2	cal_slope	1.7056875795098374	
knn_tuned	45	9	3	val_logloss	0.1715394381843526	
knn_tuned	45	9	3	val_auc	0.9898989898989898	
knn_tuned	45	9	3	val_pr_auc	0.9888888888888889	
knn_tuned	45	9	3	val_accuracy	0.95	
knn_tuned	45	9	3	val_f1	0.9411764705882353	
knn_tuned	45	9	3	cal_intercept	3.8878695341736016	
knn_tuned	45	9	3	cal_slope	4.137128029558155	
knn_tuned	45	10	0	val_logloss	0.06064519229679627	
knn_tuned	45	10	0	val_auc	1.0	
knn_tuned	45	10	0	val_pr_auc	1.0	
knn_tuned	45	10	0	val_accuracy	1.0	
knn_tuned	45	10	0	val_f1	1.0	
knn_tuned	45	10	0	cal_intercept	-1.5781816442157601	
knn_tuned	45	10	0	cal_slope	8.999246277069854	
knn_tuned	45	10	1	val_logloss	0.14186400149185574	
knn_tuned	45	10	1	val_auc	0.99	
knn_tuned	45	10	1	val_pr_auc	0.990909090909091	
knn_tuned	45	10	1	val_accuracy	0.95	
knn_tuned	45	10	1	val_f1	0.9473684210526315	
knn_tuned	45	10	1	cal_intercept	1.423036098562007	
knn_tuned	45	10	1	cal_slope	1.803252612234028	
knn_tuned	45	10	2	val_logloss	0.17260857736234486	
knn_tuned	45	10	2	val_auc	0.9800000000000001	
knn_tuned	45	10	2	val_pr_auc	0.9833333333333334	
knn_tuned	45	10	2	val_accuracy	0.9	
knn_tuned	45	10	2	val_f1	0.9	
knn_tuned	45	10	2	cal_intercept	0.2922309762050583	
knn_tuned	45	10	2	cal_slope	1.086385241219913	
knn_tuned	45	10	3	val_logloss	0.817558535049845	
knn_tuned	45	10	3	val_auc	0.9292929292929293	
knn_tuned	45	10	3	val_pr_auc	0.85832531665865	
knn_tuned	45	10	3	val_accuracy	0.9	
knn_tuned	45	10	3	val_f1	0.8888888888888888	
knn_tuned	45	10	3	cal_intercept	-0.050666509364564696	
knn_tuned	45	10	3	cal_slope	0.19797969535475463	
knn_tuned	30	1	0	val_logloss	0.20160512964757835	
knn_tuned	30	1	0	val_auc	0.9797979797979797	
knn_tuned	30	1	0	val_pr_auc	0.9797979797979798	
knn_tuned	30	1	0	val_accuracy	0.9	
knn_tuned	30	1	0	val_f1	0.8888888888888888	
knn_tuned	30	1	0	cal_intercept	0.5532071372739107	
knn_tuned	30	1	0	cal_slope	0.5459333505425618	
knn_tuned	30	1	1	val_logloss	0.11957987754912976	
knn_tuned	30	1	1	val_auc	1.0	
knn_tuned	30	1	1	val_pr_auc	1.0	
knn_tuned	30	1	1	val_accuracy	0.95	
knn_tuned	30	1	1	val_f1	0.9473684210526315	
knn_tuned	30	1	1	cal_intercept	29.03614638156956	
knn_tuned	30	1	1	cal_slope	47.89056170875762	
knn_tuned	30	1	2	val_logloss	0.13309713620790628	
knn_tuned	30	1	2	val_auc	1.0	
knn_tuned	30	1	2	val_pr_auc	1.0	
knn_tuned	30	1	2	val_accuracy	0.95	
knn_tuned	30	1	2	val_f1	0.9523809523809523	
knn_tuned	30	1	2	cal_intercept	-14.612656599234892	
knn_tuned	30	1	2	cal_slope	27.917487661909835	
knn_tuned	30	1	3	val_logloss	0.04991094437381693	
knn_tuned	30	1	3	val_auc	1.0	
knn_tuned	30	1	3	val_pr_auc	1.0	
knn_tuned	30	1	3	val_accuracy	1.0	
knn_tuned	30	1	3	val_f1	1.0	
knn_tuned	30	1	3	cal_intercept	0.961806335596071	
knn_tuned	30	1	3	cal_slope	7.448664495321458	
knn_tuned	30	2	0	val_logloss	0.8148541197264118	
knn_tuned	30	2	0	val_auc	0.925	
knn_tuned	30	2	0	val_pr_auc	0.8869230769230769	
knn_tuned	30	2	0	val_accuracy	0.9	
knn_tuned	30	2	0	val_f1	0.9	
knn_tuned	30	2	0	cal_intercept	-1.07428014930341	
knn_tuned	30	2	0	cal_slope	0.24124549690729824	
knn_tuned	30	2	1	val_logloss	0.13621218898204462	
knn_tuned	30	2	1	val_auc	1.0	
knn_tuned	30	2	1	val_pr_auc	1.0	
knn_tuned	30	2	1	val_accuracy	0.95	
knn_tuned	30	2	1	val_f1	0.9473684210526315	
knn_tuned	30	2	1	cal_intercept	-11.78295311901238	
knn_tuned	30	2	1	cal_slope	48.9456247956482	
knn_tuned	30	2	2	val_logloss	0.8571884930246683	
knn_tuned	30	2	2	val_auc	0.93	
knn_tuned	30	2	2	val_pr_auc	0.94	
knn_tuned	30	2	2	val_accuracy	0.85	
knn_tuned	30	2	2	val_f1	0.8421052631578947	
knn_tuned	30	2	2	cal_intercept	0.6406834184567598	
knn_tuned	30	2	2	cal_slope	0.21340086448513645	
knn_tuned	30	2	3	val_logloss	0.05236978678391487	
knn_tuned	30	2	3	val_auc	1.0	
knn_tuned	30	2	3	val_pr_auc	1.0	
knn_tuned	30	2	3	val_accuracy	1.0	
knn_tuned	30	2	3	val_f1	1.0	
knn_tuned	30	2	3	cal_intercept	0.227253154479343	
knn_tuned	30	2	3	cal_slope	7.437610581672137	
knn_tuned	30	3	0	val_logloss	0.0902965846706506	
knn_tuned	30	3	0	val_auc	1.0	
knn_tuned	30	3	0	val_pr_auc	1.0	
knn_tuned	30	3	0	val_accuracy	1.0	
knn_tuned	30	3	0	val_f1	1.0	
knn_tuned	30	3	0	cal_intercept	2.565567740751365	
knn_tuned	30	3	0	cal_slope	6.828423952096615	
knn_tuned	30	3	1	val_logloss	0.2120543527385566	
knn_tuned	30	3	1	val_auc	1.0	
knn_tuned	30	3	1	val_pr_auc	1.0	
knn_tuned	30	3	1	val_accuracy	0.85	
knn_tuned	30	3	1	val_f1	0.8235294117647058	
knn_tuned	30	3	1	cal_intercept	11.117552548237358	
knn_tuned	30	3	1	cal_slope	19.26322218846184	
knn_tuned	30	3	2	val_logloss	0.16291003485783045	
knn_tuned	30	3	2	val_auc	1.0	
knn_tuned	30	3	2	val_pr_auc	1.0	
knn_tuned	30	3	2	val_accuracy	0.95	
knn_tuned	30	3	2	val_f1	0.9523809523809523	
knn_tuned	30	3	2	cal_intercept	-18.409311662467942	
knn_tuned	30	3	2	cal_slope	33.54478748997661	
knn_tuned	30	3	3	val_logloss	0.23244571958758714	
knn_tuned	30	3	3	val_auc	0.9595959595959596	
knn_tuned	30	3	3	val_pr_auc	0.9658119658119658	
knn_tuned	30	3	3	val_accuracy	0.85	
knn_tuned	30	3	3	val_f1	0.8421052631578947	
knn_tuned	30	3	3	cal_intercept	-1.5257400088590598	
knn_tuned	30	3	3	cal_slope	0.4830177028029791	
knn_tuned	30	4	0	val_logloss	0.1335058334592997	
knn_tuned	30	4	0	val_auc	0.9898989898989898	
knn_tuned	30	4	0	val_pr_auc	0.9888888888888889	
knn_tuned	30	4	0	val_accuracy	0.95	
knn_tuned	30	4	0	val_f1	0.9411764705882353	
knn_tuned	30	4	0	cal_intercept	1.930065755256341	
knn_tuned	30	4	0	cal_slope	3.2382494856812603	
knn_tuned	30	4	1	val_logloss	0.7236895519512071	
knn_tuned	30	4	1	val_auc	0.9400000000000001	
knn_tuned	30	4	1	val_pr_auc	0.8920202020202019	
knn_tuned	30	4	1	val_accuracy	0.95	
knn_tuned	30	4	1	val_f1	0.9523809523809523	
knn_tuned	30	4	1	cal_intercept	-0.07394240486040285	
knn_tuned	30	4	1	cal_slope	0.2104125954586846	
knn_tuned	30	4	2	val_logloss	0.16086515501069376	
knn_tuned	30	4	2	val_auc	0.98	
knn_tuned	30	4	2	val_pr_auc	0.980909090909091	
knn_tuned	30	4	2	val_accuracy	0.95	
knn_tuned	30	4	2	val_f1	0.9523809523809523	
knn_tuned	30	4	2	cal_intercept	-1.3056637604128378	
knn_tuned	30	4	2	cal_slope	1.4158489558398344	
knn_tuned	30	4	3	val_logloss	0.07539680450834096	
knn_tuned	30	4	3	val_auc	1.0	
knn_tuned	30	4	3	val_pr_auc	1.0	
knn_tuned	30	4	3	val_accuracy	1.0	
knn_tuned	30	4	3	val_f1	1.0	
knn_tuned	30	4	3	cal_intercept	0.2533476052564779	
knn_tuned	30	4	3	cal_slope	9.905793727492858	
knn_tuned	30	5	0	val_logloss	0.15960133775815707	
knn_tuned	30	5	0	val_auc	1.0	
knn_tuned	30	5	0	val_pr_auc	1.0	
knn_tuned	30	5	0	val_accuracy	0.85	
knn_tuned	30	5	0	val_f1	0.8695652173913043	
knn_tuned	30	5	0	cal_intercept	-30.662219104476712	
knn_tuned	30	5	0	cal_slope	29.999522962988696	
knn_tuned	30	5	1	val_logloss	0.7596204501845641	
knn_tuned	30	5	1	val_auc	0.94	
knn_tuned	30	5	1	val_pr_auc	0.8920202020202019	
knn_tuned	30	5	1	val_accuracy	0.95	
knn_tuned	30	5	1	val_f1	0.9523809523809523	
knn_tuned	30	5	1	cal_intercept	-0.5122946563630832	
knn_tuned	30	5	1	cal_slope	0.21780843162174995	
knn_tuned	30	5	2	val_logloss	0.21943046933632288	
knn_tuned	30	5	2	val_auc	0.97	
knn_tuned	30	5	2	val_pr_auc	0.9733333333333334	
knn_tuned	30	5	2	val_accuracy	0.9	
knn_tuned	30	5	2	val_f1	0.9	
knn_tuned	30	5	2	cal_intercept	0.33587798498311416	
knn_tuned	30	5	2	cal_slope	0.7711591187747625	
knn_tuned	30	5	3	val_logloss	0.17084391421620268	
knn_tuned	30	5	3	val_auc	1.0	
knn_tuned	30	5	3	val_pr_auc	1.0	
knn_tuned	30	5	3	val_accuracy	0.95	
knn_tuned	30	5	3	val_f1	0.9411764705882353	
knn_tuned	30	5	3	cal_intercept	16.72986504324415	
knn_tuned	30	5	3	cal_slope	16.34235231551283	
knn_tuned	30	6	0	val_logloss	0.08899627715362962	
knn_tuned	30	6	0	val_auc	1.0	
knn_tuned	30	6	0	val_pr_auc	1.0	
knn_tuned	30	6	0	val_accuracy	1.0	
knn_tuned	30	6	0	val_f1	1.0	
knn_tuned	30	6	0	cal_intercept	2.760685834643872	
knn_tuned	30	6	0	cal_slope	7.93590708888313	
knn_tuned	30	6	1	val_logloss	0.782354742907805	
knn_tuned	30	6	1	val_auc	0.9349999999999999	
knn_tuned	30	6	1	val_pr_auc	0.8933333333333333	
knn_tuned	30	6	1	val_accuracy	0.9	
knn_tuned	30	6	1	val_f1	0.9090909090909091	
knn_tuned	30	6	1	cal_intercept	-0.9929797059653268	
knn_tuned	30	6	1	cal_slope	0.24062028263919247	
knn_tuned	30	6	2	val_logloss	0.15436613552180586	
knn_tuned	30	6	2	val_auc	1.0	
knn_tuned	30	6	2	val_pr_auc	1.0	
knn_tuned	30	6	2	val_accuracy	0.9	
knn_tuned	30	6	2	val_f1	0.8888888888888888	
knn_tuned	30	6	2	cal_intercept	8.551174381614963	
knn_tuned	30	6	2	cal_slope	2.57695658883666	
knn_tuned	30	6	3	val_logloss	0.8870867182037285	
knn_tuned	30	6	3	val_auc	0.915	
knn_tuned	30	6	3	val_pr_auc	0.866540404040404	
knn_tuned	30	6	3	val_accuracy	0.8	
knn_tuned	30	6	3	val_f1	0.7777777777777778	
knn_tuned	30	6	3	cal_intercept	0.07437054477108454	
knn_tuned	30	6	3	cal_slope	0.19124112523298276	
knn_tuned	30	7	0	val_logloss	0.10490535301289725	
knn_tuned	30	7	0	val_auc	1.0	
knn_tuned	30	7	0	val_pr_auc	1.0	
knn_tuned	30	7	0	val_accuracy	0.95	
knn_tuned	30	7	0	val_f1	0.9523809523809523	
knn_tuned	30	7	0	cal_intercept	-24.170692074335417	
knn_tuned	30	7	0	cal_slope	26.915119231515146	
knn_tuned	30	7	1	val_logloss	0.7975139691330548	
knn_tuned	30	7	1	val_auc	0.935	
knn_tuned	30	7	1	val_pr_auc	0.94	
knn_tuned	30	7	1	val_accuracy	0.9	
knn_tuned	30	7	1	val_f1	0.8888888888888888	
knn_tuned	30	7	1	cal_intercept	1.071942420791671	
knn_tuned	30	7	1	cal_slope	0.24550742123865257	
knn_tuned	30	7	2	val_logloss	0.2339507444351677	
knn_tuned	30	7	2	val_auc	0.97	
knn_tuned	30	7	2	val_pr_auc	0.976923076923077	
knn_tuned	30	7	2	val_accuracy	0.85	
knn_tuned	30	7	2	val_f1	0.8571428571428571	
knn_tuned	30	7	2	cal_intercept	-0.111391316642531	
knn_tuned	30	7	2	cal_slope	1.0245657775751298	
knn_tuned	30	7	3	val_logloss	0.2154954530621216	
knn_tuned	30	7	3	val_auc	0.9696969696969697	
knn_tuned	30	7	3	val_pr_auc	0.9626543209876544	
knn_tuned	30	7	3	val_accuracy	0.9	
knn_tuned	30	7	3	val_f1	0.8888888888888888	
knn_tuned	30	7	3	cal_intercept	0.013066345908869277	
knn_tuned	30	7	3	cal_slope	0.49924749329866713	
knn_tuned	30	8	0	val_logloss	0.11157521847250262	
knn_tuned	30	8	0	val_auc	1.0	
knn_tuned	30	8	0	val_pr_auc	1.0	
knn_tuned	30	8	0	val_accuracy	1.0	
knn_tuned	30	8	0	val_f1	1.0	
knn_tuned	30	8	0	cal_intercept	2.6074740535550975	
knn_tuned	30	8	0	cal_slope	10.311387147879369	
knn_tuned	30	8	1	val_logloss	0.15996497022332284	
knn_tuned	30	8	1	val_auc	0.99	
knn_tuned	30	8	1	val_pr_auc	0.990909090909091	
knn_tuned	30	8	1	val_accuracy	0.9	
knn_tuned	30	8	1	val_f1	0.9	
knn_tuned	30	8	1	cal_intercept	-0.3833757031950807	
knn_tuned	30	8	1	cal_slope	2.1631914085790203	
knn_tuned	30	8	2	val_logloss	0.09300614500926496	
knn_tuned	30	8	2	val_auc	1.0	
knn_tuned	30	8	2	val_pr_auc	1.0	
knn_tuned	30	8	2	val_accuracy	0.95	
knn_tuned	30	8	2	val_f1	0.9473684210526315	
knn_tuned	30	8	2	cal_intercept	-59.352337211653435	
knn_tuned	30	8	2	cal_slope	83.27821886945088	
knn_tuned	30	8	3	val_logloss	0.1569030533664328	
knn_tuned	30	8	3	val_auc	0.9800000000000001	
knn_tuned	30	8	3	val_pr_auc	0.9833333333333334	
knn_tuned	30	8	3	val_accuracy	0.9	
knn_tuned	30	8	3	val_f1	0.9	
knn_tuned	30	8	3	cal_intercept	-0.08418650578815465	
knn_tuned	30	8	3	cal_slope	0.468988517262651	
knn_tuned	30	9	0	val_logloss	0.06548376799518131	
knn_tuned	30	9	0	val_auc	1.0	
knn_tuned	30	9	0	val_pr_auc	1.0	
knn_tuned	30	9	0	val_accuracy	0.95	
knn_tuned	30	9	0	val_f1	0.9473684210526315	
knn_tuned	30	9	0	cal_intercept	23.29721026733836	
knn_tuned	30	9	0	cal_slope	49.367027173144926	
knn_tuned	30	9	1	val_logloss	0.9011900982745491	
knn_tuned	30	9	1	val_auc	0.895	
knn_tuned	30	9	1	val_pr_auc	0.8512412587412587	
knn_tuned	30	9	1	val_accuracy	0.8	
knn_tuned	30	9	1	val_f1	0.8181818181818182	
knn_tuned	30	9	1	cal_intercept	-0.4134778341072993	
knn_tuned	30	9	1	cal_slope	0.19709609585148571	
knn_tuned	30	9	2	val_logloss	0.151892260225162	
knn_tuned	30	9	2	val_auc	0.99	
knn_tuned	30	9	2	val_pr_auc	0.990909090909091	
knn_tuned	30	9	2	val_accuracy	0.9	
knn_tuned	30	9	2	val_f1	0.9	
knn_tuned	30	9	2	cal_intercept	-0.9289533339283427	
knn_tuned	30	9	2	cal_slope	0.4767777272151605	
knn_tuned	30	9	3	val_logloss	0.21040190175336781	
knn_tuned	30	9	3	val_auc	0.9696969696969697	
knn_tuned	30	9	3	val_pr_auc	0.9722222222222222	
knn_tuned	30	9	3	val_accuracy	0.95	
knn_tuned	30	9	3	val_f1	0.9411764705882353	
knn_tuned	30	9	3	cal_intercept	0.8105011001914191	
knn_tuned	30	9	3	cal_slope	2.922792772645592	
knn_tuned	30	10	0	val_logloss	0.07485308701422128	
knn_tuned	30	10	0	val_auc	1.0	
knn_tuned	30	10	0	val_pr_auc	1.0	
knn_tuned	30	10	0	val_accuracy	0.95	
knn_tuned	30	10	0	val_f1	0.9473684210526315	
knn_tuned	30	10	0	cal_intercept	9.492129408302784	
knn_tuned	30	10	0	cal_slope	1.51588651268394	
knn_tuned	30	10	1	val_logloss	0.1812808982501168	
knn_tuned	30	10	1	val_auc	0.98	
knn_tuned	30	10	1	val_pr_auc	0.9833333333333334	
knn_tuned	30	10	1	val_accuracy	0.95	
knn_tuned	30	10	1	val_f1	0.9473684210526315	
knn_tuned	30	10	1	cal_intercept	0.40371268796737403	
knn_tuned	30	10	1	cal_slope	1.6890537772653131	
knn_tuned	30	10	2	val_logloss	0.16602076975196836	
knn_tuned	30	10	2	val_auc	0.98	
knn_tuned	30	10	2	val_pr_auc	0.980909090909091	
knn_tuned	30	10	2	val_accuracy	0.95	
knn_tuned	30	10	2	val_f1	0.9523809523809523	
knn_tuned	30	10	2	cal_intercept	-0.5239986157483821	
knn_tuned	30	10	2	cal_slope	2.8687010196104743	
knn_tuned	30	10	3	val_logloss	0.8773909551431123	
knn_tuned	30	10	3	val_auc	0.9191919191919191	
knn_tuned	30	10	3	val_pr_auc	0.8484487734487735	
knn_tuned	30	10	3	val_accuracy	0.85	
knn_tuned	30	10	3	val_f1	0.8421052631578947	
knn_tuned	30	10	3	cal_intercept	-0.4129374772162568	
knn_tuned	30	10	3	cal_slope	0.19421355876587007	
knn_tuned	20	1	0	val_logloss	0.21568639168151355	
knn_tuned	20	1	0	val_auc	0.9696969696969696	
knn_tuned	20	1	0	val_pr_auc	0.967452300785634	
knn_tuned	20	1	0	val_accuracy	0.85	
knn_tuned	20	1	0	val_f1	0.8421052631578947	
knn_tuned	20	1	0	cal_intercept	-0.14982389710435504	
knn_tuned	20	1	0	cal_slope	0.5238818620282499	
knn_tuned	20	1	1	val_logloss	0.16764524727422106	
knn_tuned	20	1	1	val_auc	0.98	
knn_tuned	20	1	1	val_pr_auc	0.980909090909091	
knn_tuned	20	1	1	val_accuracy	0.9	
knn_tuned	20	1	1	val_f1	0.8888888888888888	
knn_tuned	20	1	1	cal_intercept	1.7307711176514038	
knn_tuned	20	1	1	cal_slope	1.3355670509254605	
knn_tuned	20	1	2	val_logloss	0.1810292755917489	
knn_tuned	20	1	2	val_auc	0.9800000000000001	
knn_tuned	20	1	2	val_pr_auc	0.980909090909091	
knn_tuned	20	1	2	val_accuracy	0.85	
knn_tuned	20	1	2	val_f1	0.8421052631578947	
knn_tuned	20	1	2	cal_intercept	0.6086916401599181	
knn_tuned	20	1	2	cal_slope	0.6788408646990907	
knn_tuned	20	1	3	val_logloss	0.11586636749517583	
knn_tuned	20	1	3	val_auc	1.0	
knn_tuned	20	1	3	val_pr_auc	1.0	
knn_tuned	20	1	3	val_accuracy	0.95	
knn_tuned	20	1	3	val_f1	0.9473684210526315	
knn_tuned	20	1	3	cal_intercept	22.50834455419567	
knn_tuned	20	1	3	cal_slope	32.91067942867536	
knn_tuned	20	2	0	val_logloss	0.23296055974678972	
knn_tuned	20	2	0	val_auc	0.97	
knn_tuned	20	2	0	val_pr_auc	0.9733333333333334	
knn_tuned	20	2	0	val_accuracy	0.85	
knn_tuned	20	2	0	val_f1	0.8571428571428571	
knn_tuned	20	2	0	cal_intercept	-0.8481722485290796	
knn_tuned	20	2	0	cal_slope	0.5704858683427187	
knn_tuned	20	2	1	val_logloss	0.10111532083290649	
knn_tuned	20	2	1	val_auc	1.0	
knn_tuned	20	2	1	val_pr_auc	1.0	
knn_tuned	20	2	1	val_accuracy	1.0	
knn_tuned	20	2	1	val_f1	1.0	
knn_tuned	20	2	1	cal_intercept	0.8389513842651344	
knn_tuned	20	2	1	cal_slope	9.20501306418701	
knn_tuned	20	2	2	val_logloss	0.9168722627873718	
knn_tuned	20	2	2	val_auc	0.8800000000000001	
knn_tuned	20	2	2	val_pr_auc	0.9013888888888889	
knn_tuned	20	2	2	val_accuracy	0.85	
knn_tuned	20	2	2	val_f1	0.8421052631578947	
knn_tuned	20	2	2	cal_intercept	0.28586886292113545	
knn_tuned	20	2	2	cal_slope	0.18873940935581882	
knn_tuned	20	2	3	val_logloss	0.1471056602254914	
knn_tuned	20	2	3	val_auc	1.0	
knn_tuned	20	2	3	val_pr_auc	1.0	
knn_tuned	20	2	3	val_accuracy	1.0	
knn_tuned	20	2	3	val_f1	1.0	
knn_tuned	20	2	3	cal_intercept	-3.367989991327683	
knn_tuned	20	2	3	cal_slope	9.492394950782192	
knn_tuned	20	3	0	val_logloss	0.014611626116993823	
knn_tuned	20	3	0	val_auc	1.0	
knn_tuned	20	3	0	val_pr_auc	1.0	
knn_tuned	20	3	0	val_accuracy	1.0	
knn_tuned	20	3	0	val_f1	1.0	
knn_tuned	20	3	0	cal_intercept	-2.6265336089272884	
knn_tuned	20	3	0	cal_slope	3.834924997549498	
knn_tuned	20	3	1	val_logloss	0.20325948163672236	
knn_tuned	20	3	1	val_auc	1.0	
knn_tuned	20	3	1	val_pr_auc	1.0	
knn_tuned	20	3	1	val_accuracy	0.9	
knn_tuned	20	3	1	val_f1	0.8888888888888888	
knn_tuned	20	3	1	cal_intercept	24.31300113866915	
knn_tuned	20	3	1	cal_slope	47.519557579137384	
knn_tuned	20	3	2	val_logloss	0.17716005384559314	
knn_tuned	20	3	2	val_auc	0.99	
knn_tuned	20	3	2	val_pr_auc	0.990909090909091	
knn_tuned	20	3	2	val_accuracy	0.95	
knn_tuned	20	3	2	val_f1	0.9523809523809523	
knn_tuned	20	3	2	cal_intercept	-1.338401968463168	
knn_tuned	20	3	2	cal_slope	3.625500894938401	
knn_tuned	20	3	3	val_logloss	0.22799684215529678	
knn_tuned	20	3	3	val_auc	0.9797979797979797	
knn_tuned	20	3	3	val_pr_auc	0.9797979797979798	
knn_tuned	20	3	3	val_accuracy	0.85	
knn_tuned	20	3	3	val_f1	0.8571428571428571	
knn_tuned	20	3	3	cal_intercept	-2.2513733442359767	
knn_tuned	20	3	3	cal_slope	1.4083631104302754	
knn_tuned	20	4	0	val_logloss	0.11424467656247435	
knn_tuned	20	4	0	val_auc	1.0	
knn_tuned	20	4	0	val_pr_auc	1.0	
knn_tuned	20	4	0	val_accuracy	0.95	
knn_tuned	20	4	0	val_f1	0.9411764705882353	
knn_tuned	20	4	0	cal_intercept	107.46552024779719	
knn_tuned	20	4	0	cal_slope	116.661607159164	
knn_tuned	20	4	1	val_logloss	0.7617150985617235	
knn_tuned	20	4	1	val_auc	0.9400000000000001	
knn_tuned	20	4	1	val_pr_auc	0.8920202020202019	
knn_tuned	20	4	1	val_accuracy	0.9	
knn_tuned	20	4	1	val_f1	0.9	
knn_tuned	20	4	1	cal_intercept	-0.004837422660490228	
knn_tuned	20	4	1	cal_slope	0.20522632640096433	
knn_tuned	20	4	2	val_logloss	0.7764106279549943	
knn_tuned	20	4	2	val_auc	0.9400000000000001	
knn_tuned	20	4	2	val_pr_auc	0.8920202020202019	
knn_tuned	20	4	2	val_accuracy	0.95	
knn_tuned	20	4	2	val_f1	0.9523809523809523	
knn_tuned	20	4	2	cal_intercept	-0.6743670030215778	
knn_tuned	20	4	2	cal_slope	0.22385954695152097	
knn_tuned	20	4	3	val_logloss	0.13907825302300297	
knn_tuned	20	4	3	val_auc	1.0	
knn_tuned	20	4	3	val_pr_auc	1.0	
knn_tuned	20	4	3	val_accuracy	0.9	
knn_tuned	20	4	3	val_f1	0.8888888888888888	
knn_tuned	20	4	3	cal_intercept	65.91271698776015	
knn_tuned	20	4	3	cal_slope	93.48652311513668	
knn_tuned	20	5	0	val_logloss	0.18799537585091813	
knn_tuned	20	5	0	val_auc	1.0	
knn_tuned	20	5	0	val_pr_auc	1.0	
knn_tuned	20	5	0	val_accuracy	0.9	
knn_tuned	20	5	0	val_f1	0.9090909090909091	
knn_tuned	20	5	0	cal_intercept	-184.19905063981577	
knn_tuned	20	5	0	cal_slope	224.6715840769089	
knn_tuned	20	5	1	val_logloss	0.14766138987718203	
knn_tuned	20	5	1	val_auc	0.97	
knn_tuned	20	5	1	val_pr_auc	0.9697979797979798	
knn_tuned	20	5	1	val_accuracy	0.95	
knn_tuned	20	5	1	val_f1	0.9523809523809523	
knn_tuned	20	5	1	cal_intercept	0.0451909324370759	
knn_tuned	20	5	1	cal_slope	1.1454084738672061	
knn_tuned	20	5	2	val_logloss	0.16832161249162553	
knn_tuned	20	5	2	val_auc	0.9800000000000001	
knn_tuned	20	5	2	val_pr_auc	0.9833333333333334	
knn_tuned	20	5	2	val_accuracy	0.9	
knn_tuned	20	5	2	val_f1	0.9	
knn_tuned	20	5	2	cal_intercept	0.1682571750560639	
knn_tuned	20	5	2	cal_slope	0.5883497118193409	
knn_tuned	20	5	3	val_logloss	0.21982586160320644	
knn_tuned	20	5	3	val_auc	0.9797979797979797	
knn_tuned	20	5	3	val_pr_auc	0.9797979797979798	
knn_tuned	20	5	3	val_accuracy	0.85	
knn_tuned	20	5	3	val_f1	0.8	
knn_tuned	20	5	3	cal_intercept	5.412012150711205	
knn_tuned	20	5	3	cal_slope	5.125073065800821	
knn_tuned	20	6	0	val_logloss	0.12535097578646232	
knn_tuned	20	6	0	val_auc	1.0	
knn_tuned	20	6	0	val_pr_auc	1.0	
knn_tuned	20	6	0	val_accuracy	0.95	
knn_tuned	20	6	0	val_f1	0.9473684210526315	
knn_tuned	20	6	0	cal_intercept	-51.23205372860962	
knn_tuned	20	6	0	cal_slope	99.18231924764927	
knn_tuned	20	6	1	val_logloss	0.23996523846183945	
knn_tuned	20	6	1	val_auc	0.98	
knn_tuned	20	6	1	val_pr_auc	0.9833333333333334	
knn_tuned	20	6	1	val_accuracy	0.9	
knn_tuned	20	6	1	val_f1	0.9	
knn_tuned	20	6	1	cal_intercept	-0.9931229547972796	
knn_tuned	20	6	1	cal_slope	1.233370782996227	
knn_tuned	20	6	2	val_logloss	0.19875633105980836	
knn_tuned	20	6	2	val_auc	1.0	
knn_tuned	20	6	2	val_pr_auc	1.0	
knn_tuned	20	6	2	val_accuracy	0.9	
knn_tuned	20	6	2	val_f1	0.8888888888888888	
knn_tuned	20	6	2	cal_intercept	11.676845711876208	
knn_tuned	20	6	2	cal_slope	1.6539727021325068	
knn_tuned	20	6	3	val_logloss	0.24053715656158164	
knn_tuned	20	6	3	val_auc	0.9800000000000001	
knn_tuned	20	6	3	val_pr_auc	0.980909090909091	
knn_tuned	20	6	3	val_accuracy	0.9	
knn_tuned	20	6	3	val_f1	0.8888888888888888	
knn_tuned	20	6	3	cal_intercept	1.509314879620565	
knn_tuned	20	6	3	cal_slope	1.4275956607933689	
knn_tuned	20	7	0	val_logloss	0.12645567824110132	
knn_tuned	20	7	0	val_auc	1.0	
knn_tuned	20	7	0	val_pr_auc	1.0	
knn_tuned	20	7	0	val_accuracy	0.9	
knn_tuned	20	7	0	val_f1	0.9090909090909091	
knn_tuned	20	7	0	cal_intercept	-25.40575834725481	
knn_tuned	20	7	0	cal_slope	24.83893666141854	
knn_tuned	20	7	1	val_logloss	0.34722958782304547	
knn_tuned	20	7	1	val_auc	0.92	
knn_tuned	20	7	1	val_pr_auc	0.9406593406593405	
knn_tuned	20	7	1	val_accuracy	0.85	
knn_tuned	20	7	1	val_f1	0.8421052631578947	
knn_tuned	20	7	1	cal_intercept	0.3173653665719375	
knn_tuned	20	7	1	cal_slope	1.441213492980202	
knn_tuned	20	7	2	val_logloss	0.20469342112599676	
knn_tuned	20	7	2	val_auc	0.97	
knn_tuned	20	7	2	val_pr_auc	0.9733333333333334	
knn_tuned	20	7	2	val_accuracy	0.9	
knn_tuned	20	7	2	val_f1	0.9	
knn_tuned	20	7	2	cal_intercept	0.14577844127266051	
knn_tuned	20	7	2	cal_slope	1.375873338672514	
knn_tuned	20	7	3	val_logloss	0.8935879521260489	
knn_tuned	20	7	3	val_auc	0.9090909090909091	
knn_tuned	20	7	3	val_pr_auc	0.8376463043129709	
knn_tuned	20	7	3	val_accuracy	0.8	
knn_tuned	20	7	3	val_f1	0.75	
knn_tuned	20	7	3	cal_intercept	0.00811125572964857	
knn_tuned	20	7	3	cal_slope	0.19023614368855093	
knn_tuned	20	8	0	val_logloss	0.13345714288253735	
knn_tuned	20	8	0	val_auc	1.0	
knn_tuned	20	8	0	val_pr_auc	1.0	
knn_tuned	20	8	0	val_accuracy	1.0	
knn_tuned	20	8	0	val_f1	1.0	
knn_tuned	20	8	0	cal_intercept	1.3753078639636889	
knn_tuned	20	8	0	cal_slope	11.984660182354004	
knn_tuned	20	8	1	val_logloss	0.24038767171669648	
knn_tuned	20	8	1	val_auc	0.98	
knn_tuned	20	8	1	val_pr_auc	0.980909090909091	
knn_tuned	20	8	1	val_accuracy	0.95	
knn_tuned	20	8	1	val_f1	0.9523809523809523	
knn_tuned	20	8	1	cal_intercept	-1.0558187528308787	
knn_tuned	20	8	1	cal_slope	3.433579522830159	
knn_tuned	20	8	2	val_logloss	0.1514647806297767	
knn_tuned	20	8	2	val_auc	0.9898989898989898	
knn_tuned	20	8	2	val_pr_auc	0.9888888888888889	
knn_tuned	20	8	2	val_accuracy	0.95	
knn_tuned	20	8	2	val_f1	0.9473684210526315	
knn_tuned	20	8	2	cal_intercept	-1.8664987348981994	
knn_tuned	20	8	2	cal_slope	3.926358594843371	
knn_tuned	20	8	3	val_logloss	0.2038513794265428	
knn_tuned	20	8	3	val_auc	0.96	
knn_tuned	20	8	3	val_pr_auc	0.9622222222222221	
knn_tuned	20	8	3	val_accuracy	0.9	
knn_tuned	20	8	3	val_f1	0.9	
knn_tuned	20	8	3	cal_intercept	-0.12546601965008722	
knn_tuned	20	8	3	cal_slope	0.6648252134208047	
knn_tuned	20	9	0	val_logloss	0.1747427059885843	
knn_tuned	20	9	0	val_auc	0.97	
knn_tuned	20	9	0	val_pr_auc	0.976923076923077	
knn_tuned	20	9	0	val_accuracy	0.9	
knn_tuned	20	9	0	val_f1	0.9	
knn_tuned	20	9	0	cal_intercept	-0.08782813785853665	
knn_tuned	20	9	0	cal_slope	1.0842534083954425	
knn_tuned	20	9	1	val_logloss	0.3362973176008309	
knn_tuned	20	9	1	val_auc	0.99	
knn_tuned	20	9	1	val_pr_auc	0.9909090909090909	
knn_tuned	20	9	1	val_accuracy	0.8	
knn_tuned	20	9	1	val_f1	0.8333333333333334	
knn_tuned	20	9	1	cal_intercept	-4.8409909625165115	
knn_tuned	20	9	1	cal_slope	7.888295734032898	
knn_tuned	20	9	2	val_logloss	0.2686463916058675	
knn_tuned	20	9	2	val_auc	0.96	
knn_tuned	20	9	2	val_pr_auc	0.966923076923077	
knn_tuned	20	9	2	val_accuracy	0.85	
knn_tuned	20	9	2	val_f1	0.8421052631578947	
knn_tuned	20	9	2	cal_intercept	-0.08430435597127192	
knn_tuned	20	9	2	cal_slope	2.0390081131722972	
knn_tuned	20	9	3	val_logloss	0.31217522452363944	
knn_tuned	20	9	3	val_auc	0.9191919191919191	
knn_tuned	20	9	3	val_pr_auc	0.9293209876543209	
knn_tuned	20	9	3	val_accuracy	0.85	
knn_tuned	20	9	3	val_f1	0.8421052631578947	
knn_tuned	20	9	3	cal_intercept	-0.6196505898191417	
knn_tuned	20	9	3	cal_slope	0.4998877358906331	
knn_tuned	20	10	0	val_logloss	0.05961624099265942	
knn_tuned	20	10	0	val_auc	1.0	
knn_tuned	20	10	0	val_pr_auc	1.0	
knn_tuned	20	10	0	val_accuracy	0.95	
knn_tuned	20	10	0	val_f1	0.9473684210526315	
knn_tuned	20	10	0	cal_intercept	7.055122286725674	
knn_tuned	20	10	0	cal_slope	1.707972347981006	
knn_tuned	20	10	1	val_logloss	0.14331513480859864	
knn_tuned	20	10	1	val_auc	1.0	
knn_tuned	20	10	1	val_pr_auc	1.0	
knn_tuned	20	10	1	val_accuracy	0.95	
knn_tuned	20	10	1	val_f1	0.9473684210526315	
knn_tuned	20	10	1	cal_intercept	14.946101186361624	
knn_tuned	20	10	1	cal_slope	23.136157412909423	
knn_tuned	20	10	2	val_logloss	0.22117722180131527	
knn_tuned	20	10	2	val_auc	0.97	
knn_tuned	20	10	2	val_pr_auc	0.9733333333333334	
knn_tuned	20	10	2	val_accuracy	0.85	
knn_tuned	20	10	2	val_f1	0.8421052631578947	
knn_tuned	20	10	2	cal_intercept	0.7286410271881479	
knn_tuned	20	10	2	cal_slope	2.3846132645961107	
knn_tuned	20	10	3	val_logloss	0.8986035960419901	
knn_tuned	20	10	3	val_auc	0.9090909090909091	
knn_tuned	20	10	3	val_pr_auc	0.8408730158730159	
knn_tuned	20	10	3	val_accuracy	0.85	
knn_tuned	20	10	3	val_f1	0.8421052631578947	
knn_tuned	20	10	3	cal_intercept	-0.5244141470468309	
knn_tuned	20	10	3	cal_slope	0.194997488441077	
knn_tuned	12	1	0	val_logloss	0.4100959498147138	
knn_tuned	12	1	0	val_auc	0.8989898989898989	
knn_tuned	12	1	0	val_pr_auc	0.9210858585858586	
knn_tuned	12	1	0	val_accuracy	0.85	
knn_tuned	12	1	0	val_f1	0.8235294117647058	
knn_tuned	12	1	0	cal_intercept	-0.04590274642841403	
knn_tuned	12	1	0	cal_slope	1.3108452775639052	
knn_tuned	12	1	1	val_logloss	0.22637969318638979	
knn_tuned	12	1	1	val_auc	0.9600000000000001	
knn_tuned	12	1	1	val_pr_auc	0.9714285714285714	
knn_tuned	12	1	1	val_accuracy	0.95	
knn_tuned	12	1	1	val_f1	0.9473684210526315	
knn_tuned	12	1	1	cal_intercept	0.3459626357948183	
knn_tuned	12	1	1	cal_slope	1.639159804670556	
knn_tuned	12	1	2	val_logloss	0.20864968966723052	
knn_tuned	12	1	2	val_auc	1.0	
knn_tuned	12	1	2	val_pr_auc	1.0	
knn_tuned	12	1	2	val_accuracy	0.95	
knn_tuned	12	1	2	val_f1	0.9473684210526315	
knn_tuned	12	1	2	cal_intercept	19.32099424714296	
knn_tuned	12	1	2	cal_slope	51.318027533066925	
knn_tuned	12	1	3	val_logloss	0.2524682164915547	
knn_tuned	12	1	3	val_auc	0.96	
knn_tuned	12	1	3	val_pr_auc	0.9572979797979797	
knn_tuned	12	1	3	val_accuracy	0.75	
knn_tuned	12	1	3	val_f1	0.7058823529411765	
knn_tuned	12	1	3	cal_intercept	1.4633036099048016	
knn_tuned	12	1	3	cal_slope	0.4567055415154461	
knn_tuned	12	2	0	val_logloss	0.46666370461616846	
knn_tuned	12	2	0	val_auc	0.96	
knn_tuned	12	2	0	val_pr_auc	0.9669230769230769	
knn_tuned	12	2	0	val_accuracy	0.75	
knn_tuned	12	2	0	val_f1	0.8	
knn_tuned	12	2	0	cal_intercept	-4.183710105257662	
knn_tuned	12	2	0	cal_slope	5.693923104519599	
knn_tuned	12	2	1	val_logloss	0.1593388787325036	
knn_tuned	12	2	1	val_auc	1.0	
knn_tuned	12	2	1	val_pr_auc	1.0	
knn_tuned	12	2	1	val_accuracy	0.95	
knn_tuned	12	2	1	val_f1	0.9411764705882353	
knn_tuned	12	2	1	cal_intercept	6.196544638329024	
knn_tuned	12	2	1	cal_slope	18.338287834448348	
knn_tuned	12	2	2	val_logloss	0.2687100167257802	
knn_tuned	12	2	2	val_auc	0.96	
knn_tuned	12	2	2	val_pr_auc	0.9714285714285715	
knn_tuned	12	2	2	val_accuracy	0.95	
knn_tuned	12	2	2	val_f1	0.9473684210526315	
knn_tuned	12	2	2	cal_intercept	0.6600364127426379	
knn_tuned	12	2	2	cal_slope	2.7656057610747484	
knn_tuned	12	2	3	val_logloss	0.12206963681246952	
knn_tuned	12	2	3	val_auc	1.0	
knn_tuned	12	2	3	val_pr_auc	1.0	
knn_tuned	12	2	3	val_accuracy	1.0	
knn_tuned	12	2	3	val_f1	1.0	
knn_tuned	12	2	3	cal_intercept	-2.018200951715644	
knn_tuned	12	2	3	cal_slope	10.46212190074519	
knn_tuned	12	3	0	val_logloss	0.05050138463539648	
knn_tuned	12	3	0	val_auc	1.0	
knn_tuned	12	3	0	val_pr_auc	1.0	
knn_tuned	12	3	0	val_accuracy	1.0	
knn_tuned	12	3	0	val_f1	1.0	
knn_tuned	12	3	0	cal_intercept	-1.766283810068673	
knn_tuned	12	3	0	cal_slope	6.608245431589376	
knn_tuned	12	3	1	val_logloss	0.9423127747016983	
knn_tuned	12	3	1	val_auc	0.9299999999999999	
knn_tuned	12	3	1	val_pr_auc	0.9500000000000001	
knn_tuned	12	3	1	val_accuracy	0.8	
knn_tuned	12	3	1	val_f1	0.75	
knn_tuned	12	3	1	cal_intercept	0.5111119082616222	
knn_tuned	12	3	1	cal_slope	0.19620419285305463	
knn_tuned	12	3	2	val_logloss	0.18533434776034616	
knn_tuned	12	3	2	val_auc	1.0	
knn_tuned	12	3	2	val_pr_auc	1.0	
knn_tuned	12	3	2	val_accuracy	0.9	
knn_tuned	12	3	2	val_f1	0.9090909090909091	
knn_tuned	12	3	2	cal_intercept	-21.330997822077908	
knn_tuned	12	3	2	cal_slope	30.07811579238719	
knn_tuned	12	3	3	val_logloss	1.7235510861772112	
knn_tuned	12	3	3	val_auc	0.808080808080808	
knn_tuned	12	3	3	val_pr_auc	0.7378358750907771	
knn_tuned	12	3	3	val_accuracy	0.7	
knn_tuned	12	3	3	val_f1	0.7272727272727273	
knn_tuned	12	3	3	cal_intercept	-1.312270493193033	
knn_tuned	12	3	3	cal_slope	0.1872583781832114	
knn_tuned	12	4	0	val_logloss	0.2916141477855446	
knn_tuned	12	4	0	val_auc	0.9494949494949494	
knn_tuned	12	4	0	val_pr_auc	0.95346628679962	
knn_tuned	12	4	0	val_accuracy	0.85	
knn_tuned	12	4	0	val_f1	0.8235294117647058	
knn_tuned	12	4	0	cal_intercept	0.35897272044620376	
knn_tuned	12	4	0	cal_slope	1.7178922320313594	
knn_tuned	12	4	1	val_logloss	0.782268913362578	
knn_tuned	12	4	1	val_auc	0.92	
knn_tuned	12	4	1	val_pr_auc	0.8463455988455989	
knn_tuned	12	4	1	val_accuracy	0.95	
knn_tuned	12	4	1	val_f1	0.9523809523809523	
knn_tuned	12	4	1	cal_intercept	0.7186302593381706	
knn_tuned	12	4	1	cal_slope	0.22416383494909836	
knn_tuned	12	4	2	val_logloss	0.8974250321883949	
knn_tuned	12	4	2	val_auc	0.9450000000000001	
knn_tuned	12	4	2	val_pr_auc	0.9009090909090909	
knn_tuned	12	4	2	val_accuracy	0.8	
knn_tuned	12	4	2	val_f1	0.8333333333333334	
knn_tuned	12	4	2	cal_intercept	-1.9600390490708173	
knn_tuned	12	4	2	cal_slope	0.30702342255946546	
knn_tuned	12	4	3	val_logloss	0.16734810042612383	
knn_tuned	12	4	3	val_auc	1.0	
knn_tuned	12	4	3	val_pr_auc	1.0	
knn_tuned	12	4	3	val_accuracy	0.95	
knn_tuned	12	4	3	val_f1	0.9523809523809523	
knn_tuned	12	4	3	cal_intercept	-22.692472028146526	
knn_tuned	12	4	3	cal_slope	45.069941641001655	
knn_tuned	12	5	0	val_logloss	0.23335368300430032	
knn_tuned	12	5	0	val_auc	1.0	
knn_tuned	12	5	0	val_pr_auc	1.0	
knn_tuned	12	5	0	val_accuracy	1.0	
knn_tuned	12	5	0	val_f1	1.0	
knn_tuned	12	5	0	cal_intercept	-2.5741126959302556	
knn_tuned	12	5	0	cal_slope	13.72431781402931	
knn_tuned	12	5	1	val_logloss	0.15879612797055268	
knn_tuned	12	5	1	val_auc	0.9800000000000001	
knn_tuned	12	5	1	val_pr_auc	0.980909090909091	
knn_tuned	12	5	1	val_accuracy	0.9	
knn_tuned	12	5	1	val_f1	0.9090909090909091	
knn_tuned	12	5	1	cal_intercept	-0.4604297379603593	
knn_tuned	12	5	1	cal_slope	0.5721557997280844	
knn_tuned	12	5	2	val_logloss	0.8674127108411905	
knn_tuned	12	5	2	val_auc	0.9149999999999999	
knn_tuned	12	5	2	val_pr_auc	0.9288888888888889	
knn_tuned	12	5	2	val_accuracy	0.85	
knn_tuned	12	5	2	val_f1	0.8421052631578947	
knn_tuned	12	5	2	cal_intercept	0.35907105187853344	
knn_tuned	12	5	2	cal_slope	0.19756834291209543	
knn_tuned	12	5	3	val_logloss	0.3141128472220086	
knn_tuned	12	5	3	val_auc	0.9898989898989898	
knn_tuned	12	5	3	val_pr_auc	0.9888888888888889	
knn_tuned	12	5	3	val_accuracy	0.85	
knn_tuned	12	5	3	val_f1	0.8	
knn_tuned	12	5	3	cal_intercept	2.2614832550145936	
knn_tuned	12	5	3	cal_slope	2.9202985632957636	
knn_tuned	12	6	0	val_logloss	0.2037199052713327	
knn_tuned	12	6	0	val_auc	1.0	
knn_tuned	12	6	0	val_pr_auc	1.0	
knn_tuned	12	6	0	val_accuracy	1.0	
knn_tuned	12	6	0	val_f1	1.0	
knn_tuned	12	6	0	cal_intercept	5.71096812542297	
knn_tuned	12	6	0	cal_slope	45.314166584140885	
knn_tuned	12	6	1	val_logloss	0.19837554151197573	
knn_tuned	12	6	1	val_auc	0.99	
knn_tuned	12	6	1	val_pr_auc	0.990909090909091	
knn_tuned	12	6	1	val_accuracy	0.9	
knn_tuned	12	6	1	val_f1	0.9	
knn_tuned	12	6	1	cal_intercept	-0.7914334728415415	
knn_tuned	12	6	1	cal_slope	1.0620350810233936	
knn_tuned	12	6	2	val_logloss	0.28369538568925995	
knn_tuned	12	6	2	val_auc	1.0	
knn_tuned	12	6	2	val_pr_auc	0.9999999999999999	
knn_tuned	12	6	2	val_accuracy	0.85	
knn_tuned	12	6	2	val_f1	0.8235294117647058	
knn_tuned	12	6	2	cal_intercept	49.248168633529446	
knn_tuned	12	6	2	cal_slope	87.63767983318576	
knn_tuned	12	6	3	val_logloss	0.28414967306908817	
knn_tuned	12	6	3	val_auc	0.94	
knn_tuned	12	6	3	val_pr_auc	0.9451515151515151	
knn_tuned	12	6	3	val_accuracy	0.85	
knn_tuned	12	6	3	val_f1	0.8571428571428571	
knn_tuned	12	6	3	cal_intercept	-0.42997305117553103	
knn_tuned	12	6	3	cal_slope	0.9970292025774914	
knn_tuned	12	7	0	val_logloss	0.22499829609147745	
knn_tuned	12	7	0	val_auc	0.99	
knn_tuned	12	7	0	val_pr_auc	0.990909090909091	
knn_tuned	12	7	0	val_accuracy	0.9	
knn_tuned	12	7	0	val_f1	0.9090909090909091	
knn_tuned	12	7	0	cal_intercept	-15.520357903994979	
knn_tuned	12	7	0	cal_slope	17.407759900187102	
knn_tuned	12	7	1	val_logloss	0.3131555887185047	
knn_tuned	12	7	1	val_auc	0.9500000000000001	
knn_tuned	12	7	1	val_pr_auc	0.9430122655122655	
knn_tuned	12	7	1	val_accuracy	0.9	
knn_tuned	12	7	1	val_f1	0.9	
knn_tuned	12	7	1	cal_intercept	0.42614133457071784	
knn_tuned	12	7	1	cal_slope	2.091389362226863	
knn_tuned	12	7	2	val_logloss	0.2129298463715487	
knn_tuned	12	7	2	val_auc	0.97	
knn_tuned	12	7	2	val_pr_auc	0.9733333333333334	
knn_tuned	12	7	2	val_accuracy	0.9	
knn_tuned	12	7	2	val_f1	0.9	
knn_tuned	12	7	2	cal_intercept	-0.3794097593474442	
knn_tuned	12	7	2	cal_slope	1.0093310697258842	
knn_tuned	12	7	3	val_logloss	0.281861198402667	
knn_tuned	12	7	3	val_auc	0.9292929292929293	
knn_tuned	12	7	3	val_pr_auc	0.9092953342953343	
knn_tuned	12	7	3	val_accuracy	0.85	
knn_tuned	12	7	3	val_f1	0.8235294117647058	
knn_tuned	12	7	3	cal_intercept	0.5545161797267318	
knn_tuned	12	7	3	cal_slope	0.5516007794957192	
knn_tuned	12	8	0	val_logloss	0.30319350510859994	
knn_tuned	12	8	0	val_auc	1.0	
knn_tuned	12	8	0	val_pr_auc	1.0	
knn_tuned	12	8	0	val_accuracy	1.0	
knn_tuned	12	8	0	val_f1	1.0	
knn_tuned	12	8	0	cal_intercept	1.1605779550280746	
knn_tuned	12	8	0	cal_slope	20.32815467258223	
knn_tuned	12	8	1	val_logloss	0.3284515710860799	
knn_tuned	12	8	1	val_auc	1.0	
knn_tuned	12	8	1	val_pr_auc	0.9999999999999999	
knn_tuned	12	8	1	val_accuracy	1.0	
knn_tuned	12	8	1	val_f1	1.0	
knn_tuned	12	8	1	cal_intercept	-1.1717548816997292	
knn_tuned	12	8	1	cal_slope	83.00363743965936	
knn_tuned	12	8	2	val_logloss	0.3512252713402214	
knn_tuned	12	8	2	val_auc	0.9797979797979798	
knn_tuned	12	8	2	val_pr_auc	0.9765432098765434	
knn_tuned	12	8	2	val_accuracy	0.85	
knn_tuned	12	8	2	val_f1	0.8235294117647058	
knn_tuned	12	8	2	cal_intercept	0.8147984703017399	
knn_tuned	12	8	2	cal_slope	3.8818080019033783	
knn_tuned	12	8	3	val_logloss	0.16581696684377972	
knn_tuned	12	8	3	val_auc	0.99	
knn_tuned	12	8	3	val_pr_auc	0.990909090909091	
knn_tuned	12	8	3	val_accuracy	0.9	
knn_tuned	12	8	3	val_f1	0.8888888888888888	
knn_tuned	12	8	3	cal_intercept	3.0673523450257436	
knn_tuned	12	8	3	cal_slope	4.447891498019709	
knn_tuned	12	9	0	val_logloss	0.1298646237031012	
knn_tuned	12	9	0	val_auc	0.99	
knn_tuned	12	9	0	val_pr_auc	0.990909090909091	
knn_tuned	12	9	0	val_accuracy	0.95	
knn_tuned	12	9	0	val_f1	0.9523809523809523	
knn_tuned	12	9	0	cal_intercept	-2.656229517148301	
knn_tuned	12	9	0	cal_slope	3.7085789736291233	
knn_tuned	12	9	1	val_logloss	0.31372246525983205	
knn_tuned	12	9	1	val_auc	0.95	
knn_tuned	12	9	1	val_pr_auc	0.9497222222222221	
knn_tuned	12	9	1	val_accuracy	0.8	
knn_tuned	12	9	1	val_f1	0.8333333333333334	
knn_tuned	12	9	1	cal_intercept	-2.2604768782473674	
knn_tuned	12	9	1	cal_slope	3.5769351308244217	
knn_tuned	12	9	2	val_logloss	0.8209891215704859	
knn_tuned	12	9	2	val_auc	0.9400000000000001	
knn_tuned	12	9	2	val_pr_auc	0.8920202020202019	
knn_tuned	12	9	2	val_accuracy	0.9	
knn_tuned	12	9	2	val_f1	0.9	
knn_tuned	12	9	2	cal_intercept	-0.8015595028141674	
knn_tuned	12	9	2	cal_slope	0.22552592709994923	
knn_tuned	12	9	3	val_logloss	0.38536271835414104	
knn_tuned	12	9	3	val_auc	0.9090909090909091	
knn_tuned	12	9	3	val_pr_auc	0.935366739288308	
knn_tuned	12	9	3	val_accuracy	0.9	
knn_tuned	12	9	3	val_f1	0.8888888888888888	
knn_tuned	12	9	3	cal_intercept	-0.2997678268437738	
knn_tuned	12	9	3	cal_slope	1.7166537145424106	
knn_tuned	12	10	0	val_logloss	0.1325081776293121	
knn_tuned	12	10	0	val_auc	1.0	
knn_tuned	12	10	0	val_pr_auc	1.0	
knn_tuned	12	10	0	val_accuracy	0.95	
knn_tuned	12	10	0	val_f1	0.9473684210526315	
knn_tuned	12	10	0	cal_intercept	21.78757037434696	
knn_tuned	12	10	0	cal_slope	16.463660312244812	
knn_tuned	12	10	1	val_logloss	0.24421699287736637	
knn_tuned	12	10	1	val_auc	0.98	
knn_tuned	12	10	1	val_pr_auc	0.9833333333333334	
knn_tuned	12	10	1	val_accuracy	0.85	
knn_tuned	12	10	1	val_f1	0.8571428571428571	
knn_tuned	12	10	1	cal_intercept	-0.5337677791018044	
knn_tuned	12	10	1	cal_slope	0.9945873112491944	
knn_tuned	12	10	2	val_logloss	0.16406373089821713	
knn_tuned	12	10	2	val_auc	0.99	
knn_tuned	12	10	2	val_pr_auc	0.990909090909091	
knn_tuned	12	10	2	val_accuracy	0.95	
knn_tuned	12	10	2	val_f1	0.9473684210526315	
knn_tuned	12	10	2	cal_intercept	1.1731250840623333	
knn_tuned	12	10	2	cal_slope	1.9934237271940582	
knn_tuned	12	10	3	val_logloss	0.8936218156931194	
knn_tuned	12	10	3	val_auc	0.9141414141414141	
knn_tuned	12	10	3	val_pr_auc	0.8527777777777777	
knn_tuned	12	10	3	val_accuracy	0.85	
knn_tuned	12	10	3	val_f1	0.8571428571428571	
knn_tuned	12	10	3	cal_intercept	-0.9533665857857422	
knn_tuned	12	10	3	cal_slope	0.2238123683790167	
knn_tuned	8	1	0	val_logloss	0.4398192447118207	
knn_tuned	8	1	0	val_auc	0.8787878787878787	
knn_tuned	8	1	0	val_pr_auc	0.9106753812636165	
knn_tuned	8	1	0	val_accuracy	0.8	
knn_tuned	8	1	0	val_f1	0.7777777777777778	
knn_tuned	8	1	0	cal_intercept	0.07737308822966356	
knn_tuned	8	1	0	cal_slope	1.5551335085959666	
knn_tuned	8	1	1	val_logloss	0.8514112387768267	
knn_tuned	8	1	1	val_auc	0.92	
knn_tuned	8	1	1	val_pr_auc	0.9318181818181819	
knn_tuned	8	1	1	val_accuracy	0.9	
knn_tuned	8	1	1	val_f1	0.8888888888888888	
knn_tuned	8	1	1	cal_intercept	0.7785498467433831	
knn_tuned	8	1	1	cal_slope	0.22424101116010478	
knn_tuned	8	1	2	val_logloss	0.2523372719709934	
knn_tuned	8	1	2	val_auc	1.0	
knn_tuned	8	1	2	val_pr_auc	1.0	
knn_tuned	8	1	2	val_accuracy	0.85	
knn_tuned	8	1	2	val_f1	0.8235294117647058	
knn_tuned	8	1	2	cal_intercept	48.56051915608991	
knn_tuned	8	1	2	cal_slope	52.38035420745549	
knn_tuned	8	1	3	val_logloss	0.28696495421495893	
knn_tuned	8	1	3	val_auc	0.96	
knn_tuned	8	1	3	val_pr_auc	0.9572979797979797	
knn_tuned	8	1	3	val_accuracy	0.75	
knn_tuned	8	1	3	val_f1	0.7058823529411765	
knn_tuned	8	1	3	cal_intercept	1.0178304103980544	
knn_tuned	8	1	3	cal_slope	1.309041309651908	
knn_tuned	8	2	0	val_logloss	1.0071173088110545	
knn_tuned	8	2	0	val_auc	0.92	
knn_tuned	8	2	0	val_pr_auc	0.8653968253968254	
knn_tuned	8	2	0	val_accuracy	0.8	
knn_tuned	8	2	0	val_f1	0.8333333333333334	
knn_tuned	8	2	0	cal_intercept	-0.8539287583544933	
knn_tuned	8	2	0	cal_slope	0.21693409466048355	
knn_tuned	8	2	1	val_logloss	0.24649516382660766	
knn_tuned	8	2	1	val_auc	0.9494949494949495	
knn_tuned	8	2	1	val_pr_auc	0.9459876543209876	
knn_tuned	8	2	1	val_accuracy	0.85	
knn_tuned	8	2	1	val_f1	0.8235294117647058	
knn_tuned	8	2	1	cal_intercept	-0.15500853237566728	
knn_tuned	8	2	1	cal_slope	0.5079120527216717	
knn_tuned	8	2	2	val_logloss	0.20110725753949793	
knn_tuned	8	2	2	val_auc	0.96	
knn_tuned	8	2	2	val_pr_auc	0.9714285714285714	
knn_tuned	8	2	2	val_accuracy	0.95	
knn_tuned	8	2	2	val_f1	0.9473684210526315	
knn_tuned	8	2	2	cal_intercept	0.09683314707029834	
knn_tuned	8	2	2	cal_slope	2.075349319014816	
knn_tuned	8	2	3	val_logloss	0.2627796872280577	
knn_tuned	8	2	3	val_auc	1.0	
knn_tuned	8	2	3	val_pr_auc	1.0	
knn_tuned	8	2	3	val_accuracy	0.9	
knn_tuned	8	2	3	val_f1	0.8888888888888888	
knn_tuned	8	2	3	cal_intercept	1138.4840492479252	
knn_tuned	8	2	3	cal_slope	1424.1775101948035	
knn_tuned	8	3	0	val_logloss	0.12760624871655968	
knn_tuned	8	3	0	val_auc	1.0	
knn_tuned	8	3	0	val_pr_auc	1.0	
knn_tuned	8	3	0	val_accuracy	1.0	
knn_tuned	8	3	0	val_f1	1.0	
knn_tuned	8	3	0	cal_intercept	-0.1551872921641223	
knn_tuned	8	3	0	cal_slope	7.651498506074613	
knn_tuned	8	3	1	val_logloss	1.0020327038383978	
knn_tuned	8	3	1	val_auc	0.895	
knn_tuned	8	3	1	val_pr_auc	0.925	
knn_tuned	8	3	1	val_accuracy	0.8	
knn_tuned	8	3	1	val_f1	0.75	
knn_tuned	8	3	1	cal_intercept	0.5092449000606857	
knn_tuned	8	3	1	cal_slope	0.18445902139502685	
knn_tuned	8	3	2	val_logloss	0.24234388679886593	
knn_tuned	8	3	2	val_auc	0.99	
knn_tuned	8	3	2	val_pr_auc	0.990909090909091	
knn_tuned	8	3	2	val_accuracy	0.85	
knn_tuned	8	3	2	val_f1	0.8695652173913043	
knn_tuned	8	3	2	cal_intercept	-34.60537910086791	
knn_tuned	8	3	2	cal_slope	50.63189940204406	
knn_tuned	8	3	3	val_logloss	1.0692876193847314	
knn_tuned	8	3	3	val_auc	0.8888888888888888	
knn_tuned	8	3	3	val_pr_auc	0.8263819513819514	
knn_tuned	8	3	3	val_accuracy	0.7	
knn_tuned	8	3	3	val_f1	0.75	
knn_tuned	8	3	3	cal_intercept	-1.1377368046340193	
knn_tuned	8	3	3	cal_slope	0.2245988256917024	
knn_tuned	8	4	0	val_logloss	0.5159177703152905	
knn_tuned	8	4	0	val_auc	0.9494949494949495	
knn_tuned	8	4	0	val_pr_auc	0.9282627865961199	
knn_tuned	8	4	0	val_accuracy	0.8	
knn_tuned	8	4	0	val_f1	0.75	
knn_tuned	8	4	0	cal_intercept	1.898447158148242	
knn_tuned	8	4	0	cal_slope	4.945273903894517	
knn_tuned	8	4	1	val_logloss	0.18069130212439183	
knn_tuned	8	4	1	val_auc	0.98	
knn_tuned	8	4	1	val_pr_auc	0.980909090909091	
knn_tuned	8	4	1	val_accuracy	0.85	
knn_tuned	8	4	1	val_f1	0.8421052631578947	
knn_tuned	8	4	1	cal_intercept	1.1911130336204747	
knn_tuned	8	4	1	cal_slope	0.48539358540540034	
knn_tuned	8	4	2	val_logloss	0.2452127206602802	
knn_tuned	8	4	2	val_auc	0.98	
knn_tuned	8	4	2	val_pr_auc	0.980909090909091	
knn_tuned	8	4	2	val_accuracy	0.9	
knn_tuned	8	4	2	val_f1	0.9090909090909091	
knn_tuned	8	4	2	cal_intercept	-2.4616987678660958	
knn_tuned	8	4	2	cal_slope	3.2722958544271568	
knn_tuned	8	4	3	val_logloss	0.22612391936985987	
knn_tuned	8	4	3	val_auc	1.0	
knn_tuned	8	4	3	val_pr_auc	1.0	
knn_tuned	8	4	3	val_accuracy	0.95	
knn_tuned	8	4	3	val_f1	0.9523809523809523	
knn_tuned	8	4	3	cal_intercept	-8.345331762062514	
knn_tuned	8	4	3	cal_slope	65.98829386950398	
knn_tuned	8	5	0	val_logloss	0.2921115490783166	
knn_tuned	8	5	0	val_auc	1.0	
knn_tuned	8	5	0	val_pr_auc	1.0	
knn_tuned	8	5	0	val_accuracy	1.0	
knn_tuned	8	5	0	val_f1	1.0	
knn_tuned	8	5	0	cal_intercept	-2.126654387165621	
knn_tuned	8	5	0	cal_slope	12.885875727274193	
knn_tuned	8	5	1	val_logloss	0.20578071298418835	
knn_tuned	8	5	1	val_auc	0.96	
knn_tuned	8	5	1	val_pr_auc	0.9651515151515151	
knn_tuned	8	5	1	val_accuracy	0.9	
knn_tuned	8	5	1	val_f1	0.9090909090909091	
knn_tuned	8	5	1	cal_intercept	-1.4092045782178577	
knn_tuned	8	5	1	cal_slope	1.4222119118102574	
knn_tuned	8	5	2	val_logloss	0.38186139953049675	
knn_tuned	8	5	2	val_auc	0.9199999999999999	
knn_tuned	8	5	2	val_pr_auc	0.931923076923077	
knn_tuned	8	5	2	val_accuracy	0.75	
knn_tuned	8	5	2	val_f1	0.7368421052631579	
knn_tuned	8	5	2	cal_intercept	-0.07369012662995018	
knn_tuned	8	5	2	cal_slope	1.1834922301744273	
knn_tuned	8	5	3	val_logloss	0.27300692206680455	
knn_tuned	8	5	3	val_auc	0.9292929292929293	
knn_tuned	8	5	3	val_pr_auc	0.9513888888888888	
knn_tuned	8	5	3	val_accuracy	0.9	
knn_tuned	8	5	3	val_f1	0.8888888888888888	
knn_tuned	8	5	3	cal_intercept	-0.19190657209061526	
knn_tuned	8	5	3	cal_slope	1.9622077367687012	
knn_tuned	8	6	0	val_logloss	0.1559673112611146	
knn_tuned	8	6	0	val_auc	1.0	
knn_tuned	8	6	0	val_pr_auc	1.0	
knn_tuned	8	6	0	val_accuracy	0.9	
knn_tuned	8	6	0	val_f1	0.875	
knn_tuned	8	6	0	cal_intercept	10.245025035458793	
knn_tuned	8	6	0	cal_slope	31.631119889732332	
knn_tuned	8	6	1	val_logloss	0.39421345591461837	
knn_tuned	8	6	1	val_auc	0.9400000000000001	
knn_tuned	8	6	1	val_pr_auc	0.9451515151515153	
knn_tuned	8	6	1	val_accuracy	0.75	
knn_tuned	8	6	1	val_f1	0.7368421052631579	
knn_tuned	8	6	1	cal_intercept	0.06800733208359074	
knn_tuned	8	6	1	cal_slope	1.4829861030955	
knn_tuned	8	6	2	val_logloss	0.15085383294123608	
knn_tuned	8	6	2	val_auc	1.0	
knn_tuned	8	6	2	val_pr_auc	1.0	
knn_tuned	8	6	2	val_accuracy	0.95	
knn_tuned	8	6	2	val_f1	0.9473684210526315	
knn_tuned	8	6	2	cal_intercept	6.991685604864239	
knn_tuned	8	6	2	cal_slope	17.62609662375692	
knn_tuned	8	6	3	val_logloss	0.23111038832250794	
knn_tuned	8	6	3	val_auc	1.0	
knn_tuned	8	6	3	val_pr_auc	1.0	
knn_tuned	8	6	3	val_accuracy	1.0	
knn_tuned	8	6	3	val_f1	1.0	
knn_tuned	8	6	3	cal_intercept	-0.15232742048788012	
knn_tuned	8	6	3	cal_slope	12.781136723012812	
knn_tuned	8	7	0	val_logloss	0.2169642343290107	
knn_tuned	8	7	0	val_auc	0.99	
knn_tuned	8	7	0	val_pr_auc	0.990909090909091	
knn_tuned	8	7	0	val_accuracy	0.9	
knn_tuned	8	7	0	val_f1	0.9090909090909091	
knn_tuned	8	7	0	cal_intercept	-75.33473611545442	
knn_tuned	8	7	0	cal_slope	67.12631743001909	
knn_tuned	8	7	1	val_logloss	0.4136257559172655	
knn_tuned	8	7	1	val_auc	0.97	
knn_tuned	8	7	1	val_pr_auc	0.9769230769230769	
knn_tuned	8	7	1	val_accuracy	0.8	
knn_tuned	8	7	1	val_f1	0.8181818181818182	
knn_tuned	8	7	1	cal_intercept	-0.8633570874216857	
knn_tuned	8	7	1	cal_slope	3.126131636850868	
knn_tuned	8	7	2	val_logloss	0.23749497486145493	
knn_tuned	8	7	2	val_auc	0.97	
knn_tuned	8	7	2	val_pr_auc	0.9733333333333334	
knn_tuned	8	7	2	val_accuracy	0.9	
knn_tuned	8	7	2	val_f1	0.9	
knn_tuned	8	7	2	cal_intercept	-0.5651991581814133	
knn_tuned	8	7	2	cal_slope	1.5728201942673836	
knn_tuned	8	7	3	val_logloss	0.321723181680315	
knn_tuned	8	7	3	val_auc	0.9393939393939393	
knn_tuned	8	7	3	val_pr_auc	0.9060405643738978	
knn_tuned	8	7	3	val_accuracy	0.9	
knn_tuned	8	7	3	val_f1	0.8888888888888888	
knn_tuned	8	7	3	cal_intercept	-0.16147800108573748	
knn_tuned	8	7	3	cal_slope	2.0122591828904954	
knn_tuned	8	8	0	val_logloss	0.23807976257805272	
knn_tuned	8	8	0	val_auc	0.99	
knn_tuned	8	8	0	val_pr_auc	0.9909090909090909	
knn_tuned	8	8	0	val_accuracy	0.95	
knn_tuned	8	8	0	val_f1	0.9473684210526315	
knn_tuned	8	8	0	cal_intercept	4.953403581175954	
knn_tuned	8	8	0	cal_slope	7.100065999912551	
knn_tuned	8	8	1	val_logloss	0.2736774532235492	
knn_tuned	8	8	1	val_auc	0.9700000000000001	
knn_tuned	8	8	1	val_pr_auc	0.9769230769230769	
knn_tuned	8	8	1	val_accuracy	0.9	
knn_tuned	8	8	1	val_f1	0.8888888888888888	
knn_tuned	8	8	1	cal_intercept	5.263567008622739	
knn_tuned	8	8	1	cal_slope	6.717497785156873	
knn_tuned	8	8	2	val_logloss	0.535279974805097	
knn_tuned	8	8	2	val_auc	0.9292929292929293	
knn_tuned	8	8	2	val_pr_auc	0.8782627865961199	
knn_tuned	8	8	2	val_accuracy	0.6	
knn_tuned	8	8	2	val_f1	0.3333333333333333	
knn_tuned	8	8	2	cal_intercept	2.2093875901221685	
knn_tuned	8	8	2	cal_slope	5.560116257510217	
knn_tuned	8	8	3	val_logloss	0.901857939054235	
knn_tuned	8	8	3	val_auc	0.895	
knn_tuned	8	8	3	val_pr_auc	0.925	
knn_tuned	8	8	3	val_accuracy	0.8	
knn_tuned	8	8	3	val_f1	0.8	
knn_tuned	8	8	3	cal_intercept	-0.3074869700098907	
knn_tuned	8	8	3	cal_slope	0.19231209548198724	
knn_tuned	8	9	0	val_logloss	0.4668597045216482	
knn_tuned	8	9	0	val_auc	0.9	
knn_tuned	8	9	0	val_pr_auc	0.9228571428571428	
knn_tuned	8	9	0	val_accuracy	0.7	
knn_tuned	8	9	0	val_f1	0.7272727272727273	
knn_tuned	8	9	0	cal_intercept	-0.8113504099290083	
knn_tuned	8	9	0	cal_slope	1.2713792207516104	
knn_tuned	8	9	1	val_logloss	0.29853200184385326	
knn_tuned	8	9	1	val_auc	0.96	
knn_tuned	8	9	1	val_pr_auc	0.9669230769230769	
knn_tuned	8	9	1	val_accuracy	0.9	
knn_tuned	8	9	1	val_f1	0.8888888888888888	
knn_tuned	8	9	1	cal_intercept	0.9723151354120776	
knn_tuned	8	9	1	cal_slope	3.460431582409336	
knn_tuned	8	9	2	val_logloss	0.4611718747346413	
knn_tuned	8	9	2	val_auc	0.9	
knn_tuned	8	9	2	val_pr_auc	0.8404365079365078	
knn_tuned	8	9	2	val_accuracy	0.85	
knn_tuned	8	9	2	val_f1	0.8695652173913043	
knn_tuned	8	9	2	cal_intercept	-2.0970970029645826	
knn_tuned	8	9	2	cal_slope	2.554137856071705	
knn_tuned	8	9	3	val_logloss	0.3948298251509722	
knn_tuned	8	9	3	val_auc	0.9191919191919191	
knn_tuned	8	9	3	val_pr_auc	0.9333333333333336	
knn_tuned	8	9	3	val_accuracy	0.85	
knn_tuned	8	9	3	val_f1	0.8235294117647058	
knn_tuned	8	9	3	cal_intercept	-0.1714058794684086	
knn_tuned	8	9	3	cal_slope	1.6103937982255296	
knn_tuned	8	10	0	val_logloss	0.28061430702577156	
knn_tuned	8	10	0	val_auc	1.0	
knn_tuned	8	10	0	val_pr_auc	1.0	
knn_tuned	8	10	0	val_accuracy	0.75	
knn_tuned	8	10	0	val_f1	0.6666666666666666	
knn_tuned	8	10	0	cal_intercept	9.762609999537728	
knn_tuned	8	10	0	cal_slope	1.5159664251266312	
knn_tuned	8	10	1	val_logloss	0.2749339577990518	
knn_tuned	8	10	1	val_auc	0.95	
knn_tuned	8	10	1	val_pr_auc	0.9666666666666667	
knn_tuned	8	10	1	val_accuracy	0.9	
knn_tuned	8	10	1	val_f1	0.9	
knn_tuned	8	10	1	cal_intercept	0.2165723050312637	
knn_tuned	8	10	1	cal_slope	1.8741985818715718	
knn_tuned	8	10	2	val_logloss	0.19350503115610396	
knn_tuned	8	10	2	val_auc	0.97	
knn_tuned	8	10	2	val_pr_auc	0.976923076923077	
knn_tuned	8	10	2	val_accuracy	0.95	
knn_tuned	8	10	2	val_f1	0.9473684210526315	
knn_tuned	8	10	2	cal_intercept	0.45120767493176706	
knn_tuned	8	10	2	cal_slope	2.4265684523488344	
knn_tuned	8	10	3	val_logloss	0.3188035703056764	
knn_tuned	8	10	3	val_auc	0.9393939393939394	
knn_tuned	8	10	3	val_pr_auc	0.9361111111111111	
knn_tuned	8	10	3	val_accuracy	0.8	
knn_tuned	8	10	3	val_f1	0.8	
knn_tuned	8	10	3	cal_intercept	-0.7609855727723557	
knn_tuned	8	10	3	cal_slope	0.5732810760288601	
svm_rbf_platt	60	1	0	val_logloss	0.20373127642759523	
svm_rbf_platt	60	1	0	val_auc	0.9797979797979798	
svm_rbf_platt	60	1	0	val_pr_auc	0.9765432098765432	
svm_rbf_platt	60	1	0	val_accuracy	0.9	
svm_rbf_platt	60	1	0	val_f1	0.8888888888888888	
svm_rbf_platt	60	1	0	cal_intercept	0.40560428917204516	
svm_rbf_platt	60	1	0	cal_slope	1.144028512239851	
svm_rbf_platt	60	1	1	val_logloss	0.1151333484119903	
svm_rbf_platt	60	1	1	val_auc	1.0	
svm_rbf_platt	60	1	1	val_pr_auc	0.9999999999999999	
svm_rbf_platt	60	1	1	val_accuracy	0.95	
svm_rbf_platt	60	1	1	val_f1	0.9473684210526315	
svm_rbf_platt	60	1	1	cal_intercept	21.151498011453274	
svm_rbf_platt	60	1	1	cal_slope	73.80294255165123	
svm_rbf_platt	60	1	2	val_logloss	0.09320788978157023	
svm_rbf_platt	60	1	2	val_auc	1.0	
svm_rbf_platt	60	1	2	val_pr_auc	0.9999999999999999	
svm_rbf_platt	60	1	2	val_accuracy	0.95	
svm_rbf_platt	60	1	2	val_f1	0.9523809523809523	
svm_rbf_platt	60	1	2	cal_intercept	-8.060417310864045	
svm_rbf_platt	60	1	2	cal_slope	7.516693722749574	
svm_rbf_platt	60	1	3	val_logloss	0.08984301764842266	
svm_rbf_platt	60	1	3	val_auc	1.0	
svm_rbf_platt	60	1	3	val_pr_auc	0.9999999999999999	
svm_rbf_platt	60	1	3	val_accuracy	0.95	
svm_rbf_platt	60	1	3	val_f1	0.9523809523809523	
svm_rbf_platt	60	1	3	cal_intercept	-13.514021606408914	
svm_rbf_platt	60	1	3	cal_slope	12.012916141015989	
svm_rbf_platt	60	2	0	val_logloss	0.27643281899382044	
svm_rbf_platt	60	2	0	val_auc	0.9700000000000001	
svm_rbf_platt	60	2	0	val_pr_auc	0.9733333333333334	
svm_rbf_platt	60	2	0	val_accuracy	0.9	
svm_rbf_platt	60	2	0	val_f1	0.9090909090909091	
svm_rbf_platt	60	2	0	cal_intercept	-1.8153330474839746	
svm_rbf_platt	60	2	0	cal_slope	1.2661299659810596	
svm_rbf_platt	60	2	1	val_logloss	0.07305935215269427	
svm_rbf_platt	60	2	1	val_auc	1.0	
svm_rbf_platt	60	2	1	val_pr_auc	1.0000000000000002	
svm_rbf_platt	60	2	1	val_accuracy	0.95	
svm_rbf_platt	60	2	1	val_f1	0.9473684210526315	
svm_rbf_platt	60	2	1	cal_intercept	-6.985485179377224	
svm_rbf_platt	60	2	1	cal_slope	5.862193816422899	
svm_rbf_platt	60	2	2	val_logloss	0.2859199330112859	
svm_rbf_platt	60	2	2	val_auc	1.0	
svm_rbf_platt	60	2	2	val_pr_auc	0.9999999999999999	
svm_rbf_platt	60	2	2	val_accuracy	0.8	
svm_rbf_platt	60	2	2	val_f1	0.75	
svm_rbf_platt	60	2	2	cal_intercept	17.436275782264286	
svm_rbf_platt	60	2	2	cal_slope	10.237172754277596	
svm_rbf_platt	60	2	3	val_logloss	0.05565469153834315	
svm_rbf_platt	60	2	3	val_auc	1.0	
svm_rbf_platt	60	2	3	val_pr_auc	0.9999999999999999	
svm_rbf_platt	60	2	3	val_accuracy	1.0	
svm_rbf_platt	60	2	3	val_f1	1.0	
svm_rbf_platt	60	2	3	cal_intercept	4.156656698101536	
svm_rbf_platt	60	2	3	cal_slope	4.243934020151815	
svm_rbf_platt	60	3	0	val_logloss	0.06854805478280236	
svm_rbf_platt	60	3	0	val_auc	1.0	
svm_rbf_platt	60	3	0	val_pr_auc	0.9999999999999999	
svm_rbf_platt	60	3	0	val_accuracy	1.0	
svm_rbf_platt	60	3	0	val_f1	1.0	
svm_rbf_platt	60	3	0	cal_intercept	3.4384067649374983	
svm_rbf_platt	60	3	0	cal_slope	5.622020187875333	
svm_rbf_platt	60	3	1	val_logloss	0.13860917083545105	
svm_rbf_platt	60	3	1	val_auc	1.0	
svm_rbf_platt	60	3	1	val_pr_auc	0.9999999999999999	
svm_rbf_platt	60	3	1	val_accuracy	0.95	
svm_rbf_platt	60	3	1	val_f1	0.9473684210526315	
svm_rbf_platt	60	3	1	cal_intercept	12.261498328435907	
svm_rbf_platt	60	3	1	cal_slope	8.039212869169626	
svm_rbf_platt	60	3	2	val_logloss	0.16821057156596603	
svm_rbf_platt	60	3	2	val_auc	0.99	
svm_rbf_platt	60	3	2	val_pr_auc	0.9909090909090909	
svm_rbf_platt	60	3	2	val_accuracy	0.95	
svm_rbf_platt	60	3	2	val_f1	0.9523809523809523	
svm_rbf_platt	60	3	2	cal_intercept	-0.6703599490542839	
svm_rbf_platt	60	3	2	cal_slope	1.4020378217414426	
svm_rbf_platt	60	3	3	val_logloss	0.18303651506327492	
svm_rbf_platt	60	3	3	val_auc	0.9797979797979797	
svm_rbf_platt	60	3	3	val_pr_auc	0.9797979797979799	
svm_rbf_platt	60	3	3	val_accuracy	0.85	
svm_rbf_platt	60	3	3	val_f1	0.8421052631578947	
svm_rbf_platt	60	3	3	cal_intercept	-1.2127805450401075	
svm_rbf_platt	60	3	3	cal_slope	1.7769560455208333	
svm_rbf_platt	60	4	0	val_logloss	0.21942831829885096	
svm_rbf_platt	60	4	0	val_auc	0.9797979797979797	
svm_rbf_platt	60	4	0	val_pr_auc	0.9797979797979799	
svm_rbf_platt	60	4	0	val_accuracy	0.85	
svm_rbf_platt	60	4	0	val_f1	0.8421052631578947	
svm_rbf_platt	60	4	0	cal_intercept	-0.9898636066059131	
svm_rbf_platt	60	4	0	cal_slope	1.3633776425251392	
svm_rbf_platt	60	4	1	val_logloss	0.07675986789005075	
svm_rbf_platt	60	4	1	val_auc	1.0	
svm_rbf_platt	60	4	1	val_pr_auc	0.9999999999999999	
svm_rbf_platt	60	4	1	val_accuracy	0.95	
svm_rbf_platt	60	4	1	val_f1	0.9523809523809523	
svm_rbf_platt	60	4	1	cal_intercept	-6.420765809545908	
svm_rbf_platt	60	4	1	cal_slope	6.646134462263257	
svm_rbf_platt	60	4	2	val_logloss	0.14270782246469033	
svm_rbf_platt	60	4	2	val_auc	0.98	
svm_rbf_platt	60	4	2	val_pr_auc	0.9809090909090908	
svm_rbf_platt	60	4	2	val_accuracy	0.95	
svm_rbf_platt	60	4	2	val_f1	0.9523809523809523	
svm_rbf_platt	60	4	2	cal_intercept	-0.6354011885688827	
svm_rbf_platt	60	4	2	cal_slope	1.437317701566723	
svm_rbf_platt	60	4	3	val_logloss	0.1766450517438422	
svm_rbf_platt	60	4	3	val_auc	1.0	
svm_rbf_platt	60	4	3	val_pr_auc	0.9999999999999999	
svm_rbf_platt	60	4	3	val_accuracy	0.9	
svm_rbf_platt	60	4	3	val_f1	0.8888888888888888	
svm_rbf_platt	60	4	3	cal_intercept	19.00978253788219	
svm_rbf_platt	60	4	3	cal_slope	13.85825799015132	
svm_rbf_platt	60	5	0	val_logloss	0.08013798625401553	
svm_rbf_platt	60	5	0	val_auc	1.0	
svm_rbf_platt	60	5	0	val_pr_auc	0.9999999999999999	
svm_rbf_platt	60	5	0	val_accuracy	1.0	
svm_rbf_platt	60	5	0	val_f1	1.0	
svm_rbf_platt	60	5	0	cal_intercept	3.498720013335376	
svm_rbf_platt	60	5	0	cal_slope	6.304825564148845	
svm_rbf_platt	60	5	1	val_logloss	0.13254461147848312	
svm_rbf_platt	60	5	1	val_auc	1.0	
svm_rbf_platt	60	5	1	val_pr_auc	0.9999999999999999	
svm_rbf_platt	60	5	1	val_accuracy	0.95	
svm_rbf_platt	60	5	1	val_f1	0.9523809523809523	
svm_rbf_platt	60	5	1	cal_intercept	-6.944961752428426	
svm_rbf_platt	60	5	1	cal_slope	12.929312666462852	
svm_rbf_platt	60	5	2	val_logloss	0.257226341163106	
svm_rbf_platt	60	5	2	val_auc	0.9700000000000001	
svm_rbf_platt	60	5	2	val_pr_auc	0.9733333333333333	
svm_rbf_platt	60	5	2	val_accuracy	0.85	
svm_rbf_platt	60	5	2	val_f1	0.8571428571428571	
svm_rbf_platt	60	5	2	cal_intercept	-0.39912765258588134	
svm_rbf_platt	60	5	2	cal_slope	0.8332996102263154	
svm_rbf_platt	60	5	3	val_logloss	0.22571748322044502	
svm_rbf_platt	60	5	3	val_auc	1.0	
svm_rbf_platt	60	5	3	val_pr_auc	1.0000000000000002	
svm_rbf_platt	60	5	3	val_accuracy	0.9	
svm_rbf_platt	60	5	3	val_f1	0.875	
svm_rbf_platt	60	5	3	cal_intercept	55.83313986342787	
svm_rbf_platt	60	5	3	cal_slope	19.652845157692003	
svm_rbf_platt	60	6	0	val_logloss	0.09364230756523145	
svm_rbf_platt	60	6	0	val_auc	1.0	
svm_rbf_platt	60	6	0	val_pr_auc	1.0	
svm_rbf_platt	60	6	0	val_accuracy	0.95	
svm_rbf_platt	60	6	0	val_f1	0.9473684210526315	
svm_rbf_platt	60	6	0	cal_intercept	-11.783595151921203	
svm_rbf_platt	60	6	0	cal_slope	9.483633052121757	
svm_rbf_platt	60	6	1	val_logloss	0.25953879964580084	
svm_rbf_platt	60	6	1	val_auc	0.98	
svm_rbf_platt	60	6	1	val_pr_auc	0.9809090909090908	
svm_rbf_platt	60	6	1	val_accuracy	0.9	
svm_rbf_platt	60	6	1	val_f1	0.9090909090909091	
svm_rbf_platt	60	6	1	cal_intercept	-1.237615092430143	
svm_rbf_platt	60	6	1	cal_slope	0.9702559291962966	
svm_rbf_platt	60	6	2	val_logloss	0.0647664842622716	
svm_rbf_platt	60	6	2	val_auc	1.0	
svm_rbf_platt	60	6	2	val_pr_auc	0.9999999999999999	
svm_rbf_platt	60	6	2	val_accuracy	1.0	
svm_rbf_platt	60	6	2	val_f1	1.0	
svm_rbf_platt	60	6	2	cal_intercept	3.6005783634243405	
svm_rbf_platt	60	6	2	cal_slope	4.299741646271239	
svm_rbf_platt	60	6	3	val_logloss	0.24457353752965738	
svm_rbf_platt	60	6	3	val_auc	0.9600000000000001	
svm_rbf_platt	60	6	3	val_pr_auc	0.9622222222222222	
svm_rbf_platt	60	6	3	val_accuracy	0.9	
svm_rbf_platt	60	6	3	val_f1	0.9	
svm_rbf_platt	60	6	3	cal_intercept	0.23150276008242618	
svm_rbf_platt	60	6	3	cal_slope	0.974713571622269	
svm_rbf_platt	60	7	0	val_logloss	0.17297194237826194	
svm_rbf_platt	60	7	0	val_auc	1.0	
svm_rbf_platt	60	7	0	val_pr_auc	0.9999999999999999	
svm_rbf_platt	60	7	0	val_accuracy	0.9	
svm_rbf_platt	60	7	0	val_f1	0.9090909090909091	
svm_rbf_platt	60	7	0	cal_intercept	-793.4121733662089	
svm_rbf_platt	60	7	0	cal_slope	680.6434290541401	
svm_rbf_platt	60	7	1	val_logloss	0.19441936568681228	
svm_rbf_platt	60	7	1	val_auc	0.99	
svm_rbf_platt	60	7	1	val_pr_auc	0.9909090909090909	
svm_rbf_platt	60	7	1	val_accuracy	0.9	
svm_rbf_platt	60	7	1	val_f1	0.8888888888888888	
svm_rbf_platt	60	7	1	cal_intercept	6.16617615958155	
svm_rbf_platt	60	7	1	cal_slope	3.340152627913779	
svm_rbf_platt	60	7	2	val_logloss	0.13476820772979034	
svm_rbf_platt	60	7	2	val_auc	0.99	
svm_rbf_platt	60	7	2	val_pr_auc	0.9909090909090909	
svm_rbf_platt	60	7	2	val_accuracy	0.9	
svm_rbf_platt	60	7	2	val_f1	0.9	
svm_rbf_platt	60	7	2	cal_intercept	-0.4653277425960871	
svm_rbf_platt	60	7	2	cal_slope	1.604945994303931	
svm_rbf_platt	60	7	3	val_logloss	0.08964188770960371	
svm_rbf_platt	60	7	3	val_auc	1.0	
svm_rbf_platt	60	7	3	val_pr_auc	1.0000000000000002	
svm_rbf_platt	60	7	3	val_accuracy	1.0	
svm_rbf_platt	60	7	3	val_f1	1.0	
svm_rbf_platt	60	7	3	cal_intercept	-1.704703004080031	
svm_rbf_platt	60	7	3	cal_slope	14.843842880785795	
svm_rbf_platt	60	8	0	val_logloss	0.051470579548611596	
svm_rbf_platt	60	8	0	val_auc	1.0	
svm_rbf_platt	60	8	0	val_pr_auc	1.0	
svm_rbf_platt	60	8	0	val_accuracy	1.0	
svm_rbf_platt	60	8	0	val_f1	1.0	
svm_rbf_platt	60	8	0	cal_intercept	1.5244931734184437	
svm_rbf_platt	60	8	0	cal_slope	5.122047964010067	
svm_rbf_platt	60	8	1	val_logloss	0.18584808141211426	
svm_rbf_platt	60	8	1	val_auc	0.99	
svm_rbf_platt	60	8	1	val_pr_auc	0.9909090909090909	
svm_rbf_platt	60	8	1	val_accuracy	0.9	
svm_rbf_platt	60	8	1	val_f1	0.9	
svm_rbf_platt	60	8	1	cal_intercept	0.18653128226269944	
svm_rbf_platt	60	8	1	cal_slope	1.4486190758915618	
svm_rbf_platt	60	8	2	val_logloss	0.13939130502504155	
svm_rbf_platt	60	8	2	val_auc	1.0	
svm_rbf_platt	60	8	2	val_pr_auc	1.0000000000000002	
svm_rbf_platt	60	8	2	val_accuracy	0.95	
svm_rbf_platt	60	8	2	val_f1	0.9473684210526315	
svm_rbf_platt	60	8	2	cal_intercept	-1078.2009518744067	
svm_rbf_platt	60	8	2	cal_slope	823.9141050609244	
svm_rbf_platt	60	8	3	val_logloss	0.15401299107884767	
svm_rbf_platt	60	8	3	val_auc	0.99	
svm_rbf_platt	60	8	3	val_pr_auc	0.9909090909090909	
svm_rbf_platt	60	8	3	val_accuracy	0.9	
svm_rbf_platt	60	8	3	val_f1	0.9	
svm_rbf_platt	60	8	3	cal_intercept	0.3381632231101482	
svm_rbf_platt	60	8	3	cal_slope	1.667344547504433	
svm_rbf_platt	60	9	0	val_logloss	0.09812946892539796	
svm_rbf_platt	60	9	0	val_auc	1.0	
svm_rbf_platt	60	9	0	val_pr_auc	0.9999999999999999	
svm_rbf_platt	60	9	0	val_accuracy	0.95	
svm_rbf_platt	60	9	0	val_f1	0.9523809523809523	
svm_rbf_platt	60	9	0	cal_intercept	-18.553638031687658	
svm_rbf_platt	60	9	0	cal_slope	18.591587565405792	
svm_rbf_platt	60	9	1	val_logloss	0.23171572732830578	
svm_rbf_platt	60	9	1	val_auc	1.0	
svm_rbf_platt	60	9	1	val_pr_auc	0.9999999999999999	
svm_rbf_platt	60	9	1	val_accuracy	0.9	
svm_rbf_platt	60	9	1	val_f1	0.9090909090909091	
svm_rbf_platt	60	9	1	cal_intercept	-27.639568773744323	
svm_rbf_platt	60	9	1	cal_slope	68.25205433080252	
svm_rbf_platt	60	9	2	val_logloss	0.21416007347802596	
svm_rbf_platt	60	9	2	val_auc	0.98	
svm_rbf_platt	60	9	2	val_pr_auc	0.9809090909090908	
svm_rbf_platt	60	9	2	val_accuracy	0.85	
svm_rbf_platt	60	9	2	val_f1	0.8421052631578947	
svm_rbf_platt	60	9	2	cal_intercept	0.6868035686299228	
svm_rbf_platt	60	9	2	cal_slope	0.972300512371999	
svm_rbf_platt	60	9	3	val_logloss	0.08759409397863503	
svm_rbf_platt	60	9	3	val_auc	1.0	
svm_rbf_platt	60	9	3	val_pr_auc	1.0000000000000002	
svm_rbf_platt	60	9	3	val_accuracy	0.95	
svm_rbf_platt	60	9	3	val_f1	0.9411764705882353	
svm_rbf_platt	60	9	3	cal_intercept	9.990015897646922	
svm_rbf_platt	60	9	3	cal_slope	6.221004724600299	
svm_rbf_platt	60	10	0	val_logloss	0.0700091878412403	
svm_rbf_platt	60	10	0	val_auc	1.0	
svm_rbf_platt	60	10	0	val_pr_auc	0.9999999999999999	
svm_rbf_platt	60	10	0	val_accuracy	1.0	
svm_rbf_platt	60	10	0	val_f1	1.0	
svm_rbf_platt	60	10	0	cal_intercept	2.337793115517026	
svm_rbf_platt	60	10	0	cal_slope	5.926483297034675	
svm_rbf_platt	60	10	1	val_logloss	0.14380413626220345	
svm_rbf_platt	60	10	1	val_auc	1.0	
svm_rbf_platt	60	10	1	val_pr_auc	0.9999999999999999	
svm_rbf_platt	60	10	1	val_accuracy	0.95	
svm_rbf_platt	60	10	1	val_f1	0.9473684210526315	
svm_rbf_platt	60	10	1	cal_intercept	11.327959673748182	
svm_rbf_platt	60	10	1	cal_slope	11.100695901938826	
svm_rbf_platt	60	10	2	val_logloss	0.12022930108205059	
svm_rbf_platt	60	10	2	val_auc	1.0	
svm_rbf_platt	60	10	2	val_pr_auc	0.9999999999999999	
svm_rbf_platt	60	10	2	val_accuracy	0.95	
svm_rbf_platt	60	10	2	val_f1	0.9523809523809523	
svm_rbf_platt	60	10	2	cal_intercept	-15.870551309309342	
svm_rbf_platt	60	10	2	cal_slope	73.94654722982578	
svm_rbf_platt	60	10	3	val_logloss	0.3073158851724052	
svm_rbf_platt	60	10	3	val_auc	0.9393939393939394	
svm_rbf_platt	60	10	3	val_pr_auc	0.941919191919192	
svm_rbf_platt	60	10	3	val_accuracy	0.8	
svm_rbf_platt	60	10	3	val_f1	0.8	
svm_rbf_platt	60	10	3	cal_intercept	-0.8097769828391909	
svm_rbf_platt	60	10	3	cal_slope	1.0367020507268085	
svm_rbf_platt	45	1	0	val_logloss	0.19576642026821994	
svm_rbf_platt	45	1	0	val_auc	0.9797979797979798	
svm_rbf_platt	45	1	0	val_pr_auc	0.9765432098765432	
svm_rbf_platt	45	1	0	val_accuracy	0.9	
svm_rbf_platt	45	1	0	val_f1	0.8888888888888888	
svm_rbf_platt	45	1	0	cal_intercept	0.08941405281511952	
svm_rbf_platt	45	1	0	cal_slope	1.3670819224863324	
svm_rbf_platt	45	1	1	val_logloss	0.15703901214291335	
svm_rbf_platt	45	1	1	val_auc	0.99	
svm_rbf_platt	45	1	1	val_pr_auc	0.9909090909090909	
svm_rbf_platt	45	1	1	val_accuracy	0.95	
svm_rbf_platt	45	1	1	val_f1	0.9473684210526315	
svm_rbf_platt	45	1	1	cal_intercept	2.2963564967390044	
svm_rbf_platt	45	1	1	cal_slope	2.7245552562711937	
svm_rbf_platt	45	1	2	val_logloss	0.157006801729963	
svm_rbf_platt	45	1	2	val_auc	1.0	
svm_rbf_platt	45	1	2	val_pr_auc	0.9999999999999999	
svm_rbf_platt	45	1	2	val_accuracy	0.9	
svm_rbf_platt	45	1	2	val_f1	0.9090909090909091	
svm_rbf_platt	45	1	2	cal_intercept	-10.135233102173943	
svm_rbf_platt	45	1	2	cal_slope	8.397080399301617	
svm_rbf_platt	45	1	3	val_logloss	0.1142242521419196	
svm_rbf_platt	45	1	3	val_auc	1.0	
svm_rbf_platt	45	1	3	val_pr_auc	0.9999999999999999	
svm_rbf_platt	45	1	3	val_accuracy	0.95	
svm_rbf_platt	45	1	3	val_f1	0.9523809523809523	
svm_rbf_platt	45	1	3	cal_intercept	-20.14521949476557	
svm_rbf_platt	45	1	3	cal_slope	15.539102519611683	
svm_rbf_platt	45	2	0	val_logloss	0.2610104397438853	
svm_rbf_platt	45	2	0	val_auc	0.9800000000000001	
svm_rbf_platt	45	2	0	val_pr_auc	0.9833333333333334	
svm_rbf_platt	45	2	0	val_accuracy	0.85	
svm_rbf_platt	45	2	0	val_f1	0.8571428571428571	
svm_rbf_platt	45	2	0	cal_intercept	-1.4067429171265229	
svm_rbf_platt	45	2	0	cal_slope	1.1279688600228948	
svm_rbf_platt	45	2	1	val_logloss	0.0994979545713135	
svm_rbf_platt	45	2	1	val_auc	1.0	
svm_rbf_platt	45	2	1	val_pr_auc	1.0000000000000002	
svm_rbf_platt	45	2	1	val_accuracy	0.95	
svm_rbf_platt	45	2	1	val_f1	0.9473684210526315	
svm_rbf_platt	45	2	1	cal_intercept	-10.304557593025175	
svm_rbf_platt	45	2	1	cal_slope	6.008579009717642	
svm_rbf_platt	45	2	2	val_logloss	0.26039974241646724	
svm_rbf_platt	45	2	2	val_auc	0.9500000000000001	
svm_rbf_platt	45	2	2	val_pr_auc	0.9430122655122654	
svm_rbf_platt	45	2	2	val_accuracy	0.9	
svm_rbf_platt	45	2	2	val_f1	0.9	
svm_rbf_platt	45	2	2	cal_intercept	0.44192056100609156	
svm_rbf_platt	45	2	2	cal_slope	1.7182527085785413	
svm_rbf_platt	45	2	3	val_logloss	0.10356218688180194	
svm_rbf_platt	45	2	3	val_auc	1.0	
svm_rbf_platt	45	2	3	val_pr_auc	0.9999999999999999	
svm_rbf_platt	45	2	3	val_accuracy	1.0	
svm_rbf_platt	45	2	3	val_f1	1.0	
svm_rbf_platt	45	2	3	cal_intercept	3.232490740942736	
svm_rbf_platt	45	2	3	cal_slope	6.035933194484605	
svm_rbf_platt	45	3	0	val_logloss	0.09336446724158483	
svm_rbf_platt	45	3	0	val_auc	1.0	
svm_rbf_platt	45	3	0	val_pr_auc	0.9999999999999999	
svm_rbf_platt	45	3	0	val_accuracy	1.0	
svm_rbf_platt	45	3	0	val_f1	1.0	
svm_rbf_platt	45	3	0	cal_intercept	-0.17951282865362186	
svm_rbf_platt	45	3	0	cal_slope	6.9370181949374565	
svm_rbf_platt	45	3	1	val_logloss	0.18964986911063256	
svm_rbf_platt	45	3	1	val_auc	1.0	
svm_rbf_platt	45	3	1	val_pr_auc	0.9999999999999999	
svm_rbf_platt	45	3	1	val_accuracy	0.95	
svm_rbf_platt	45	3	1	val_f1	0.9473684210526315	
svm_rbf_platt	45	3	1	cal_intercept	10.76595566294869	
svm_rbf_platt	45	3	1	cal_slope	11.214065968914868	
svm_rbf_platt	45	3	2	val_logloss	0.18190107491814914	
svm_rbf_platt	45	3	2	val_auc	0.98	
svm_rbf_platt	45	3	2	val_pr_auc	0.9809090909090908	
svm_rbf_platt	45	3	2	val_accuracy	0.95	
svm_rbf_platt	45	3	2	val_f1	0.9523809523809523	
svm_rbf_platt	45	3	2	cal_intercept	-0.2826572278337383	
svm_rbf_platt	45	3	2	cal_slope	1.4552322781946694	
svm_rbf_platt	45	3	3	val_logloss	0.20801697535032465	
svm_rbf_platt	45	3	3	val_auc	0.9696969696969697	
svm_rbf_platt	45	3	3	val_pr_auc	0.9722222222222223	
svm_rbf_platt	45	3	3	val_accuracy	0.85	
svm_rbf_platt	45	3	3	val_f1	0.8421052631578947	
svm_rbf_platt	45	3	3	cal_intercept	-0.730478740001171	
svm_rbf_platt	45	3	3	cal_slope	1.4298969048520274	
svm_rbf_platt	45	4	0	val_logloss	0.23010995420893848	
svm_rbf_platt	45	4	0	val_auc	0.9797979797979797	
svm_rbf_platt	45	4	0	val_pr_auc	0.9797979797979799	
svm_rbf_platt	45	4	0	val_accuracy	0.85	
svm_rbf_platt	45	4	0	val_f1	0.8421052631578947	
svm_rbf_platt	45	4	0	cal_intercept	-1.0179317720845533	
svm_rbf_platt	45	4	0	cal_slope	1.0640964245845075	
svm_rbf_platt	45	4	1	val_logloss	0.1578822090701708	
svm_rbf_platt	45	4	1	val_auc	0.98	
svm_rbf_platt	45	4	1	val_pr_auc	0.9809090909090908	
svm_rbf_platt	45	4	1	val_accuracy	0.95	
svm_rbf_platt	45	4	1	val_f1	0.9523809523809523	
svm_rbf_platt	45	4	1	cal_intercept	-1.0576318369932343	
svm_rbf_platt	45	4	1	cal_slope	1.2788536250315872	
svm_rbf_platt	45	4	2	val_logloss	0.1517719083911266	
svm_rbf_platt	45	4	2	val_auc	0.99	
svm_rbf_platt	45	4	2	val_pr_auc	0.9909090909090909	
svm_rbf_platt	45	4	2	val_accuracy	0.95	
svm_rbf_platt	45	4	2	val_f1	0.9523809523809523	
svm_rbf_platt	45	4	2	cal_intercept	-2.373291138924432	
svm_rbf_platt	45	4	2	cal_slope	2.0064195226030623	
svm_rbf_platt	45	4	3	val_logloss	0.11867874042202309	
svm_rbf_platt	45	4	3	val_auc	1.0	
svm_rbf_platt	45	4	3	val_pr_auc	0.9999999999999999	
svm_rbf_platt	45	4	3	val_accuracy	1.0	
svm_rbf_platt	45	4	3	val_f1	1.0	
svm_rbf_platt	45	4	3	cal_intercept	-1.299575461629354	
svm_rbf_platt	45	4	3	cal_slope	14.39090685050339	
svm_rbf_platt	45	5	0	val_logloss	0.08524705051992795	
svm_rbf_platt	45	5	0	val_auc	1.0	
svm_rbf_platt	45	5	0	val_pr_auc	0.9999999999999999	
svm_rbf_platt	45	5	0	val_accuracy	1.0	
svm_rbf_platt	45	5	0	val_f1	1.0	
svm_rbf_platt	45	5	0	cal_intercept	3.4601558105513797	
svm_rbf_platt	45	5	0	cal_slope	6.700123265413465	
svm_rbf_platt	45	5	1	val_logloss	0.16554070563153195	
svm_rbf_platt	45	5	1	val_auc	1.0	
svm_rbf_platt	45	5	1	val_pr_auc	0.9999999999999999	
svm_rbf_platt	45	5	1	val_accuracy	0.95	
svm_rbf_platt	45	5	1	val_f1	0.9523809523809523	
svm_rbf_platt	45	5	1	cal_intercept	-73.93529902619021	
svm_rbf_platt	45	5	1	cal_slope	72.36172865193602	
svm_rbf_platt	45	5	2	val_logloss	0.25031854444752216	
svm_rbf_platt	45	5	2	val_auc	0.9600000000000001	
svm_rbf_platt	45	5	2	val_pr_auc	0.9622222222222222	
svm_rbf_platt	45	5	2	val_accuracy	0.85	
svm_rbf_platt	45	5	2	val_f1	0.8571428571428571	
svm_rbf_platt	45	5	2	cal_intercept	-0.31420659753884744	
svm_rbf_platt	45	5	2	cal_slope	1.2337151726916755	
svm_rbf_platt	45	5	3	val_logloss	0.19576832371094616	
svm_rbf_platt	45	5	3	val_auc	0.9797979797979797	
svm_rbf_platt	45	5	3	val_pr_auc	0.9797979797979799	
svm_rbf_platt	45	5	3	val_accuracy	0.9	
svm_rbf_platt	45	5	3	val_f1	0.875	
svm_rbf_platt	45	5	3	cal_intercept	3.1160387326764365	
svm_rbf_platt	45	5	3	cal_slope	2.0970064946982903	
svm_rbf_platt	45	6	0	val_logloss	0.1107591055828498	
svm_rbf_platt	45	6	0	val_auc	1.0	
svm_rbf_platt	45	6	0	val_pr_auc	1.0	
svm_rbf_platt	45	6	0	val_accuracy	0.95	
svm_rbf_platt	45	6	0	val_f1	0.9473684210526315	
svm_rbf_platt	45	6	0	cal_intercept	-11.246772796797439	
svm_rbf_platt	45	6	0	cal_slope	6.596974170306046	
svm_rbf_platt	45	6	1	val_logloss	0.24149432493139722	
svm_rbf_platt	45	6	1	val_auc	0.98	
svm_rbf_platt	45	6	1	val_pr_auc	0.9809090909090908	
svm_rbf_platt	45	6	1	val_accuracy	0.95	
svm_rbf_platt	45	6	1	val_f1	0.9523809523809523	
svm_rbf_platt	45	6	1	cal_intercept	-0.8791194119579963	
svm_rbf_platt	45	6	1	cal_slope	1.2451792579267793	
svm_rbf_platt	45	6	2	val_logloss	0.10280397885438189	
svm_rbf_platt	45	6	2	val_auc	1.0	
svm_rbf_platt	45	6	2	val_pr_auc	0.9999999999999999	
svm_rbf_platt	45	6	2	val_accuracy	1.0	
svm_rbf_platt	45	6	2	val_f1	1.0	
svm_rbf_platt	45	6	2	cal_intercept	4.777641892727961	
svm_rbf_platt	45	6	2	cal_slope	5.516937308492181	
svm_rbf_platt	45	6	3	val_logloss	0.2584612005335233	
svm_rbf_platt	45	6	3	val_auc	0.9500000000000001	
svm_rbf_platt	45	6	3	val_pr_auc	0.9497222222222222	
svm_rbf_platt	45	6	3	val_accuracy	0.9	
svm_rbf_platt	45	6	3	val_f1	0.9	
svm_rbf_platt	45	6	3	cal_intercept	0.13963340845694944	
svm_rbf_platt	45	6	3	cal_slope	1.007012387194709	
svm_rbf_platt	45	7	0	val_logloss	0.1708292698446114	
svm_rbf_platt	45	7	0	val_auc	0.99	
svm_rbf_platt	45	7	0	val_pr_auc	0.9909090909090909	
svm_rbf_platt	45	7	0	val_accuracy	0.95	
svm_rbf_platt	45	7	0	val_f1	0.9523809523809523	
svm_rbf_platt	45	7	0	cal_intercept	-2.838980555817297	
svm_rbf_platt	45	7	0	cal_slope	4.339600037830447	
svm_rbf_platt	45	7	1	val_logloss	0.18793638989962008	
svm_rbf_platt	45	7	1	val_auc	0.99	
svm_rbf_platt	45	7	1	val_pr_auc	0.9909090909090909	
svm_rbf_platt	45	7	1	val_accuracy	0.9	
svm_rbf_platt	45	7	1	val_f1	0.8888888888888888	
svm_rbf_platt	45	7	1	cal_intercept	3.6569518315856007	
svm_rbf_platt	45	7	1	cal_slope	2.5618612982280142	
svm_rbf_platt	45	7	2	val_logloss	0.1831669577158862	
svm_rbf_platt	45	7	2	val_auc	0.9800000000000001	
svm_rbf_platt	45	7	2	val_pr_auc	0.9833333333333333	
svm_rbf_platt	45	7	2	val_accuracy	0.85	
svm_rbf_platt	45	7	2	val_f1	0.8571428571428571	
svm_rbf_platt	45	7	2	cal_intercept	-0.7321143169114138	
svm_rbf_platt	45	7	2	cal_slope	1.652898139903429	
svm_rbf_platt	45	7	3	val_logloss	0.12990946657512198	
svm_rbf_platt	45	7	3	val_auc	1.0	
svm_rbf_platt	45	7	3	val_pr_auc	1.0000000000000002	
svm_rbf_platt	45	7	3	val_accuracy	0.95	
svm_rbf_platt	45	7	3	val_f1	0.9473684210526315	
svm_rbf_platt	45	7	3	cal_intercept	-28.30105067302068	
svm_rbf_platt	45	7	3	cal_slope	39.59434622641609	
svm_rbf_platt	45	8	0	val_logloss	0.09706192336588002	
svm_rbf_platt	45	8	0	val_auc	1.0	
svm_rbf_platt	45	8	0	val_pr_auc	1.0	
svm_rbf_platt	45	8	0	val_accuracy	1.0	
svm_rbf_platt	45	8	0	val_f1	1.0	
svm_rbf_platt	45	8	0	cal_intercept	-1.0534265855125817	
svm_rbf_platt	45	8	0	cal_slope	7.006311020643374	
svm_rbf_platt	45	8	1	val_logloss	0.2137655114862101	
svm_rbf_platt	45	8	1	val_auc	0.99	
svm_rbf_platt	45	8	1	val_pr_auc	0.9909090909090909	
svm_rbf_platt	45	8	1	val_accuracy	0.9	
svm_rbf_platt	45	8	1	val_f1	0.9	
svm_rbf_platt	45	8	1	cal_intercept	-0.5622263219666654	
svm_rbf_platt	45	8	1	cal_slope	1.0053822637595715	
svm_rbf_platt	45	8	2	val_logloss	0.15179383986922662	
svm_rbf_platt	45	8	2	val_auc	0.9898989898989898	
svm_rbf_platt	45	8	2	val_pr_auc	0.9888888888888892	
svm_rbf_platt	45	8	2	val_accuracy	0.95	
svm_rbf_platt	45	8	2	val_f1	0.9473684210526315	
svm_rbf_platt	45	8	2	cal_intercept	-7.191739852165412	
svm_rbf_platt	45	8	2	cal_slope	5.60153363796181	
svm_rbf_platt	45	8	3	val_logloss	0.13934300837526498	
svm_rbf_platt	45	8	3	val_auc	1.0	
svm_rbf_platt	45	8	3	val_pr_auc	0.9999999999999999	
svm_rbf_platt	45	8	3	val_accuracy	0.95	
svm_rbf_platt	45	8	3	val_f1	0.9473684210526315	
svm_rbf_platt	45	8	3	cal_intercept	7.342667068240644	
svm_rbf_platt	45	8	3	cal_slope	28.372411086817944	
svm_rbf_platt	45	9	0	val_logloss	0.14934191456741724	
svm_rbf_platt	45	9	0	val_auc	0.99	
svm_rbf_platt	45	9	0	val_pr_auc	0.9909090909090909	
svm_rbf_platt	45	9	0	val_accuracy	0.95	
svm_rbf_platt	45	9	0	val_f1	0.9523809523809523	
svm_rbf_platt	45	9	0	cal_intercept	-2.648537435664193	
svm_rbf_platt	45	9	0	cal_slope	2.3962248510546766	
svm_rbf_platt	45	9	1	val_logloss	0.2533490632351191	
svm_rbf_platt	45	9	1	val_auc	0.99	
svm_rbf_platt	45	9	1	val_pr_auc	0.9909090909090909	
svm_rbf_platt	45	9	1	val_accuracy	0.95	
svm_rbf_platt	45	9	1	val_f1	0.9523809523809523	
svm_rbf_platt	45	9	1	cal_intercept	-1.702100744393015	
svm_rbf_platt	45	9	1	cal_slope	9.385756660292056	
svm_rbf_platt	45	9	2	val_logloss	0.16059257522046325	
svm_rbf_platt	45	9	2	val_auc	0.98	
svm_rbf_platt	45	9	2	val_pr_auc	0.9809090909090908	
svm_rbf_platt	45	9	2	val_accuracy	0.9	
svm_rbf_platt	45	9	2	val_f1	0.9	
svm_rbf_platt	45	9	2	cal_intercept	0.11302057192032751	
svm_rbf_platt	45	9	2	cal_slope	1.27338150362479	
svm_rbf_platt	45	9	3	val_logloss	0.1512301004659784	
svm_rbf_platt	45	9	3	val_auc	1.0	
svm_rbf_platt	45	9	3	val_pr_auc	1.0000000000000002	
svm_rbf_platt	45	9	3	val_accuracy	0.95	
svm_rbf_platt	45	9	3	val_f1	0.9411764705882353	
svm_rbf_platt	45	9	3	cal_intercept	11.02527257826834	
svm_rbf_platt	45	9	3	cal_slope	16.13410696134408	
svm_rbf_platt	45	10	0	val_logloss	0.062175888138995515	
svm_rbf_platt	45	10	0	val_auc	1.0	
svm_rbf_platt	45	10	0	val_pr_auc	0.9999999999999999	
svm_rbf_platt	45	10	0	val_accuracy	1.0	
svm_rbf_platt	45	10	0	val_f1	1.0	
svm_rbf_platt	45	10	0	cal_intercept	2.432251671711787	
svm_rbf_platt	45	10	0	cal_slope	5.572076671159443	
svm_rbf_platt	45	10	1	val_logloss	0.1367975980113248	
svm_rbf_platt	45	10	1	val_auc	1.0	
svm_rbf_platt	45	10	1	val_pr_auc	0.9999999999999999	
svm_rbf_platt	45	10	1	val_accuracy	0.95	
svm_rbf_platt	45	10	1	val_f1	0.9473684210526315	
svm_rbf_platt	45	10	1	cal_intercept	11.546816876936436	
svm_rbf_platt	45	10	1	cal_slope	12.18250490072796	
svm_rbf_platt	45	10	2	val_logloss	0.21722366447313815	
svm_rbf_platt	45	10	2	val_auc	0.97	
svm_rbf_platt	45	10	2	val_pr_auc	0.9697979797979798	
svm_rbf_platt	45	10	2	val_accuracy	0.95	
svm_rbf_platt	45	10	2	val_f1	0.9523809523809523	
svm_rbf_platt	45	10	2	cal_intercept	-0.35677086724668633	
svm_rbf_platt	45	10	2	cal_slope	1.2225264671056508	
svm_rbf_platt	45	10	3	val_logloss	0.35897072586999174	
svm_rbf_platt	45	10	3	val_auc	0.9494949494949495	
svm_rbf_platt	45	10	3	val_pr_auc	0.9500000000000002	
svm_rbf_platt	45	10	3	val_accuracy	0.8	
svm_rbf_platt	45	10	3	val_f1	0.8	
svm_rbf_platt	45	10	3	cal_intercept	-1.063101755103852	
svm_rbf_platt	45	10	3	cal_slope	0.9384273197817834	
svm_rbf_platt	30	1	0	val_logloss	0.2197743449288201	
svm_rbf_platt	30	1	0	val_auc	0.9696969696969696	
svm_rbf_platt	30	1	0	val_pr_auc	0.9674523007856342	
svm_rbf_platt	30	1	0	val_accuracy	0.9	
svm_rbf_platt	30	1	0	val_f1	0.8888888888888888	
svm_rbf_platt	30	1	0	cal_intercept	0.1595144615393077	
svm_rbf_platt	30	1	0	cal_slope	1.180888321472545	
svm_rbf_platt	30	1	1	val_logloss	0.1468911590956936	
svm_rbf_platt	30	1	1	val_auc	1.0	
svm_rbf_platt	30	1	1	val_pr_auc	0.9999999999999999	
svm_rbf_platt	30	1	1	val_accuracy	0.95	
svm_rbf_platt	30	1	1	val_f1	0.9473684210526315	
svm_rbf_platt	30	1	1	cal_intercept	7.180124148804383	
svm_rbf_platt	30	1	1	cal_slope	16.14697213648459	
svm_rbf_platt	30	1	2	val_logloss	0.10333485847288135	
svm_rbf_platt	30	1	2	val_auc	1.0	
svm_rbf_platt	30	1	2	val_pr_auc	0.9999999999999999	
svm_rbf_platt	30	1	2	val_accuracy	1.0	
svm_rbf_platt	30	1	2	val_f1	1.0	
svm_rbf_platt	30	1	2	cal_intercept	-5.924784860655686	
svm_rbf_platt	30	1	2	cal_slope	9.54211415409191	
svm_rbf_platt	30	1	3	val_logloss	0.10991073098788148	
svm_rbf_platt	30	1	3	val_auc	1.0	
svm_rbf_platt	30	1	3	val_pr_auc	0.9999999999999999	
svm_rbf_platt	30	1	3	val_accuracy	1.0	
svm_rbf_platt	30	1	3	val_f1	1.0	
svm_rbf_platt	30	1	3	cal_intercept	-5.176098497207538	
svm_rbf_platt	30	1	3	cal_slope	11.245158610634894	
svm_rbf_platt	30	2	0	val_logloss	0.24696807958521627	
svm_rbf_platt	30	2	0	val_auc	0.9800000000000001	
svm_rbf_platt	30	2	0	val_pr_auc	0.9833333333333333	
svm_rbf_platt	30	2	0	val_accuracy	0.85	
svm_rbf_platt	30	2	0	val_f1	0.8571428571428571	
svm_rbf_platt	30	2	0	cal_intercept	-0.7717097807395299	
svm_rbf_platt	30	2	0	cal_slope	1.4755738259241227	
svm_rbf_platt	30	2	1	val_logloss	0.2664081677518512	
svm_rbf_platt	30	2	1	val_auc	1.0	
svm_rbf_platt	30	2	1	val_pr_auc	1.0000000000000002	
svm_rbf_platt	30	2	1	val_accuracy	0.95	
svm_rbf_platt	30	2	1	val_f1	0.9473684210526315	
svm_rbf_platt	30	2	1	cal_intercept	-6.446185392466042	
svm_rbf_platt	30	2	1	cal_slope	15.494302295662157	
svm_rbf_platt	30	2	2	val_logloss	0.29363148563838626	
svm_rbf_platt	30	2	2	val_auc	0.96	
svm_rbf_platt	30	2	2	val_pr_auc	0.9572979797979798	
svm_rbf_platt	30	2	2	val_accuracy	0.85	
svm_rbf_platt	30	2	2	val_f1	0.8421052631578947	
svm_rbf_platt	30	2	2	cal_intercept	0.8051767249299331	
svm_rbf_platt	30	2	2	cal_slope	1.8028585482802126	
svm_rbf_platt	30	2	3	val_logloss	0.09476345837637554	
svm_rbf_platt	30	2	3	val_auc	1.0	
svm_rbf_platt	30	2	3	val_pr_auc	0.9999999999999999	
svm_rbf_platt	30	2	3	val_accuracy	1.0	
svm_rbf_platt	30	2	3	val_f1	1.0	
svm_rbf_platt	30	2	3	cal_intercept	2.8881897440151856	
svm_rbf_platt	30	2	3	cal_slope	5.97882112106086	
svm_rbf_platt	30	3	0	val_logloss	0.129683472402378	
svm_rbf_platt	30	3	0	val_auc	1.0	
svm_rbf_platt	30	3	0	val_pr_auc	0.9999999999999999	
svm_rbf_platt	30	3	0	val_accuracy	1.0	
svm_rbf_platt	30	3	0	val_f1	1.0	
svm_rbf_platt	30	3	0	cal_intercept	-0.1932555513664993	
svm_rbf_platt	30	3	0	cal_slope	9.65705325985345	
svm_rbf_platt	30	3	1	val_logloss	0.1676685882198769	
svm_rbf_platt	30	3	1	val_auc	1.0	
svm_rbf_platt	30	3	1	val_pr_auc	0.9999999999999999	
svm_rbf_platt	30	3	1	val_accuracy	1.0	
svm_rbf_platt	30	3	1	val_f1	1.0	
svm_rbf_platt	30	3	1	cal_intercept	4.295553631032373	
svm_rbf_platt	30	3	1	cal_slope	9.522666814590565	
svm_rbf_platt	30	3	2	val_logloss	0.28424277950715726	
svm_rbf_platt	30	3	2	val_auc	0.96	
svm_rbf_platt	30	3	2	val_pr_auc	0.9572979797979798	
svm_rbf_platt	30	3	2	val_accuracy	0.9	
svm_rbf_platt	30	3	2	val_f1	0.9	
svm_rbf_platt	30	3	2	cal_intercept	0.10064134737186398	
svm_rbf_platt	30	3	2	cal_slope	2.1873565025652377	
svm_rbf_platt	30	3	3	val_logloss	0.25902048646318687	
svm_rbf_platt	30	3	3	val_auc	0.9696969696969697	
svm_rbf_platt	30	3	3	val_pr_auc	0.9722222222222223	
svm_rbf_platt	30	3	3	val_accuracy	0.85	
svm_rbf_platt	30	3	3	val_f1	0.8421052631578947	
svm_rbf_platt	30	3	3	cal_intercept	-0.7894314993255429	
svm_rbf_platt	30	3	3	cal_slope	1.1124427536040173	
svm_rbf_platt	30	4	0	val_logloss	0.17489732023869592	
svm_rbf_platt	30	4	0	val_auc	1.0	
svm_rbf_platt	30	4	0	val_pr_auc	1.0	
svm_rbf_platt	30	4	0	val_accuracy	1.0	
svm_rbf_platt	30	4	0	val_f1	1.0	
svm_rbf_platt	30	4	0	cal_intercept	-3.8640867666424867	
svm_rbf_platt	30	4	0	cal_slope	31.974365200982934	
svm_rbf_platt	30	4	1	val_logloss	0.15355874086534224	
svm_rbf_platt	30	4	1	val_auc	0.98	
svm_rbf_platt	30	4	1	val_pr_auc	0.9809090909090908	
svm_rbf_platt	30	4	1	val_accuracy	0.95	
svm_rbf_platt	30	4	1	val_f1	0.9523809523809523	
svm_rbf_platt	30	4	1	cal_intercept	-1.0577255832902466	
svm_rbf_platt	30	4	1	cal_slope	1.7714498952705753	
svm_rbf_platt	30	4	2	val_logloss	0.16730936633927027	
svm_rbf_platt	30	4	2	val_auc	0.98	
svm_rbf_platt	30	4	2	val_pr_auc	0.9809090909090908	
svm_rbf_platt	30	4	2	val_accuracy	0.95	
svm_rbf_platt	30	4	2	val_f1	0.9523809523809523	
svm_rbf_platt	30	4	2	cal_intercept	-0.8886535566992734	
svm_rbf_platt	30	4	2	cal_slope	1.554343254192878	
svm_rbf_platt	30	4	3	val_logloss	0.1241562636527556	
svm_rbf_platt	30	4	3	val_auc	1.0	
svm_rbf_platt	30	4	3	val_pr_auc	0.9999999999999999	
svm_rbf_platt	30	4	3	val_accuracy	1.0	
svm_rbf_platt	30	4	3	val_f1	1.0	
svm_rbf_platt	30	4	3	cal_intercept	-1.374551851367827	
svm_rbf_platt	30	4	3	cal_slope	11.940779755497623	
svm_rbf_platt	30	5	0	val_logloss	0.12367052246830856	
svm_rbf_platt	30	5	0	val_auc	1.0	
svm_rbf_platt	30	5	0	val_pr_auc	0.9999999999999999	
svm_rbf_platt	30	5	0	val_accuracy	1.0	
svm_rbf_platt	30	5	0	val_f1	1.0	
svm_rbf_platt	30	5	0	cal_intercept	6.220026381654499	
svm_rbf_platt	30	5	0	cal_slope	6.513623804318799	
svm_rbf_platt	30	5	1	val_logloss	0.18978769058231346	
svm_rbf_platt	30	5	1	val_auc	1.0	
svm_rbf_platt	30	5	1	val_pr_auc	0.9999999999999999	
svm_rbf_platt	30	5	1	val_accuracy	0.95	
svm_rbf_platt	30	5	1	val_f1	0.9523809523809523	
svm_rbf_platt	30	5	1	cal_intercept	-61.763917813528465	
svm_rbf_platt	30	5	1	cal_slope	55.02842418538685	
svm_rbf_platt	30	5	2	val_logloss	0.1907648866795118	
svm_rbf_platt	30	5	2	val_auc	0.99	
svm_rbf_platt	30	5	2	val_pr_auc	0.9909090909090909	
svm_rbf_platt	30	5	2	val_accuracy	0.9	
svm_rbf_platt	30	5	2	val_f1	0.9	
svm_rbf_platt	30	5	2	cal_intercept	-0.8487890781943541	
svm_rbf_platt	30	5	2	cal_slope	1.5521296050083138	
svm_rbf_platt	30	5	3	val_logloss	0.21347238735654467	
svm_rbf_platt	30	5	3	val_auc	1.0	
svm_rbf_platt	30	5	3	val_pr_auc	1.0000000000000002	
svm_rbf_platt	30	5	3	val_accuracy	0.9	
svm_rbf_platt	30	5	3	val_f1	0.875	
svm_rbf_platt	30	5	3	cal_intercept	19.91749966601468	
svm_rbf_platt	30	5	3	cal_slope	15.090867344642215	
svm_rbf_platt	30	6	0	val_logloss	0.15645360757319413	
svm_rbf_platt	30	6	0	val_auc	1.0	
svm_rbf_platt	30	6	0	val_pr_auc	1.0000000000000002	
svm_rbf_platt	30	6	0	val_accuracy	1.0	
svm_rbf_platt	30	6	0	val_f1	1.0	
svm_rbf_platt	30	6	0	cal_intercept	-6.04940803407828	
svm_rbf_platt	30	6	0	cal_slope	7.195599276999741	
svm_rbf_platt	30	6	1	val_logloss	0.29986829004029547	
svm_rbf_platt	30	6	1	val_auc	0.9500000000000001	
svm_rbf_platt	30	6	1	val_pr_auc	0.9497222222222222	
svm_rbf_platt	30	6	1	val_accuracy	0.85	
svm_rbf_platt	30	6	1	val_f1	0.8571428571428571	
svm_rbf_platt	30	6	1	cal_intercept	-0.680814049319062	
svm_rbf_platt	30	6	1	cal_slope	1.3837962109936244	
svm_rbf_platt	30	6	2	val_logloss	0.11396033841943361	
svm_rbf_platt	30	6	2	val_auc	1.0	
svm_rbf_platt	30	6	2	val_pr_auc	0.9999999999999999	
svm_rbf_platt	30	6	2	val_accuracy	1.0	
svm_rbf_platt	30	6	2	val_f1	1.0	
svm_rbf_platt	30	6	2	cal_intercept	3.850015208119352	
svm_rbf_platt	30	6	2	cal_slope	7.869407611456463	
svm_rbf_platt	30	6	3	val_logloss	0.32669031577042995	
svm_rbf_platt	30	6	3	val_auc	0.9500000000000001	
svm_rbf_platt	30	6	3	val_pr_auc	0.9497222222222222	
svm_rbf_platt	30	6	3	val_accuracy	0.8	
svm_rbf_platt	30	6	3	val_f1	0.7777777777777778	
svm_rbf_platt	30	6	3	cal_intercept	0.7642399453201597	
svm_rbf_platt	30	6	3	cal_slope	1.3801427833911608	
svm_rbf_platt	30	7	0	val_logloss	0.19831387564291478	
svm_rbf_platt	30	7	0	val_auc	0.98	
svm_rbf_platt	30	7	0	val_pr_auc	0.9809090909090908	
svm_rbf_platt	30	7	0	val_accuracy	0.95	
svm_rbf_platt	30	7	0	val_f1	0.9523809523809523	
svm_rbf_platt	30	7	0	cal_intercept	-2.583562928084052	
svm_rbf_platt	30	7	0	cal_slope	1.917568487552565	
svm_rbf_platt	30	7	1	val_logloss	0.3256406759065996	
svm_rbf_platt	30	7	1	val_auc	0.9700000000000001	
svm_rbf_platt	30	7	1	val_pr_auc	0.9733333333333333	
svm_rbf_platt	30	7	1	val_accuracy	0.85	
svm_rbf_platt	30	7	1	val_f1	0.8235294117647058	
svm_rbf_platt	30	7	1	cal_intercept	1.6678794726927073	
svm_rbf_platt	30	7	1	cal_slope	1.1055671941538183	
svm_rbf_platt	30	7	2	val_logloss	0.23476550357966733	
svm_rbf_platt	30	7	2	val_auc	0.9700000000000001	
svm_rbf_platt	30	7	2	val_pr_auc	0.9733333333333333	
svm_rbf_platt	30	7	2	val_accuracy	0.85	
svm_rbf_platt	30	7	2	val_f1	0.8571428571428571	
svm_rbf_platt	30	7	2	cal_intercept	-0.3021919726862254	
svm_rbf_platt	30	7	2	cal_slope	1.2870177965628582	
svm_rbf_platt	30	7	3	val_logloss	0.25771068479139564	
svm_rbf_platt	30	7	3	val_auc	0.9595959595959596	
svm_rbf_platt	30	7	3	val_pr_auc	0.9467813051146385	
svm_rbf_platt	30	7	3	val_accuracy	0.95	
svm_rbf_platt	30	7	3	val_f1	0.9473684210526315	
svm_rbf_platt	30	7	3	cal_intercept	-0.3294011367937443	
svm_rbf_platt	30	7	3	cal_slope	1.2461938681891822	
svm_rbf_platt	30	8	0	val_logloss	0.15524486510693922	
svm_rbf_platt	30	8	0	val_auc	1.0	
svm_rbf_platt	30	8	0	val_pr_auc	0.9999999999999999	
svm_rbf_platt	30	8	0	val_accuracy	1.0	
svm_rbf_platt	30	8	0	val_f1	1.0	
svm_rbf_platt	30	8	0	cal_intercept	-1.070526476081532	
svm_rbf_platt	30	8	0	cal_slope	8.476921319984154	
svm_rbf_platt	30	8	1	val_logloss	0.18503645835916308	
svm_rbf_platt	30	8	1	val_auc	0.99	
svm_rbf_platt	30	8	1	val_pr_auc	0.9909090909090909	
svm_rbf_platt	30	8	1	val_accuracy	0.9	
svm_rbf_platt	30	8	1	val_f1	0.9	
svm_rbf_platt	30	8	1	cal_intercept	0.20032919117730724	
svm_rbf_platt	30	8	1	cal_slope	1.5073232005222583	
svm_rbf_platt	30	8	2	val_logloss	0.18824004013529733	
svm_rbf_platt	30	8	2	val_auc	1.0	
svm_rbf_platt	30	8	2	val_pr_auc	1.0000000000000002	
svm_rbf_platt	30	8	2	val_accuracy	0.9	
svm_rbf_platt	30	8	2	val_f1	0.9	
svm_rbf_platt	30	8	2	cal_intercept	-128.28092849581253	
svm_rbf_platt	30	8	2	cal_slope	75.47838954462091	
svm_rbf_platt	30	8	3	val_logloss	0.19799453518076282	
svm_rbf_platt	30	8	3	val_auc	0.98	
svm_rbf_platt	30	8	3	val_pr_auc	0.9809090909090908	
svm_rbf_platt	30	8	3	val_accuracy	0.85	
svm_rbf_platt	30	8	3	val_f1	0.8421052631578947	
svm_rbf_platt	30	8	3	cal_intercept	0.5585763185316154	
svm_rbf_platt	30	8	3	cal_slope	2.0511674830850546	
svm_rbf_platt	30	9	0	val_logloss	0.12563147983041853	
svm_rbf_platt	30	9	0	val_auc	1.0	
svm_rbf_platt	30	9	0	val_pr_auc	0.9999999999999999	
svm_rbf_platt	30	9	0	val_accuracy	1.0	
svm_rbf_platt	30	9	0	val_f1	1.0	
svm_rbf_platt	30	9	0	cal_intercept	-0.20018536910254983	
svm_rbf_platt	30	9	0	cal_slope	22.8430656738572	
svm_rbf_platt	30	9	1	val_logloss	0.3917234158594566	
svm_rbf_platt	30	9	1	val_auc	0.89	
svm_rbf_platt	30	9	1	val_pr_auc	0.8812626262626263	
svm_rbf_platt	30	9	1	val_accuracy	0.85	
svm_rbf_platt	30	9	1	val_f1	0.8695652173913043	
svm_rbf_platt	30	9	1	cal_intercept	-0.8587293157777658	
svm_rbf_platt	30	9	1	cal_slope	1.0664144702507237	
svm_rbf_platt	30	9	2	val_logloss	0.2180368879540699	
svm_rbf_platt	30	9	2	val_auc	0.98	
svm_rbf_platt	30	9	2	val_pr_auc	0.9809090909090908	
svm_rbf_platt	30	9	2	val_accuracy	0.95	
svm_rbf_platt	30	9	2	val_f1	0.9523809523809523	
svm_rbf_platt	30	9	2	cal_intercept	-2.0573337441088118	
svm_rbf_platt	30	9	2	cal_slope	2.269260899859997	
svm_rbf_platt	30	9	3	val_logloss	0.13488289011461374	
svm_rbf_platt	30	9	3	val_auc	1.0	
svm_rbf_platt	30	9	3	val_pr_auc	1.0000000000000002	
svm_rbf_platt	30	9	3	val_accuracy	0.95	
svm_rbf_platt	30	9	3	val_f1	0.9411764705882353	
svm_rbf_platt	30	9	3	cal_intercept	7.579898158554533	
svm_rbf_platt	30	9	3	cal_slope	14.139706515661986	
svm_rbf_platt	30	10	0	val_logloss	0.14383577638107164	
svm_rbf_platt	30	10	0	val_auc	1.0	
svm_rbf_platt	30	10	0	val_pr_auc	0.9999999999999999	
svm_rbf_platt	30	10	0	val_accuracy	0.95	
svm_rbf_platt	30	10	0	val_f1	0.9473684210526315	
svm_rbf_platt	30	10	0	cal_intercept	11.8392338025848	
svm_rbf_platt	30	10	0	cal_slope	8.212794791921148	
svm_rbf_platt	30	10	1	val_logloss	0.2245619577667306	
svm_rbf_platt	30	10	1	val_auc	1.0	
svm_rbf_platt	30	10	1	val_pr_auc	0.9999999999999999	
svm_rbf_platt	30	10	1	val_accuracy	0.85	
svm_rbf_platt	30	10	1	val_f1	0.8235294117647058	
svm_rbf_platt	30	10	1	cal_intercept	13.77501701700515	
svm_rbf_platt	30	10	1	cal_slope	14.047665814809825	
svm_rbf_platt	30	10	2	val_logloss	0.20940704780017164	
svm_rbf_platt	30	10	2	val_auc	0.97	
svm_rbf_platt	30	10	2	val_pr_auc	0.9697979797979798	
svm_rbf_platt	30	10	2	val_accuracy	0.95	
svm_rbf_platt	30	10	2	val_f1	0.9523809523809523	
svm_rbf_platt	30	10	2	cal_intercept	-0.9375106303678578	
svm_rbf_platt	30	10	2	cal_slope	1.8716833190413957	
svm_rbf_platt	30	10	3	val_logloss	0.38458649329436023	
svm_rbf_platt	30	10	3	val_auc	0.9191919191919192	
svm_rbf_platt	30	10	3	val_pr_auc	0.9121572871572874	
svm_rbf_platt	30	10	3	val_accuracy	0.8	
svm_rbf_platt	30	10	3	val_f1	0.8	
svm_rbf_platt	30	10	3	cal_intercept	-0.6310561026417921	
svm_rbf_platt	30	10	3	cal_slope	0.9795891684612489	
svm_rbf_platt	20	1	0	val_logloss	0.2391974743387673	
svm_rbf_platt	20	1	0	val_auc	0.9696969696969696	
svm_rbf_platt	20	1	0	val_pr_auc	0.9674523007856342	
svm_rbf_platt	20	1	0	val_accuracy	0.9	
svm_rbf_platt	20	1	0	val_f1	0.8888888888888888	
svm_rbf_platt	20	1	0	cal_intercept	-0.28086005938910213	
svm_rbf_platt	20	1	0	cal_slope	1.5138844631278043	
svm_rbf_platt	20	1	1	val_logloss	0.18307705275232805	
svm_rbf_platt	20	1	1	val_auc	1.0	
svm_rbf_platt	20	1	1	val_pr_auc	0.9999999999999999	
svm_rbf_platt	20	1	1	val_accuracy	0.95	
svm_rbf_platt	20	1	1	val_f1	0.9473684210526315	
svm_rbf_platt	20	1	1	cal_intercept	11.649113942050093	
svm_rbf_platt	20	1	1	cal_slope	17.861379204576014	
svm_rbf_platt	20	1	2	val_logloss	0.14003031813695413	
svm_rbf_platt	20	1	2	val_auc	1.0	
svm_rbf_platt	20	1	2	val_pr_auc	0.9999999999999999	
svm_rbf_platt	20	1	2	val_accuracy	0.95	
svm_rbf_platt	20	1	2	val_f1	0.9523809523809523	
svm_rbf_platt	20	1	2	cal_intercept	-45.565410685009034	
svm_rbf_platt	20	1	2	cal_slope	228.59237101333946	
svm_rbf_platt	20	1	3	val_logloss	0.20266837620292102	
svm_rbf_platt	20	1	3	val_auc	1.0	
svm_rbf_platt	20	1	3	val_pr_auc	0.9999999999999999	
svm_rbf_platt	20	1	3	val_accuracy	0.95	
svm_rbf_platt	20	1	3	val_f1	0.9523809523809523	
svm_rbf_platt	20	1	3	cal_intercept	-19.81227216461471	
svm_rbf_platt	20	1	3	cal_slope	35.84198840364674	
svm_rbf_platt	20	2	0	val_logloss	0.3246251627377578	
svm_rbf_platt	20	2	0	val_auc	0.9600000000000001	
svm_rbf_platt	20	2	0	val_pr_auc	0.9651515151515152	
svm_rbf_platt	20	2	0	val_accuracy	0.85	
svm_rbf_platt	20	2	0	val_f1	0.8421052631578947	
svm_rbf_platt	20	2	0	cal_intercept	0.6872758394138563	
svm_rbf_platt	20	2	0	cal_slope	1.546372161498734	
svm_rbf_platt	20	2	1	val_logloss	0.15898370430268133	
svm_rbf_platt	20	2	1	val_auc	1.0	
svm_rbf_platt	20	2	1	val_pr_auc	1.0000000000000002	
svm_rbf_platt	20	2	1	val_accuracy	1.0	
svm_rbf_platt	20	2	1	val_f1	1.0	
svm_rbf_platt	20	2	1	cal_intercept	-2.271956369757043	
svm_rbf_platt	20	2	1	cal_slope	11.333056861144502	
svm_rbf_platt	20	2	2	val_logloss	0.36620699875579277	
svm_rbf_platt	20	2	2	val_auc	0.9199999999999999	
svm_rbf_platt	20	2	2	val_pr_auc	0.9208444333444333	
svm_rbf_platt	20	2	2	val_accuracy	0.8	
svm_rbf_platt	20	2	2	val_f1	0.8181818181818182	
svm_rbf_platt	20	2	2	cal_intercept	-0.45250959818105424	
svm_rbf_platt	20	2	2	cal_slope	1.5777135609984079	
svm_rbf_platt	20	2	3	val_logloss	0.09707149685329633	
svm_rbf_platt	20	2	3	val_auc	1.0	
svm_rbf_platt	20	2	3	val_pr_auc	0.9999999999999999	
svm_rbf_platt	20	2	3	val_accuracy	1.0	
svm_rbf_platt	20	2	3	val_f1	1.0	
svm_rbf_platt	20	2	3	cal_intercept	1.4326563130691352	
svm_rbf_platt	20	2	3	cal_slope	5.790708896943048	
svm_rbf_platt	20	3	0	val_logloss	0.09192025452068217	
svm_rbf_platt	20	3	0	val_auc	1.0	
svm_rbf_platt	20	3	0	val_pr_auc	0.9999999999999999	
svm_rbf_platt	20	3	0	val_accuracy	1.0	
svm_rbf_platt	20	3	0	val_f1	1.0	
svm_rbf_platt	20	3	0	cal_intercept	-3.1575153773317384	
svm_rbf_platt	20	3	0	cal_slope	5.076340500275772	
svm_rbf_platt	20	3	1	val_logloss	0.2877793309350963	
svm_rbf_platt	20	3	1	val_auc	1.0	
svm_rbf_platt	20	3	1	val_pr_auc	0.9999999999999999	
svm_rbf_platt	20	3	1	val_accuracy	0.95	
svm_rbf_platt	20	3	1	val_f1	0.9473684210526315	
svm_rbf_platt	20	3	1	cal_intercept	7.0540981535348735	
svm_rbf_platt	20	3	1	cal_slope	13.41608306678413	
svm_rbf_platt	20	3	2	val_logloss	0.40662615435294186	
svm_rbf_platt	20	3	2	val_auc	0.92	
svm_rbf_platt	20	3	2	val_pr_auc	0.9235317460317459	
svm_rbf_platt	20	3	2	val_accuracy	0.8	
svm_rbf_platt	20	3	2	val_f1	0.8333333333333334	
svm_rbf_platt	20	3	2	cal_intercept	-1.384025975238684	
svm_rbf_platt	20	3	2	cal_slope	1.6276237780780736	
svm_rbf_platt	20	3	3	val_logloss	0.3362958935240877	
svm_rbf_platt	20	3	3	val_auc	0.9595959595959596	
svm_rbf_platt	20	3	3	val_pr_auc	0.9575757575757577	
svm_rbf_platt	20	3	3	val_accuracy	0.8	
svm_rbf_platt	20	3	3	val_f1	0.8181818181818182	
svm_rbf_platt	20	3	3	cal_intercept	-2.061149677464399	
svm_rbf_platt	20	3	3	cal_slope	1.5643303134417805	
svm_rbf_platt	20	4	0	val_logloss	0.22819425141416386	
svm_rbf_platt	20	4	0	val_auc	1.0	
svm_rbf_platt	20	4	0	val_pr_auc	1.0	
svm_rbf_platt	20	4	0	val_accuracy	0.95	
svm_rbf_platt	20	4	0	val_f1	0.9473684210526315	
svm_rbf_platt	20	4	0	cal_intercept	-31.809252987404868	
svm_rbf_platt	20	4	0	cal_slope	136.3224679336556	
svm_rbf_platt	20	4	1	val_logloss	0.19022505283418523	
svm_rbf_platt	20	4	1	val_auc	0.98	
svm_rbf_platt	20	4	1	val_pr_auc	0.9809090909090908	
svm_rbf_platt	20	4	1	val_accuracy	0.95	
svm_rbf_platt	20	4	1	val_f1	0.9523809523809523	
svm_rbf_platt	20	4	1	cal_intercept	-0.1731149651228487	
svm_rbf_platt	20	4	1	cal_slope	1.6872307098528958	
svm_rbf_platt	20	4	2	val_logloss	0.18597463816019372	
svm_rbf_platt	20	4	2	val_auc	0.98	
svm_rbf_platt	20	4	2	val_pr_auc	0.9809090909090908	
svm_rbf_platt	20	4	2	val_accuracy	0.95	
svm_rbf_platt	20	4	2	val_f1	0.9523809523809523	
svm_rbf_platt	20	4	2	cal_intercept	-1.385364046203655	
svm_rbf_platt	20	4	2	cal_slope	1.565662375470547	
svm_rbf_platt	20	4	3	val_logloss	0.12534321556439548	
svm_rbf_platt	20	4	3	val_auc	1.0	
svm_rbf_platt	20	4	3	val_pr_auc	0.9999999999999999	
svm_rbf_platt	20	4	3	val_accuracy	1.0	
svm_rbf_platt	20	4	3	val_f1	1.0	
svm_rbf_platt	20	4	3	cal_intercept	0.8643286353824916	
svm_rbf_platt	20	4	3	cal_slope	11.591783810283472	
svm_rbf_platt	20	5	0	val_logloss	0.1393397421995233	
svm_rbf_platt	20	5	0	val_auc	1.0	
svm_rbf_platt	20	5	0	val_pr_auc	0.9999999999999999	
svm_rbf_platt	20	5	0	val_accuracy	1.0	
svm_rbf_platt	20	5	0	val_f1	1.0	
svm_rbf_platt	20	5	0	cal_intercept	1.6020649123659212	
svm_rbf_platt	20	5	0	cal_slope	8.386853094852487	
svm_rbf_platt	20	5	1	val_logloss	0.2970709161180258	
svm_rbf_platt	20	5	1	val_auc	0.98	
svm_rbf_platt	20	5	1	val_pr_auc	0.9809090909090908	
svm_rbf_platt	20	5	1	val_accuracy	0.95	
svm_rbf_platt	20	5	1	val_f1	0.9523809523809523	
svm_rbf_platt	20	5	1	cal_intercept	-1.2791899083301814	
svm_rbf_platt	20	5	1	cal_slope	2.876300949414136	
svm_rbf_platt	20	5	2	val_logloss	0.2136224368007153	
svm_rbf_platt	20	5	2	val_auc	0.99	
svm_rbf_platt	20	5	2	val_pr_auc	0.9909090909090909	
svm_rbf_platt	20	5	2	val_accuracy	0.95	
svm_rbf_platt	20	5	2	val_f1	0.9523809523809523	
svm_rbf_platt	20	5	2	cal_intercept	-0.7545069524148164	
svm_rbf_platt	20	5	2	cal_slope	2.3871593562348647	
svm_rbf_platt	20	5	3	val_logloss	0.31943832635745784	
svm_rbf_platt	20	5	3	val_auc	0.9393939393939394	
svm_rbf_platt	20	5	3	val_pr_auc	0.941919191919192	
svm_rbf_platt	20	5	3	val_accuracy	0.85	
svm_rbf_platt	20	5	3	val_f1	0.8	
svm_rbf_platt	20	5	3	cal_intercept	2.3271570540747972	
svm_rbf_platt	20	5	3	cal_slope	2.14523734598389	
svm_rbf_platt	20	6	0	val_logloss	0.24150791857281603	
svm_rbf_platt	20	6	0	val_auc	0.9898989898989898	
svm_rbf_platt	20	6	0	val_pr_auc	0.9888888888888892	
svm_rbf_platt	20	6	0	val_accuracy	0.95	
svm_rbf_platt	20	6	0	val_f1	0.9473684210526315	
svm_rbf_platt	20	6	0	cal_intercept	-2.099417359827823	
svm_rbf_platt	20	6	0	cal_slope	2.8535439390077597	
svm_rbf_platt	20	6	1	val_logloss	0.35932684229251444	
svm_rbf_platt	20	6	1	val_auc	0.9400000000000001	
svm_rbf_platt	20	6	1	val_pr_auc	0.9354365079365078	
svm_rbf_platt	20	6	1	val_accuracy	0.85	
svm_rbf_platt	20	6	1	val_f1	0.8571428571428571	
svm_rbf_platt	20	6	1	cal_intercept	-1.0782874314550732	
svm_rbf_platt	20	6	1	cal_slope	1.557703227718583	
svm_rbf_platt	20	6	2	val_logloss	0.13120499100445077	
svm_rbf_platt	20	6	2	val_auc	1.0	
svm_rbf_platt	20	6	2	val_pr_auc	0.9999999999999999	
svm_rbf_platt	20	6	2	val_accuracy	1.0	
svm_rbf_platt	20	6	2	val_f1	1.0	
svm_rbf_platt	20	6	2	cal_intercept	3.8096695883060034	
svm_rbf_platt	20	6	2	cal_slope	7.76542806724651	
svm_rbf_platt	20	6	3	val_logloss	0.28096502395443423	
svm_rbf_platt	20	6	3	val_auc	0.97	
svm_rbf_platt	20	6	3	val_pr_auc	0.9697979797979798	
svm_rbf_platt	20	6	3	val_accuracy	0.85	
svm_rbf_platt	20	6	3	val_f1	0.8421052631578947	
svm_rbf_platt	20	6	3	cal_intercept	0.5776919530653162	
svm_rbf_platt	20	6	3	cal_slope	2.348962160834247	
svm_rbf_platt	20	7	0	val_logloss	0.2147431732618419	
svm_rbf_platt	20	7	0	val_auc	0.99	
svm_rbf_platt	20	7	0	val_pr_auc	0.9909090909090909	
svm_rbf_platt	20	7	0	val_accuracy	0.9	
svm_rbf_platt	20	7	0	val_f1	0.9090909090909091	
svm_rbf_platt	20	7	0	cal_intercept	-4.904792837143257	
svm_rbf_platt	20	7	0	cal_slope	3.278063660762724	
svm_rbf_platt	20	7	1	val_logloss	0.3942377614574912	
svm_rbf_platt	20	7	1	val_auc	0.91	
svm_rbf_platt	20	7	1	val_pr_auc	0.9295482295482295	
svm_rbf_platt	20	7	1	val_accuracy	0.8	
svm_rbf_platt	20	7	1	val_f1	0.7777777777777778	
svm_rbf_platt	20	7	1	cal_intercept	0.8508021238345922	
svm_rbf_platt	20	7	1	cal_slope	1.2842419553604665	
svm_rbf_platt	20	7	2	val_logloss	0.23149351167035034	
svm_rbf_platt	20	7	2	val_auc	0.98	
svm_rbf_platt	20	7	2	val_pr_auc	0.9809090909090908	
svm_rbf_platt	20	7	2	val_accuracy	0.9	
svm_rbf_platt	20	7	2	val_f1	0.9	
svm_rbf_platt	20	7	2	cal_intercept	0.29055549232258165	
svm_rbf_platt	20	7	2	cal_slope	1.8717479987934384	
svm_rbf_platt	20	7	3	val_logloss	0.3065975343797568	
svm_rbf_platt	20	7	3	val_auc	0.9595959595959596	
svm_rbf_platt	20	7	3	val_pr_auc	0.9467813051146385	
svm_rbf_platt	20	7	3	val_accuracy	0.9	
svm_rbf_platt	20	7	3	val_f1	0.8888888888888888	
svm_rbf_platt	20	7	3	cal_intercept	-0.015303977166183882	
svm_rbf_platt	20	7	3	cal_slope	1.6112882906507782	
svm_rbf_platt	20	8	0	val_logloss	0.14826528348553558	
svm_rbf_platt	20	8	0	val_auc	1.0	
svm_rbf_platt	20	8	0	val_pr_auc	0.9999999999999999	
svm_rbf_platt	20	8	0	val_accuracy	0.95	
svm_rbf_platt	20	8	0	val_f1	0.9523809523809523	
svm_rbf_platt	20	8	0	cal_intercept	-6.914438987206147	
svm_rbf_platt	20	8	0	cal_slope	12.642887457750088	
svm_rbf_platt	20	8	1	val_logloss	0.3087553507647288	
svm_rbf_platt	20	8	1	val_auc	1.0	
svm_rbf_platt	20	8	1	val_pr_auc	0.9999999999999999	
svm_rbf_platt	20	8	1	val_accuracy	0.95	
svm_rbf_platt	20	8	1	val_f1	0.9523809523809523	
svm_rbf_platt	20	8	1	cal_intercept	-110.62954535379251	
svm_rbf_platt	20	8	1	cal_slope	148.81678891715882	
svm_rbf_platt	20	8	2	val_logloss	0.28417535795305515	
svm_rbf_platt	20	8	2	val_auc	0.9898989898989898	
svm_rbf_platt	20	8	2	val_pr_auc	0.9888888888888892	
svm_rbf_platt	20	8	2	val_accuracy	0.9	
svm_rbf_platt	20	8	2	val_f1	0.9	
svm_rbf_platt	20	8	2	cal_intercept	-4.463247076024197	
svm_rbf_platt	20	8	2	cal_slope	5.824111108887412	
svm_rbf_platt	20	8	3	val_logloss	0.24026662282437372	
svm_rbf_platt	20	8	3	val_auc	0.9700000000000001	
svm_rbf_platt	20	8	3	val_pr_auc	0.9733333333333333	
svm_rbf_platt	20	8	3	val_accuracy	0.9	
svm_rbf_platt	20	8	3	val_f1	0.9090909090909091	
svm_rbf_platt	20	8	3	cal_intercept	-1.5839632357325784	
svm_rbf_platt	20	8	3	cal_slope	2.155204572919058	
svm_rbf_platt	20	9	0	val_logloss	0.21629655170551554	
svm_rbf_platt	20	9	0	val_auc	0.99	
svm_rbf_platt	20	9	0	val_pr_auc	0.9909090909090909	
svm_rbf_platt	20	9	0	val_accuracy	0.95	
svm_rbf_platt	20	9	0	val_f1	0.9523809523809523	
svm_rbf_platt	20	9	0	cal_intercept	-2.1628816557049833	
svm_rbf_platt	20	9	0	cal_slope	4.255472507022569	
svm_rbf_platt	20	9	1	val_logloss	0.3464881228918234	
svm_rbf_platt	20	9	1	val_auc	0.9600000000000001	
svm_rbf_platt	20	9	1	val_pr_auc	0.9651515151515152	
svm_rbf_platt	20	9	1	val_accuracy	0.9	
svm_rbf_platt	20	9	1	val_f1	0.9090909090909091	
svm_rbf_platt	20	9	1	cal_intercept	-1.4911847353244396	
svm_rbf_platt	20	9	1	cal_slope	3.4841355321486165	
svm_rbf_platt	20	9	2	val_logloss	0.38323549931137785	
svm_rbf_platt	20	9	2	val_auc	0.97	
svm_rbf_platt	20	9	2	val_pr_auc	0.9769230769230769	
svm_rbf_platt	20	9	2	val_accuracy	0.8	
svm_rbf_platt	20	9	2	val_f1	0.8333333333333334	
svm_rbf_platt	20	9	2	cal_intercept	-5.440247847871449	
svm_rbf_platt	20	9	2	cal_slope	4.975527638101537	
svm_rbf_platt	20	9	3	val_logloss	0.29827421026999745	
svm_rbf_platt	20	9	3	val_auc	0.9797979797979797	
svm_rbf_platt	20	9	3	val_pr_auc	0.9797979797979799	
svm_rbf_platt	20	9	3	val_accuracy	0.9	
svm_rbf_platt	20	9	3	val_f1	0.8888888888888888	
svm_rbf_platt	20	9	3	cal_intercept	-0.8402831899839398	
svm_rbf_platt	20	9	3	cal_slope	3.0451487029356716	
svm_rbf_platt	20	10	0	val_logloss	0.1446213970099871	
svm_rbf_platt	20	10	0	val_auc	1.0	
svm_rbf_platt	20	10	0	val_pr_auc	0.9999999999999999	
svm_rbf_platt	20	10	0	val_accuracy	0.95	
svm_rbf_platt	20	10	0	val_f1	0.9473684210526315	
svm_rbf_platt	20	10	0	cal_intercept	6.787230142841253	
svm_rbf_platt	20	10	0	cal_slope	6.862656155905882	
svm_rbf_platt	20	10	1	val_logloss	0.1969002930492656	
svm_rbf_platt	20	10	1	val_auc	1.0	
svm_rbf_platt	20	10	1	val_pr_auc	0.9999999999999999	
svm_rbf_platt	20	10	1	val_accuracy	0.9	
svm_rbf_platt	20	10	1	val_f1	0.8888888888888888	
svm_rbf_platt	20	10	1	cal_intercept	7.476618026716913	
svm_rbf_platt	20	10	1	cal_slope	12.237724125300854	
svm_rbf_platt	20	10	2	val_logloss	0.2503290147033349	
svm_rbf_platt	20	10	2	val_auc	0.98	
svm_rbf_platt	20	10	2	val_pr_auc	0.9809090909090908	
svm_rbf_platt	20	10	2	val_accuracy	0.9	
svm_rbf_platt	20	10	2	val_f1	0.9090909090909091	
svm_rbf_platt	20	10	2	cal_intercept	-0.9498808650269324	
svm_rbf_platt	20	10	2	cal_slope	1.8029361572285345	
svm_rbf_platt	20	10	3	val_logloss	0.41530871964326305	
svm_rbf_platt	20	10	3	val_auc	0.898989898989899	
svm_rbf_platt	20	10	3	val_pr_auc	0.8872285122285124	
svm_rbf_platt	20	10	3	val_accuracy	0.8	
svm_rbf_platt	20	10	3	val_f1	0.8	
svm_rbf_platt	20	10	3	cal_intercept	-0.4842962015707184	
svm_rbf_platt	20	10	3	cal_slope	0.8542792213298341	
svm_rbf_platt	12	1	0	val_logloss	0.40056941812308644	
svm_rbf_platt	12	1	0	val_auc	0.9292929292929293	
svm_rbf_platt	12	1	0	val_pr_auc	0.9380952380952383	
svm_rbf_platt	12	1	0	val_accuracy	0.85	
svm_rbf_platt	12	1	0	val_f1	0.8235294117647058	
svm_rbf_platt	12	1	0	cal_intercept	0.1659086462489418	
svm_rbf_platt	12	1	0	cal_slope	2.0868258421774932	
svm_rbf_platt	12	1	1	val_logloss	0.3154001571913405	
svm_rbf_platt	12	1	1	val_auc	0.9700000000000001	
svm_rbf_platt	12	1	1	val_pr_auc	0.9733333333333333	
svm_rbf_platt	12	1	1	val_accuracy	0.9	
svm_rbf_platt	12	1	1	val_f1	0.8888888888888888	
svm_rbf_platt	12	1	1	cal_intercept	2.075681665127595	
svm_rbf_platt	12	1	1	cal_slope	2.2497474423353667	
svm_rbf_platt	12	1	2	val_logloss	0.25226262271828864	
svm_rbf_platt	12	1	2	val_auc	1.0	
svm_rbf_platt	12	1	2	val_pr_auc	0.9999999999999999	
svm_rbf_platt	12	1	2	val_accuracy	1.0	
svm_rbf_platt	12	1	2	val_f1	1.0	
svm_rbf_platt	12	1	2	cal_intercept	-0.6520157666293422	
svm_rbf_platt	12	1	2	cal_slope	22.908080822334732	
svm_rbf_platt	12	1	3	val_logloss	0.3180066871481478	
svm_rbf_platt	12	1	3	val_auc	0.9500000000000001	
svm_rbf_platt	12	1	3	val_pr_auc	0.9430122655122654	
svm_rbf_platt	12	1	3	val_accuracy	0.8	
svm_rbf_platt	12	1	3	val_f1	0.7777777777777778	
svm_rbf_platt	12	1	3	cal_intercept	0.8106411234767245	
svm_rbf_platt	12	1	3	cal_slope	2.575862842771265	
svm_rbf_platt	12	2	0	val_logloss	0.42126096063648744	
svm_rbf_platt	12	2	0	val_auc	0.95	
svm_rbf_platt	12	2	0	val_pr_auc	0.9587412587412589	
svm_rbf_platt	12	2	0	val_accuracy	0.8	
svm_rbf_platt	12	2	0	val_f1	0.8	
svm_rbf_platt	12	2	0	cal_intercept	0.14133184713973687	
svm_rbf_platt	12	2	0	cal_slope	2.55070151906666	
svm_rbf_platt	12	2	1	val_logloss	0.25828637573592605	
svm_rbf_platt	12	2	1	val_auc	1.0	
svm_rbf_platt	12	2	1	val_pr_auc	1.0000000000000002	
svm_rbf_platt	12	2	1	val_accuracy	1.0	
svm_rbf_platt	12	2	1	val_f1	1.0	
svm_rbf_platt	12	2	1	cal_intercept	2.1101079474893014	
svm_rbf_platt	12	2	1	cal_slope	23.102621384088064	
svm_rbf_platt	12	2	2	val_logloss	0.42284282151171826	
svm_rbf_platt	12	2	2	val_auc	0.9299999999999999	
svm_rbf_platt	12	2	2	val_pr_auc	0.9290262515262514	
svm_rbf_platt	12	2	2	val_accuracy	0.7	
svm_rbf_platt	12	2	2	val_f1	0.625	
svm_rbf_platt	12	2	2	cal_intercept	1.3034431557979897	
svm_rbf_platt	12	2	2	cal_slope	1.9823629182256521	
svm_rbf_platt	12	2	3	val_logloss	0.27845027284473656	
svm_rbf_platt	12	2	3	val_auc	1.0	
svm_rbf_platt	12	2	3	val_pr_auc	0.9999999999999999	
svm_rbf_platt	12	2	3	val_accuracy	1.0	
svm_rbf_platt	12	2	3	val_f1	1.0	
svm_rbf_platt	12	2	3	cal_intercept	-1.7190082025711935	
svm_rbf_platt	12	2	3	cal_slope	11.353345032017144	
svm_rbf_platt	12	3	0	val_logloss	0.1522552516403386	
svm_rbf_platt	12	3	0	val_auc	1.0	
svm_rbf_platt	12	3	0	val_pr_auc	0.9999999999999999	
svm_rbf_platt	12	3	0	val_accuracy	1.0	
svm_rbf_platt	12	3	0	val_f1	1.0	
svm_rbf_platt	12	3	0	cal_intercept	-2.49048907926622	
svm_rbf_platt	12	3	0	cal_slope	7.272042291880695	
svm_rbf_platt	12	3	1	val_logloss	0.5327586175406254	
svm_rbf_platt	12	3	1	val_auc	0.84	
svm_rbf_platt	12	3	1	val_pr_auc	0.8671031746031745	
svm_rbf_platt	12	3	1	val_accuracy	0.8	
svm_rbf_platt	12	3	1	val_f1	0.8181818181818182	
svm_rbf_platt	12	3	1	cal_intercept	-0.4521747271737722	
svm_rbf_platt	12	3	1	cal_slope	2.7184839417109203	
svm_rbf_platt	12	3	2	val_logloss	0.4000412363541005	
svm_rbf_platt	12	3	2	val_auc	0.9500000000000001	
svm_rbf_platt	12	3	2	val_pr_auc	0.9614285714285714	
svm_rbf_platt	12	3	2	val_accuracy	0.75	
svm_rbf_platt	12	3	2	val_f1	0.8	
svm_rbf_platt	12	3	2	cal_intercept	-2.8381702789974055	
svm_rbf_platt	12	3	2	cal_slope	2.9778430516747387	
svm_rbf_platt	12	3	3	val_logloss	0.5884099068660207	
svm_rbf_platt	12	3	3	val_auc	0.8282828282828282	
svm_rbf_platt	12	3	3	val_pr_auc	0.8308820808820809	
svm_rbf_platt	12	3	3	val_accuracy	0.7	
svm_rbf_platt	12	3	3	val_f1	0.7272727272727273	
svm_rbf_platt	12	3	3	cal_intercept	-1.070077115807718	
svm_rbf_platt	12	3	3	cal_slope	1.0481499050477263	
svm_rbf_platt	12	4	0	val_logloss	0.42527535100774577	
svm_rbf_platt	12	4	0	val_auc	0.9090909090909092	
svm_rbf_platt	12	4	0	val_pr_auc	0.9057470307470308	
svm_rbf_platt	12	4	0	val_accuracy	0.8	
svm_rbf_platt	12	4	0	val_f1	0.8181818181818182	
svm_rbf_platt	12	4	0	cal_intercept	-1.6682900331083559	
svm_rbf_platt	12	4	0	cal_slope	2.5174433679978807	
svm_rbf_platt	12	4	1	val_logloss	0.2696979488511778	
svm_rbf_platt	12	4	1	val_auc	0.9800000000000001	
svm_rbf_platt	12	4	1	val_pr_auc	0.9833333333333333	
svm_rbf_platt	12	4	1	val_accuracy	0.9	
svm_rbf_platt	12	4	1	val_f1	0.9	
svm_rbf_platt	12	4	1	cal_intercept	-0.17756593241237328	
svm_rbf_platt	12	4	1	cal_slope	3.379917627831218	
svm_rbf_platt	12	4	2	val_logloss	0.22863798235119087	
svm_rbf_platt	12	4	2	val_auc	0.97	
svm_rbf_platt	12	4	2	val_pr_auc	0.9697979797979798	
svm_rbf_platt	12	4	2	val_accuracy	0.95	
svm_rbf_platt	12	4	2	val_f1	0.9523809523809523	
svm_rbf_platt	12	4	2	cal_intercept	-1.0034925515746675	
svm_rbf_platt	12	4	2	cal_slope	1.1854330382907559	
svm_rbf_platt	12	4	3	val_logloss	0.27399205600927284	
svm_rbf_platt	12	4	3	val_auc	1.0	
svm_rbf_platt	12	4	3	val_pr_auc	0.9999999999999999	
svm_rbf_platt	12	4	3	val_accuracy	0.95	
svm_rbf_platt	12	4	3	val_f1	0.9523809523809523	
svm_rbf_platt	12	4	3	cal_intercept	-7.088887438208763	
svm_rbf_platt	12	4	3	cal_slope	21.310088077406622	
svm_rbf_platt	12	5	0	val_logloss	0.2219312897366128	
svm_rbf_platt	12	5	0	val_auc	1.0	
svm_rbf_platt	12	5	0	val_pr_auc	0.9999999999999999	
svm_rbf_platt	12	5	0	val_accuracy	1.0	
svm_rbf_platt	12	5	0	val_f1	1.0	
svm_rbf_platt	12	5	0	cal_intercept	3.9103392069538434	
svm_rbf_platt	12	5	0	cal_slope	10.667206739874926	
svm_rbf_platt	12	5	1	val_logloss	0.31160662044735943	
svm_rbf_platt	12	5	1	val_auc	0.98	
svm_rbf_platt	12	5	1	val_pr_auc	0.9809090909090908	
svm_rbf_platt	12	5	1	val_accuracy	0.9	
svm_rbf_platt	12	5	1	val_f1	0.9090909090909091	
svm_rbf_platt	12	5	1	cal_intercept	-2.014980582098736	
svm_rbf_platt	12	5	1	cal_slope	2.8365793419136414	
svm_rbf_platt	12	5	2	val_logloss	0.28050922858612315	
svm_rbf_platt	12	5	2	val_auc	0.98	
svm_rbf_platt	12	5	2	val_pr_auc	0.9809090909090908	
svm_rbf_platt	12	5	2	val_accuracy	0.9	
svm_rbf_platt	12	5	2	val_f1	0.9	
svm_rbf_platt	12	5	2	cal_intercept	-0.2828930069913842	
svm_rbf_platt	12	5	2	cal_slope	2.64495607120859	
svm_rbf_platt	12	5	3	val_logloss	0.16748403704846365	
svm_rbf_platt	12	5	3	val_auc	0.9797979797979797	
svm_rbf_platt	12	5	3	val_pr_auc	0.9797979797979799	
svm_rbf_platt	12	5	3	val_accuracy	0.9	
svm_rbf_platt	12	5	3	val_f1	0.8888888888888888	
svm_rbf_platt	12	5	3	cal_intercept	-0.6363835508976273	
svm_rbf_platt	12	5	3	cal_slope	0.931281131920575	
svm_rbf_platt	12	6	0	val_logloss	0.3369159272464777	
svm_rbf_platt	12	6	0	val_auc	1.0	
svm_rbf_platt	12	6	0	val_pr_auc	1.0000000000000002	
svm_rbf_platt	12	6	0	val_accuracy	0.95	
svm_rbf_platt	12	6	0	val_f1	0.9473684210526315	
svm_rbf_platt	12	6	0	cal_intercept	-30.40239558086267	
svm_rbf_platt	12	6	0	cal_slope	415.2615551122501	
svm_rbf_platt	12	6	1	val_logloss	0.33985097845264556	
svm_rbf_platt	12	6	1	val_auc	0.97	
svm_rbf_platt	12	6	1	val_pr_auc	0.9769230769230769	
svm_rbf_platt	12	6	1	val_accuracy	0.8	
svm_rbf_platt	12	6	1	val_f1	0.8181818181818182	
svm_rbf_platt	12	6	1	cal_intercept	-1.651021878477788	
svm_rbf_platt	12	6	1	cal_slope	1.5229013705520096	
svm_rbf_platt	12	6	2	val_logloss	0.27781202764182983	
svm_rbf_platt	12	6	2	val_auc	1.0	
svm_rbf_platt	12	6	2	val_pr_auc	0.9999999999999999	
svm_rbf_platt	12	6	2	val_accuracy	0.95	
svm_rbf_platt	12	6	2	val_f1	0.9523809523809523	
svm_rbf_platt	12	6	2	cal_intercept	-171.58384128698768	
svm_rbf_platt	12	6	2	cal_slope	510.13301768457427	
svm_rbf_platt	12	6	3	val_logloss	0.4196354758298774	
svm_rbf_platt	12	6	3	val_auc	0.9400000000000001	
svm_rbf_platt	12	6	3	val_pr_auc	0.9263455988455987	
svm_rbf_platt	12	6	3	val_accuracy	0.7	
svm_rbf_platt	12	6	3	val_f1	0.625	
svm_rbf_platt	12	6	3	cal_intercept	1.3898756560209378	
svm_rbf_platt	12	6	3	cal_slope	1.563452753592996	
svm_rbf_platt	12	7	0	val_logloss	0.41601898192524905	
svm_rbf_platt	12	7	0	val_auc	0.9500000000000001	
svm_rbf_platt	12	7	0	val_pr_auc	0.9497222222222224	
svm_rbf_platt	12	7	0	val_accuracy	0.85	
svm_rbf_platt	12	7	0	val_f1	0.8695652173913043	
svm_rbf_platt	12	7	0	cal_intercept	-4.355064967868998	
svm_rbf_platt	12	7	0	cal_slope	3.1875362543654973	
svm_rbf_platt	12	7	1	val_logloss	0.6526854515301511	
svm_rbf_platt	12	7	1	val_auc	0.98	
svm_rbf_platt	12	7	1	val_pr_auc	0.9809090909090908	
svm_rbf_platt	12	7	1	val_accuracy	0.75	
svm_rbf_platt	12	7	1	val_f1	0.6666666666666666	
svm_rbf_platt	12	7	1	cal_intercept	7.370429728978366	
svm_rbf_platt	12	7	1	cal_slope	2.0474820857310814	
svm_rbf_platt	12	7	2	val_logloss	0.35594225699389115	
svm_rbf_platt	12	7	2	val_auc	0.9500000000000001	
svm_rbf_platt	12	7	2	val_pr_auc	0.9497222222222222	
svm_rbf_platt	12	7	2	val_accuracy	0.85	
svm_rbf_platt	12	7	2	val_f1	0.8571428571428571	
svm_rbf_platt	12	7	2	cal_intercept	-0.6107901175981499	
svm_rbf_platt	12	7	2	cal_slope	1.5919126135166153	
svm_rbf_platt	12	7	3	val_logloss	0.2950471655643641	
svm_rbf_platt	12	7	3	val_auc	0.9595959595959596	
svm_rbf_platt	12	7	3	val_pr_auc	0.9467813051146385	
svm_rbf_platt	12	7	3	val_accuracy	0.9	
svm_rbf_platt	12	7	3	val_f1	0.8888888888888888	
svm_rbf_platt	12	7	3	cal_intercept	-0.5356222871860403	
svm_rbf_platt	12	7	3	cal_slope	1.4761437075556485	
svm_rbf_platt	12	8	0	val_logloss	0.30746831676765485	
svm_rbf_platt	12	8	0	val_auc	1.0	
svm_rbf_platt	12	8	0	val_pr_auc	0.9999999999999999	
svm_rbf_platt	12	8	0	val_accuracy	0.95	
svm_rbf_platt	12	8	0	val_f1	0.9473684210526315	
svm_rbf_platt	12	8	0	cal_intercept	8.08086895418298	
svm_rbf_platt	12	8	0	cal_slope	25.51770028555649	
svm_rbf_platt	12	8	1	val_logloss	0.47347136022229036	
svm_rbf_platt	12	8	1	val_auc	0.99	
svm_rbf_platt	12	8	1	val_pr_auc	0.9909090909090909	
svm_rbf_platt	12	8	1	val_accuracy	0.95	
svm_rbf_platt	12	8	1	val_f1	0.9473684210526315	
svm_rbf_platt	12	8	1	cal_intercept	2.9847028984870816	
svm_rbf_platt	12	8	1	cal_slope	20.212736377691044	
svm_rbf_platt	12	8	2	val_logloss	0.3567650555730676	
svm_rbf_platt	12	8	2	val_auc	0.9797979797979797	
svm_rbf_platt	12	8	2	val_pr_auc	0.9797979797979799	
svm_rbf_platt	12	8	2	val_accuracy	0.9	
svm_rbf_platt	12	8	2	val_f1	0.9	
svm_rbf_platt	12	8	2	cal_intercept	-2.8344404565094035	
svm_rbf_platt	12	8	2	cal_slope	5.386083714211613	
svm_rbf_platt	12	8	3	val_logloss	0.250737787218367	
svm_rbf_platt	12	8	3	val_auc	0.9700000000000001	
svm_rbf_platt	12	8	3	val_pr_auc	0.9733333333333333	
svm_rbf_platt	12	8	3	val_accuracy	0.9	
svm_rbf_platt	12	8	3	val_f1	0.9	
svm_rbf_platt	12	8	3	cal_intercept	-0.2654948526162831	
svm_rbf_platt	12	8	3	cal_slope	2.080323212223719	
svm_rbf_platt	12	9	0	val_logloss	0.2867510943113182	
svm_rbf_platt	12	9	0	val_auc	1.0	
svm_rbf_platt	12	9	0	val_pr_auc	0.9999999999999999	
svm_rbf_platt	12	9	0	val_accuracy	0.9	
svm_rbf_platt	12	9	0	val_f1	0.9090909090909091	
svm_rbf_platt	12	9	0	cal_intercept	-90.79305424989585	
svm_rbf_platt	12	9	0	cal_slope	85.85112472038759	
svm_rbf_platt	12	9	1	val_logloss	0.29824856655165605	
svm_rbf_platt	12	9	1	val_auc	0.97	
svm_rbf_platt	12	9	1	val_pr_auc	0.9697979797979798	
svm_rbf_platt	12	9	1	val_accuracy	0.9	
svm_rbf_platt	12	9	1	val_f1	0.9	
svm_rbf_platt	12	9	1	cal_intercept	0.2127414947570418	
svm_rbf_platt	12	9	1	cal_slope	5.331198762739683	
svm_rbf_platt	12	9	2	val_logloss	0.34182093956035875	
svm_rbf_platt	12	9	2	val_auc	0.9500000000000001	
svm_rbf_platt	12	9	2	val_pr_auc	0.9430122655122654	
svm_rbf_platt	12	9	2	val_accuracy	0.9	
svm_rbf_platt	12	9	2	val_f1	0.9	
svm_rbf_platt	12	9	2	cal_intercept	-0.3309039742733589	
svm_rbf_platt	12	9	2	cal_slope	1.5459674905932106	
svm_rbf_platt	12	9	3	val_logloss	0.36858521438673747	
svm_rbf_platt	12	9	3	val_auc	0.9595959595959596	
svm_rbf_platt	12	9	3	val_pr_auc	0.9658119658119659	
svm_rbf_platt	12	9	3	val_accuracy	0.9	
svm_rbf_platt	12	9	3	val_f1	0.875	
svm_rbf_platt	12	9	3	cal_intercept	1.207942626350772	
svm_rbf_platt	12	9	3	cal_slope	3.334482281930829	
svm_rbf_platt	12	10	0	val_logloss	0.21227639274579907	
svm_rbf_platt	12	10	0	val_auc	1.0	
svm_rbf_platt	12	10	0	val_pr_auc	0.9999999999999999	
svm_rbf_platt	12	10	0	val_accuracy	1.0	
svm_rbf_platt	12	10	0	val_f1	1.0	
svm_rbf_platt	12	10	0	cal_intercept	5.96784231295021	
svm_rbf_platt	12	10	0	cal_slope	11.890237907232097	
svm_rbf_platt	12	10	1	val_logloss	0.33903393117006864	
svm_rbf_platt	12	10	1	val_auc	0.9400000000000001	
svm_rbf_platt	12	10	1	val_pr_auc	0.9451515151515152	
svm_rbf_platt	12	10	1	val_accuracy	0.85	
svm_rbf_platt	12	10	1	val_f1	0.8571428571428571	
svm_rbf_platt	12	10	1	cal_intercept	0.2884133598245784	
svm_rbf_platt	12	10	1	cal_slope	3.2011969088609273	
svm_rbf_platt	12	10	2	val_logloss	0.25896781704207567	
svm_rbf_platt	12	10	2	val_auc	0.99	
svm_rbf_platt	12	10	2	val_pr_auc	0.9909090909090909	
svm_rbf_platt	12	10	2	val_accuracy	0.95	
svm_rbf_platt	12	10	2	val_f1	0.9473684210526315	
svm_rbf_platt	12	10	2	cal_intercept	1.2040450755263186	
svm_rbf_platt	12	10	2	cal_slope	5.207378544449959	
svm_rbf_platt	12	10	3	val_logloss	0.4436248727049984	
svm_rbf_platt	12	10	3	val_auc	0.8888888888888888	
svm_rbf_platt	12	10	3	val_pr_auc	0.8808080808080809	
svm_rbf_platt	12	10	3	val_accuracy	0.85	
svm_rbf_platt	12	10	3	val_f1	0.8571428571428571	
svm_rbf_platt	12	10	3	cal_intercept	-1.432149664736768	
svm_rbf_platt	12	10	3	cal_slope	1.563358064429857	
svm_rbf_platt	8	1	0	val_logloss	0.5357020578248697	
svm_rbf_platt	8	1	0	val_auc	0.8888888888888888	
svm_rbf_platt	8	1	0	val_pr_auc	0.9143518518518519	
svm_rbf_platt	8	1	0	val_accuracy	0.8	
svm_rbf_platt	8	1	0	val_f1	0.7777777777777778	
svm_rbf_platt	8	1	0	cal_intercept	-0.22498692838521184	
svm_rbf_platt	8	1	0	cal_slope	4.362872411488132	
svm_rbf_platt	8	1	1	val_logloss	0.294376957665809	
svm_rbf_platt	8	1	1	val_auc	0.9600000000000001	
svm_rbf_platt	8	1	1	val_pr_auc	0.9651515151515152	
svm_rbf_platt	8	1	1	val_accuracy	0.9	
svm_rbf_platt	8	1	1	val_f1	0.8888888888888888	
svm_rbf_platt	8	1	1	cal_intercept	0.5556843733409149	
svm_rbf_platt	8	1	1	cal_slope	1.6455201856280466	
svm_rbf_platt	8	1	2	val_logloss	0.2023423222493792	
svm_rbf_platt	8	1	2	val_auc	0.99	
svm_rbf_platt	8	1	2	val_pr_auc	0.9909090909090909	
svm_rbf_platt	8	1	2	val_accuracy	0.95	
svm_rbf_platt	8	1	2	val_f1	0.9473684210526315	
svm_rbf_platt	8	1	2	cal_intercept	2.0519821552680475	
svm_rbf_platt	8	1	2	cal_slope	3.728355335796171	
svm_rbf_platt	8	1	3	val_logloss	0.3393308694947293	
svm_rbf_platt	8	1	3	val_auc	0.9500000000000001	
svm_rbf_platt	8	1	3	val_pr_auc	0.9430122655122654	
svm_rbf_platt	8	1	3	val_accuracy	0.8	
svm_rbf_platt	8	1	3	val_f1	0.7777777777777778	
svm_rbf_platt	8	1	3	cal_intercept	1.196430201735245	
svm_rbf_platt	8	1	3	cal_slope	2.5650234356756023	
svm_rbf_platt	8	2	0	val_logloss	0.4023716848633607	
svm_rbf_platt	8	2	0	val_auc	0.9400000000000001	
svm_rbf_platt	8	2	0	val_pr_auc	0.9532467532467531	
svm_rbf_platt	8	2	0	val_accuracy	0.8	
svm_rbf_platt	8	2	0	val_f1	0.8333333333333334	
svm_rbf_platt	8	2	0	cal_intercept	-1.6083884855642638	
svm_rbf_platt	8	2	0	cal_slope	2.9965494169981413	
svm_rbf_platt	8	2	1	val_logloss	0.3745254928829752	
svm_rbf_platt	8	2	1	val_auc	0.9191919191919191	
svm_rbf_platt	8	2	1	val_pr_auc	0.9242063492063493	
svm_rbf_platt	8	2	1	val_accuracy	0.85	
svm_rbf_platt	8	2	1	val_f1	0.8235294117647058	
svm_rbf_platt	8	2	1	cal_intercept	-0.12683781551402784	
svm_rbf_platt	8	2	1	cal_slope	1.69085472588856	
svm_rbf_platt	8	2	2	val_logloss	0.4459278610101909	
svm_rbf_platt	8	2	2	val_auc	0.9199999999999999	
svm_rbf_platt	8	2	2	val_pr_auc	0.9123595848595848	
svm_rbf_platt	8	2	2	val_accuracy	0.9	
svm_rbf_platt	8	2	2	val_f1	0.9	
svm_rbf_platt	8	2	2	cal_intercept	0.29177456776656996	
svm_rbf_platt	8	2	2	cal_slope	2.847245922786115	
svm_rbf_platt	8	2	3	val_logloss	0.5988804019207086	
svm_rbf_platt	8	2	3	val_auc	1.0	
svm_rbf_platt	8	2	3	val_pr_auc	0.9999999999999999	
svm_rbf_platt	8	2	3	val_accuracy	0.85	
svm_rbf_platt	8	2	3	val_f1	0.8235294117647058	
svm_rbf_platt	8	2	3	cal_intercept	32.68180977630727	
svm_rbf_platt	8	2	3	cal_slope	154.42047401604967	
svm_rbf_platt	8	3	0	val_logloss	0.2618397426320279	
svm_rbf_platt	8	3	0	val_auc	1.0	
svm_rbf_platt	8	3	0	val_pr_auc	0.9999999999999999	
svm_rbf_platt	8	3	0	val_accuracy	1.0	
svm_rbf_platt	8	3	0	val_f1	1.0	
svm_rbf_platt	8	3	0	cal_intercept	-0.3298837609141375	
svm_rbf_platt	8	3	0	cal_slope	11.758157156768968	
svm_rbf_platt	8	3	1	val_logloss	0.5773434565852045	
svm_rbf_platt	8	3	1	val_auc	0.9299999999999999	
svm_rbf_platt	8	3	1	val_pr_auc	0.9290262515262514	
svm_rbf_platt	8	3	1	val_accuracy	0.85	
svm_rbf_platt	8	3	1	val_f1	0.8421052631578947	
svm_rbf_platt	8	3	1	cal_intercept	0.595238564448249	
svm_rbf_platt	8	3	1	cal_slope	8.440633565806143	
svm_rbf_platt	8	3	2	val_logloss	0.47812327384615677	
svm_rbf_platt	8	3	2	val_auc	0.8999999999999999	
svm_rbf_platt	8	3	2	val_pr_auc	0.9051373626373626	
svm_rbf_platt	8	3	2	val_accuracy	0.75	
svm_rbf_platt	8	3	2	val_f1	0.7619047619047619	
svm_rbf_platt	8	3	2	cal_intercept	-0.6536173829149324	
svm_rbf_platt	8	3	2	cal_slope	3.2905718506493615	
svm_rbf_platt	8	3	3	val_logloss	0.524326500398867	
svm_rbf_platt	8	3	3	val_auc	0.8585858585858586	
svm_rbf_platt	8	3	3	val_pr_auc	0.8575276575276576	
svm_rbf_platt	8	3	3	val_accuracy	0.7	
svm_rbf_platt	8	3	3	val_f1	0.7272727272727273	
svm_rbf_platt	8	3	3	cal_intercept	-0.831620492318229	
svm_rbf_platt	8	3	3	cal_slope	1.1059205492057504	
svm_rbf_platt	8	4	0	val_logloss	0.17785796550416327	
svm_rbf_platt	8	4	0	val_auc	0.9898989898989898	
svm_rbf_platt	8	4	0	val_pr_auc	0.9888888888888889	
svm_rbf_platt	8	4	0	val_accuracy	0.95	
svm_rbf_platt	8	4	0	val_f1	0.9411764705882353	
svm_rbf_platt	8	4	0	cal_intercept	1.7289975429516105	
svm_rbf_platt	8	4	0	cal_slope	3.364477119364193	
svm_rbf_platt	8	4	1	val_logloss	0.2797322164130652	
svm_rbf_platt	8	4	1	val_auc	1.0	
svm_rbf_platt	8	4	1	val_pr_auc	0.9999999999999999	
svm_rbf_platt	8	4	1	val_accuracy	0.9	
svm_rbf_platt	8	4	1	val_f1	0.9090909090909091	
svm_rbf_platt	8	4	1	cal_intercept	-83.16150669327975	
svm_rbf_platt	8	4	1	cal_slope	104.486880864173	
svm_rbf_platt	8	4	2	val_logloss	0.34987575141632155	
svm_rbf_platt	8	4	2	val_auc	0.98	
svm_rbf_platt	8	4	2	val_pr_auc	0.9809090909090908	
svm_rbf_platt	8	4	2	val_accuracy	0.95	
svm_rbf_platt	8	4	2	val_f1	0.9523809523809523	
svm_rbf_platt	8	4	2	cal_intercept	-1.4408927446674091	
svm_rbf_platt	8	4	2	cal_slope	4.836338883842414	
svm_rbf_platt	8	4	3	val_logloss	0.4200819210023291	
svm_rbf_platt	8	4	3	val_auc	1.0	
svm_rbf_platt	8	4	3	val_pr_auc	0.9999999999999999	
svm_rbf_platt	8	4	3	val_accuracy	0.95	
svm_rbf_platt	8	4	3	val_f1	0.9473684210526315	
svm_rbf_platt	8	4	3	cal_intercept	21.141751317973927	
svm_rbf_platt	8	4	3	cal_slope	70.71249801311669	
svm_rbf_platt	8	5	0	val_logloss	0.7508433878643427	
svm_rbf_platt	8	5	0	val_auc	0.0	
svm_rbf_platt	8	5	0	val_pr_auc	0.3353952634912387	
svm_rbf_platt	8	5	0	val_accuracy	0.05	
svm_rbf_platt	8	5	0	val_f1	0.0	
svm_rbf_platt	8	5	0	cal_intercept	-23.854487603365726	
svm_rbf_platt	8	5	0	cal_slope	-460.15871735860514	
svm_rbf_platt	8	5	1	val_logloss	0.4471040733062783	
svm_rbf_platt	8	5	1	val_auc	0.93	
svm_rbf_platt	8	5	1	val_pr_auc	0.9063455988455987	
svm_rbf_platt	8	5	1	val_accuracy	0.9	
svm_rbf_platt	8	5	1	val_f1	0.9090909090909091	
svm_rbf_platt	8	5	1	cal_intercept	-0.6556823482623729	
svm_rbf_platt	8	5	1	cal_slope	3.253625304101035	
svm_rbf_platt	8	5	2	val_logloss	0.6594409561490714	
svm_rbf_platt	8	5	2	val_auc	0.95	
svm_rbf_platt	8	5	2	val_pr_auc	0.9558119658119658	
svm_rbf_platt	8	5	2	val_accuracy	0.85	
svm_rbf_platt	8	5	2	val_f1	0.8571428571428571	
svm_rbf_platt	8	5	2	cal_intercept	-1.3329897118461016	
svm_rbf_platt	8	5	2	cal_slope	34.882175199642234	
svm_rbf_platt	8	5	3	val_logloss	0.44777056490383027	
svm_rbf_platt	8	5	3	val_auc	1.0	
svm_rbf_platt	8	5	3	val_pr_auc	1.0000000000000002	
svm_rbf_platt	8	5	3	val_accuracy	0.95	
svm_rbf_platt	8	5	3	val_f1	0.9411764705882353	
svm_rbf_platt	8	5	3	cal_intercept	33.104105465135014	
svm_rbf_platt	8	5	3	cal_slope	154.15637710874427	
svm_rbf_platt	8	6	0	val_logloss	0.39528251430996153	
svm_rbf_platt	8	6	0	val_auc	0.9696969696969697	
svm_rbf_platt	8	6	0	val_pr_auc	0.963888888888889	
svm_rbf_platt	8	6	0	val_accuracy	0.85	
svm_rbf_platt	8	6	0	val_f1	0.8	
svm_rbf_platt	8	6	0	cal_intercept	2.2584430093340595	
svm_rbf_platt	8	6	0	cal_slope	2.7115307415122034	
svm_rbf_platt	8	6	1	val_logloss	0.3183254323227029	
svm_rbf_platt	8	6	1	val_auc	0.97	
svm_rbf_platt	8	6	1	val_pr_auc	0.9769230769230769	
svm_rbf_platt	8	6	1	val_accuracy	0.85	
svm_rbf_platt	8	6	1	val_f1	0.8571428571428571	
svm_rbf_platt	8	6	1	cal_intercept	-0.6400788312645724	
svm_rbf_platt	8	6	1	cal_slope	2.6617848766913355	
svm_rbf_platt	8	6	2	val_logloss	0.5951801913811267	
svm_rbf_platt	8	6	2	val_auc	1.0	
svm_rbf_platt	8	6	2	val_pr_auc	0.9999999999999999	
svm_rbf_platt	8	6	2	val_accuracy	1.0	
svm_rbf_platt	8	6	2	val_f1	1.0	
svm_rbf_platt	8	6	2	cal_intercept	2.959401249517284	
svm_rbf_platt	8	6	2	cal_slope	100.51698009808865	
svm_rbf_platt	8	6	3	val_logloss	0.4642376385697536	
svm_rbf_platt	8	6	3	val_auc	0.96	
svm_rbf_platt	8	6	3	val_pr_auc	0.9572979797979798	
svm_rbf_platt	8	6	3	val_accuracy	0.8	
svm_rbf_platt	8	6	3	val_f1	0.75	
svm_rbf_platt	8	6	3	cal_intercept	2.4957759993172686	
svm_rbf_platt	8	6	3	cal_slope	5.684429115790779	
svm_rbf_platt	8	7	0	val_logloss	0.5427231813491045	
svm_rbf_platt	8	7	0	val_auc	0.9500000000000001	
svm_rbf_platt	8	7	0	val_pr_auc	0.954040404040404	
svm_rbf_platt	8	7	0	val_accuracy	0.8	
svm_rbf_platt	8	7	0	val_f1	0.8333333333333334	
svm_rbf_platt	8	7	0	cal_intercept	-2.8204837782875387	
svm_rbf_platt	8	7	0	cal_slope	8.620654294472617	
svm_rbf_platt	8	7	1	val_logloss	0.6427128312867529	
svm_rbf_platt	8	7	1	val_auc	0.95	
svm_rbf_platt	8	7	1	val_pr_auc	0.9587412587412588	
svm_rbf_platt	8	7	1	val_accuracy	0.85	
svm_rbf_platt	8	7	1	val_f1	0.8235294117647058	
svm_rbf_platt	8	7	1	cal_intercept	2.052766039583488	
svm_rbf_platt	8	7	1	cal_slope	44.76001564551491	
svm_rbf_platt	8	7	2	val_logloss	0.5399506043286225	
svm_rbf_platt	8	7	2	val_auc	0.97	
svm_rbf_platt	8	7	2	val_pr_auc	0.9697979797979798	
svm_rbf_platt	8	7	2	val_accuracy	0.9	
svm_rbf_platt	8	7	2	val_f1	0.9090909090909091	
svm_rbf_platt	8	7	2	cal_intercept	-1.0930382378805825	
svm_rbf_platt	8	7	2	cal_slope	8.08041100643111	
svm_rbf_platt	8	7	3	val_logloss	0.5288584534186255	
svm_rbf_platt	8	7	3	val_auc	0.9494949494949495	
svm_rbf_platt	8	7	3	val_pr_auc	0.9282627865961202	
svm_rbf_platt	8	7	3	val_accuracy	0.9	
svm_rbf_platt	8	7	3	val_f1	0.9	
svm_rbf_platt	8	7	3	cal_intercept	-1.0485817460573155	
svm_rbf_platt	8	7	3	cal_slope	5.6985885697382255	
svm_rbf_platt	8	8	0	val_logloss	0.5187914654956696	
svm_rbf_platt	8	8	0	val_auc	1.0	
svm_rbf_platt	8	8	0	val_pr_auc	0.9999999999999999	
svm_rbf_platt	8	8	0	val_accuracy	0.85	
svm_rbf_platt	8	8	0	val_f1	0.8695652173913043	
svm_rbf_platt	8	8	0	cal_intercept	-98.37638807360125	
svm_rbf_platt	8	8	0	cal_slope	289.679196357471	
svm_rbf_platt	8	8	1	val_logloss	0.43627974414707316	
svm_rbf_platt	8	8	1	val_auc	0.99	
svm_rbf_platt	8	8	1	val_pr_auc	0.9909090909090909	
svm_rbf_platt	8	8	1	val_accuracy	0.85	
svm_rbf_platt	8	8	1	val_f1	0.8235294117647058	
svm_rbf_platt	8	8	1	cal_intercept	3.6771061033908445	
svm_rbf_platt	8	8	1	cal_slope	5.870979717910556	
svm_rbf_platt	8	8	2	val_logloss	0.8762614207046331	
svm_rbf_platt	8	8	2	val_auc	0.040404040404040394	
svm_rbf_platt	8	8	2	val_pr_auc	0.29868369552322077	
svm_rbf_platt	8	8	2	val_accuracy	0.1	
svm_rbf_platt	8	8	2	val_f1	0.0	
svm_rbf_platt	8	8	2	cal_intercept	-1.4781209576894103	
svm_rbf_platt	8	8	2	cal_slope	-10.677846242564698	
svm_rbf_platt	8	8	3	val_logloss	0.40234511820952196	
svm_rbf_platt	8	8	3	val_auc	0.91	
svm_rbf_platt	8	8	3	val_pr_auc	0.9284848484848484	
svm_rbf_platt	8	8	3	val_accuracy	0.85	
svm_rbf_platt	8	8	3	val_f1	0.8571428571428571	
svm_rbf_platt	8	8	3	cal_intercept	-0.06434397365656701	
svm_rbf_platt	8	8	3	cal_slope	1.6513238803898718	
svm_rbf_platt	8	9	0	val_logloss	0.4485502336303118	
svm_rbf_platt	8	9	0	val_auc	0.95	
svm_rbf_platt	8	9	0	val_pr_auc	0.9511111111111111	
svm_rbf_platt	8	9	0	val_accuracy	0.8	
svm_rbf_platt	8	9	0	val_f1	0.8333333333333334	
svm_rbf_platt	8	9	0	cal_intercept	-2.2251601826002165	
svm_rbf_platt	8	9	0	cal_slope	3.5848237787597608	
svm_rbf_platt	8	9	1	val_logloss	0.43187323779699527	
svm_rbf_platt	8	9	1	val_auc	0.92	
svm_rbf_platt	8	9	1	val_pr_auc	0.9229292929292928	
svm_rbf_platt	8	9	1	val_accuracy	0.85	
svm_rbf_platt	8	9	1	val_f1	0.8695652173913043	
svm_rbf_platt	8	9	1	cal_intercept	-1.4159054551369397	
svm_rbf_platt	8	9	1	cal_slope	5.89615245781587	
svm_rbf_platt	8	9	2	val_logloss	0.5390457863298268	
svm_rbf_platt	8	9	2	val_auc	0.8900000000000001	
svm_rbf_platt	8	9	2	val_pr_auc	0.8322546897546896	
svm_rbf_platt	8	9	2	val_accuracy	0.65	
svm_rbf_platt	8	9	2	val_f1	0.5333333333333333	
svm_rbf_platt	8	9	2	cal_intercept	1.4861283659507356	
svm_rbf_platt	8	9	2	cal_slope	1.6293000184269464	
svm_rbf_platt	8	9	3	val_logloss	0.47998761646331767	
svm_rbf_platt	8	9	3	val_auc	0.9595959595959596	
svm_rbf_platt	8	9	3	val_pr_auc	0.9658119658119659	
svm_rbf_platt	8	9	3	val_accuracy	0.9	
svm_rbf_platt	8	9	3	val_f1	0.875	
svm_rbf_platt	8	9	3	cal_intercept	2.256722714648108	
svm_rbf_platt	8	9	3	cal_slope	7.1311990832723495	
svm_rbf_platt	8	10	0	val_logloss	0.3933942340278946	
svm_rbf_platt	8	10	0	val_auc	0.94	
svm_rbf_platt	8	10	0	val_pr_auc	0.9519230769230769	
svm_rbf_platt	8	10	0	val_accuracy	0.8	
svm_rbf_platt	8	10	0	val_f1	0.8	
svm_rbf_platt	8	10	0	cal_intercept	-0.3997903940410022	
svm_rbf_platt	8	10	0	cal_slope	3.4018654788990315	
svm_rbf_platt	8	10	1	val_logloss	0.7874963632136011	
svm_rbf_platt	8	10	1	val_auc	0.019999999999999997	
svm_rbf_platt	8	10	1	val_pr_auc	0.33324879884477404	
svm_rbf_platt	8	10	1	val_accuracy	0.1	
svm_rbf_platt	8	10	1	val_f1	0.0	
svm_rbf_platt	8	10	1	cal_intercept	-1.3793155003831876	
svm_rbf_platt	8	10	1	cal_slope	-23.159461799614633	
svm_rbf_platt	8	10	2	val_logloss	0.2931057474454974	
svm_rbf_platt	8	10	2	val_auc	0.99	
svm_rbf_platt	8	10	2	val_pr_auc	0.9909090909090909	
svm_rbf_platt	8	10	2	val_accuracy	0.9	
svm_rbf_platt	8	10	2	val_f1	0.9090909090909091	
svm_rbf_platt	8	10	2	cal_intercept	-1.0862866655993864	
svm_rbf_platt	8	10	2	cal_slope	5.950968465602691	
svm_rbf_platt	8	10	3	val_logloss	0.44138138767316615	
svm_rbf_platt	8	10	3	val_auc	0.8888888888888888	
svm_rbf_platt	8	10	3	val_pr_auc	0.8808080808080809	
svm_rbf_platt	8	10	3	val_accuracy	0.8	
svm_rbf_platt	8	10	3	val_f1	0.8	
svm_rbf_platt	8	10	3	cal_intercept	-0.9241824131333404	
svm_rbf_platt	8	10	3	cal_slope	1.5886064228459118	
hgbt	60	1	0	val_logloss	0.7691390587967823	
hgbt	60	1	0	val_auc	0.9393939393939393	
hgbt	60	1	0	val_pr_auc	0.9301146384479719	
hgbt	60	1	0	val_accuracy	0.85	
hgbt	60	1	0	val_f1	0.8235294117647058	
hgbt	60	1	0	cal_intercept	0.006551808106865282	
hgbt	60	1	0	cal_slope	0.2671432659893745	
hgbt	60	1	1	val_logloss	0.6868182523898934	
hgbt	60	1	1	val_auc	0.945	
hgbt	60	1	1	val_pr_auc	0.9455555555555556	
hgbt	60	1	1	val_accuracy	0.85	
hgbt	60	1	1	val_f1	0.8421052631578947	
hgbt	60	1	1	cal_intercept	0.6043282375336352	
hgbt	60	1	1	cal_slope	0.3204659200353704	
hgbt	60	1	2	val_logloss	0.4309323120145156	
hgbt	60	1	2	val_auc	0.9850000000000001	
hgbt	60	1	2	val_pr_auc	0.980909090909091	
hgbt	60	1	2	val_accuracy	0.9	
hgbt	60	1	2	val_f1	0.9090909090909091	
hgbt	60	1	2	cal_intercept	-3.419934595757954	
hgbt	60	1	2	cal_slope	0.6518264184438334	
hgbt	60	1	3	val_logloss	0.44671700785743707	
hgbt	60	1	3	val_auc	0.91	
hgbt	60	1	3	val_pr_auc	0.8561075036075035	
hgbt	60	1	3	val_accuracy	0.95	
hgbt	60	1	3	val_f1	0.9523809523809523	
hgbt	60	1	3	cal_intercept	-0.6185137905307595	
hgbt	60	1	3	cal_slope	0.42087574375182524	
hgbt	60	2	0	val_logloss	1.2366594059124683	
hgbt	60	2	0	val_auc	0.965	
hgbt	60	2	0	val_pr_auc	0.966923076923077	
hgbt	60	2	0	val_accuracy	0.85	
hgbt	60	2	0	val_f1	0.8571428571428571	
hgbt	60	2	0	cal_intercept	-0.4358603318408087	
hgbt	60	2	0	cal_slope	0.20653831462114533	
hgbt	60	2	1	val_logloss	0.4538852337298274	
hgbt	60	2	1	val_auc	0.9595959595959596	
hgbt	60	2	1	val_pr_auc	0.9467813051146384	
hgbt	60	2	1	val_accuracy	0.95	
hgbt	60	2	1	val_f1	0.9473684210526315	
hgbt	60	2	1	cal_intercept	-1.0439286724423373	
hgbt	60	2	1	cal_slope	0.3963443134353946	
hgbt	60	2	2	val_logloss	0.8113778233866903	
hgbt	60	2	2	val_auc	0.9600000000000001	
hgbt	60	2	2	val_pr_auc	0.9714285714285714	
hgbt	60	2	2	val_accuracy	0.85	
hgbt	60	2	2	val_f1	0.8235294117647058	
hgbt	60	2	2	cal_intercept	2.655880399484801	
hgbt	60	2	2	cal_slope	0.5607227501135913	
hgbt	60	2	3	val_logloss	0.019568166948605175	
hgbt	60	2	3	val_auc	1.0	
hgbt	60	2	3	val_pr_auc	1.0	
hgbt	60	2	3	val_accuracy	1.0	
hgbt	60	2	3	val_f1	1.0	
hgbt	60	2	3	cal_intercept	2.367726538657031	
hgbt	60	2	3	cal_slope	3.6022297762991347	
hgbt	60	3	0	val_logloss	0.031031306999984964	
hgbt	60	3	0	val_auc	1.0	
hgbt	60	3	0	val_pr_auc	1.0	
hgbt	60	3	0	val_accuracy	1.0	
hgbt	60	3	0	val_f1	1.0	
hgbt	60	3	0	cal_intercept	5.2132240556284914	
hgbt	60	3	0	cal_slope	3.398016177174499	
hgbt	60	3	1	val_logloss	0.8986608343231859	
hgbt	60	3	1	val_auc	0.99	
hgbt	60	3	1	val_pr_auc	0.9909090909090909	
hgbt	60	3	1	val_accuracy	0.85	
hgbt	60	3	1	val_f1	0.8235294117647058	
hgbt	60	3	1	cal_intercept	12.239620787065443	
hgbt	60	3	1	cal_slope	1.4144662170764284	
hgbt	60	3	2	val_logloss	0.6158858236893675	
hgbt	60	3	2	val_auc	0.9	
hgbt	60	3	2	val_pr_auc	0.8114646464646464	
hgbt	60	3	2	val_accuracy	0.9	
hgbt	60	3	2	val_f1	0.9	
hgbt	60	3	2	cal_intercept	-0.3106982661194207	
hgbt	60	3	2	cal_slope	0.33659980554328467	
hgbt	60	3	3	val_logloss	1.4193182580986823	
hgbt	60	3	3	val_auc	0.9393939393939394	
hgbt	60	3	3	val_pr_auc	0.9170113836780504	
hgbt	60	3	3	val_accuracy	0.85	
hgbt	60	3	3	val_f1	0.8421052631578947	
hgbt	60	3	3	cal_intercept	-0.4773158916853416	
hgbt	60	3	3	cal_slope	0.18517046578615912	
hgbt	60	4	0	val_logloss	1.0590757399749569	
hgbt	60	4	0	val_auc	0.8888888888888888	
hgbt	60	4	0	val_pr_auc	0.919753086419753	
hgbt	60	4	0	val_accuracy	0.85	
hgbt	60	4	0	val_f1	0.8421052631578947	
hgbt	60	4	0	cal_intercept	-0.4105801432178482	
hgbt	60	4	0	cal_slope	0.22990681629156534	
hgbt	60	4	1	val_logloss	0.06570216473098164	
hgbt	60	4	1	val_auc	1.0	
hgbt	60	4	1	val_pr_auc	1.0	
hgbt	60	4	1	val_accuracy	0.95	
hgbt	60	4	1	val_f1	0.9523809523809523	
hgbt	60	4	1	cal_intercept	-14.494427051813712	
hgbt	60	4	1	cal_slope	11.78077478090141	
hgbt	60	4	2	val_logloss	0.40685211191893095	
hgbt	60	4	2	val_auc	0.97	
hgbt	60	4	2	val_pr_auc	0.9697979797979797	
hgbt	60	4	2	val_accuracy	0.9	
hgbt	60	4	2	val_f1	0.9	
hgbt	60	4	2	cal_intercept	-0.08374748614171648	
hgbt	60	4	2	cal_slope	0.38698855134290283	
hgbt	60	4	3	val_logloss	0.783040950640864	
hgbt	60	4	3	val_auc	0.9400000000000001	
hgbt	60	4	3	val_pr_auc	0.9624999999999999	
hgbt	60	4	3	val_accuracy	0.85	
hgbt	60	4	3	val_f1	0.8235294117647058	
hgbt	60	4	3	cal_intercept	6.000490564216305	
hgbt	60	4	3	cal_slope	0.9918973769309382	
hgbt	60	5	0	val_logloss	0.06665488756329647	
hgbt	60	5	0	val_auc	1.0	
hgbt	60	5	0	val_pr_auc	1.0	
hgbt	60	5	0	val_accuracy	0.95	
hgbt	60	5	0	val_f1	0.9473684210526315	
hgbt	60	5	0	cal_intercept	13.101412277650871	
hgbt	60	5	0	cal_slope	4.740615873290525	
hgbt	60	5	1	val_logloss	0.5587114750175463	
hgbt	60	5	1	val_auc	0.9400000000000001	
hgbt	60	5	1	val_pr_auc	0.9342424242424242	
hgbt	60	5	1	val_accuracy	0.9	
hgbt	60	5	1	val_f1	0.9090909090909091	
hgbt	60	5	1	cal_intercept	-4.135607655758504	
hgbt	60	5	1	cal_slope	0.8239850877966102	
hgbt	60	5	2	val_logloss	1.0563328326832404	
hgbt	60	5	2	val_auc	0.94	
hgbt	60	5	2	val_pr_auc	0.9415404040404041	
hgbt	60	5	2	val_accuracy	0.8	
hgbt	60	5	2	val_f1	0.8	
hgbt	60	5	2	cal_intercept	-0.024446370945839898	
hgbt	60	5	2	cal_slope	0.22286340550432696	
hgbt	60	5	3	val_logloss	0.4397393566593905	
hgbt	60	5	3	val_auc	0.9898989898989898	
hgbt	60	5	3	val_pr_auc	0.9888888888888889	
hgbt	60	5	3	val_accuracy	0.9	
hgbt	60	5	3	val_f1	0.875	
hgbt	60	5	3	cal_intercept	9.34778134916458	
hgbt	60	5	3	cal_slope	1.5763855157077593	
hgbt	60	6	0	val_logloss	0.3598294931899578	
hgbt	60	6	0	val_auc	0.9696969696969697	
hgbt	60	6	0	val_pr_auc	0.963888888888889	
hgbt	60	6	0	val_accuracy	0.95	
hgbt	60	6	0	val_f1	0.9473684210526315	
hgbt	60	6	0	cal_intercept	-1.424922357276845	
hgbt	60	6	0	cal_slope	0.503239382170495	
hgbt	60	6	1	val_logloss	0.5736144053921934	
hgbt	60	6	1	val_auc	0.93	
hgbt	60	6	1	val_pr_auc	0.9122979797979798	
hgbt	60	6	1	val_accuracy	0.85	
hgbt	60	6	1	val_f1	0.8421052631578947	
hgbt	60	6	1	cal_intercept	-0.2858427317491172	
hgbt	60	6	1	cal_slope	0.3373360638887965	
hgbt	60	6	2	val_logloss	0.03101330734945154	
hgbt	60	6	2	val_auc	1.0	
hgbt	60	6	2	val_pr_auc	1.0	
hgbt	60	6	2	val_accuracy	1.0	
hgbt	60	6	2	val_f1	1.0	
hgbt	60	6	2	cal_intercept	5.440502293294697	
hgbt	60	6	2	cal_slope	3.4570738669842513	
hgbt	60	6	3	val_logloss	1.2058582850523383	
hgbt	60	6	3	val_auc	0.88	
hgbt	60	6	3	val_pr_auc	0.9190204678362573	
hgbt	60	6	3	val_accuracy	0.8	
hgbt	60	6	3	val_f1	0.7777777777777778	
hgbt	60	6	3	cal_intercept	0.6034925080294288	
hgbt	60	6	3	cal_slope	0.22126867047391985	
hgbt	60	7	0	val_logloss	1.0179432796469852	
hgbt	60	7	0	val_auc	0.89	
hgbt	60	7	0	val_pr_auc	0.8276515151515151	
hgbt	60	7	0	val_accuracy	0.9	
hgbt	60	7	0	val_f1	0.9090909090909091	
hgbt	60	7	0	cal_intercept	-0.9292707085339738	
hgbt	60	7	0	cal_slope	0.2698027572233149	
hgbt	60	7	1	val_logloss	0.5282209805914916	
hgbt	60	7	1	val_auc	0.99	
hgbt	60	7	1	val_pr_auc	0.9909090909090909	
hgbt	60	7	1	val_accuracy	0.9	
hgbt	60	7	1	val_f1	0.8888888888888888	
hgbt	60	7	1	cal_intercept	4.8104989153607285	
hgbt	60	7	1	cal_slope	0.8742406855384236	
hgbt	60	7	2	val_logloss	0.5703615031315303	
hgbt	60	7	2	val_auc	0.97	
hgbt	60	7	2	val_pr_auc	0.9697979797979798	
hgbt	60	7	2	val_accuracy	0.9	
hgbt	60	7	2	val_f1	0.9	
hgbt	60	7	2	cal_intercept	-0.2066454216137433	
hgbt	60	7	2	cal_slope	0.3021116759394977	
hgbt	60	7	3	val_logloss	0.33421357628401305	
hgbt	60	7	3	val_auc	0.9797979797979798	
hgbt	60	7	3	val_pr_auc	0.9765432098765432	
hgbt	60	7	3	val_accuracy	0.85	
hgbt	60	7	3	val_f1	0.8235294117647058	
hgbt	60	7	3	cal_intercept	0.5209141380809459	
hgbt	60	7	3	cal_slope	0.4760857243368785	
hgbt	60	8	0	val_logloss	0.04860903475024413	
hgbt	60	8	0	val_auc	1.0	
hgbt	60	8	0	val_pr_auc	1.0	
hgbt	60	8	0	val_accuracy	0.95	
hgbt	60	8	0	val_f1	0.9473684210526315	
hgbt	60	8	0	cal_intercept	13.530159308072507	
hgbt	60	8	0	cal_slope	3.7561157543469514	
hgbt	60	8	1	val_logloss	0.6144514626218239	
hgbt	60	8	1	val_auc	0.97	
hgbt	60	8	1	val_pr_auc	0.9697979797979798	
hgbt	60	8	1	val_accuracy	0.9	
hgbt	60	8	1	val_f1	0.9	
hgbt	60	8	1	cal_intercept	0.018500268250381757	
hgbt	60	8	1	cal_slope	0.3009895059121299	
hgbt	60	8	2	val_logloss	0.387533036284912	
hgbt	60	8	2	val_auc	0.9393939393939393	
hgbt	60	8	2	val_pr_auc	0.9097442680776014	
hgbt	60	8	2	val_accuracy	0.9	
hgbt	60	8	2	val_f1	0.9	
hgbt	60	8	2	cal_intercept	-0.6742021065030362	
hgbt	60	8	2	cal_slope	0.47562970021540624	
hgbt	60	8	3	val_logloss	0.8745022781843188	
hgbt	60	8	3	val_auc	0.8900000000000001	
hgbt	60	8	3	val_pr_auc	0.93	
hgbt	60	8	3	val_accuracy	0.9	
hgbt	60	8	3	val_f1	0.9	
hgbt	60	8	3	cal_intercept	-0.0221486503884292	
hgbt	60	8	3	cal_slope	0.24096482583717216	
hgbt	60	9	0	val_logloss	0.5410924779922656	
hgbt	60	9	0	val_auc	0.94	
hgbt	60	9	0	val_pr_auc	0.9296356421356421	
hgbt	60	9	0	val_accuracy	0.95	
hgbt	60	9	0	val_f1	0.9523809523809523	
hgbt	60	9	0	cal_intercept	-1.0155474486224314	
hgbt	60	9	0	cal_slope	0.3505921350496854	
hgbt	60	9	1	val_logloss	1.6224487104735688	
hgbt	60	9	1	val_auc	0.9549999999999998	
hgbt	60	9	1	val_pr_auc	0.946923076923077	
hgbt	60	9	1	val_accuracy	0.8	
hgbt	60	9	1	val_f1	0.8181818181818182	
hgbt	60	9	1	cal_intercept	-0.4816582167186342	
hgbt	60	9	1	cal_slope	0.18049497251517624	
hgbt	60	9	2	val_logloss	0.9460740886770213	
hgbt	60	9	2	val_auc	0.905	
hgbt	60	9	2	val_pr_auc	0.8747405372405371	
hgbt	60	9	2	val_accuracy	0.85	
hgbt	60	9	2	val_f1	0.8421052631578947	
hgbt	60	9	2	cal_intercept	0.14655718488790798	
hgbt	60	9	2	cal_slope	0.2500092925535629	
hgbt	60	9	3	val_logloss	0.5534358083649538	
hgbt	60	9	3	val_auc	0.9141414141414141	
hgbt	60	9	3	val_pr_auc	0.938888888888889	
hgbt	60	9	3	val_accuracy	0.95	
hgbt	60	9	3	val_f1	0.9411764705882353	
hgbt	60	9	3	cal_intercept	0.8115734346723462	
hgbt	60	9	3	cal_slope	0.3450079092162374	
hgbt	60	10	0	val_logloss	0.00629249826809937	
hgbt	60	10	0	val_auc	1.0	
hgbt	60	10	0	val_pr_auc	1.0	
hgbt	60	10	0	val_accuracy	1.0	
hgbt	60	10	0	val_f1	1.0	
hgbt	60	10	0	cal_intercept	0.6516467373169699	
hgbt	60	10	0	cal_slope	2.7247498338217784	
hgbt	60	10	1	val_logloss	0.5693271034004259	
hgbt	60	10	1	val_auc	0.925	
hgbt	60	10	1	val_pr_auc	0.95	
hgbt	60	10	1	val_accuracy	0.95	
hgbt	60	10	1	val_f1	0.9473684210526315	
hgbt	60	10	1	cal_intercept	1.04338516708317	
hgbt	60	10	1	cal_slope	0.3662561398304779	
hgbt	60	10	2	val_logloss	0.3042722176536352	
hgbt	60	10	2	val_auc	0.98	
hgbt	60	10	2	val_pr_auc	0.9809090909090908	
hgbt	60	10	2	val_accuracy	0.85	
hgbt	60	10	2	val_f1	0.8421052631578947	
hgbt	60	10	2	cal_intercept	0.6819634985259888	
hgbt	60	10	2	cal_slope	0.48000950962499217	
hgbt	60	10	3	val_logloss	1.3236607505993565	
hgbt	60	10	3	val_auc	0.888888888888889	
hgbt	60	10	3	val_pr_auc	0.8462842712842713	
hgbt	60	10	3	val_accuracy	0.85	
hgbt	60	10	3	val_f1	0.8571428571428571	
hgbt	60	10	3	cal_intercept	-0.8575331490585576	
hgbt	60	10	3	cal_slope	0.21888402645889468	
hgbt	45	1	0	val_logloss	0.7620911496811827	
hgbt	45	1	0	val_auc	0.9393939393939394	
hgbt	45	1	0	val_pr_auc	0.9301146384479717	
hgbt	45	1	0	val_accuracy	0.85	
hgbt	45	1	0	val_f1	0.8235294117647058	
hgbt	45	1	0	cal_intercept	-0.027766416859253802	
hgbt	45	1	0	cal_slope	0.27639233657301787	
hgbt	45	1	1	val_logloss	0.7520000892551415	
hgbt	45	1	1	val_auc	0.935	
hgbt	45	1	1	val_pr_auc	0.9330555555555555	
hgbt	45	1	1	val_accuracy	0.85	
hgbt	45	1	1	val_f1	0.8421052631578947	
hgbt	45	1	1	cal_intercept	0.6212731069371137	
hgbt	45	1	1	cal_slope	0.3131962189071606	
hgbt	45	1	2	val_logloss	0.4485934941589244	
hgbt	45	1	2	val_auc	0.98	
hgbt	45	1	2	val_pr_auc	0.980909090909091	
hgbt	45	1	2	val_accuracy	0.95	
hgbt	45	1	2	val_f1	0.9523809523809523	
hgbt	45	1	2	cal_intercept	-2.0687388628582406	
hgbt	45	1	2	cal_slope	0.466325399577429	
hgbt	45	1	3	val_logloss	0.35026009325245955	
hgbt	45	1	3	val_auc	0.97	
hgbt	45	1	3	val_pr_auc	0.9697979797979798	
hgbt	45	1	3	val_accuracy	0.95	
hgbt	45	1	3	val_f1	0.9523809523809523	
hgbt	45	1	3	cal_intercept	-0.6688033972089998	
hgbt	45	1	3	cal_slope	0.4801723740111383	
hgbt	45	2	0	val_logloss	1.278470975460296	
hgbt	45	2	0	val_auc	0.9650000000000001	
hgbt	45	2	0	val_pr_auc	0.9714285714285715	
hgbt	45	2	0	val_accuracy	0.85	
hgbt	45	2	0	val_f1	0.8571428571428571	
hgbt	45	2	0	cal_intercept	-0.3501069658027525	
hgbt	45	2	0	cal_slope	0.19903046007107547	
hgbt	45	2	1	val_logloss	0.30473884715236277	
hgbt	45	2	1	val_auc	0.9797979797979798	
hgbt	45	2	1	val_pr_auc	0.9765432098765432	
hgbt	45	2	1	val_accuracy	0.95	
hgbt	45	2	1	val_f1	0.9473684210526315	
hgbt	45	2	1	cal_intercept	-1.6132120675979043	
hgbt	45	2	1	cal_slope	0.5472145849778267	
hgbt	45	2	2	val_logloss	0.7735073822665317	
hgbt	45	2	2	val_auc	0.99	
hgbt	45	2	2	val_pr_auc	0.9909090909090909	
hgbt	45	2	2	val_accuracy	0.9	
hgbt	45	2	2	val_f1	0.8888888888888888	
hgbt	45	2	2	cal_intercept	71.1368528265676	
hgbt	45	2	2	cal_slope	8.376987334884525	
hgbt	45	2	3	val_logloss	0.00212452686931548	
hgbt	45	2	3	val_auc	1.0	
hgbt	45	2	3	val_pr_auc	1.0	
hgbt	45	2	3	val_accuracy	1.0	
hgbt	45	2	3	val_f1	1.0	
hgbt	45	2	3	cal_intercept	0.15522566470336632	
hgbt	45	2	3	cal_slope	2.0384725012899865	
hgbt	45	3	0	val_logloss	0.01781995791551932	
hgbt	45	3	0	val_auc	1.0	
hgbt	45	3	0	val_pr_auc	1.0	
hgbt	45	3	0	val_accuracy	1.0	
hgbt	45	3	0	val_f1	1.0	
hgbt	45	3	0	cal_intercept	2.775697584262361	
hgbt	45	3	0	cal_slope	3.354864006712529	
hgbt	45	3	1	val_logloss	0.4506511432794138	
hgbt	45	3	1	val_auc	0.99	
hgbt	45	3	1	val_pr_auc	0.9909090909090909	
hgbt	45	3	1	val_accuracy	0.9	
hgbt	45	3	1	val_f1	0.8888888888888888	
hgbt	45	3	1	cal_intercept	3.5559906094232043	
hgbt	45	3	1	cal_slope	0.777294650987806	
hgbt	45	3	2	val_logloss	0.40343077421489826	
hgbt	45	3	2	val_auc	0.98	
hgbt	45	3	2	val_pr_auc	0.9809090909090908	
hgbt	45	3	2	val_accuracy	0.95	
hgbt	45	3	2	val_f1	0.9523809523809523	
hgbt	45	3	2	cal_intercept	-0.7089261310349628	
hgbt	45	3	2	cal_slope	0.39735962152975074	
hgbt	45	3	3	val_logloss	0.8901270614564998	
hgbt	45	3	3	val_auc	0.9696969696969697	
hgbt	45	3	3	val_pr_auc	0.9551066217732884	
hgbt	45	3	3	val_accuracy	0.9	
hgbt	45	3	3	val_f1	0.8888888888888888	
hgbt	45	3	3	cal_intercept	-0.15575831400913118	
hgbt	45	3	3	cal_slope	0.23221732279535273	
hgbt	45	4	0	val_logloss	1.5075762572745421	
hgbt	45	4	0	val_auc	0.8636363636363636	
hgbt	45	4	0	val_pr_auc	0.75	
hgbt	45	4	0	val_accuracy	0.85	
hgbt	45	4	0	val_f1	0.8571428571428571	
hgbt	45	4	0	cal_intercept	-6.165255710940797	
hgbt	45	4	0	cal_slope	0.7227494950149892	
hgbt	45	4	1	val_logloss	0.2820854908189375	
hgbt	45	4	1	val_auc	0.9900000000000001	
hgbt	45	4	1	val_pr_auc	0.9909090909090909	
hgbt	45	4	1	val_accuracy	0.95	
hgbt	45	4	1	val_f1	0.9523809523809523	
hgbt	45	4	1	cal_intercept	-1.6271913234853261	
hgbt	45	4	1	cal_slope	0.5377599739971144	
hgbt	45	4	2	val_logloss	0.353155776675352	
hgbt	45	4	2	val_auc	0.98	
hgbt	45	4	2	val_pr_auc	0.980909090909091	
hgbt	45	4	2	val_accuracy	0.95	
hgbt	45	4	2	val_f1	0.9523809523809523	
hgbt	45	4	2	cal_intercept	-0.46744798960504785	
hgbt	45	4	2	cal_slope	0.39454859918752894	
hgbt	45	4	3	val_logloss	0.6776973538161555	
hgbt	45	4	3	val_auc	0.97	
hgbt	45	4	3	val_pr_auc	0.9769230769230769	
hgbt	45	4	3	val_accuracy	0.85	
hgbt	45	4	3	val_f1	0.8235294117647058	
hgbt	45	4	3	cal_intercept	18.35498285090369	
hgbt	45	4	3	cal_slope	2.6084858460644336	
hgbt	45	5	0	val_logloss	0.0024571513617257647	
hgbt	45	5	0	val_auc	1.0	
hgbt	45	5	0	val_pr_auc	1.0	
hgbt	45	5	0	val_accuracy	1.0	
hgbt	45	5	0	val_f1	1.0	
hgbt	45	5	0	cal_intercept	-0.05494943723461735	
hgbt	45	5	0	cal_slope	2.043037725688877	
hgbt	45	5	1	val_logloss	0.4934538989473115	
hgbt	45	5	1	val_auc	0.93	
hgbt	45	5	1	val_pr_auc	0.9086435786435786	
hgbt	45	5	1	val_accuracy	0.95	
hgbt	45	5	1	val_f1	0.9523809523809523	
hgbt	45	5	1	cal_intercept	-1.2665976316869751	
hgbt	45	5	1	cal_slope	0.4194614945006167	
hgbt	45	5	2	val_logloss	1.0671356302283248	
hgbt	45	5	2	val_auc	0.9500000000000001	
hgbt	45	5	2	val_pr_auc	0.9540404040404039	
hgbt	45	5	2	val_accuracy	0.8	
hgbt	45	5	2	val_f1	0.8	
hgbt	45	5	2	cal_intercept	-0.07600034067246164	
hgbt	45	5	2	cal_slope	0.22309686878638857	
hgbt	45	5	3	val_logloss	0.7487411579668339	
hgbt	45	5	3	val_auc	0.9797979797979798	
hgbt	45	5	3	val_pr_auc	0.9797979797979798	
hgbt	45	5	3	val_accuracy	0.85	
hgbt	45	5	3	val_f1	0.8	
hgbt	45	5	3	cal_intercept	12.508827686840508	
hgbt	45	5	3	cal_slope	1.8162730833930134	
hgbt	45	6	0	val_logloss	0.4864432237012785	
hgbt	45	6	0	val_auc	1.0	
hgbt	45	6	0	val_pr_auc	1.0	
hgbt	45	6	0	val_accuracy	0.95	
hgbt	45	6	0	val_f1	0.9473684210526315	
hgbt	45	6	0	cal_intercept	-2251.9705414335663	
hgbt	45	6	0	cal_slope	230.4754570427899	
hgbt	45	6	1	val_logloss	0.6493995014887256	
hgbt	45	6	1	val_auc	0.92	
hgbt	45	6	1	val_pr_auc	0.8872979797979798	
hgbt	45	6	1	val_accuracy	0.85	
hgbt	45	6	1	val_f1	0.8421052631578947	
hgbt	45	6	1	cal_intercept	-0.20684769152993734	
hgbt	45	6	1	cal_slope	0.3235043636634226	
hgbt	45	6	2	val_logloss	0.044700773229767655	
hgbt	45	6	2	val_auc	1.0	
hgbt	45	6	2	val_pr_auc	1.0	
hgbt	45	6	2	val_accuracy	1.0	
hgbt	45	6	2	val_f1	1.0	
hgbt	45	6	2	cal_intercept	5.707536460664317	
hgbt	45	6	2	cal_slope	5.9930060045532825	
hgbt	45	6	3	val_logloss	1.198715756736069	
hgbt	45	6	3	val_auc	0.88	
hgbt	45	6	3	val_pr_auc	0.9190204678362572	
hgbt	45	6	3	val_accuracy	0.8	
hgbt	45	6	3	val_f1	0.7777777777777778	
hgbt	45	6	3	cal_intercept	0.5895502548963362	
hgbt	45	6	3	cal_slope	0.2209182264202546	
hgbt	45	7	0	val_logloss	0.8773159367290015	
hgbt	45	7	0	val_auc	0.9349999999999999	
hgbt	45	7	0	val_pr_auc	0.932651515151515	
hgbt	45	7	0	val_accuracy	0.85	
hgbt	45	7	0	val_f1	0.8571428571428571	
hgbt	45	7	0	cal_intercept	-0.5520182067639283	
hgbt	45	7	0	cal_slope	0.26233864715842353	
hgbt	45	7	1	val_logloss	0.6717543520610122	
hgbt	45	7	1	val_auc	0.9	
hgbt	45	7	1	val_pr_auc	0.930952380952381	
hgbt	45	7	1	val_accuracy	0.9	
hgbt	45	7	1	val_f1	0.8888888888888888	
hgbt	45	7	1	cal_intercept	1.3669347114399721	
hgbt	45	7	1	cal_slope	0.46376662131003504	
hgbt	45	7	2	val_logloss	0.2610754655031116	
hgbt	45	7	2	val_auc	0.9800000000000001	
hgbt	45	7	2	val_pr_auc	0.9833333333333333	
hgbt	45	7	2	val_accuracy	0.95	
hgbt	45	7	2	val_f1	0.9473684210526315	
hgbt	45	7	2	cal_intercept	1.2018086473980278	
hgbt	45	7	2	cal_slope	0.5964191719866162	
hgbt	45	7	3	val_logloss	0.6123586810580327	
hgbt	45	7	3	val_auc	0.9898989898989898	
hgbt	45	7	3	val_pr_auc	0.9888888888888889	
hgbt	45	7	3	val_accuracy	0.9	
hgbt	45	7	3	val_f1	0.8888888888888888	
hgbt	45	7	3	cal_intercept	-0.15662578640635544	
hgbt	45	7	3	cal_slope	0.27951154419698065	
hgbt	45	8	0	val_logloss	0.007230038834056901	
hgbt	45	8	0	val_auc	1.0	
hgbt	45	8	0	val_pr_auc	1.0	
hgbt	45	8	0	val_accuracy	1.0	
hgbt	45	8	0	val_f1	1.0	
hgbt	45	8	0	cal_intercept	0.8707855392469426	
hgbt	45	8	0	cal_slope	2.797846371051509	
hgbt	45	8	1	val_logloss	0.4970850909513179	
hgbt	45	8	1	val_auc	0.9600000000000001	
hgbt	45	8	1	val_pr_auc	0.9572979797979797	
hgbt	45	8	1	val_accuracy	0.95	
hgbt	45	8	1	val_f1	0.9523809523809523	
hgbt	45	8	1	cal_intercept	-0.9262415799797835	
hgbt	45	8	1	cal_slope	0.37527359490458395	
hgbt	45	8	2	val_logloss	0.8524587977366658	
hgbt	45	8	2	val_auc	0.9141414141414141	
hgbt	45	8	2	val_pr_auc	0.9002525252525253	
hgbt	45	8	2	val_accuracy	0.85	
hgbt	45	8	2	val_f1	0.8571428571428571	
hgbt	45	8	2	cal_intercept	-1.1076392899851981	
hgbt	45	8	2	cal_slope	0.35032619768697193	
hgbt	45	8	3	val_logloss	0.5957470006643065	
hgbt	45	8	3	val_auc	0.8950000000000001	
hgbt	45	8	3	val_pr_auc	0.9400000000000001	
hgbt	45	8	3	val_accuracy	0.9	
hgbt	45	8	3	val_f1	0.9	
hgbt	45	8	3	cal_intercept	0.3585850167776006	
hgbt	45	8	3	cal_slope	0.31286411050649265	
hgbt	45	9	0	val_logloss	0.5001392847385029	
hgbt	45	9	0	val_auc	0.92	
hgbt	45	9	0	val_pr_auc	0.88245670995671	
hgbt	45	9	0	val_accuracy	0.95	
hgbt	45	9	0	val_f1	0.9523809523809523	
hgbt	45	9	0	cal_intercept	-0.979453638634767	
hgbt	45	9	0	cal_slope	0.394658631409843	
hgbt	45	9	1	val_logloss	0.4496897401845626	
hgbt	45	9	1	val_auc	0.9700000000000001	
hgbt	45	9	1	val_pr_auc	0.9633333333333333	
hgbt	45	9	1	val_accuracy	0.85	
hgbt	45	9	1	val_f1	0.8571428571428571	
hgbt	45	9	1	cal_intercept	-0.5552748801219655	
hgbt	45	9	1	cal_slope	0.39115733912350115	
hgbt	45	9	2	val_logloss	0.41706000707404367	
hgbt	45	9	2	val_auc	0.98	
hgbt	45	9	2	val_pr_auc	0.9818181818181817	
hgbt	45	9	2	val_accuracy	0.95	
hgbt	45	9	2	val_f1	0.9523809523809523	
hgbt	45	9	2	cal_intercept	-0.9259790058750218	
hgbt	45	9	2	cal_slope	0.3775823742048796	
hgbt	45	9	3	val_logloss	0.5283393399922169	
hgbt	45	9	3	val_auc	0.9141414141414141	
hgbt	45	9	3	val_pr_auc	0.938888888888889	
hgbt	45	9	3	val_accuracy	0.95	
hgbt	45	9	3	val_f1	0.9411764705882353	
hgbt	45	9	3	cal_intercept	1.0413365263294896	
hgbt	45	9	3	cal_slope	0.3919804992180622	
hgbt	45	10	0	val_logloss	0.005233124835263793	
hgbt	45	10	0	val_auc	1.0	
hgbt	45	10	0	val_pr_auc	1.0	
hgbt	45	10	0	val_accuracy	1.0	
hgbt	45	10	0	val_f1	1.0	
hgbt	45	10	0	cal_intercept	-0.46861387862017867	
hgbt	45	10	0	cal_slope	2.5351642881514445	
hgbt	45	10	1	val_logloss	0.2647335852095364	
hgbt	45	10	1	val_auc	1.0	
hgbt	45	10	1	val_pr_auc	1.0	
hgbt	45	10	1	val_accuracy	0.9	
hgbt	45	10	1	val_f1	0.8888888888888888	
hgbt	45	10	1	cal_intercept	68.23800879094135	
hgbt	45	10	1	cal_slope	14.621888056851068	
hgbt	45	10	2	val_logloss	0.46185016325779377	
hgbt	45	10	2	val_auc	0.96	
hgbt	45	10	2	val_pr_auc	0.9572979797979797	
hgbt	45	10	2	val_accuracy	0.8	
hgbt	45	10	2	val_f1	0.7777777777777778	
hgbt	45	10	2	cal_intercept	0.7732180824945548	
hgbt	45	10	2	cal_slope	0.45697289014726433	
hgbt	45	10	3	val_logloss	2.5062815262154063	
hgbt	45	10	3	val_auc	0.7525252525252525	
hgbt	45	10	3	val_pr_auc	0.6444444444444444	
hgbt	45	10	3	val_accuracy	0.75	
hgbt	45	10	3	val_f1	0.7368421052631579	
hgbt	45	10	3	cal_intercept	-0.2671519667334731	
hgbt	45	10	3	cal_slope	0.11135460678242157	
hgbt	30	1	0	val_logloss	0.4147703405502338	
hgbt	30	1	0	val_auc	0.9797979797979798	
hgbt	30	1	0	val_pr_auc	0.9765432098765432	
hgbt	30	1	0	val_accuracy	0.85	
hgbt	30	1	0	val_f1	0.8235294117647058	
hgbt	30	1	0	cal_intercept	0.61928553750541	
hgbt	30	1	0	cal_slope	0.408108556376151	
hgbt	30	1	1	val_logloss	0.4609833701985867	
hgbt	30	1	1	val_auc	0.9400000000000001	
hgbt	30	1	1	val_pr_auc	0.9566666666666667	
hgbt	30	1	1	val_accuracy	0.9	
hgbt	30	1	1	val_f1	0.8888888888888888	
hgbt	30	1	1	cal_intercept	1.2425816425925467	
hgbt	30	1	1	cal_slope	0.4541405739396922	
hgbt	30	1	2	val_logloss	0.22343813098383086	
hgbt	30	1	2	val_auc	1.0	
hgbt	30	1	2	val_pr_auc	1.0	
hgbt	30	1	2	val_accuracy	0.95	
hgbt	30	1	2	val_f1	0.9523809523809523	
hgbt	30	1	2	cal_intercept	-27.108240825507462	
hgbt	30	1	2	cal_slope	3.7923683690082473	
hgbt	30	1	3	val_logloss	0.6308862729466143	
hgbt	30	1	3	val_auc	0.91	
hgbt	30	1	3	val_pr_auc	0.8542424242424242	
hgbt	30	1	3	val_accuracy	0.9	
hgbt	30	1	3	val_f1	0.9	
hgbt	30	1	3	cal_intercept	-0.11978530655211789	
hgbt	30	1	3	cal_slope	0.3209524118492406	
hgbt	30	2	0	val_logloss	1.1331639268514688	
hgbt	30	2	0	val_auc	0.9700000000000001	
hgbt	30	2	0	val_pr_auc	0.9769230769230769	
hgbt	30	2	0	val_accuracy	0.85	
hgbt	30	2	0	val_f1	0.8571428571428571	
hgbt	30	2	0	cal_intercept	-0.48175155150478943	
hgbt	30	2	0	cal_slope	0.223665679289702	
hgbt	30	2	1	val_logloss	0.009582289423951116	
hgbt	30	2	1	val_auc	1.0	
hgbt	30	2	1	val_pr_auc	1.0	
hgbt	30	2	1	val_accuracy	1.0	
hgbt	30	2	1	val_f1	1.0	
hgbt	30	2	1	cal_intercept	1.5753001210873814	
hgbt	30	2	1	cal_slope	3.4124784910322674	
hgbt	30	2	2	val_logloss	0.5408041530610095	
hgbt	30	2	2	val_auc	0.955	
hgbt	30	2	2	val_pr_auc	0.9588235294117646	
hgbt	30	2	2	val_accuracy	0.9	
hgbt	30	2	2	val_f1	0.8888888888888888	
hgbt	30	2	2	cal_intercept	2.4575513933745086	
hgbt	30	2	2	cal_slope	0.6133204866933192	
hgbt	30	2	3	val_logloss	0.0004591943255920954	
hgbt	30	2	3	val_auc	1.0	
hgbt	30	2	3	val_pr_auc	1.0	
hgbt	30	2	3	val_accuracy	1.0	
hgbt	30	2	3	val_f1	1.0	
hgbt	30	2	3	cal_intercept	-0.07401341199313105	
hgbt	30	2	3	cal_slope	1.6252299635153966	
hgbt	30	3	0	val_logloss	0.09175764811785139	
hgbt	30	3	0	val_auc	1.0	
hgbt	30	3	0	val_pr_auc	1.0	
hgbt	30	3	0	val_accuracy	1.0	
hgbt	30	3	0	val_f1	1.0	
hgbt	30	3	0	cal_intercept	6.039156260288309	
hgbt	30	3	0	cal_slope	6.726971224023138	
hgbt	30	3	1	val_logloss	0.10193996084287256	
hgbt	30	3	1	val_auc	1.0	
hgbt	30	3	1	val_pr_auc	1.0	
hgbt	30	3	1	val_accuracy	0.95	
hgbt	30	3	1	val_f1	0.9473684210526315	
hgbt	30	3	1	cal_intercept	12.47406016578023	
hgbt	30	3	1	cal_slope	3.044230346150871	
hgbt	30	3	2	val_logloss	0.5048697555503752	
hgbt	30	3	2	val_auc	0.99	
hgbt	30	3	2	val_pr_auc	0.9909090909090909	
hgbt	30	3	2	val_accuracy	0.9	
hgbt	30	3	2	val_f1	0.9	
hgbt	30	3	2	cal_intercept	-0.5738530692301079	
hgbt	30	3	2	cal_slope	0.32395554562247464	
hgbt	30	3	3	val_logloss	0.6764198403914113	
hgbt	30	3	3	val_auc	0.9797979797979798	
hgbt	30	3	3	val_pr_auc	0.9797979797979799	
hgbt	30	3	3	val_accuracy	0.85	
hgbt	30	3	3	val_f1	0.8421052631578947	
hgbt	30	3	3	cal_intercept	-0.5955825878879221	
hgbt	30	3	3	cal_slope	0.31108867977404425	
hgbt	30	4	0	val_logloss	1.444397327815704	
hgbt	30	4	0	val_auc	0.8636363636363636	
hgbt	30	4	0	val_pr_auc	0.75	
hgbt	30	4	0	val_accuracy	0.85	
hgbt	30	4	0	val_f1	0.8571428571428571	
hgbt	30	4	0	cal_intercept	-5.130417114485598	
hgbt	30	4	0	cal_slope	0.6469099616177147	
hgbt	30	4	1	val_logloss	0.842084049501806	
hgbt	30	4	1	val_auc	0.98	
hgbt	30	4	1	val_pr_auc	0.980909090909091	
hgbt	30	4	1	val_accuracy	0.85	
hgbt	30	4	1	val_f1	0.8421052631578947	
hgbt	30	4	1	cal_intercept	0.41114016091157396	
hgbt	30	4	1	cal_slope	0.2604952742599564	
hgbt	30	4	2	val_logloss	0.535158023683872	
hgbt	30	4	2	val_auc	0.98	
hgbt	30	4	2	val_pr_auc	0.9809090909090908	
hgbt	30	4	2	val_accuracy	0.9	
hgbt	30	4	2	val_f1	0.9	
hgbt	30	4	2	cal_intercept	0.4268215920249209	
hgbt	30	4	2	cal_slope	0.30348890123538796	
hgbt	30	4	3	val_logloss	0.6126915240439228	
hgbt	30	4	3	val_auc	0.9700000000000001	
hgbt	30	4	3	val_pr_auc	0.9538461538461539	
hgbt	30	4	3	val_accuracy	0.9	
hgbt	30	4	3	val_f1	0.8888888888888888	
hgbt	30	4	3	cal_intercept	398.84875487963336	
hgbt	30	4	3	cal_slope	65.28710418423191	
hgbt	30	5	0	val_logloss	0.007591788584387513	
hgbt	30	5	0	val_auc	1.0	
hgbt	30	5	0	val_pr_auc	1.0	
hgbt	30	5	0	val_accuracy	1.0	
hgbt	30	5	0	val_f1	1.0	
hgbt	30	5	0	cal_intercept	-0.016851658963839916	
hgbt	30	5	0	cal_slope	2.654320506266376	
hgbt	30	5	1	val_logloss	0.239379546135183	
hgbt	30	5	1	val_auc	1.0	
hgbt	30	5	1	val_pr_auc	1.0	
hgbt	30	5	1	val_accuracy	0.9	
hgbt	30	5	1	val_f1	0.9090909090909091	
hgbt	30	5	1	cal_intercept	-22.040326379356234	
hgbt	30	5	1	cal_slope	5.074126939454965	
hgbt	30	5	2	val_logloss	0.9522066661305665	
hgbt	30	5	2	val_auc	0.88	
hgbt	30	5	2	val_pr_auc	0.9177777777777777	
hgbt	30	5	2	val_accuracy	0.8	
hgbt	30	5	2	val_f1	0.8181818181818182	
hgbt	30	5	2	cal_intercept	-0.3736180473358855	
hgbt	30	5	2	cal_slope	0.24596890308949593	
hgbt	30	5	3	val_logloss	0.7137411121007902	
hgbt	30	5	3	val_auc	0.9393939393939393	
hgbt	30	5	3	val_pr_auc	0.9555555555555555	
hgbt	30	5	3	val_accuracy	0.85	
hgbt	30	5	3	val_f1	0.8	
hgbt	30	5	3	cal_intercept	12.725355135835134	
hgbt	30	5	3	cal_slope	2.008206504946501	
hgbt	30	6	0	val_logloss	0.46079166204349153	
hgbt	30	6	0	val_auc	1.0	
hgbt	30	6	0	val_pr_auc	1.0	
hgbt	30	6	0	val_accuracy	0.95	
hgbt	30	6	0	val_f1	0.9473684210526315	
hgbt	30	6	0	cal_intercept	-759.973793500306	
hgbt	30	6	0	cal_slope	81.62663278757827	
hgbt	30	6	1	val_logloss	0.22835825394609272	
hgbt	30	6	1	val_auc	0.99	
hgbt	30	6	1	val_pr_auc	0.990909090909091	
hgbt	30	6	1	val_accuracy	0.95	
hgbt	30	6	1	val_f1	0.9523809523809523	
hgbt	30	6	1	cal_intercept	-1.2690391882799843	
hgbt	30	6	1	cal_slope	0.5622262677833552	
hgbt	30	6	2	val_logloss	0.0034839995973695434	
hgbt	30	6	2	val_auc	1.0	
hgbt	30	6	2	val_pr_auc	0.9999999999999999	
hgbt	30	6	2	val_accuracy	1.0	
hgbt	30	6	2	val_f1	1.0	
hgbt	30	6	2	cal_intercept	0.22621715300678732	
hgbt	30	6	2	cal_slope	2.2102027254474295	
hgbt	30	6	3	val_logloss	1.0178364427075377	
hgbt	30	6	3	val_auc	0.96	
hgbt	30	6	3	val_pr_auc	0.9447979797979797	
hgbt	30	6	3	val_accuracy	0.8	
hgbt	30	6	3	val_f1	0.7777777777777778	
hgbt	30	6	3	cal_intercept	0.5714532315740952	
hgbt	30	6	3	cal_slope	0.2707207534876145	
hgbt	30	7	0	val_logloss	0.8652613287998043	
hgbt	30	7	0	val_auc	0.9299999999999999	
hgbt	30	7	0	val_pr_auc	0.9290404040404041	
hgbt	30	7	0	val_accuracy	0.9	
hgbt	30	7	0	val_f1	0.9090909090909091	
hgbt	30	7	0	cal_intercept	-0.8639291808033607	
hgbt	30	7	0	cal_slope	0.2760235668438964	
hgbt	30	7	1	val_logloss	0.962953484792874	
hgbt	30	7	1	val_auc	0.9	
hgbt	30	7	1	val_pr_auc	0.9	
hgbt	30	7	1	val_accuracy	0.9	
hgbt	30	7	1	val_f1	0.8888888888888888	
hgbt	30	7	1	cal_intercept	7.520976754621962	
hgbt	30	7	1	cal_slope	0.9482270171125026	
hgbt	30	7	2	val_logloss	0.2663606427881387	
hgbt	30	7	2	val_auc	0.98	
hgbt	30	7	2	val_pr_auc	0.9833333333333334	
hgbt	30	7	2	val_accuracy	0.95	
hgbt	30	7	2	val_f1	0.9473684210526315	
hgbt	30	7	2	cal_intercept	1.0385440477224845	
hgbt	30	7	2	cal_slope	0.5910043085134669	
hgbt	30	7	3	val_logloss	0.11171947387283543	
hgbt	30	7	3	val_auc	0.9898989898989898	
hgbt	30	7	3	val_pr_auc	0.9888888888888889	
hgbt	30	7	3	val_accuracy	0.9	
hgbt	30	7	3	val_f1	0.8888888888888888	
hgbt	30	7	3	cal_intercept	-0.027509390180188477	
hgbt	30	7	3	cal_slope	0.655266363804276	
hgbt	30	8	0	val_logloss	0.0020683236428921258	
hgbt	30	8	0	val_auc	1.0	
hgbt	30	8	0	val_pr_auc	1.0	
hgbt	30	8	0	val_accuracy	1.0	
hgbt	30	8	0	val_f1	1.0	
hgbt	30	8	0	cal_intercept	0.20653629072519106	
hgbt	30	8	0	cal_slope	1.9868356345891725	
hgbt	30	8	1	val_logloss	0.5407580949965788	
hgbt	30	8	1	val_auc	0.96	
hgbt	30	8	1	val_pr_auc	0.9572979797979798	
hgbt	30	8	1	val_accuracy	0.95	
hgbt	30	8	1	val_f1	0.9523809523809523	
hgbt	30	8	1	cal_intercept	-0.8785428592284946	
hgbt	30	8	1	cal_slope	0.34214619159234944	
hgbt	30	8	2	val_logloss	0.6218066942797517	
hgbt	30	8	2	val_auc	0.9393939393939394	
hgbt	30	8	2	val_pr_auc	0.941919191919192	
hgbt	30	8	2	val_accuracy	0.85	
hgbt	30	8	2	val_f1	0.8571428571428571	
hgbt	30	8	2	cal_intercept	-2.1073737073193217	
hgbt	30	8	2	cal_slope	0.5079751474676231	
hgbt	30	8	3	val_logloss	0.4493068804335544	
hgbt	30	8	3	val_auc	0.97	
hgbt	30	8	3	val_pr_auc	0.9669230769230769	
hgbt	30	8	3	val_accuracy	0.9	
hgbt	30	8	3	val_f1	0.9	
hgbt	30	8	3	cal_intercept	0.1412156090837152	
hgbt	30	8	3	cal_slope	0.33761106762639903	
hgbt	30	9	0	val_logloss	1.444397327815714	
hgbt	30	9	0	val_auc	0.85	
hgbt	30	9	0	val_pr_auc	0.7863636363636364	
hgbt	30	9	0	val_accuracy	0.85	
hgbt	30	9	0	val_f1	0.8571428571428571	
hgbt	30	9	0	cal_intercept	-0.28773377135475364	
hgbt	30	9	0	cal_slope	0.1860851926139758	
hgbt	30	9	1	val_logloss	0.2439712386677449	
hgbt	30	9	1	val_auc	0.99	
hgbt	30	9	1	val_pr_auc	0.990909090909091	
hgbt	30	9	1	val_accuracy	0.9	
hgbt	30	9	1	val_f1	0.9	
hgbt	30	9	1	cal_intercept	-0.5304188852508965	
hgbt	30	9	1	cal_slope	0.5169235115301477	
hgbt	30	9	2	val_logloss	0.7794044834963161	
hgbt	30	9	2	val_auc	0.98	
hgbt	30	9	2	val_pr_auc	0.980909090909091	
hgbt	30	9	2	val_accuracy	0.85	
hgbt	30	9	2	val_f1	0.8421052631578947	
hgbt	30	9	2	cal_intercept	0.5703175948955739	
hgbt	30	9	2	cal_slope	0.2573491093600038	
hgbt	30	9	3	val_logloss	0.48193040389870606	
hgbt	30	9	3	val_auc	0.9494949494949494	
hgbt	30	9	3	val_pr_auc	0.9603174603174603	
hgbt	30	9	3	val_accuracy	0.95	
hgbt	30	9	3	val_f1	0.9411764705882353	
hgbt	30	9	3	cal_intercept	1.708703255073863	
hgbt	30	9	3	cal_slope	0.43378748317074023	
hgbt	30	10	0	val_logloss	0.962953484792874	
hgbt	30	10	0	val_auc	0.9	
hgbt	30	10	0	val_pr_auc	0.9	
hgbt	30	10	0	val_accuracy	0.9	
hgbt	30	10	0	val_f1	0.8888888888888888	
hgbt	30	10	0	cal_intercept	7.520976757181416	
hgbt	30	10	0	cal_slope	0.9482270173782748	
hgbt	30	10	1	val_logloss	0.11821749748018921	
hgbt	30	10	1	val_auc	1.0	
hgbt	30	10	1	val_pr_auc	1.0	
hgbt	30	10	1	val_accuracy	0.95	
hgbt	30	10	1	val_f1	0.9473684210526315	
hgbt	30	10	1	cal_intercept	143.7083063405254	
hgbt	30	10	1	cal_slope	64.76045027650771	
hgbt	30	10	2	val_logloss	0.3844682769239694	
hgbt	30	10	2	val_auc	0.97	
hgbt	30	10	2	val_pr_auc	0.9769230769230769	
hgbt	30	10	2	val_accuracy	0.9	
hgbt	30	10	2	val_f1	0.9	
hgbt	30	10	2	cal_intercept	-0.35164347003064744	
hgbt	30	10	2	cal_slope	0.44849675466388084	
hgbt	30	10	3	val_logloss	2.407285013861424	
hgbt	30	10	3	val_auc	0.7525252525252525	
hgbt	30	10	3	val_pr_auc	0.6444444444444444	
hgbt	30	10	3	val_accuracy	0.75	
hgbt	30	10	3	val_f1	0.7368421052631579	
hgbt	30	10	3	cal_intercept	-0.26950908095603193	
hgbt	30	10	3	cal_slope	0.11598260667908794	
hgbt	20	1	0	val_logloss	1.8458667317433435	
hgbt	20	1	0	val_auc	0.7979797979797979	
hgbt	20	1	0	val_pr_auc	0.7049382716049383	
hgbt	20	1	0	val_accuracy	0.8	
hgbt	20	1	0	val_f1	0.7777777777777778	
hgbt	20	1	0	cal_intercept	-0.12569285560737997	
hgbt	20	1	0	cal_slope	0.14936002021212347	
hgbt	20	1	1	val_logloss	0.9681918639184234	
hgbt	20	1	1	val_auc	0.91	
hgbt	20	1	1	val_pr_auc	0.9315204678362573	
hgbt	20	1	1	val_accuracy	0.85	
hgbt	20	1	1	val_f1	0.8235294117647058	
hgbt	20	1	1	cal_intercept	1.393747158542295	
hgbt	20	1	1	cal_slope	0.32918172608763374	
hgbt	20	1	2	val_logloss	0.07999991222851195	
hgbt	20	1	2	val_auc	1.0	
hgbt	20	1	2	val_pr_auc	1.0	
hgbt	20	1	2	val_accuracy	0.95	
hgbt	20	1	2	val_f1	0.9523809523809523	
hgbt	20	1	2	cal_intercept	-10.549899136562606	
hgbt	20	1	2	cal_slope	2.1540632288284147	
hgbt	20	1	3	val_logloss	0.46154030439551114	
hgbt	20	1	3	val_auc	0.9500000000000001	
hgbt	20	1	3	val_pr_auc	0.9090909090909091	
hgbt	20	1	3	val_accuracy	0.95	
hgbt	20	1	3	val_f1	0.9523809523809523	
hgbt	20	1	3	cal_intercept	-5.195989112227758	
hgbt	20	1	3	cal_slope	0.8125419416554192	
hgbt	20	2	0	val_logloss	0.9229824468448008	
hgbt	20	2	0	val_auc	0.9	
hgbt	20	2	0	val_pr_auc	0.8600000000000001	
hgbt	20	2	0	val_accuracy	0.9	
hgbt	20	2	0	val_f1	0.9	
hgbt	20	2	0	cal_intercept	4.9299771361385284e-15	
hgbt	20	2	0	cal_slope	0.23807265028810423	
hgbt	20	2	1	val_logloss	0.10177035657474572	
hgbt	20	2	1	val_auc	1.0	
hgbt	20	2	1	val_pr_auc	1.0	
hgbt	20	2	1	val_accuracy	0.95	
hgbt	20	2	1	val_f1	0.9473684210526315	
hgbt	20	2	1	cal_intercept	-41.536970118210256	
hgbt	20	2	1	cal_slope	20.37407940729577	
hgbt	20	2	2	val_logloss	0.5092714826968046	
hgbt	20	2	2	val_auc	0.995	
hgbt	20	2	2	val_pr_auc	0.990909090909091	
hgbt	20	2	2	val_accuracy	0.9	
hgbt	20	2	2	val_f1	0.8888888888888888	
hgbt	20	2	2	cal_intercept	194.45358413113854	
hgbt	20	2	2	cal_slope	39.49332601791274	
hgbt	20	2	3	val_logloss	0.0013720315325576279	
hgbt	20	2	3	val_auc	1.0	
hgbt	20	2	3	val_pr_auc	1.0	
hgbt	20	2	3	val_accuracy	1.0	
hgbt	20	2	3	val_f1	1.0	
hgbt	20	2	3	cal_intercept	-0.14573066403881743	
hgbt	20	2	3	cal_slope	1.8541957829081304	
hgbt	20	3	0	val_logloss	9.816194625737939e-05	
hgbt	20	3	0	val_auc	1.0	
hgbt	20	3	0	val_pr_auc	1.0	
hgbt	20	3	0	val_accuracy	1.0	
hgbt	20	3	0	val_f1	1.0	
hgbt	20	3	0	cal_intercept	1.2244943555433951e-14	
hgbt	20	3	0	cal_slope	1.2615307486736764	
hgbt	20	3	1	val_logloss	0.07473322297204373	
hgbt	20	3	1	val_auc	1.0	
hgbt	20	3	1	val_pr_auc	1.0	
hgbt	20	3	1	val_accuracy	0.95	
hgbt	20	3	1	val_f1	0.9473684210526315	
hgbt	20	3	1	cal_intercept	11.604630337386915	
hgbt	20	3	1	cal_slope	3.1063228630885704	
hgbt	20	3	2	val_logloss	0.9229824468448007	
hgbt	20	3	2	val_auc	0.9	
hgbt	20	3	2	val_pr_auc	0.8600000000000001	
hgbt	20	3	2	val_accuracy	0.9	
hgbt	20	3	2	val_f1	0.9	
hgbt	20	3	2	cal_intercept	4.931419685902365e-15	
hgbt	20	3	2	cal_slope	0.2380726502881042	
hgbt	20	3	3	val_logloss	0.9229824468448008	
hgbt	20	3	3	val_auc	0.898989898989899	
hgbt	20	3	3	val_pr_auc	0.8401234567901235	
hgbt	20	3	3	val_accuracy	0.9	
hgbt	20	3	3	val_f1	0.8888888888888888	
hgbt	20	3	3	cal_intercept	-0.11162588232048806	
hgbt	20	3	3	cal_slope	0.23741085414567603	
hgbt	20	4	0	val_logloss	1.3844245892940192	
hgbt	20	4	0	val_auc	0.8636363636363636	
hgbt	20	4	0	val_pr_auc	0.75	
hgbt	20	4	0	val_accuracy	0.85	
hgbt	20	4	0	val_f1	0.8571428571428571	
hgbt	20	4	0	cal_intercept	-4.942309045844587	
hgbt	20	4	0	cal_slope	0.6545689784890063	
hgbt	20	4	1	val_logloss	0.3774125236889213	
hgbt	20	4	1	val_auc	0.98	
hgbt	20	4	1	val_pr_auc	0.9809090909090908	
hgbt	20	4	1	val_accuracy	0.9	
hgbt	20	4	1	val_f1	0.9	
hgbt	20	4	1	cal_intercept	0.26021465911196706	
hgbt	20	4	1	cal_slope	0.3924855765136129	
hgbt	20	4	2	val_logloss	0.9229824468448008	
hgbt	20	4	2	val_auc	0.9	
hgbt	20	4	2	val_pr_auc	0.8600000000000001	
hgbt	20	4	2	val_accuracy	0.9	
hgbt	20	4	2	val_f1	0.9	
hgbt	20	4	2	cal_intercept	4.9322485389039384e-15	
hgbt	20	4	2	cal_slope	0.2380726502881042	
hgbt	20	4	3	val_logloss	0.9229824468448363	
hgbt	20	4	3	val_auc	0.9	
hgbt	20	4	3	val_pr_auc	0.9	
hgbt	20	4	3	val_accuracy	0.9	
hgbt	20	4	3	val_f1	0.8888888888888888	
hgbt	20	4	3	cal_intercept	6.65613570810773	
hgbt	20	4	3	cal_slope	0.8956230164209321	
hgbt	20	5	0	val_logloss	0.06164234751786318	
hgbt	20	5	0	val_auc	0.9999999999999999	
hgbt	20	5	0	val_pr_auc	1.0	
hgbt	20	5	0	val_accuracy	1.0	
hgbt	20	5	0	val_f1	1.0	
hgbt	20	5	0	cal_intercept	-5.379681157850955	
hgbt	20	5	0	cal_slope	3.7449299315324147	
hgbt	20	5	1	val_logloss	0.34248970738549667	
hgbt	20	5	1	val_auc	0.98	
hgbt	20	5	1	val_pr_auc	0.9818181818181819	
hgbt	20	5	1	val_accuracy	0.9	
hgbt	20	5	1	val_f1	0.8888888888888888	
hgbt	20	5	1	cal_intercept	1.8105516065421083	
hgbt	20	5	1	cal_slope	0.6384287383472228	
hgbt	20	5	2	val_logloss	0.8940350867375951	
hgbt	20	5	2	val_auc	0.8700000000000001	
hgbt	20	5	2	val_pr_auc	0.9163888888888889	
hgbt	20	5	2	val_accuracy	0.9	
hgbt	20	5	2	val_f1	0.9	
hgbt	20	5	2	cal_intercept	-0.22501284774599425	
hgbt	20	5	2	cal_slope	0.2624064336592102	
hgbt	20	5	3	val_logloss	0.44695481027730494	
hgbt	20	5	3	val_auc	1.0	
hgbt	20	5	3	val_pr_auc	1.0	
hgbt	20	5	3	val_accuracy	0.85	
hgbt	20	5	3	val_f1	0.8	
hgbt	20	5	3	cal_intercept	31.741890592943047	
hgbt	20	5	3	cal_slope	6.254176102267072	
hgbt	20	6	0	val_logloss	0.46154030439551114	
hgbt	20	6	0	val_auc	0.9545454545454545	
hgbt	20	6	0	val_pr_auc	0.9	
hgbt	20	6	0	val_accuracy	0.95	
hgbt	20	6	0	val_f1	0.9473684210526315	
hgbt	20	6	0	cal_intercept	-5.50696636162166	
hgbt	20	6	0	cal_slope	0.8347757067884614	
hgbt	20	6	1	val_logloss	1.3844245892940548	
hgbt	20	6	1	val_auc	0.85	
hgbt	20	6	1	val_pr_auc	0.7863636363636364	
hgbt	20	6	1	val_accuracy	0.85	
hgbt	20	6	1	val_f1	0.8571428571428571	
hgbt	20	6	1	cal_intercept	-0.2876262299066226	
hgbt	20	6	1	cal_slope	0.1941502080950702	
hgbt	20	6	2	val_logloss	0.021252551686533182	
hgbt	20	6	2	val_auc	1.0	
hgbt	20	6	2	val_pr_auc	1.0	
hgbt	20	6	2	val_accuracy	1.0	
hgbt	20	6	2	val_f1	1.0	
hgbt	20	6	2	cal_intercept	1.5675785571928613	
hgbt	20	6	2	cal_slope	3.4243627958976783	
hgbt	20	6	3	val_logloss	1.8458667317433792	
hgbt	20	6	3	val_auc	0.8	
hgbt	20	6	3	val_pr_auc	0.7625	
hgbt	20	6	3	val_accuracy	0.8	
hgbt	20	6	3	val_f1	0.7777777777777778	
hgbt	20	6	3	cal_intercept	0.4236872518466065	
hgbt	20	6	3	cal_slope	0.1649426591001878	
hgbt	20	7	0	val_logloss	0.8131906370318012	
hgbt	20	7	0	val_auc	0.9349999999999999	
hgbt	20	7	0	val_pr_auc	0.8933333333333333	
hgbt	20	7	0	val_accuracy	0.9	
hgbt	20	7	0	val_f1	0.9090909090909091	
hgbt	20	7	0	cal_intercept	-1.8105501572886031	
hgbt	20	7	0	cal_slope	0.35385740440971974	
hgbt	20	7	1	val_logloss	0.9229824468448362	
hgbt	20	7	1	val_auc	0.9	
hgbt	20	7	1	val_pr_auc	0.9	
hgbt	20	7	1	val_accuracy	0.9	
hgbt	20	7	1	val_f1	0.8888888888888888	
hgbt	20	7	1	cal_intercept	6.65613570835543	
hgbt	20	7	1	cal_slope	0.8956230164477387	
hgbt	20	7	2	val_logloss	0.5278168996031712	
hgbt	20	7	2	val_auc	0.99	
hgbt	20	7	2	val_pr_auc	0.990909090909091	
hgbt	20	7	2	val_accuracy	0.9	
hgbt	20	7	2	val_f1	0.9	
hgbt	20	7	2	cal_intercept	-0.007310423797061888	
hgbt	20	7	2	cal_slope	0.3138975050096345	
hgbt	20	7	3	val_logloss	0.14198038967374849	
hgbt	20	7	3	val_auc	0.9797979797979798	
hgbt	20	7	3	val_pr_auc	0.9765432098765433	
hgbt	20	7	3	val_accuracy	0.9	
hgbt	20	7	3	val_f1	0.8888888888888888	
hgbt	20	7	3	cal_intercept	0.5346526904005974	
hgbt	20	7	3	cal_slope	0.6521362215849185	
hgbt	20	8	0	val_logloss	9.816194625737939e-05	
hgbt	20	8	0	val_auc	1.0	
hgbt	20	8	0	val_pr_auc	1.0	
hgbt	20	8	0	val_accuracy	1.0	
hgbt	20	8	0	val_f1	1.0	
hgbt	20	8	0	cal_intercept	1.2244943555433951e-14	
hgbt	20	8	0	cal_slope	1.2615307486736764	
hgbt	20	8	1	val_logloss	0.5199127676906201	
hgbt	20	8	1	val_auc	0.96	
hgbt	20	8	1	val_pr_auc	0.9714285714285715	
hgbt	20	8	1	val_accuracy	0.9	
hgbt	20	8	1	val_f1	0.9	
hgbt	20	8	1	cal_intercept	-0.3998900194050786	
hgbt	20	8	1	cal_slope	0.34223769441941054	
hgbt	20	8	2	val_logloss	0.23318415386281588	
hgbt	20	8	2	val_auc	0.9949494949494949	
hgbt	20	8	2	val_pr_auc	0.9888888888888888	
hgbt	20	8	2	val_accuracy	0.95	
hgbt	20	8	2	val_f1	0.9473684210526315	
hgbt	20	8	2	cal_intercept	-1158.4035750419018	
hgbt	20	8	2	cal_slope	267.6589696320192	
hgbt	20	8	3	val_logloss	0.25313929073075536	
hgbt	20	8	3	val_auc	0.9850000000000001	
hgbt	20	8	3	val_pr_auc	0.9809090909090908	
hgbt	20	8	3	val_accuracy	0.95	
hgbt	20	8	3	val_f1	0.9523809523809523	
hgbt	20	8	3	cal_intercept	-0.6008154069847672	
hgbt	20	8	3	cal_slope	0.4932027392161509	
hgbt	20	9	0	val_logloss	1.3844245892940548	
hgbt	20	9	0	val_auc	0.85	
hgbt	20	9	0	val_pr_auc	0.7863636363636364	
hgbt	20	9	0	val_accuracy	0.85	
hgbt	20	9	0	val_f1	0.8571428571428571	
hgbt	20	9	0	cal_intercept	-0.28762622990662245	
hgbt	20	9	0	cal_slope	0.1941502080950702	
hgbt	20	9	1	val_logloss	0.9229824468447653	
hgbt	20	9	1	val_auc	0.9	
hgbt	20	9	1	val_pr_auc	0.8333333333333334	
hgbt	20	9	1	val_accuracy	0.9	
hgbt	20	9	1	val_f1	0.9090909090909091	
hgbt	20	9	1	cal_intercept	-6.65613570696426	
hgbt	20	9	1	cal_slope	0.8956230162972555	
hgbt	20	9	2	val_logloss	0.9229824468448363	
hgbt	20	9	2	val_auc	0.9	
hgbt	20	9	2	val_pr_auc	0.9	
hgbt	20	9	2	val_accuracy	0.9	
hgbt	20	9	2	val_f1	0.8888888888888888	
hgbt	20	9	2	cal_intercept	6.656135708357287	
hgbt	20	9	2	cal_slope	0.8956230164479351	
hgbt	20	9	3	val_logloss	0.4220135383744953	
hgbt	20	9	3	val_auc	0.9090909090909091	
hgbt	20	9	3	val_pr_auc	0.9444444444444444	
hgbt	20	9	3	val_accuracy	0.95	
hgbt	20	9	3	val_f1	0.9411764705882353	
hgbt	20	9	3	cal_intercept	0.13269342811838364	
hgbt	20	9	3	cal_slope	0.3883327942756605	
hgbt	20	10	0	val_logloss	0.9229824468448363	
hgbt	20	10	0	val_auc	0.9	
hgbt	20	10	0	val_pr_auc	0.9	
hgbt	20	10	0	val_accuracy	0.9	
hgbt	20	10	0	val_f1	0.8888888888888888	
hgbt	20	10	0	cal_intercept	6.656135708357287	
hgbt	20	10	0	cal_slope	0.8956230164479351	
hgbt	20	10	1	val_logloss	0.19046765458609188	
hgbt	20	10	1	val_auc	0.9800000000000001	
hgbt	20	10	1	val_pr_auc	0.9833333333333334	
hgbt	20	10	1	val_accuracy	0.95	
hgbt	20	10	1	val_f1	0.9473684210526315	
hgbt	20	10	1	cal_intercept	3.1337679238287355	
hgbt	20	10	1	cal_slope	1.0754256280162118	
hgbt	20	10	2	val_logloss	0.5759143269125038	
hgbt	20	10	2	val_auc	0.97	
hgbt	20	10	2	val_pr_auc	0.9769230769230769	
hgbt	20	10	2	val_accuracy	0.9	
hgbt	20	10	2	val_f1	0.9	
hgbt	20	10	2	cal_intercept	-0.3921084474865487	
hgbt	20	10	2	cal_slope	0.3651550423432573	
hgbt	20	10	3	val_logloss	2.3073088741925973	
hgbt	20	10	3	val_auc	0.7525252525252525	
hgbt	20	10	3	val_pr_auc	0.6444444444444444	
hgbt	20	10	3	val_accuracy	0.75	
hgbt	20	10	3	val_f1	0.7368421052631579	
hgbt	20	10	3	cal_intercept	-0.26950312875546034	
hgbt	20	10	3	cal_slope	0.12101058003791006	
hgbt	12	1	0	val_logloss	0.4366006443549666	
hgbt	12	1	0	val_auc	0.9545454545454545	
hgbt	12	1	0	val_pr_auc	0.9	
hgbt	12	1	0	val_accuracy	0.95	
hgbt	12	1	0	val_f1	0.9473684210526315	
hgbt	12	1	0	cal_intercept	-5.864806929910335	
hgbt	12	1	0	cal_slope	0.9236067484249321	
hgbt	12	1	1	val_logloss	1.7459170353279945	
hgbt	12	1	1	val_auc	0.8	
hgbt	12	1	1	val_pr_auc	0.7400000000000001	
hgbt	12	1	1	val_accuracy	0.8	
hgbt	12	1	1	val_f1	0.8	
hgbt	12	1	1	cal_intercept	1.5667858110791589e-15	
hgbt	12	1	1	cal_slope	0.15882415771907574	
hgbt	12	1	2	val_logloss	0.4366006443549666	
hgbt	12	1	2	val_auc	0.9500000000000001	
hgbt	12	1	2	val_pr_auc	0.9090909090909091	
hgbt	12	1	2	val_accuracy	0.95	
hgbt	12	1	2	val_f1	0.9523809523809523	
hgbt	12	1	2	cal_intercept	-6.3486653539027476	
hgbt	12	1	2	cal_slope	0.9911227110237963	
hgbt	12	1	3	val_logloss	1.745917035328014	
hgbt	12	1	3	val_auc	0.8	
hgbt	12	1	3	val_pr_auc	0.7625	
hgbt	12	1	3	val_accuracy	0.8	
hgbt	12	1	3	val_f1	0.7777777777777778	
hgbt	12	1	3	cal_intercept	0.42368253258898186	
hgbt	12	1	3	cal_slope	0.17439249846852758	
hgbt	12	2	0	val_logloss	0.8730394413459825	
hgbt	12	2	0	val_auc	0.9	
hgbt	12	2	0	val_pr_auc	0.8600000000000001	
hgbt	12	2	0	val_accuracy	0.9	
hgbt	12	2	0	val_f1	0.9	
hgbt	12	2	0	cal_intercept	3.136077472503126e-15	
hgbt	12	2	0	cal_slope	0.25171885771667457	
hgbt	12	2	1	val_logloss	0.43660064435498586	
hgbt	12	2	1	val_auc	0.9444444444444444	
hgbt	12	2	1	val_pr_auc	0.9388888888888889	
hgbt	12	2	1	val_accuracy	0.95	
hgbt	12	2	1	val_f1	0.9411764705882353	
hgbt	12	2	1	cal_intercept	5.501524789565025	
hgbt	12	2	1	cal_slope	0.9050003024738053	
hgbt	12	2	2	val_logloss	0.3020305529743502	
hgbt	12	2	2	val_auc	0.96	
hgbt	12	2	2	val_pr_auc	0.9555555555555556	
hgbt	12	2	2	val_accuracy	0.9	
hgbt	12	2	2	val_f1	0.8888888888888888	
hgbt	12	2	2	cal_intercept	21.22555768652325	
hgbt	12	2	2	cal_slope	6.530536341684963	
hgbt	12	2	3	val_logloss	0.010408729884956112	
hgbt	12	2	3	val_auc	1.0	
hgbt	12	2	3	val_pr_auc	1.0	
hgbt	12	2	3	val_accuracy	1.0	
hgbt	12	2	3	val_f1	1.0	
hgbt	12	2	3	cal_intercept	0.8803566751880523	
hgbt	12	2	3	cal_slope	2.8825638545286574	
hgbt	12	3	0	val_logloss	0.4366006443549666	
hgbt	12	3	0	val_auc	0.9500000000000001	
hgbt	12	3	0	val_pr_auc	0.9090909090909091	
hgbt	12	3	0	val_accuracy	0.95	
hgbt	12	3	0	val_f1	0.9523809523809523	
hgbt	12	3	0	cal_intercept	-6.348665353608685	
hgbt	12	3	0	cal_slope	0.9911227109901019	
hgbt	12	3	1	val_logloss	0.8730394413460016	
hgbt	12	3	1	val_auc	0.9	
hgbt	12	3	1	val_pr_auc	0.9	
hgbt	12	3	1	val_accuracy	0.9	
hgbt	12	3	1	val_f1	0.8888888888888888	
hgbt	12	3	1	cal_intercept	4.771396327047973	
hgbt	12	3	1	cal_slope	0.7310175708626936	
hgbt	12	3	2	val_logloss	0.8730394413459823	
hgbt	12	3	2	val_auc	0.9	
hgbt	12	3	2	val_pr_auc	0.8600000000000001	
hgbt	12	3	2	val_accuracy	0.9	
hgbt	12	3	2	val_f1	0.9	
hgbt	12	3	2	cal_intercept	3.1385770144534546e-15	
hgbt	12	3	2	cal_slope	0.25171885771667457	
hgbt	12	3	3	val_logloss	1.3094782383369596	
hgbt	12	3	3	val_auc	0.8636363636363636	
hgbt	12	3	3	val_pr_auc	0.75	
hgbt	12	3	3	val_accuracy	0.85	
hgbt	12	3	3	val_f1	0.8571428571428571	
hgbt	12	3	3	cal_intercept	-5.335343641564918	
hgbt	12	3	3	cal_slope	0.7370942312461723	
hgbt	12	4	0	val_logloss	1.3094782383369596	
hgbt	12	4	0	val_auc	0.8636363636363636	
hgbt	12	4	0	val_pr_auc	0.75	
hgbt	12	4	0	val_accuracy	0.85	
hgbt	12	4	0	val_f1	0.8571428571428571	
hgbt	12	4	0	cal_intercept	-5.335343641565156	
hgbt	12	4	0	cal_slope	0.7370942312461944	
hgbt	12	4	1	val_logloss	0.1834867799422498	
hgbt	12	4	1	val_auc	0.99	
hgbt	12	4	1	val_pr_auc	0.990909090909091	
hgbt	12	4	1	val_accuracy	0.9	
hgbt	12	4	1	val_f1	0.9	
hgbt	12	4	1	cal_intercept	-0.02944686092015767	
hgbt	12	4	1	cal_slope	0.8351171297007172	
hgbt	12	4	2	val_logloss	0.4366006443549666	
hgbt	12	4	2	val_auc	0.9500000000000001	
hgbt	12	4	2	val_pr_auc	0.9090909090909091	
hgbt	12	4	2	val_accuracy	0.95	
hgbt	12	4	2	val_f1	0.9523809523809523	
hgbt	12	4	2	cal_intercept	-6.348665354174053	
hgbt	12	4	2	cal_slope	0.9911227110548855	
hgbt	12	4	3	val_logloss	0.8730394413460016	
hgbt	12	4	3	val_auc	0.9	
hgbt	12	4	3	val_pr_auc	0.9	
hgbt	12	4	3	val_accuracy	0.9	
hgbt	12	4	3	val_f1	0.8888888888888888	
hgbt	12	4	3	cal_intercept	4.77139632704803	
hgbt	12	4	3	cal_slope	0.7310175708627	
hgbt	12	5	0	val_logloss	0.0010222200826433064	
hgbt	12	5	0	val_auc	1.0	
hgbt	12	5	0	val_pr_auc	1.0	
hgbt	12	5	0	val_accuracy	1.0	
hgbt	12	5	0	val_f1	1.0	
hgbt	12	5	0	cal_intercept	5.835550916074386e-05	
hgbt	12	5	0	cal_slope	1.6648291070733408	
hgbt	12	5	1	val_logloss	2.182355832318972	
hgbt	12	5	1	val_auc	0.75	
hgbt	12	5	1	val_pr_auc	0.6730769230769231	
hgbt	12	5	1	val_accuracy	0.75	
hgbt	12	5	1	val_f1	0.782608695652174	
hgbt	12	5	1	cal_intercept	-0.4902078996488191	
hgbt	12	5	1	cal_slope	0.14907184423987813	
hgbt	12	5	2	val_logloss	1.7459170353279752	
hgbt	12	5	2	val_auc	0.7999999999999999	
hgbt	12	5	2	val_pr_auc	0.7250000000000001	
hgbt	12	5	2	val_accuracy	0.8	
hgbt	12	5	2	val_f1	0.8181818181818182	
hgbt	12	5	2	cal_intercept	-0.42368253258891464	
hgbt	12	5	2	cal_slope	0.17439249846852758	
hgbt	12	5	3	val_logloss	0.43660064435498586	
hgbt	12	5	3	val_auc	0.9444444444444444	
hgbt	12	5	3	val_pr_auc	0.9388888888888889	
hgbt	12	5	3	val_accuracy	0.95	
hgbt	12	5	3	val_f1	0.9411764705882353	
hgbt	12	5	3	cal_intercept	5.501524789567219	
hgbt	12	5	3	cal_slope	0.9050003024740525	
hgbt	12	6	0	val_logloss	0.4366006443549666	
hgbt	12	6	0	val_auc	0.9545454545454545	
hgbt	12	6	0	val_pr_auc	0.9	
hgbt	12	6	0	val_accuracy	0.95	
hgbt	12	6	0	val_f1	0.9473684210526315	
hgbt	12	6	0	cal_intercept	-5.864806929919405	
hgbt	12	6	0	cal_slope	0.9236067484259707	
hgbt	12	6	1	val_logloss	1.3094782383369596	
hgbt	12	6	1	val_auc	0.85	
hgbt	12	6	1	val_pr_auc	0.7692307692307693	
hgbt	12	6	1	val_accuracy	0.85	
hgbt	12	6	1	val_f1	0.8695652173913043	
hgbt	12	6	1	cal_intercept	-5.071410058041984	
hgbt	12	6	1	cal_slope	0.7189256002467651	
hgbt	12	6	2	val_logloss	0.6162766496570504	
hgbt	12	6	2	val_auc	0.9	
hgbt	12	6	2	val_pr_auc	0.9	
hgbt	12	6	2	val_accuracy	0.8	
hgbt	12	6	2	val_f1	0.75	
hgbt	12	6	2	cal_intercept	18.537608114882925	
hgbt	12	6	2	cal_slope	4.934362992898161	
hgbt	12	6	3	val_logloss	1.745917035328014	
hgbt	12	6	3	val_auc	0.8	
hgbt	12	6	3	val_pr_auc	0.7625	
hgbt	12	6	3	val_accuracy	0.8	
hgbt	12	6	3	val_f1	0.7777777777777778	
hgbt	12	6	3	cal_intercept	0.4236825325889818	
hgbt	12	6	3	cal_slope	0.17439249846852758	
hgbt	12	7	0	val_logloss	0.7938395556280706	
hgbt	12	7	0	val_auc	0.9450000000000001	
hgbt	12	7	0	val_pr_auc	0.9009090909090909	
hgbt	12	7	0	val_accuracy	0.9	
hgbt	12	7	0	val_f1	0.9090909090909091	
hgbt	12	7	0	cal_intercept	-2.0622520584805324	
hgbt	12	7	0	cal_slope	0.36837948645734314	
hgbt	12	7	1	val_logloss	0.8730394413460016	
hgbt	12	7	1	val_auc	0.9	
hgbt	12	7	1	val_pr_auc	0.9	
hgbt	12	7	1	val_accuracy	0.9	
hgbt	12	7	1	val_f1	0.8888888888888888	
hgbt	12	7	1	cal_intercept	4.771396327047888	
hgbt	12	7	1	cal_slope	0.7310175708626838	
hgbt	12	7	2	val_logloss	0.43660064435498586	
hgbt	12	7	2	val_auc	0.95	
hgbt	12	7	2	val_pr_auc	0.95	
hgbt	12	7	2	val_accuracy	0.95	
hgbt	12	7	2	val_f1	0.9473684210526315	
hgbt	12	7	2	cal_intercept	6.348665353656068	
hgbt	12	7	2	cal_slope	0.9911227109954889	
hgbt	12	7	3	val_logloss	0.43660064435498586	
hgbt	12	7	3	val_auc	0.9444444444444444	
hgbt	12	7	3	val_pr_auc	0.9388888888888889	
hgbt	12	7	3	val_accuracy	0.95	
hgbt	12	7	3	val_f1	0.9411764705882353	
hgbt	12	7	3	cal_intercept	5.501524789565025	
hgbt	12	7	3	cal_slope	0.9050003024738053	
hgbt	12	8	0	val_logloss	0.00016184736397024499	
hgbt	12	8	0	val_auc	1.0	
hgbt	12	8	0	val_pr_auc	1.0	
hgbt	12	8	0	val_accuracy	1.0	
hgbt	12	8	0	val_f1	1.0	
hgbt	12	8	0	cal_intercept	1.0390636854179078e-14	
hgbt	12	8	0	cal_slope	1.3609468900438164	
hgbt	12	8	1	val_logloss	0.7288939541262331	
hgbt	12	8	1	val_auc	0.8400000000000001	
hgbt	12	8	1	val_pr_auc	0.8607512370670265	
hgbt	12	8	1	val_accuracy	0.8	
hgbt	12	8	1	val_f1	0.7777777777777778	
hgbt	12	8	1	cal_intercept	0.5330848129688802	
hgbt	12	8	1	cal_slope	0.40094598973070417	
hgbt	12	8	2	val_logloss	0.3014965108550135	
hgbt	12	8	2	val_auc	0.9595959595959596	
hgbt	12	8	2	val_pr_auc	0.9603174603174603	
hgbt	12	8	2	val_accuracy	0.9	
hgbt	12	8	2	val_f1	0.8888888888888888	
hgbt	12	8	2	cal_intercept	0.07931432604609821	
hgbt	12	8	2	cal_slope	1.0576470016024646	
hgbt	12	8	3	val_logloss	0.8730394413460016	
hgbt	12	8	3	val_auc	0.9	
hgbt	12	8	3	val_pr_auc	0.9	
hgbt	12	8	3	val_accuracy	0.9	
hgbt	12	8	3	val_f1	0.8888888888888888	
hgbt	12	8	3	cal_intercept	4.771396327047558	
hgbt	12	8	3	cal_slope	0.731017570862646	
hgbt	12	9	0	val_logloss	0.8730394413459631	
hgbt	12	9	0	val_auc	0.9	
hgbt	12	9	0	val_pr_auc	0.8333333333333334	
hgbt	12	9	0	val_accuracy	0.9	
hgbt	12	9	0	val_f1	0.9090909090909091	
hgbt	12	9	0	cal_intercept	-4.77139632704785	
hgbt	12	9	0	cal_slope	0.7310175708627116	
hgbt	12	9	1	val_logloss	0.8730394413459823	
hgbt	12	9	1	val_auc	0.9	
hgbt	12	9	1	val_pr_auc	0.8600000000000001	
hgbt	12	9	1	val_accuracy	0.9	
hgbt	12	9	1	val_f1	0.9	
hgbt	12	9	1	cal_intercept	3.1395891243965857e-15	
hgbt	12	9	1	cal_slope	0.25171885771667457	
hgbt	12	9	2	val_logloss	0.8730394413460016	
hgbt	12	9	2	val_auc	0.9	
hgbt	12	9	2	val_pr_auc	0.9	
hgbt	12	9	2	val_accuracy	0.9	
hgbt	12	9	2	val_f1	0.8888888888888888	
hgbt	12	9	2	cal_intercept	4.771396327047615	
hgbt	12	9	2	cal_slope	0.7310175708626527	
hgbt	12	9	3	val_logloss	0.43660064435498586	
hgbt	12	9	3	val_auc	0.9444444444444444	
hgbt	12	9	3	val_pr_auc	0.9388888888888889	
hgbt	12	9	3	val_accuracy	0.95	
hgbt	12	9	3	val_f1	0.9411764705882353	
hgbt	12	9	3	cal_intercept	5.501524789560361	
hgbt	12	9	3	cal_slope	0.9050003024732726	
hgbt	12	10	0	val_logloss	0.8730394413460016	
hgbt	12	10	0	val_auc	0.9	
hgbt	12	10	0	val_pr_auc	0.9	
hgbt	12	10	0	val_accuracy	0.9	
hgbt	12	10	0	val_f1	0.8888888888888888	
hgbt	12	10	0	cal_intercept	4.771396327047615	
hgbt	12	10	0	cal_slope	0.7310175708626527	
hgbt	12	10	1	val_logloss	1.3094782383369787	
hgbt	12	10	1	val_auc	0.85	
hgbt	12	10	1	val_pr_auc	0.7863636363636364	
hgbt	12	10	1	val_accuracy	0.85	
hgbt	12	10	1	val_f1	0.8571428571428571	
hgbt	12	10	1	cal_intercept	-0.287638414912273	
hgbt	12	10	1	cal_slope	0.2052670393378162	
hgbt	12	10	2	val_logloss	0.4366006443549666	
hgbt	12	10	2	val_auc	0.9500000000000001	
hgbt	12	10	2	val_pr_auc	0.9090909090909091	
hgbt	12	10	2	val_accuracy	0.95	
hgbt	12	10	2	val_f1	0.9523809523809523	
hgbt	12	10	2	cal_intercept	-6.348665353324695	
hgbt	12	10	2	cal_slope	0.9911227109575595	
hgbt	12	10	3	val_logloss	2.182355832318991	
hgbt	12	10	3	val_auc	0.7525252525252525	
hgbt	12	10	3	val_pr_auc	0.6444444444444444	
hgbt	12	10	3	val_accuracy	0.75	
hgbt	12	10	3	val_f1	0.7368421052631579	
hgbt	12	10	3	cal_intercept	-0.2695050071160844	
hgbt	12	10	3	cal_slope	0.12794318777314242	
hgbt	8	1	0	val_logloss	0.6931471805599453	
hgbt	8	1	0	val_auc	0.5	
hgbt	8	1	0	val_pr_auc	0.45	
hgbt	8	1	0	val_accuracy	0.45	
hgbt	8	1	0	val_f1	0.6206896551724138	
hgbt	8	1	0	cal_intercept	NA	constant-logit
hgbt	8	1	0	cal_slope	NA	constant-logit
hgbt	8	1	1	val_logloss	0.6931471805599453	
hgbt	8	1	1	val_auc	0.5	
hgbt	8	1	1	val_pr_auc	0.5	
hgbt	8	1	1	val_accuracy	0.5	
hgbt	8	1	1	val_f1	0.6666666666666666	
hgbt	8	1	1	cal_intercept	NA	constant-logit
hgbt	8	1	1	cal_slope	NA	constant-logit
hgbt	8	1	2	val_logloss	0.6931471805599453	
hgbt	8	1	2	val_auc	0.5	
hgbt	8	1	2	val_pr_auc	0.5	
hgbt	8	1	2	val_accuracy	0.5	
hgbt	8	1	2	val_f1	0.6666666666666666	
hgbt	8	1	2	cal_intercept	NA	constant-logit
hgbt	8	1	2	cal_slope	NA	constant-logit
hgbt	8	1	3	val_logloss	0.6931471805599453	
hgbt	8	1	3	val_auc	0.5	
hgbt	8	1	3	val_pr_auc	0.5	
hgbt	8	1	3	val_accuracy	0.5	
hgbt	8	1	3	val_f1	0.6666666666666666	
hgbt	8	1	3	cal_intercept	NA	constant-logit
hgbt	8	1	3	cal_slope	NA	constant-logit
hgbt	8	2	0	val_logloss	0.6931471805599453	
hgbt	8	2	0	val_auc	0.5	
hgbt	8	2	0	val_pr_auc	0.5	
hgbt	8	2	0	val_accuracy	0.5	
hgbt	8	2	0	val_f1	0.6666666666666666	
hgbt	8	2	0	cal_intercept	NA	constant-logit
hgbt	8	2	0	cal_slope	NA	constant-logit
hgbt	8	2	1	val_logloss	0.6931471805599453	
hgbt	8	2	1	val_auc	0.5	
hgbt	8	2	1	val_pr_auc	0.45	
hgbt	8	2	1	val_accuracy	0.45	
hgbt	8	2	1	val_f1	0.6206896551724138	
hgbt	8	2	1	cal_intercept	NA	constant-logit
hgbt	8	2	1	cal_slope	NA	constant-logit
hgbt	8	2	2	val_logloss	0.6931471805599453	
hgbt	8	2	2	val_auc	0.5	
hgbt	8	2	2	val_pr_auc	0.5	
hgbt	8	2	2	val_accuracy	0.5	
hgbt	8	2	2	val_f1	0.6666666666666666	
hgbt	8	2	2	cal_intercept	NA	constant-logit
hgbt	8	2	2	cal_slope	NA	constant-logit
hgbt	8	2	3	val_logloss	0.6931471805599453	
hgbt	8	2	3	val_auc	0.5	
hgbt	8	2	3	val_pr_auc	0.5	
hgbt	8	2	3	val_accuracy	0.5	
hgbt	8	2	3	val_f1	0.6666666666666666	
hgbt	8	2	3	cal_intercept	NA	constant-logit
hgbt	8	2	3	cal_slope	NA	constant-logit
hgbt	8	3	0	val_logloss	0.6931471805599453	
hgbt	8	3	0	val_auc	0.5	
hgbt	8	3	0	val_pr_auc	0.5	
hgbt	8	3	0	val_accuracy	0.5	
hgbt	8	3	0	val_f1	0.6666666666666666	
hgbt	8	3	0	cal_intercept	NA	constant-logit
hgbt	8	3	0	cal_slope	NA	constant-logit
hgbt	8	3	1	val_logloss	0.6931471805599453	
hgbt	8	3	1	val_auc	0.5	
hgbt	8	3	1	val_pr_auc	0.5	
hgbt	8	3	1	val_accuracy	0.5	
hgbt	8	3	1	val_f1	0.6666666666666666	
hgbt	8	3	1	cal_intercept	NA	constant-logit
hgbt	8	3	1	cal_slope	NA	constant-logit
hgbt	8	3	2	val_logloss	0.6931471805599453	
hgbt	8	3	2	val_auc	0.5	
hgbt	8	3	2	val_pr_auc	0.5	
hgbt	8	3	2	val_accuracy	0.5	
hgbt	8	3	2	val_f1	0.6666666666666666	
hgbt	8	3	2	cal_intercept	NA	constant-logit
hgbt	8	3	2	cal_slope	NA	constant-logit
hgbt	8	3	3	val_logloss	0.6931471805599453	
hgbt	8	3	3	val_auc	0.5	
hgbt	8	3	3	val_pr_auc	0.45	
hgbt	8	3	3	val_accuracy	0.45	
hgbt	8	3	3	val_f1	0.6206896551724138	
hgbt	8	3	3	cal_intercept	NA	constant-logit
hgbt	8	3	3	cal_slope	NA	constant-logit
hgbt	8	4	0	val_logloss	0.6931471805599453	
hgbt	8	4	0	val_auc	0.5	
hgbt	8	4	0	val_pr_auc	0.45	
hgbt	8	4	0	val_accuracy	0.45	
hgbt	8	4	0	val_f1	0.6206896551724138	
hgbt	8	4	0	cal_intercept	NA	constant-logit
hgbt	8	4	0	cal_slope	NA	constant-logit
hgbt	8	4	1	val_logloss	0.6931471805599453	
hgbt	8	4	1	val_auc	0.5	
hgbt	8	4	1	val_pr_auc	0.5	
hgbt	8	4	1	val_accuracy	0.5	
hgbt	8	4	1	val_f1	0.6666666666666666	
hgbt	8	4	1	cal_intercept	NA	constant-logit
hgbt	8	4	1	cal_slope	NA	constant-logit
hgbt	8	4	2	val_logloss	0.6931471805599453	
hgbt	8	4	2	val_auc	0.5	
hgbt	8	4	2	val_pr_auc	0.5	
hgbt	8	4	2	val_accuracy	0.5	
hgbt	8	4	2	val_f1	0.6666666666666666	
hgbt	8	4	2	cal_intercept	NA	constant-logit
hgbt	8	4	2	cal_slope	NA	constant-logit
hgbt	8	4	3	val_logloss	0.6931471805599453	
hgbt	8	4	3	val_auc	0.5	
hgbt	8	4	3	val_pr_auc	0.5	
hgbt	8	4	3	val_accuracy	0.5	
hgbt	8	4	3	val_f1	0.6666666666666666	
hgbt	8	4	3	cal_intercept	NA	constant-logit
hgbt	8	4	3	cal_slope	NA	constant-logit
hgbt	8	5	0	val_logloss	0.6931471805599453	
hgbt	8	5	0	val_auc	0.5	
hgbt	8	5	0	val_pr_auc	0.5	
hgbt	8	5	0	val_accuracy	0.5	
hgbt	8	5	0	val_f1	0.6666666666666666	
hgbt	8	5	0	cal_intercept	NA	constant-logit
hgbt	8	5	0	cal_slope	NA	constant-logit
hgbt	8	5	1	val_logloss	0.6931471805599453	
hgbt	8	5	1	val_auc	0.5	
hgbt	8	5	1	val_pr_auc	0.5	
hgbt	8	5	1	val_accuracy	0.5	
hgbt	8	5	1	val_f1	0.6666666666666666	
hgbt	8	5	1	cal_intercept	NA	constant-logit
hgbt	8	5	1	cal_slope	NA	constant-logit
hgbt	8	5	2	val_logloss	0.6931471805599453	
hgbt	8	5	2	val_auc	0.5	
hgbt	8	5	2	val_pr_auc	0.5	
hgbt	8	5	2	val_accuracy	0.5	
hgbt	8	5	2	val_f1	0.6666666666666666	
hgbt	8	5	2	cal_intercept	NA	constant-logit
hgbt	8	5	2	cal_slope	NA	constant-logit
hgbt	8	5	3	val_logloss	0.6931471805599453	
hgbt	8	5	3	val_auc	0.5	
hgbt	8	5	3	val_pr_auc	0.45	
hgbt	8	5	3	val_accuracy	0.45	
hgbt	8	5	3	val_f1	0.6206896551724138	
hgbt	8	5	3	cal_intercept	NA	constant-logit
hgbt	8	5	3	cal_slope	NA	constant-logit
hgbt	8	6	0	val_logloss	0.6931471805599453	
hgbt	8	6	0	val_auc	0.5	
hgbt	8	6	0	val_pr_auc	0.45	
hgbt	8	6	0	val_accuracy	0.45	
hgbt	8	6	0	val_f1	0.6206896551724138	
hgbt	8	6	0	cal_intercept	NA	constant-logit
hgbt	8	6	0	cal_slope	NA	constant-logit
hgbt	8	6	1	val_logloss	0.6931471805599453	
hgbt	8	6	1	val_auc	0.5	
hgbt	8	6	1	val_pr_auc	0.5	
hgbt	8	6	1	val_accuracy	0.5	
hgbt	8	6	1	val_f1	0.6666666666666666	
hgbt	8	6	1	cal_intercept	NA	constant-logit
hgbt	8	6	1	cal_slope	NA	constant-logit
hgbt	8	6	2	val_logloss	0.6931471805599453	
hgbt	8	6	2	val_auc	0.5	
hgbt	8	6	2	val_pr_auc	0.5	
hgbt	8	6	2	val_accuracy	0.5	
hgbt	8	6	2	val_f1	0.6666666666666666	
hgbt	8	6	2	cal_intercept	NA	constant-logit
hgbt	8	6	2	cal_slope	NA	constant-logit
hgbt	8	6	3	val_logloss	0.6931471805599453	
hgbt	8	6	3	val_auc	0.5	
hgbt	8	6	3	val_pr_auc	0.5	
hgbt	8	6	3	val_accuracy	0.5	
hgbt	8	6	3	val_f1	0.6666666666666666	
hgbt	8	6	3	cal_intercept	NA	constant-logit
hgbt	8	6	3	cal_slope	NA	constant-logit
hgbt	8	7	0	val_logloss	0.6931471805599453	
hgbt	8	7	0	val_auc	0.5	
hgbt	8	7	0	val_pr_auc	0.5	
hgbt	8	7	0	val_accuracy	0.5	
hgbt	8	7	0	val_f1	0.6666666666666666	
hgbt	8	7	0	cal_intercept	NA	constant-logit
hgbt	8	7	0	cal_slope	NA	constant-logit
hgbt	8	7	1	val_logloss	0.6931471805599453	
hgbt	8	7	1	val_auc	0.5	
hgbt	8	7	1	val_pr_auc	0.5	
hgbt	8	7	1	val_accuracy	0.5	
hgbt	8	7	1	val_f1	0.6666666666666666	
hgbt	8	7	1	cal_intercept	NA	constant-logit
hgbt	8	7	1	cal_slope	NA	constant-logit
hgbt	8	7	2	val_logloss	0.6931471805599453	
hgbt	8	7	2	val_auc	0.5	
hgbt	8	7	2	val_pr_auc	0.5	
hgbt	8	7	2	val_accuracy	0.5	
hgbt	8	7	2	val_f1	0.6666666666666666	
hgbt	8	7	2	cal_intercept	NA	constant-logit
hgbt	8	7	2	cal_slope	NA	constant-logit
hgbt	8	7	3	val_logloss	0.6931471805599453	
hgbt	8	7	3	val_auc	0.5	
hgbt	8	7	3	val_pr_auc	0.45	
hgbt	8	7	3	val_accuracy	0.45	
hgbt	8	7	3	val_f1	0.6206896551724138	
hgbt	8	7	3	cal_intercept	NA	constant-logit
hgbt	8	7	3	cal_slope	NA	constant-logit
hgbt	8	8	0	val_logloss	0.6931471805599453	
hgbt	8	8	0	val_auc	0.5	
hgbt	8	8	0	val_pr_auc	0.5	
hgbt	8	8	0	val_accuracy	0.5	
hgbt	8	8	0	val_f1	0.6666666666666666	
hgbt	8	8	0	cal_intercept	NA	constant-logit
hgbt	8	8	0	cal_slope	NA	constant-logit
hgbt	8	8	1	val_logloss	0.6931471805599453	
hgbt	8	8	1	val_auc	0.5	
hgbt	8	8	1	val_pr_auc	0.5	
hgbt	8	8	1	val_accuracy	0.5	
hgbt	8	8	1	val_f1	0.6666666666666666	
hgbt	8	8	1	cal_intercept	NA	constant-logit
hgbt	8	8	1	cal_slope	NA	constant-logit
hgbt	8	8	2	val_logloss	0.6931471805599453	
hgbt	8	8	2	val_auc	0.5	
hgbt	8	8	2	val_pr_auc	0.45	
hgbt	8	8	2	val_accuracy	0.45	
hgbt	8	8	2	val_f1	0.6206896551724138	
hgbt	8	8	2	cal_intercept	NA	constant-logit
hgbt	8	8	2	cal_slope	NA	constant-logit
hgbt	8	8	3	val_logloss	0.6931471805599453	
hgbt	8	8	3	val_auc	0.5	
hgbt	8	8	3	val_pr_auc	0.5	
hgbt	8	8	3	val_accuracy	0.5	
hgbt	8	8	3	val_f1	0.6666666666666666	
hgbt	8	8	3	cal_intercept	NA	constant-logit
hgbt	8	8	3	cal_slope	NA	constant-logit
hgbt	8	9	0	val_logloss	0.6931471805599453	
hgbt	8	9	0	val_auc	0.5	
hgbt	8	9	0	val_pr_auc	0.5	
hgbt	8	9	0	val_accuracy	0.5	
hgbt	8	9	0	val_f1	0.6666666666666666	
hgbt	8	9	0	cal_intercept	NA	constant-logit
hgbt	8	9	0	cal_slope	NA	constant-logit
hgbt	8	9	1	val_logloss	0.6931471805599453	
hgbt	8	9	1	val_auc	0.5	
hgbt	8	9	1	val_pr_auc	0.5	
hgbt	8	9	1	val_accuracy	0.5	
hgbt	8	9	1	val_f1	0.6666666666666666	
hgbt	8	9	1	cal_intercept	NA	constant-logit
hgbt	8	9	1	cal_slope	NA	constant-logit
hgbt	8	9	2	val_logloss	0.6931471805599453	
hgbt	8	9	2	val_auc	0.5	
hgbt	8	9	2	val_pr_auc	0.5	
hgbt	8	9	2	val_accuracy	0.5	
hgbt	8	9	2	val_f1	0.6666666666666666	
hgbt	8	9	2	cal_intercept	NA	constant-logit
hgbt	8	9	2	cal_slope	NA	constant-logit
hgbt	8	9	3	val_logloss	0.6931471805599453	
hgbt	8	9	3	val_auc	0.5	
hgbt	8	9	3	val_pr_auc	0.45	
hgbt	8	9	3	val_accuracy	0.45	
hgbt	8	9	3	val_f1	0.6206896551724138	
hgbt	8	9	3	cal_intercept	NA	constant-logit
hgbt	8	9	3	cal_slope	NA	constant-logit
hgbt	8	10	0	val_logloss	0.6931471805599453	
hgbt	8	10	0	val_auc	0.5	
hgbt	8	10	0	val_pr_auc	0.5	
hgbt	8	10	0	val_accuracy	0.5	
hgbt	8	10	0	val_f1	0.6666666666666666	
hgbt	8	10	0	cal_intercept	NA	constant-logit
hgbt	8	10	0	cal_slope	NA	constant-logit
hgbt	8	10	1	val_logloss	0.6931471805599453	
hgbt	8	10	1	val_auc	0.5	
hgbt	8	10	1	val_pr_auc	0.5	
hgbt	8	10	1	val_accuracy	0.5	
hgbt	8	10	1	val_f1	0.6666666666666666	
hgbt	8	10	1	cal_intercept	NA	constant-logit
hgbt	8	10	1	cal_slope	NA	constant-logit
hgbt	8	10	2	val_logloss	0.6931471805599453	
hgbt	8	10	2	val_auc	0.5	
hgbt	8	10	2	val_pr_auc	0.5	
hgbt	8	10	2	val_accuracy	0.5	
hgbt	8	10	2	val_f1	0.6666666666666666	
hgbt	8	10	2	cal_intercept	NA	constant-logit
hgbt	8	10	2	cal_slope	NA	constant-logit
hgbt	8	10	3	val_logloss	0.6931471805599453	
hgbt	8	10	3	val_auc	0.5	
hgbt	8	10	3	val_pr_auc	0.45	
hgbt	8	10	3	val_accuracy	0.45	
hgbt	8	10	3	val_f1	0.6206896551724138	
hgbt	8	10	3	cal_intercept	NA	constant-logit
hgbt	8	10	3	cal_slope	NA	constant-logit
tabpfn	60	1	0	val_logloss	0.14329336308012247	
tabpfn	60	1	0	val_auc	0.9797979797979798	
tabpfn	60	1	0	val_pr_auc	0.9765432098765434	
tabpfn	60	1	0	val_accuracy	0.9	
tabpfn	60	1	0	val_f1	0.8888888888888888	
tabpfn	60	1	0	cal_intercept	0.470238231764581	
tabpfn	60	1	0	cal_slope	1.2130420704793974	
tabpfn	60	1	1	val_logloss	0.0919025337113458	
tabpfn	60	1	1	val_auc	1.0	
tabpfn	60	1	1	val_pr_auc	0.9999999999999999	
tabpfn	60	1	1	val_accuracy	1.0	
tabpfn	60	1	1	val_f1	1.0	
tabpfn	60	1	1	cal_intercept	5.010246372622854	
tabpfn	60	1	1	cal_slope	13.560468499416782	
tabpfn	60	1	2	val_logloss	0.0814843697142415	
tabpfn	60	1	2	val_auc	1.0	
tabpfn	60	1	2	val_pr_auc	0.9999999999999999	
tabpfn	60	1	2	val_accuracy	0.95	
tabpfn	60	1	2	val_f1	0.9523809523809523	
tabpfn	60	1	2	cal_intercept	-10.930428810007824	
tabpfn	60	1	2	cal_slope	6.658266196579592	
tabpfn	60	1	3	val_logloss	0.05385397286215047	
tabpfn	60	1	3	val_auc	1.0	
tabpfn	60	1	3	val_pr_auc	0.9999999999999999	
tabpfn	60	1	3	val_accuracy	1.0	
tabpfn	60	1	3	val_f1	1.0	
tabpfn	60	1	3	cal_intercept	-3.9372469122403926	
tabpfn	60	1	3	cal_slope	10.239233499585682	
tabpfn	60	2	0	val_logloss	0.29826179557000276	
tabpfn	60	2	0	val_auc	0.9700000000000001	
tabpfn	60	2	0	val_pr_auc	0.9733333333333333	
tabpfn	60	2	0	val_accuracy	0.9	
tabpfn	60	2	0	val_f1	0.9090909090909091	
tabpfn	60	2	0	cal_intercept	-2.094730496075305	
tabpfn	60	2	0	cal_slope	0.9918791608557375	
tabpfn	60	2	1	val_logloss	0.04408260965421941	
tabpfn	60	2	1	val_auc	1.0	
tabpfn	60	2	1	val_pr_auc	1.0000000000000002	
tabpfn	60	2	1	val_accuracy	0.95	
tabpfn	60	2	1	val_f1	0.9473684210526315	
tabpfn	60	2	1	cal_intercept	-6.844790317487039	
tabpfn	60	2	1	cal_slope	3.7582465302485595	
tabpfn	60	2	2	val_logloss	0.16612195863484644	
tabpfn	60	2	2	val_auc	1.0	
tabpfn	60	2	2	val_pr_auc	0.9999999999999999	
tabpfn	60	2	2	val_accuracy	0.85	
tabpfn	60	2	2	val_f1	0.8235294117647058	
tabpfn	60	2	2	cal_intercept	7.856698498078906	
tabpfn	60	2	2	cal_slope	3.7724057789953234	
tabpfn	60	2	3	val_logloss	0.03613270306568134	
tabpfn	60	2	3	val_auc	1.0	
tabpfn	60	2	3	val_pr_auc	0.9999999999999999	
tabpfn	60	2	3	val_accuracy	1.0	
tabpfn	60	2	3	val_f1	1.0	
tabpfn	60	2	3	cal_intercept	2.4160606486347507	
tabpfn	60	2	3	cal_slope	3.9696797282510836	
tabpfn	60	3	0	val_logloss	0.029805960561502996	
tabpfn	60	3	0	val_auc	1.0	
tabpfn	60	3	0	val_pr_auc	0.9999999999999999	
tabpfn	60	3	0	val_accuracy	1.0	
tabpfn	60	3	0	val_f1	1.0	
tabpfn	60	3	0	cal_intercept	1.1340285994744508	
tabpfn	60	3	0	cal_slope	4.028530262399609	
tabpfn	60	3	1	val_logloss	0.09621587973807402	
tabpfn	60	3	1	val_auc	1.0	
tabpfn	60	3	1	val_pr_auc	0.9999999999999999	
tabpfn	60	3	1	val_accuracy	1.0	
tabpfn	60	3	1	val_f1	1.0	
tabpfn	60	3	1	cal_intercept	6.4739349305583	
tabpfn	60	3	1	cal_slope	4.554926099824479	
tabpfn	60	3	2	val_logloss	0.18563995117174145	
tabpfn	60	3	2	val_auc	0.98	
tabpfn	60	3	2	val_pr_auc	0.9809090909090908	
tabpfn	60	3	2	val_accuracy	0.95	
tabpfn	60	3	2	val_f1	0.9523809523809523	
tabpfn	60	3	2	cal_intercept	-0.4133205529360275	
tabpfn	60	3	2	cal_slope	0.6551760365551588	
tabpfn	60	3	3	val_logloss	0.17213738030020012	
tabpfn	60	3	3	val_auc	0.9898989898989898	
tabpfn	60	3	3	val_pr_auc	0.9888888888888892	
tabpfn	60	3	3	val_accuracy	0.9	
tabpfn	60	3	3	val_f1	0.9	
tabpfn	60	3	3	cal_intercept	-2.6349131055880552	
tabpfn	60	3	3	cal_slope	2.2409606096346386	
tabpfn	60	4	0	val_logloss	0.18479599165534663	
tabpfn	60	4	0	val_auc	0.9797979797979797	
tabpfn	60	4	0	val_pr_auc	0.9797979797979799	
tabpfn	60	4	0	val_accuracy	0.9	
tabpfn	60	4	0	val_f1	0.9	
tabpfn	60	4	0	cal_intercept	-1.1914568319697387	
tabpfn	60	4	0	cal_slope	1.2613368369523459	
tabpfn	60	4	1	val_logloss	0.03937687056465504	
tabpfn	60	4	1	val_auc	1.0	
tabpfn	60	4	1	val_pr_auc	0.9999999999999999	
tabpfn	60	4	1	val_accuracy	1.0	
tabpfn	60	4	1	val_f1	1.0	
tabpfn	60	4	1	cal_intercept	-5.484173136688334	
tabpfn	60	4	1	cal_slope	6.468111457177122	
tabpfn	60	4	2	val_logloss	0.15105411396578983	
tabpfn	60	4	2	val_auc	0.98	
tabpfn	60	4	2	val_pr_auc	0.9809090909090908	
tabpfn	60	4	2	val_accuracy	0.95	
tabpfn	60	4	2	val_f1	0.9523809523809523	
tabpfn	60	4	2	cal_intercept	-0.49743296991061264	
tabpfn	60	4	2	cal_slope	0.8368182891194664	
tabpfn	60	4	3	val_logloss	0.12213607981251233	
tabpfn	60	4	3	val_auc	1.0	
tabpfn	60	4	3	val_pr_auc	0.9999999999999999	
tabpfn	60	4	3	val_accuracy	0.9	
tabpfn	60	4	3	val_f1	0.8888888888888888	
tabpfn	60	4	3	cal_intercept	14.726565821778436	
tabpfn	60	4	3	cal_slope	13.29840242979342	
tabpfn	60	5	0	val_logloss	0.0212485094536711	
tabpfn	60	5	0	val_auc	1.0	
tabpfn	60	5	0	val_pr_auc	0.9999999999999999	
tabpfn	60	5	0	val_accuracy	1.0	
tabpfn	60	5	0	val_f1	1.0	
tabpfn	60	5	0	cal_intercept	1.018548214176954	
tabpfn	60	5	0	cal_slope	3.261409631432949	
tabpfn	60	5	1	val_logloss	0.11077924251424698	
tabpfn	60	5	1	val_auc	1.0	
tabpfn	60	5	1	val_pr_auc	0.9999999999999999	
tabpfn	60	5	1	val_accuracy	0.95	
tabpfn	60	5	1	val_f1	0.9523809523809523	
tabpfn	60	5	1	cal_intercept	-7.791697184177392	
tabpfn	60	5	1	cal_slope	11.530779569898078	
tabpfn	60	5	2	val_logloss	0.23592524888987548	
tabpfn	60	5	2	val_auc	0.97	
tabpfn	60	5	2	val_pr_auc	0.9697979797979798	
tabpfn	60	5	2	val_accuracy	0.9	
tabpfn	60	5	2	val_f1	0.9090909090909091	
tabpfn	60	5	2	cal_intercept	-0.8924380799284553	
tabpfn	60	5	2	cal_slope	0.8620195929427955	
tabpfn	60	5	3	val_logloss	0.14227735379238557	
tabpfn	60	5	3	val_auc	1.0	
tabpfn	60	5	3	val_pr_auc	1.0000000000000002	
tabpfn	60	5	3	val_accuracy	0.9	
tabpfn	60	5	3	val_f1	0.875	
tabpfn	60	5	3	cal_intercept	13.779540981269506	
tabpfn	60	5	3	cal_slope	5.959351473664329	
tabpfn	60	6	0	val_logloss	0.05445039735163813	
tabpfn	60	6	0	val_auc	1.0	
tabpfn	60	6	0	val_pr_auc	1.0000000000000002	
tabpfn	60	6	0	val_accuracy	0.95	
tabpfn	60	6	0	val_f1	0.9473684210526315	
tabpfn	60	6	0	cal_intercept	-7.557733969239813	
tabpfn	60	6	0	cal_slope	6.617231387780511	
tabpfn	60	6	1	val_logloss	0.29236512657253216	
tabpfn	60	6	1	val_auc	0.9700000000000001	
tabpfn	60	6	1	val_pr_auc	0.9733333333333333	
tabpfn	60	6	1	val_accuracy	0.9	
tabpfn	60	6	1	val_f1	0.9090909090909091	
tabpfn	60	6	1	cal_intercept	-1.449964992258481	
tabpfn	60	6	1	cal_slope	0.717292434572661	
tabpfn	60	6	2	val_logloss	0.036860691856009	
tabpfn	60	6	2	val_auc	1.0	
tabpfn	60	6	2	val_pr_auc	0.9999999999999999	
tabpfn	60	6	2	val_accuracy	1.0	
tabpfn	60	6	2	val_f1	1.0	
tabpfn	60	6	2	cal_intercept	3.1000057527057994	
tabpfn	60	6	2	cal_slope	3.7470018240340854	
tabpfn	60	6	3	val_logloss	0.17155901622726794	
tabpfn	60	6	3	val_auc	0.97	
tabpfn	60	6	3	val_pr_auc	0.9697979797979798	
tabpfn	60	6	3	val_accuracy	0.95	
tabpfn	60	6	3	val_f1	0.9523809523809523	
tabpfn	60	6	3	cal_intercept	0.23289820167209868	
tabpfn	60	6	3	cal_slope	1.1139707267537506	
tabpfn	60	7	0	val_logloss	0.17946549418769087	
tabpfn	60	7	0	val_auc	0.98	
tabpfn	60	7	0	val_pr_auc	0.9809090909090908	
tabpfn	60	7	0	val_accuracy	0.95	
tabpfn	60	7	0	val_f1	0.9523809523809523	
tabpfn	60	7	0	cal_intercept	-1.2802886363307524	
tabpfn	60	7	0	cal_slope	1.015992698537773	
tabpfn	60	7	1	val_logloss	0.13482693803874785	
tabpfn	60	7	1	val_auc	1.0	
tabpfn	60	7	1	val_pr_auc	0.9999999999999999	
tabpfn	60	7	1	val_accuracy	0.9	
tabpfn	60	7	1	val_f1	0.8888888888888888	
tabpfn	60	7	1	cal_intercept	16.84075296788861	
tabpfn	60	7	1	cal_slope	8.644612621505182	
tabpfn	60	7	2	val_logloss	0.1031821403434269	
tabpfn	60	7	2	val_auc	0.99	
tabpfn	60	7	2	val_pr_auc	0.9909090909090909	
tabpfn	60	7	2	val_accuracy	0.95	
tabpfn	60	7	2	val_f1	0.9523809523809523	
tabpfn	60	7	2	cal_intercept	-0.609227664989228	
tabpfn	60	7	2	cal_slope	1.3935584835163346	
tabpfn	60	7	3	val_logloss	0.07123966685950237	
tabpfn	60	7	3	val_auc	1.0	
tabpfn	60	7	3	val_pr_auc	1.0000000000000002	
tabpfn	60	7	3	val_accuracy	1.0	
tabpfn	60	7	3	val_f1	1.0	
tabpfn	60	7	3	cal_intercept	1.3557357613586292	
tabpfn	60	7	3	cal_slope	10.933400705192948	
tabpfn	60	8	0	val_logloss	0.033748830031238644	
tabpfn	60	8	0	val_auc	1.0	
tabpfn	60	8	0	val_pr_auc	0.9999999999999999	
tabpfn	60	8	0	val_accuracy	1.0	
tabpfn	60	8	0	val_f1	1.0	
tabpfn	60	8	0	cal_intercept	2.4828809682967927	
tabpfn	60	8	0	cal_slope	4.197972271328715	
tabpfn	60	8	1	val_logloss	0.08462071478503527	
tabpfn	60	8	1	val_auc	1.0	
tabpfn	60	8	1	val_pr_auc	0.9999999999999999	
tabpfn	60	8	1	val_accuracy	1.0	
tabpfn	60	8	1	val_f1	1.0	
tabpfn	60	8	1	cal_intercept	-3.5711185598306985	
tabpfn	60	8	1	cal_slope	13.956110202902458	
tabpfn	60	8	2	val_logloss	0.20483437762839496	
tabpfn	60	8	2	val_auc	0.9797979797979798	
tabpfn	60	8	2	val_pr_auc	0.9765432098765434	
tabpfn	60	8	2	val_accuracy	0.95	
tabpfn	60	8	2	val_f1	0.9473684210526315	
tabpfn	60	8	2	cal_intercept	-0.8919614955620734	
tabpfn	60	8	2	cal_slope	0.7984193561914005	
tabpfn	60	8	3	val_logloss	0.0957695886617542	
tabpfn	60	8	3	val_auc	1.0	
tabpfn	60	8	3	val_pr_auc	0.9999999999999999	
tabpfn	60	8	3	val_accuracy	0.95	
tabpfn	60	8	3	val_f1	0.9523809523809523	
tabpfn	60	8	3	cal_intercept	-14.432120885928752	
tabpfn	60	8	3	cal_slope	35.343428833952665	
tabpfn	60	9	0	val_logloss	0.07573673594159618	
tabpfn	60	9	0	val_auc	1.0	
tabpfn	60	9	0	val_pr_auc	0.9999999999999999	
tabpfn	60	9	0	val_accuracy	0.95	
tabpfn	60	9	0	val_f1	0.9523809523809523	
tabpfn	60	9	0	cal_intercept	-13.935712840461601	
tabpfn	60	9	0	cal_slope	12.340278381075995	
tabpfn	60	9	1	val_logloss	0.21159221004771775	
tabpfn	60	9	1	val_auc	0.98	
tabpfn	60	9	1	val_pr_auc	0.9809090909090908	
tabpfn	60	9	1	val_accuracy	0.95	
tabpfn	60	9	1	val_f1	0.9523809523809523	
tabpfn	60	9	1	cal_intercept	-0.4790003543930608	
tabpfn	60	9	1	cal_slope	2.2345237472412456	
tabpfn	60	9	2	val_logloss	0.1269451564830044	
tabpfn	60	9	2	val_auc	0.98	
tabpfn	60	9	2	val_pr_auc	0.9809090909090908	
tabpfn	60	9	2	val_accuracy	0.95	
tabpfn	60	9	2	val_f1	0.9523809523809523	
tabpfn	60	9	2	cal_intercept	0.3584330646329518	
tabpfn	60	9	2	cal_slope	1.0484162296590926	
tabpfn	60	9	3	val_logloss	0.06038862021362892	
tabpfn	60	9	3	val_auc	1.0	
tabpfn	60	9	3	val_pr_auc	1.0000000000000002	
tabpfn	60	9	3	val_accuracy	0.95	
tabpfn	60	9	3	val_f1	0.9411764705882353	
tabpfn	60	9	3	cal_intercept	7.122744607199764	
tabpfn	60	9	3	cal_slope	4.4940156174159105	
tabpfn	60	10	0	val_logloss	0.042867229569717405	
tabpfn	60	10	0	val_auc	1.0	
tabpfn	60	10	0	val_pr_auc	0.9999999999999999	
tabpfn	60	10	0	val_accuracy	1.0	
tabpfn	60	10	0	val_f1	1.0	
tabpfn	60	10	0	cal_intercept	3.691848128782018	
tabpfn	60	10	0	cal_slope	4.095867239115276	
tabpfn	60	10	1	val_logloss	0.05488342169248339	
tabpfn	60	10	1	val_auc	1.0	
tabpfn	60	10	1	val_pr_auc	0.9999999999999999	
tabpfn	60	10	1	val_accuracy	0.95	
tabpfn	60	10	1	val_f1	0.9473684210526315	
tabpfn	60	10	1	cal_intercept	6.450605028816649	
tabpfn	60	10	1	cal_slope	5.275748733125418	
tabpfn	60	10	2	val_logloss	0.08473179128940032	
tabpfn	60	10	2	val_auc	1.0	
tabpfn	60	10	2	val_pr_auc	0.9999999999999999	
tabpfn	60	10	2	val_accuracy	1.0	
tabpfn	60	10	2	val_f1	1.0	
tabpfn	60	10	2	cal_intercept	3.0875286840959064	
tabpfn	60	10	2	cal_slope	15.282602286800163	
tabpfn	60	10	3	val_logloss	0.34296878878786036	
tabpfn	60	10	3	val_auc	0.9393939393939394	
tabpfn	60	10	3	val_pr_auc	0.941919191919192	
tabpfn	60	10	3	val_accuracy	0.85	
tabpfn	60	10	3	val_f1	0.8571428571428571	
tabpfn	60	10	3	cal_intercept	-0.9856740204403598	
tabpfn	60	10	3	cal_slope	0.6125000316362575	
tabpfn	45	1	0	val_logloss	0.15997464728872293	
tabpfn	45	1	0	val_auc	0.9797979797979798	
tabpfn	45	1	0	val_pr_auc	0.9765432098765432	
tabpfn	45	1	0	val_accuracy	0.9	
tabpfn	45	1	0	val_f1	0.8888888888888888	
tabpfn	45	1	0	cal_intercept	0.24035525953907053	
tabpfn	45	1	0	cal_slope	1.079575551047505	
tabpfn	45	1	1	val_logloss	0.08866967661285066	
tabpfn	45	1	1	val_auc	1.0	
tabpfn	45	1	1	val_pr_auc	0.9999999999999999	
tabpfn	45	1	1	val_accuracy	1.0	
tabpfn	45	1	1	val_f1	1.0	
tabpfn	45	1	1	cal_intercept	-0.8073860392441188	
tabpfn	45	1	1	cal_slope	14.152948504643598	
tabpfn	45	1	2	val_logloss	0.09084284561937672	
tabpfn	45	1	2	val_auc	1.0	
tabpfn	45	1	2	val_pr_auc	0.9999999999999999	
tabpfn	45	1	2	val_accuracy	0.95	
tabpfn	45	1	2	val_f1	0.9523809523809523	
tabpfn	45	1	2	cal_intercept	-10.96201402825486	
tabpfn	45	1	2	cal_slope	6.411238649277391	
tabpfn	45	1	3	val_logloss	0.07535509273093362	
tabpfn	45	1	3	val_auc	1.0	
tabpfn	45	1	3	val_pr_auc	0.9999999999999999	
tabpfn	45	1	3	val_accuracy	0.95	
tabpfn	45	1	3	val_f1	0.9523809523809523	
tabpfn	45	1	3	cal_intercept	-13.031443111477692	
tabpfn	45	1	3	cal_slope	17.52778782184397	
tabpfn	45	2	0	val_logloss	0.2552132889646325	
tabpfn	45	2	0	val_auc	0.9800000000000001	
tabpfn	45	2	0	val_pr_auc	0.9833333333333333	
tabpfn	45	2	0	val_accuracy	0.9	
tabpfn	45	2	0	val_f1	0.9090909090909091	
tabpfn	45	2	0	cal_intercept	-1.8133998917364353	
tabpfn	45	2	0	cal_slope	1.0870247565690774	
tabpfn	45	2	1	val_logloss	0.06196159265692515	
tabpfn	45	2	1	val_auc	1.0	
tabpfn	45	2	1	val_pr_auc	1.0000000000000002	
tabpfn	45	2	1	val_accuracy	0.95	
tabpfn	45	2	1	val_f1	0.9473684210526315	
tabpfn	45	2	1	cal_intercept	-6.855560026397491	
tabpfn	45	2	1	cal_slope	5.264853686231844	
tabpfn	45	2	2	val_logloss	0.12797303960644066	
tabpfn	45	2	2	val_auc	1.0	
tabpfn	45	2	2	val_pr_auc	0.9999999999999999	
tabpfn	45	2	2	val_accuracy	0.95	
tabpfn	45	2	2	val_f1	0.9473684210526315	
tabpfn	45	2	2	cal_intercept	11.747374341682761	
tabpfn	45	2	2	cal_slope	12.990513789319657	
tabpfn	45	2	3	val_logloss	0.021897568727295823	
tabpfn	45	2	3	val_auc	1.0	
tabpfn	45	2	3	val_pr_auc	0.9999999999999999	
tabpfn	45	2	3	val_accuracy	1.0	
tabpfn	45	2	3	val_f1	1.0	
tabpfn	45	2	3	cal_intercept	1.291306292703506	
tabpfn	45	2	3	cal_slope	3.395733709353921	
tabpfn	45	3	0	val_logloss	0.03978246838654971	
tabpfn	45	3	0	val_auc	1.0	
tabpfn	45	3	0	val_pr_auc	0.9999999999999999	
tabpfn	45	3	0	val_accuracy	1.0	
tabpfn	45	3	0	val_f1	1.0	
tabpfn	45	3	0	cal_intercept	1.8766768110578036	
tabpfn	45	3	0	cal_slope	4.417753510211774	
tabpfn	45	3	1	val_logloss	0.08050566853918156	
tabpfn	45	3	1	val_auc	1.0	
tabpfn	45	3	1	val_pr_auc	0.9999999999999999	
tabpfn	45	3	1	val_accuracy	1.0	
tabpfn	45	3	1	val_f1	1.0	
tabpfn	45	3	1	cal_intercept	-0.1018537879308123	
tabpfn	45	3	1	cal_slope	8.159291194888935	
tabpfn	45	3	2	val_logloss	0.1562182598949776	
tabpfn	45	3	2	val_auc	0.99	
tabpfn	45	3	2	val_pr_auc	0.9909090909090909	
tabpfn	45	3	2	val_accuracy	0.95	
tabpfn	45	3	2	val_f1	0.9523809523809523	
tabpfn	45	3	2	cal_intercept	-0.4545222612397691	
tabpfn	45	3	2	cal_slope	0.8205899546413529	
tabpfn	45	3	3	val_logloss	0.20058303217063633	
tabpfn	45	3	3	val_auc	0.9797979797979797	
tabpfn	45	3	3	val_pr_auc	0.9797979797979799	
tabpfn	45	3	3	val_accuracy	0.9	
tabpfn	45	3	3	val_f1	0.9	
tabpfn	45	3	3	cal_intercept	-1.2396060198752685	
tabpfn	45	3	3	cal_slope	1.3358264866831457	
tabpfn	45	4	0	val_logloss	0.23427475868198083	
tabpfn	45	4	0	val_auc	0.9797979797979797	
tabpfn	45	4	0	val_pr_auc	0.9797979797979799	
tabpfn	45	4	0	val_accuracy	0.9	
tabpfn	45	4	0	val_f1	0.9	
tabpfn	45	4	0	cal_intercept	-1.9913735427300165	
tabpfn	45	4	0	cal_slope	1.0336101352742362	
tabpfn	45	4	1	val_logloss	0.09196044557271121	
tabpfn	45	4	1	val_auc	1.0	
tabpfn	45	4	1	val_pr_auc	0.9999999999999999	
tabpfn	45	4	1	val_accuracy	0.95	
tabpfn	45	4	1	val_f1	0.9523809523809523	
tabpfn	45	4	1	cal_intercept	-29.50305806288526	
tabpfn	45	4	1	cal_slope	14.589159218109753	
tabpfn	45	4	2	val_logloss	0.14313063026082404	
tabpfn	45	4	2	val_auc	0.98	
tabpfn	45	4	2	val_pr_auc	0.9809090909090908	
tabpfn	45	4	2	val_accuracy	0.95	
tabpfn	45	4	2	val_f1	0.9523809523809523	
tabpfn	45	4	2	cal_intercept	-0.688975229405956	
tabpfn	45	4	2	cal_slope	0.9299466519779996	
tabpfn	45	4	3	val_logloss	0.1871633889942214	
tabpfn	45	4	3	val_auc	0.99	
tabpfn	45	4	3	val_pr_auc	0.9909090909090909	
tabpfn	45	4	3	val_accuracy	0.9	
tabpfn	45	4	3	val_f1	0.8888888888888888	
tabpfn	45	4	3	cal_intercept	3.3459061661312197	
tabpfn	45	4	3	cal_slope	1.9024865610233677	
tabpfn	45	5	0	val_logloss	0.042892205952339064	
tabpfn	45	5	0	val_auc	1.0	
tabpfn	45	5	0	val_pr_auc	0.9999999999999999	
tabpfn	45	5	0	val_accuracy	1.0	
tabpfn	45	5	0	val_f1	1.0	
tabpfn	45	5	0	cal_intercept	4.504477066449547	
tabpfn	45	5	0	cal_slope	3.6092377293227784	
tabpfn	45	5	1	val_logloss	0.10280986289824141	
tabpfn	45	5	1	val_auc	1.0	
tabpfn	45	5	1	val_pr_auc	0.9999999999999999	
tabpfn	45	5	1	val_accuracy	0.95	
tabpfn	45	5	1	val_f1	0.9523809523809523	
tabpfn	45	5	1	cal_intercept	-9.024244392803693	
tabpfn	45	5	1	cal_slope	9.415817661870587	
tabpfn	45	5	2	val_logloss	0.20170248167832616	
tabpfn	45	5	2	val_auc	0.98	
tabpfn	45	5	2	val_pr_auc	0.9809090909090908	
tabpfn	45	5	2	val_accuracy	0.9	
tabpfn	45	5	2	val_f1	0.9090909090909091	
tabpfn	45	5	2	cal_intercept	-1.3611414542138602	
tabpfn	45	5	2	cal_slope	1.2005865233158608	
tabpfn	45	5	3	val_logloss	0.15709750899776292	
tabpfn	45	5	3	val_auc	1.0	
tabpfn	45	5	3	val_pr_auc	1.0000000000000002	
tabpfn	45	5	3	val_accuracy	0.9	
tabpfn	45	5	3	val_f1	0.875	
tabpfn	45	5	3	cal_intercept	14.804757799588241	
tabpfn	45	5	3	cal_slope	6.575576015270394	
tabpfn	45	6	0	val_logloss	0.06829461889048952	
tabpfn	45	6	0	val_auc	1.0	
tabpfn	45	6	0	val_pr_auc	1.0000000000000002	
tabpfn	45	6	0	val_accuracy	0.95	
tabpfn	45	6	0	val_f1	0.9473684210526315	
tabpfn	45	6	0	cal_intercept	-9.90662623772995	
tabpfn	45	6	0	cal_slope	5.589357942351626	
tabpfn	45	6	1	val_logloss	0.28465190368589166	
tabpfn	45	6	1	val_auc	0.96	
tabpfn	45	6	1	val_pr_auc	0.9572979797979798	
tabpfn	45	6	1	val_accuracy	0.9	
tabpfn	45	6	1	val_f1	0.9090909090909091	
tabpfn	45	6	1	cal_intercept	-1.0453823284903234	
tabpfn	45	6	1	cal_slope	0.8661634857451761	
tabpfn	45	6	2	val_logloss	0.04459677954018755	
tabpfn	45	6	2	val_auc	1.0	
tabpfn	45	6	2	val_pr_auc	0.9999999999999999	
tabpfn	45	6	2	val_accuracy	1.0	
tabpfn	45	6	2	val_f1	1.0	
tabpfn	45	6	2	cal_intercept	3.133199281489605	
tabpfn	45	6	2	cal_slope	4.036801961364303	
tabpfn	45	6	3	val_logloss	0.1899388145874185	
tabpfn	45	6	3	val_auc	0.97	
tabpfn	45	6	3	val_pr_auc	0.9697979797979798	
tabpfn	45	6	3	val_accuracy	0.9	
tabpfn	45	6	3	val_f1	0.9	
tabpfn	45	6	3	cal_intercept	0.44096707357434195	
tabpfn	45	6	3	cal_slope	1.1047412034042838	
tabpfn	45	7	0	val_logloss	0.1981389446270872	
tabpfn	45	7	0	val_auc	0.98	
tabpfn	45	7	0	val_pr_auc	0.9809090909090908	
tabpfn	45	7	0	val_accuracy	0.95	
tabpfn	45	7	0	val_f1	0.9523809523809523	
tabpfn	45	7	0	cal_intercept	-0.4833231454926939	
tabpfn	45	7	0	cal_slope	0.8298513851595206	
tabpfn	45	7	1	val_logloss	0.19105453633520614	
tabpfn	45	7	1	val_auc	1.0	
tabpfn	45	7	1	val_pr_auc	0.9999999999999999	
tabpfn	45	7	1	val_accuracy	0.9	
tabpfn	45	7	1	val_f1	0.8888888888888888	
tabpfn	45	7	1	cal_intercept	37.81262146084241	
tabpfn	45	7	1	cal_slope	19.84442806961348	
tabpfn	45	7	2	val_logloss	0.09344999845475457	
tabpfn	45	7	2	val_auc	1.0	
tabpfn	45	7	2	val_pr_auc	0.9999999999999999	
tabpfn	45	7	2	val_accuracy	1.0	
tabpfn	45	7	2	val_f1	1.0	
tabpfn	45	7	2	cal_intercept	-1.0391730778053232	
tabpfn	45	7	2	cal_slope	21.391631675545455	
tabpfn	45	7	3	val_logloss	0.07222471855184195	
tabpfn	45	7	3	val_auc	1.0	
tabpfn	45	7	3	val_pr_auc	1.0000000000000002	
tabpfn	45	7	3	val_accuracy	0.95	
tabpfn	45	7	3	val_f1	0.9473684210526315	
tabpfn	45	7	3	cal_intercept	-8.05067332923298	
tabpfn	45	7	3	cal_slope	11.387134052957848	
tabpfn	45	8	0	val_logloss	0.033225373827866375	
tabpfn	45	8	0	val_auc	1.0	
tabpfn	45	8	0	val_pr_auc	0.9999999999999999	
tabpfn	45	8	0	val_accuracy	1.0	
tabpfn	45	8	0	val_f1	1.0	
tabpfn	45	8	0	cal_intercept	1.8160269321310367	
tabpfn	45	8	0	cal_slope	4.04732591561701	
tabpfn	45	8	1	val_logloss	0.0925619767367156	
tabpfn	45	8	1	val_auc	1.0	
tabpfn	45	8	1	val_pr_auc	0.9999999999999999	
tabpfn	45	8	1	val_accuracy	0.95	
tabpfn	45	8	1	val_f1	0.9523809523809523	
tabpfn	45	8	1	cal_intercept	-8.200209536971863	
tabpfn	45	8	1	cal_slope	15.748109919274755	
tabpfn	45	8	2	val_logloss	0.24214462340341059	
tabpfn	45	8	2	val_auc	0.9797979797979798	
tabpfn	45	8	2	val_pr_auc	0.9765432098765434	
tabpfn	45	8	2	val_accuracy	0.9	
tabpfn	45	8	2	val_f1	0.9	
tabpfn	45	8	2	cal_intercept	-1.0446378740736606	
tabpfn	45	8	2	cal_slope	0.8094299545086914	
tabpfn	45	8	3	val_logloss	0.11468495183657543	
tabpfn	45	8	3	val_auc	1.0	
tabpfn	45	8	3	val_pr_auc	0.9999999999999999	
tabpfn	45	8	3	val_accuracy	0.95	
tabpfn	45	8	3	val_f1	0.9473684210526315	
tabpfn	45	8	3	cal_intercept	19.926460507012454	
tabpfn	45	8	3	cal_slope	57.015996492008185	
tabpfn	45	9	0	val_logloss	0.08139819762581772	
tabpfn	45	9	0	val_auc	1.0	
tabpfn	45	9	0	val_pr_auc	0.9999999999999999	
tabpfn	45	9	0	val_accuracy	0.95	
tabpfn	45	9	0	val_f1	0.9523809523809523	
tabpfn	45	9	0	cal_intercept	-12.738020783553198	
tabpfn	45	9	0	cal_slope	14.606040911349064	
tabpfn	45	9	1	val_logloss	0.19529631780440362	
tabpfn	45	9	1	val_auc	0.99	
tabpfn	45	9	1	val_pr_auc	0.9909090909090909	
tabpfn	45	9	1	val_accuracy	0.9	
tabpfn	45	9	1	val_f1	0.9	
tabpfn	45	9	1	cal_intercept	0.23196891617661522	
tabpfn	45	9	1	cal_slope	4.1288517051784845	
tabpfn	45	9	2	val_logloss	0.16578376582591822	
tabpfn	45	9	2	val_auc	0.99	
tabpfn	45	9	2	val_pr_auc	0.9909090909090909	
tabpfn	45	9	2	val_accuracy	0.9	
tabpfn	45	9	2	val_f1	0.8888888888888888	
tabpfn	45	9	2	cal_intercept	1.2002109682558018	
tabpfn	45	9	2	cal_slope	1.5727861449527831	
tabpfn	45	9	3	val_logloss	0.10539270504990525	
tabpfn	45	9	3	val_auc	1.0	
tabpfn	45	9	3	val_pr_auc	1.0000000000000002	
tabpfn	45	9	3	val_accuracy	0.95	
tabpfn	45	9	3	val_f1	0.9411764705882353	
tabpfn	45	9	3	cal_intercept	14.095583498865379	
tabpfn	45	9	3	cal_slope	9.372827971730258	
tabpfn	45	10	0	val_logloss	0.02417234786582547	
tabpfn	45	10	0	val_auc	1.0	
tabpfn	45	10	0	val_pr_auc	0.9999999999999999	
tabpfn	45	10	0	val_accuracy	1.0	
tabpfn	45	10	0	val_f1	1.0	
tabpfn	45	10	0	cal_intercept	2.2204227844083424	
tabpfn	45	10	0	cal_slope	3.7443378971071537	
tabpfn	45	10	1	val_logloss	0.05650884713719412	
tabpfn	45	10	1	val_auc	1.0	
tabpfn	45	10	1	val_pr_auc	0.9999999999999999	
tabpfn	45	10	1	val_accuracy	0.95	
tabpfn	45	10	1	val_f1	0.9473684210526315	
tabpfn	45	10	1	cal_intercept	7.0447347432937795	
tabpfn	45	10	1	cal_slope	6.532594291106102	
tabpfn	45	10	2	val_logloss	0.12725997073757717	
tabpfn	45	10	2	val_auc	0.99	
tabpfn	45	10	2	val_pr_auc	0.9909090909090909	
tabpfn	45	10	2	val_accuracy	0.95	
tabpfn	45	10	2	val_f1	0.9523809523809523	
tabpfn	45	10	2	cal_intercept	0.0017467467717739368	
tabpfn	45	10	2	cal_slope	2.381463057771307	
tabpfn	45	10	3	val_logloss	0.4695868310175489	
tabpfn	45	10	3	val_auc	0.9393939393939394	
tabpfn	45	10	3	val_pr_auc	0.941919191919192	
tabpfn	45	10	3	val_accuracy	0.75	
tabpfn	45	10	3	val_f1	0.7368421052631579	
tabpfn	45	10	3	cal_intercept	-0.782487472982728	
tabpfn	45	10	3	cal_slope	0.47945753071187924	
tabpfn	30	1	0	val_logloss	0.15738556098140258	
tabpfn	30	1	0	val_auc	0.9797979797979798	
tabpfn	30	1	0	val_pr_auc	0.9765432098765432	
tabpfn	30	1	0	val_accuracy	0.95	
tabpfn	30	1	0	val_f1	0.9473684210526315	
tabpfn	30	1	0	cal_intercept	-0.6067450575675255	
tabpfn	30	1	0	cal_slope	1.1947187733227678	
tabpfn	30	1	1	val_logloss	0.13364543948821322	
tabpfn	30	1	1	val_auc	1.0	
tabpfn	30	1	1	val_pr_auc	0.9999999999999999	
tabpfn	30	1	1	val_accuracy	0.95	
tabpfn	30	1	1	val_f1	0.9473684210526315	
tabpfn	30	1	1	cal_intercept	11.593011981331305	
tabpfn	30	1	1	cal_slope	13.219835135869848	
tabpfn	30	1	2	val_logloss	0.096236043471844	
tabpfn	30	1	2	val_auc	1.0	
tabpfn	30	1	2	val_pr_auc	0.9999999999999999	
tabpfn	30	1	2	val_accuracy	0.95	
tabpfn	30	1	2	val_f1	0.9523809523809523	
tabpfn	30	1	2	cal_intercept	-14.987504667495264	
tabpfn	30	1	2	cal_slope	7.878454255104897	
tabpfn	30	1	3	val_logloss	0.049294275225483616	
tabpfn	30	1	3	val_auc	1.0	
tabpfn	30	1	3	val_pr_auc	0.9999999999999999	
tabpfn	30	1	3	val_accuracy	1.0	
tabpfn	30	1	3	val_f1	1.0	
tabpfn	30	1	3	cal_intercept	-3.576875607287728	
tabpfn	30	1	3	cal_slope	7.0719619904990125	
tabpfn	30	2	0	val_logloss	0.2389964985239903	
tabpfn	30	2	0	val_auc	0.9700000000000001	
tabpfn	30	2	0	val_pr_auc	0.9733333333333333	
tabpfn	30	2	0	val_accuracy	0.85	
tabpfn	30	2	0	val_f1	0.8571428571428571	
tabpfn	30	2	0	cal_intercept	-1.0228764421169958	
tabpfn	30	2	0	cal_slope	1.0702858045638446	
tabpfn	30	2	1	val_logloss	0.07167608673108611	
tabpfn	30	2	1	val_auc	1.0	
tabpfn	30	2	1	val_pr_auc	1.0000000000000002	
tabpfn	30	2	1	val_accuracy	1.0	
tabpfn	30	2	1	val_f1	1.0	
tabpfn	30	2	1	cal_intercept	-5.829274488050834	
tabpfn	30	2	1	cal_slope	7.238825008716584	
tabpfn	30	2	2	val_logloss	0.14411367028999783	
tabpfn	30	2	2	val_auc	1.0	
tabpfn	30	2	2	val_pr_auc	0.9999999999999999	
tabpfn	30	2	2	val_accuracy	1.0	
tabpfn	30	2	2	val_f1	1.0	
tabpfn	30	2	2	cal_intercept	5.826784448795357	
tabpfn	30	2	2	cal_slope	12.711113728733263	
tabpfn	30	2	3	val_logloss	0.036679181723126855	
tabpfn	30	2	3	val_auc	1.0	
tabpfn	30	2	3	val_pr_auc	0.9999999999999999	
tabpfn	30	2	3	val_accuracy	1.0	
tabpfn	30	2	3	val_f1	1.0	
tabpfn	30	2	3	cal_intercept	1.290555046880077	
tabpfn	30	2	3	cal_slope	4.131626424129274	
tabpfn	30	3	0	val_logloss	0.08115337617106641	
tabpfn	30	3	0	val_auc	1.0	
tabpfn	30	3	0	val_pr_auc	0.9999999999999999	
tabpfn	30	3	0	val_accuracy	1.0	
tabpfn	30	3	0	val_f1	1.0	
tabpfn	30	3	0	cal_intercept	4.639045357235744	
tabpfn	30	3	0	cal_slope	7.269309181402639	
tabpfn	30	3	1	val_logloss	0.06677923174777559	
tabpfn	30	3	1	val_auc	1.0	
tabpfn	30	3	1	val_pr_auc	0.9999999999999999	
tabpfn	30	3	1	val_accuracy	1.0	
tabpfn	30	3	1	val_f1	1.0	
tabpfn	30	3	1	cal_intercept	3.0169847685218327	
tabpfn	30	3	1	cal_slope	5.603264327639629	
tabpfn	30	3	2	val_logloss	0.13753626128423468	
tabpfn	30	3	2	val_auc	0.98	
tabpfn	30	3	2	val_pr_auc	0.9809090909090908	
tabpfn	30	3	2	val_accuracy	0.95	
tabpfn	30	3	2	val_f1	0.9523809523809523	
tabpfn	30	3	2	cal_intercept	-0.5600786719704008	
tabpfn	30	3	2	cal_slope	1.3555140345914778	
tabpfn	30	3	3	val_logloss	0.24905995539551293	
tabpfn	30	3	3	val_auc	0.9797979797979797	
tabpfn	30	3	3	val_pr_auc	0.9797979797979799	
tabpfn	30	3	3	val_accuracy	0.9	
tabpfn	30	3	3	val_f1	0.9	
tabpfn	30	3	3	cal_intercept	-1.652881551030378	
tabpfn	30	3	3	cal_slope	1.1795535552216534	
tabpfn	30	4	0	val_logloss	0.15075896453626775	
tabpfn	30	4	0	val_auc	0.9797979797979797	
tabpfn	30	4	0	val_pr_auc	0.9797979797979799	
tabpfn	30	4	0	val_accuracy	0.9	
tabpfn	30	4	0	val_f1	0.9	
tabpfn	30	4	0	cal_intercept	-0.8164324783923554	
tabpfn	30	4	0	cal_slope	1.9271233590643093	
tabpfn	30	4	1	val_logloss	0.07208585920811501	
tabpfn	30	4	1	val_auc	1.0	
tabpfn	30	4	1	val_pr_auc	0.9999999999999999	
tabpfn	30	4	1	val_accuracy	0.95	
tabpfn	30	4	1	val_f1	0.9523809523809523	
tabpfn	30	4	1	cal_intercept	-18.868780966734235	
tabpfn	30	4	1	cal_slope	19.976521596732518	
tabpfn	30	4	2	val_logloss	0.16805529274747205	
tabpfn	30	4	2	val_auc	0.99	
tabpfn	30	4	2	val_pr_auc	0.9909090909090909	
tabpfn	30	4	2	val_accuracy	0.95	
tabpfn	30	4	2	val_f1	0.9523809523809523	
tabpfn	30	4	2	cal_intercept	-0.5720727728824426	
tabpfn	30	4	2	cal_slope	0.9134502360206225	
tabpfn	30	4	3	val_logloss	0.06417644980420824	
tabpfn	30	4	3	val_auc	1.0	
tabpfn	30	4	3	val_pr_auc	0.9999999999999999	
tabpfn	30	4	3	val_accuracy	1.0	
tabpfn	30	4	3	val_f1	1.0	
tabpfn	30	4	3	cal_intercept	3.4527140849879294	
tabpfn	30	4	3	cal_slope	6.214990495550017	
tabpfn	30	5	0	val_logloss	0.06134459759850763	
tabpfn	30	5	0	val_auc	1.0	
tabpfn	30	5	0	val_pr_auc	0.9999999999999999	
tabpfn	30	5	0	val_accuracy	1.0	
tabpfn	30	5	0	val_f1	1.0	
tabpfn	30	5	0	cal_intercept	2.3536202904381893	
tabpfn	30	5	0	cal_slope	4.649058135569791	
tabpfn	30	5	1	val_logloss	0.10787762479699095	
tabpfn	30	5	1	val_auc	1.0	
tabpfn	30	5	1	val_pr_auc	0.9999999999999999	
tabpfn	30	5	1	val_accuracy	0.95	
tabpfn	30	5	1	val_f1	0.9523809523809523	
tabpfn	30	5	1	cal_intercept	-19.615755052019644	
tabpfn	30	5	1	cal_slope	17.79472827806847	
tabpfn	30	5	2	val_logloss	0.18911373271327087	
tabpfn	30	5	2	val_auc	0.9800000000000001	
tabpfn	30	5	2	val_pr_auc	0.9833333333333333	
tabpfn	30	5	2	val_accuracy	0.85	
tabpfn	30	5	2	val_f1	0.8571428571428571	
tabpfn	30	5	2	cal_intercept	-0.4838038355739766	
tabpfn	30	5	2	cal_slope	1.118404055827191	
tabpfn	30	5	3	val_logloss	0.15979764125118756	
tabpfn	30	5	3	val_auc	1.0	
tabpfn	30	5	3	val_pr_auc	1.0000000000000002	
tabpfn	30	5	3	val_accuracy	0.9	
tabpfn	30	5	3	val_f1	0.875	
tabpfn	30	5	3	cal_intercept	16.226454604822884	
tabpfn	30	5	3	cal_slope	9.329028597958542	
tabpfn	30	6	0	val_logloss	0.07388577104573332	
tabpfn	30	6	0	val_auc	1.0	
tabpfn	30	6	0	val_pr_auc	1.0000000000000002	
tabpfn	30	6	0	val_accuracy	1.0	
tabpfn	30	6	0	val_f1	1.0	
tabpfn	30	6	0	cal_intercept	-4.924064813457044	
tabpfn	30	6	0	cal_slope	5.629203025912125	
tabpfn	30	6	1	val_logloss	0.22577766230237795	
tabpfn	30	6	1	val_auc	0.98	
tabpfn	30	6	1	val_pr_auc	0.9809090909090908	
tabpfn	30	6	1	val_accuracy	0.9	
tabpfn	30	6	1	val_f1	0.9090909090909091	
tabpfn	30	6	1	cal_intercept	-1.9658396525499153	
tabpfn	30	6	1	cal_slope	1.2783254956055605	
tabpfn	30	6	2	val_logloss	0.11197793858758778	
tabpfn	30	6	2	val_auc	1.0	
tabpfn	30	6	2	val_pr_auc	0.9999999999999999	
tabpfn	30	6	2	val_accuracy	1.0	
tabpfn	30	6	2	val_f1	1.0	
tabpfn	30	6	2	cal_intercept	6.02928184217368	
tabpfn	30	6	2	cal_slope	5.093674659554724	
tabpfn	30	6	3	val_logloss	0.239133453282726	
tabpfn	30	6	3	val_auc	0.97	
tabpfn	30	6	3	val_pr_auc	0.9697979797979798	
tabpfn	30	6	3	val_accuracy	0.9	
tabpfn	30	6	3	val_f1	0.9	
tabpfn	30	6	3	cal_intercept	0.4977550938726021	
tabpfn	30	6	3	cal_slope	1.1160346481017864	
tabpfn	30	7	0	val_logloss	0.18672040809965015	
tabpfn	30	7	0	val_auc	0.98	
tabpfn	30	7	0	val_pr_auc	0.9809090909090908	
tabpfn	30	7	0	val_accuracy	0.95	
tabpfn	30	7	0	val_f1	0.9523809523809523	
tabpfn	30	7	0	cal_intercept	-0.8727590695134613	
tabpfn	30	7	0	cal_slope	0.9231619531517355	
tabpfn	30	7	1	val_logloss	0.31670257300740196	
tabpfn	30	7	1	val_auc	0.98	
tabpfn	30	7	1	val_pr_auc	0.9809090909090908	
tabpfn	30	7	1	val_accuracy	0.9	
tabpfn	30	7	1	val_f1	0.8888888888888888	
tabpfn	30	7	1	cal_intercept	3.3548928368349973	
tabpfn	30	7	1	cal_slope	1.2870129923053715	
tabpfn	30	7	2	val_logloss	0.1262491521266416	
tabpfn	30	7	2	val_auc	1.0	
tabpfn	30	7	2	val_pr_auc	0.9999999999999999	
tabpfn	30	7	2	val_accuracy	0.95	
tabpfn	30	7	2	val_f1	0.9523809523809523	
tabpfn	30	7	2	cal_intercept	-6.980534420827448	
tabpfn	30	7	2	cal_slope	138.75308430817188	
tabpfn	30	7	3	val_logloss	0.1518567388658807	
tabpfn	30	7	3	val_auc	0.9797979797979798	
tabpfn	30	7	3	val_pr_auc	0.9765432098765434	
tabpfn	30	7	3	val_accuracy	0.95	
tabpfn	30	7	3	val_f1	0.9473684210526315	
tabpfn	30	7	3	cal_intercept	-1.0323624485730383	
tabpfn	30	7	3	cal_slope	1.0413546868756935	
tabpfn	30	8	0	val_logloss	0.07125740001066348	
tabpfn	30	8	0	val_auc	1.0	
tabpfn	30	8	0	val_pr_auc	0.9999999999999999	
tabpfn	30	8	0	val_accuracy	1.0	
tabpfn	30	8	0	val_f1	1.0	
tabpfn	30	8	0	cal_intercept	3.050191940176351	
tabpfn	30	8	0	cal_slope	4.838107046196878	
tabpfn	30	8	1	val_logloss	0.11181769902445508	
tabpfn	30	8	1	val_auc	1.0	
tabpfn	30	8	1	val_pr_auc	0.9999999999999999	
tabpfn	30	8	1	val_accuracy	1.0	
tabpfn	30	8	1	val_f1	1.0	
tabpfn	30	8	1	cal_intercept	-5.075891442183992	
tabpfn	30	8	1	cal_slope	19.1270569088288	
tabpfn	30	8	2	val_logloss	0.29531982945944607	
tabpfn	30	8	2	val_auc	0.9393939393939393	
tabpfn	30	8	2	val_pr_auc	0.9191718775052109	
tabpfn	30	8	2	val_accuracy	0.9	
tabpfn	30	8	2	val_f1	0.9	
tabpfn	30	8	2	cal_intercept	-0.5413139207052914	
tabpfn	30	8	2	cal_slope	0.7182428634038622	
tabpfn	30	8	3	val_logloss	0.13651800727593916	
tabpfn	30	8	3	val_auc	0.99	
tabpfn	30	8	3	val_pr_auc	0.9909090909090909	
tabpfn	30	8	3	val_accuracy	0.95	
tabpfn	30	8	3	val_f1	0.9473684210526315	
tabpfn	30	8	3	cal_intercept	1.2692764337011697	
tabpfn	30	8	3	cal_slope	3.0910934929309795	
tabpfn	30	9	0	val_logloss	0.06452483435363657	
tabpfn	30	9	0	val_auc	1.0	
tabpfn	30	9	0	val_pr_auc	0.9999999999999999	
tabpfn	30	9	0	val_accuracy	0.95	
tabpfn	30	9	0	val_f1	0.9523809523809523	
tabpfn	30	9	0	cal_intercept	-8.854798971589524	
tabpfn	30	9	0	cal_slope	11.642844301592786	
tabpfn	30	9	1	val_logloss	0.3768838116658243	
tabpfn	30	9	1	val_auc	0.9	
tabpfn	30	9	1	val_pr_auc	0.8979292929292929	
tabpfn	30	9	1	val_accuracy	0.9	
tabpfn	30	9	1	val_f1	0.9090909090909091	
tabpfn	30	9	1	cal_intercept	0.05274098301074091	
tabpfn	30	9	1	cal_slope	0.6314308080558408	
tabpfn	30	9	2	val_logloss	0.16178581755778623	
tabpfn	30	9	2	val_auc	0.98	
tabpfn	30	9	2	val_pr_auc	0.9809090909090908	
tabpfn	30	9	2	val_accuracy	0.95	
tabpfn	30	9	2	val_f1	0.9523809523809523	
tabpfn	30	9	2	cal_intercept	-0.755003252009639	
tabpfn	30	9	2	cal_slope	0.9165250628141747	
tabpfn	30	9	3	val_logloss	0.08123459992400914	
tabpfn	30	9	3	val_auc	1.0	
tabpfn	30	9	3	val_pr_auc	1.0000000000000002	
tabpfn	30	9	3	val_accuracy	0.95	
tabpfn	30	9	3	val_f1	0.9411764705882353	
tabpfn	30	9	3	cal_intercept	8.260343076017127	
tabpfn	30	9	3	cal_slope	5.9785077781982565	
tabpfn	30	10	0	val_logloss	0.08738895188144133	
tabpfn	30	10	0	val_auc	1.0	
tabpfn	30	10	0	val_pr_auc	0.9999999999999999	
tabpfn	30	10	0	val_accuracy	0.95	
tabpfn	30	10	0	val_f1	0.9473684210526315	
tabpfn	30	10	0	cal_intercept	11.088660051702632	
tabpfn	30	10	0	cal_slope	4.0895446760995755	
tabpfn	30	10	1	val_logloss	0.037901489246090436	
tabpfn	30	10	1	val_auc	1.0	
tabpfn	30	10	1	val_pr_auc	0.9999999999999999	
tabpfn	30	10	1	val_accuracy	1.0	
tabpfn	30	10	1	val_f1	1.0	
tabpfn	30	10	1	cal_intercept	3.4387835055410423	
tabpfn	30	10	1	cal_slope	5.6193540085606495	
tabpfn	30	10	2	val_logloss	0.13842852103653097	
tabpfn	30	10	2	val_auc	0.99	
tabpfn	30	10	2	val_pr_auc	0.9909090909090909	
tabpfn	30	10	2	val_accuracy	0.9	
tabpfn	30	10	2	val_f1	0.9	
tabpfn	30	10	2	cal_intercept	0.5714326769182341	
tabpfn	30	10	2	cal_slope	1.1273338571613445	
tabpfn	30	10	3	val_logloss	0.4858397141309897	
tabpfn	30	10	3	val_auc	0.9292929292929293	
tabpfn	30	10	3	val_pr_auc	0.9280303030303032	
tabpfn	30	10	3	val_accuracy	0.75	
tabpfn	30	10	3	val_f1	0.7368421052631579	
tabpfn	30	10	3	cal_intercept	-0.7206238392702221	
tabpfn	30	10	3	cal_slope	0.5242274354254267	
tabpfn	20	1	0	val_logloss	0.14499926478494982	
tabpfn	20	1	0	val_auc	0.9898989898989898	
tabpfn	20	1	0	val_pr_auc	0.9888888888888892	
tabpfn	20	1	0	val_accuracy	0.9	
tabpfn	20	1	0	val_f1	0.8888888888888888	
tabpfn	20	1	0	cal_intercept	-0.31601038214119576	
tabpfn	20	1	0	cal_slope	1.8270099664731922	
tabpfn	20	1	1	val_logloss	0.15419261344899882	
tabpfn	20	1	1	val_auc	1.0	
tabpfn	20	1	1	val_pr_auc	0.9999999999999999	
tabpfn	20	1	1	val_accuracy	0.95	
tabpfn	20	1	1	val_f1	0.9473684210526315	
tabpfn	20	1	1	cal_intercept	8.677802111239442	
tabpfn	20	1	1	cal_slope	13.092161188597071	
tabpfn	20	1	2	val_logloss	0.11689175763378797	
tabpfn	20	1	2	val_auc	1.0	
tabpfn	20	1	2	val_pr_auc	0.9999999999999999	
tabpfn	20	1	2	val_accuracy	0.95	
tabpfn	20	1	2	val_f1	0.9523809523809523	
tabpfn	20	1	2	cal_intercept	-31.111060254028338	
tabpfn	20	1	2	cal_slope	20.689674857934662	
tabpfn	20	1	3	val_logloss	0.08410794196344108	
tabpfn	20	1	3	val_auc	1.0	
tabpfn	20	1	3	val_pr_auc	0.9999999999999999	
tabpfn	20	1	3	val_accuracy	0.95	
tabpfn	20	1	3	val_f1	0.9523809523809523	
tabpfn	20	1	3	cal_intercept	-12.798477247450464	
tabpfn	20	1	3	cal_slope	8.774842849298732	
tabpfn	20	2	0	val_logloss	0.24948651218976417	
tabpfn	20	2	0	val_auc	0.96	
tabpfn	20	2	0	val_pr_auc	0.9669230769230769	
tabpfn	20	2	0	val_accuracy	0.9	
tabpfn	20	2	0	val_f1	0.9	
tabpfn	20	2	0	cal_intercept	-0.342720680552057	
tabpfn	20	2	0	cal_slope	1.0091407437837694	
tabpfn	20	2	1	val_logloss	0.09801503219181064	
tabpfn	20	2	1	val_auc	1.0	
tabpfn	20	2	1	val_pr_auc	1.0000000000000002	
tabpfn	20	2	1	val_accuracy	1.0	
tabpfn	20	2	1	val_f1	1.0	
tabpfn	20	2	1	cal_intercept	-1.9143070684951622	
tabpfn	20	2	1	cal_slope	8.994450819852295	
tabpfn	20	2	2	val_logloss	0.21991656094256173	
tabpfn	20	2	2	val_auc	1.0	
tabpfn	20	2	2	val_pr_auc	0.9999999999999999	
tabpfn	20	2	2	val_accuracy	0.9	
tabpfn	20	2	2	val_f1	0.8888888888888888	
tabpfn	20	2	2	cal_intercept	13.989635065580773	
tabpfn	20	2	2	cal_slope	23.136134814436495	
tabpfn	20	2	3	val_logloss	0.05324787856065155	
tabpfn	20	2	3	val_auc	1.0	
tabpfn	20	2	3	val_pr_auc	0.9999999999999999	
tabpfn	20	2	3	val_accuracy	1.0	
tabpfn	20	2	3	val_f1	1.0	
tabpfn	20	2	3	cal_intercept	-3.2339032215866244	
tabpfn	20	2	3	cal_slope	4.872257965391432	
tabpfn	20	3	0	val_logloss	0.037299958532355806	
tabpfn	20	3	0	val_auc	1.0	
tabpfn	20	3	0	val_pr_auc	0.9999999999999999	
tabpfn	20	3	0	val_accuracy	1.0	
tabpfn	20	3	0	val_f1	1.0	
tabpfn	20	3	0	cal_intercept	-1.7721459179350272	
tabpfn	20	3	0	cal_slope	3.7651524998477206	
tabpfn	20	3	1	val_logloss	0.12750843106171805	
tabpfn	20	3	1	val_auc	1.0	
tabpfn	20	3	1	val_pr_auc	0.9999999999999999	
tabpfn	20	3	1	val_accuracy	1.0	
tabpfn	20	3	1	val_f1	1.0	
tabpfn	20	3	1	cal_intercept	2.3041715067585655	
tabpfn	20	3	1	cal_slope	8.559923293089955	
tabpfn	20	3	2	val_logloss	0.25971704510914667	
tabpfn	20	3	2	val_auc	0.9700000000000001	
tabpfn	20	3	2	val_pr_auc	0.9733333333333333	
tabpfn	20	3	2	val_accuracy	0.85	
tabpfn	20	3	2	val_f1	0.8571428571428571	
tabpfn	20	3	2	cal_intercept	-0.9094190476052174	
tabpfn	20	3	2	cal_slope	1.0655533109990858	
tabpfn	20	3	3	val_logloss	0.23001180657146825	
tabpfn	20	3	3	val_auc	0.9797979797979797	
tabpfn	20	3	3	val_pr_auc	0.9797979797979799	
tabpfn	20	3	3	val_accuracy	0.85	
tabpfn	20	3	3	val_f1	0.8421052631578947	
tabpfn	20	3	3	cal_intercept	-1.3976964467699833	
tabpfn	20	3	3	cal_slope	1.4783718801521184	
tabpfn	20	4	0	val_logloss	0.1636223108355557	
tabpfn	20	4	0	val_auc	0.9898989898989898	
tabpfn	20	4	0	val_pr_auc	0.9888888888888889	
tabpfn	20	4	0	val_accuracy	0.9	
tabpfn	20	4	0	val_f1	0.9	
tabpfn	20	4	0	cal_intercept	-1.1146929024728989	
tabpfn	20	4	0	cal_slope	2.5085742923252607	
tabpfn	20	4	1	val_logloss	0.12194848599599453	
tabpfn	20	4	1	val_auc	0.99	
tabpfn	20	4	1	val_pr_auc	0.9909090909090909	
tabpfn	20	4	1	val_accuracy	0.95	
tabpfn	20	4	1	val_f1	0.9523809523809523	
tabpfn	20	4	1	cal_intercept	-0.5253303008601745	
tabpfn	20	4	1	cal_slope	1.024028585823389	
tabpfn	20	4	2	val_logloss	0.1926475045223813	
tabpfn	20	4	2	val_auc	0.99	
tabpfn	20	4	2	val_pr_auc	0.9909090909090909	
tabpfn	20	4	2	val_accuracy	0.9	
tabpfn	20	4	2	val_f1	0.9	
tabpfn	20	4	2	cal_intercept	-0.5353800499709451	
tabpfn	20	4	2	cal_slope	1.1280795206554979	
tabpfn	20	4	3	val_logloss	0.08052856751799088	
tabpfn	20	4	3	val_auc	1.0	
tabpfn	20	4	3	val_pr_auc	0.9999999999999999	
tabpfn	20	4	3	val_accuracy	1.0	
tabpfn	20	4	3	val_f1	1.0	
tabpfn	20	4	3	cal_intercept	6.527258855916731	
tabpfn	20	4	3	cal_slope	8.688973191529792	
tabpfn	20	5	0	val_logloss	0.09404556553951916	
tabpfn	20	5	0	val_auc	1.0	
tabpfn	20	5	0	val_pr_auc	0.9999999999999999	
tabpfn	20	5	0	val_accuracy	1.0	
tabpfn	20	5	0	val_f1	1.0	
tabpfn	20	5	0	cal_intercept	0.834922129777194	
tabpfn	20	5	0	cal_slope	5.61616128848321	
tabpfn	20	5	1	val_logloss	0.11221954210156622	
tabpfn	20	5	1	val_auc	0.99	
tabpfn	20	5	1	val_pr_auc	0.9909090909090909	
tabpfn	20	5	1	val_accuracy	0.95	
tabpfn	20	5	1	val_f1	0.9523809523809523	
tabpfn	20	5	1	cal_intercept	-3.2321702833064863	
tabpfn	20	5	1	cal_slope	29.08694553664493	
tabpfn	20	5	2	val_logloss	0.182671010083339	
tabpfn	20	5	2	val_auc	0.9800000000000001	
tabpfn	20	5	2	val_pr_auc	0.9833333333333333	
tabpfn	20	5	2	val_accuracy	0.85	
tabpfn	20	5	2	val_f1	0.8571428571428571	
tabpfn	20	5	2	cal_intercept	-0.8581714870377508	
tabpfn	20	5	2	cal_slope	1.9343133889955604	
tabpfn	20	5	3	val_logloss	0.21711102880324304	
tabpfn	20	5	3	val_auc	1.0	
tabpfn	20	5	3	val_pr_auc	1.0000000000000002	
tabpfn	20	5	3	val_accuracy	0.9	
tabpfn	20	5	3	val_f1	0.875	
tabpfn	20	5	3	cal_intercept	27.80347006446057	
tabpfn	20	5	3	cal_slope	19.087842381664192	
tabpfn	20	6	0	val_logloss	0.1004105107388418	
tabpfn	20	6	0	val_auc	1.0	
tabpfn	20	6	0	val_pr_auc	1.0000000000000002	
tabpfn	20	6	0	val_accuracy	0.95	
tabpfn	20	6	0	val_f1	0.9473684210526315	
tabpfn	20	6	0	cal_intercept	-9.217293578740371	
tabpfn	20	6	0	cal_slope	7.721463325433325	
tabpfn	20	6	1	val_logloss	0.2803963894808128	
tabpfn	20	6	1	val_auc	0.98	
tabpfn	20	6	1	val_pr_auc	0.9809090909090908	
tabpfn	20	6	1	val_accuracy	0.9	
tabpfn	20	6	1	val_f1	0.9090909090909091	
tabpfn	20	6	1	cal_intercept	-2.5764633783224204	
tabpfn	20	6	1	cal_slope	1.406767358444178	
tabpfn	20	6	2	val_logloss	0.16265418909199006	
tabpfn	20	6	2	val_auc	1.0	
tabpfn	20	6	2	val_pr_auc	0.9999999999999999	
tabpfn	20	6	2	val_accuracy	0.95	
tabpfn	20	6	2	val_f1	0.9473684210526315	
tabpfn	20	6	2	cal_intercept	8.22995826730069	
tabpfn	20	6	2	cal_slope	6.825905300911832	
tabpfn	20	6	3	val_logloss	0.3452329655012686	
tabpfn	20	6	3	val_auc	0.9600000000000001	
tabpfn	20	6	3	val_pr_auc	0.9622222222222222	
tabpfn	20	6	3	val_accuracy	0.8	
tabpfn	20	6	3	val_f1	0.7777777777777778	
tabpfn	20	6	3	cal_intercept	1.0677134710883482	
tabpfn	20	6	3	cal_slope	0.8689129689748526	
tabpfn	20	7	0	val_logloss	0.18144009005132442	
tabpfn	20	7	0	val_auc	0.99	
tabpfn	20	7	0	val_pr_auc	0.9909090909090909	
tabpfn	20	7	0	val_accuracy	0.9	
tabpfn	20	7	0	val_f1	0.9090909090909091	
tabpfn	20	7	0	cal_intercept	-3.9557070691345686	
tabpfn	20	7	0	cal_slope	2.332863009323367	
tabpfn	20	7	1	val_logloss	0.31979236046047615	
tabpfn	20	7	1	val_auc	0.9600000000000001	
tabpfn	20	7	1	val_pr_auc	0.9651515151515152	
tabpfn	20	7	1	val_accuracy	0.9	
tabpfn	20	7	1	val_f1	0.8888888888888888	
tabpfn	20	7	1	cal_intercept	3.3908698941734845	
tabpfn	20	7	1	cal_slope	1.5436046901883227	
tabpfn	20	7	2	val_logloss	0.14048218417176578	
tabpfn	20	7	2	val_auc	0.99	
tabpfn	20	7	2	val_pr_auc	0.9909090909090909	
tabpfn	20	7	2	val_accuracy	0.9	
tabpfn	20	7	2	val_f1	0.9	
tabpfn	20	7	2	cal_intercept	0.31646103995925257	
tabpfn	20	7	2	cal_slope	1.4221436430909895	
tabpfn	20	7	3	val_logloss	0.12078797878046303	
tabpfn	20	7	3	val_auc	1.0	
tabpfn	20	7	3	val_pr_auc	1.0000000000000002	
tabpfn	20	7	3	val_accuracy	0.95	
tabpfn	20	7	3	val_f1	0.9473684210526315	
tabpfn	20	7	3	cal_intercept	-148.9493918230008	
tabpfn	20	7	3	cal_slope	143.12622277852796	
tabpfn	20	8	0	val_logloss	0.04228300830021787	
tabpfn	20	8	0	val_auc	1.0	
tabpfn	20	8	0	val_pr_auc	0.9999999999999999	
tabpfn	20	8	0	val_accuracy	1.0	
tabpfn	20	8	0	val_f1	1.0	
tabpfn	20	8	0	cal_intercept	-0.6665808279340503	
tabpfn	20	8	0	cal_slope	4.56989636628917	
tabpfn	20	8	1	val_logloss	0.18336414112099853	
tabpfn	20	8	1	val_auc	1.0	
tabpfn	20	8	1	val_pr_auc	0.9999999999999999	
tabpfn	20	8	1	val_accuracy	0.95	
tabpfn	20	8	1	val_f1	0.9523809523809523	
tabpfn	20	8	1	cal_intercept	-8.888561791884808	
tabpfn	20	8	1	cal_slope	18.337545280407262	
tabpfn	20	8	2	val_logloss	0.21309425627662892	
tabpfn	20	8	2	val_auc	0.9797979797979798	
tabpfn	20	8	2	val_pr_auc	0.9765432098765434	
tabpfn	20	8	2	val_accuracy	0.9	
tabpfn	20	8	2	val_f1	0.9	
tabpfn	20	8	2	cal_intercept	-1.3979698006717958	
tabpfn	20	8	2	cal_slope	1.5745105776023454	
tabpfn	20	8	3	val_logloss	0.1469110527602058	
tabpfn	20	8	3	val_auc	0.99	
tabpfn	20	8	3	val_pr_auc	0.9909090909090909	
tabpfn	20	8	3	val_accuracy	0.95	
tabpfn	20	8	3	val_f1	0.9523809523809523	
tabpfn	20	8	3	cal_intercept	-0.7070056928885867	
tabpfn	20	8	3	cal_slope	2.1287374426527346	
tabpfn	20	9	0	val_logloss	0.12265306194219121	
tabpfn	20	9	0	val_auc	1.0	
tabpfn	20	9	0	val_pr_auc	0.9999999999999999	
tabpfn	20	9	0	val_accuracy	0.95	
tabpfn	20	9	0	val_f1	0.9523809523809523	
tabpfn	20	9	0	cal_intercept	-202.34389994659773	
tabpfn	20	9	0	cal_slope	198.3051132303194	
tabpfn	20	9	1	val_logloss	0.16471327675306588	
tabpfn	20	9	1	val_auc	1.0	
tabpfn	20	9	1	val_pr_auc	0.9999999999999999	
tabpfn	20	9	1	val_accuracy	0.95	
tabpfn	20	9	1	val_f1	0.9523809523809523	
tabpfn	20	9	1	cal_intercept	-105.05234378049329	
tabpfn	20	9	1	cal_slope	67.69847108780296	
tabpfn	20	9	2	val_logloss	0.2248238296678629	
tabpfn	20	9	2	val_auc	0.98	
tabpfn	20	9	2	val_pr_auc	0.9809090909090908	
tabpfn	20	9	2	val_accuracy	0.85	
tabpfn	20	9	2	val_f1	0.8421052631578947	
tabpfn	20	9	2	cal_intercept	0.994478848159954	
tabpfn	20	9	2	cal_slope	1.1465488663244976	
tabpfn	20	9	3	val_logloss	0.12059569256347864	
tabpfn	20	9	3	val_auc	1.0	
tabpfn	20	9	3	val_pr_auc	1.0000000000000002	
tabpfn	20	9	3	val_accuracy	0.95	
tabpfn	20	9	3	val_f1	0.9411764705882353	
tabpfn	20	9	3	cal_intercept	7.696072960455562	
tabpfn	20	9	3	cal_slope	9.41117402127824	
tabpfn	20	10	0	val_logloss	0.04906275379177222	
tabpfn	20	10	0	val_auc	1.0	
tabpfn	20	10	0	val_pr_auc	0.9999999999999999	
tabpfn	20	10	0	val_accuracy	1.0	
tabpfn	20	10	0	val_f1	1.0	
tabpfn	20	10	0	cal_intercept	5.047478519713959	
tabpfn	20	10	0	cal_slope	3.616542421428665	
tabpfn	20	10	1	val_logloss	0.053256273345653235	
tabpfn	20	10	1	val_auc	1.0	
tabpfn	20	10	1	val_pr_auc	0.9999999999999999	
tabpfn	20	10	1	val_accuracy	1.0	
tabpfn	20	10	1	val_f1	1.0	
tabpfn	20	10	1	cal_intercept	0.9303076009920475	
tabpfn	20	10	1	cal_slope	5.912341010626379	
tabpfn	20	10	2	val_logloss	0.18940931241843018	
tabpfn	20	10	2	val_auc	0.98	
tabpfn	20	10	2	val_pr_auc	0.9809090909090908	
tabpfn	20	10	2	val_accuracy	0.85	
tabpfn	20	10	2	val_f1	0.8421052631578947	
tabpfn	20	10	2	cal_intercept	0.6995032095965005	
tabpfn	20	10	2	cal_slope	1.2362093529823952	
tabpfn	20	10	3	val_logloss	0.4361278430755293	
tabpfn	20	10	3	val_auc	0.9191919191919192	
tabpfn	20	10	3	val_pr_auc	0.9216200466200468	
tabpfn	20	10	3	val_accuracy	0.75	
tabpfn	20	10	3	val_f1	0.7368421052631579	
tabpfn	20	10	3	cal_intercept	-0.6995234090213729	
tabpfn	20	10	3	cal_slope	0.6581177308925042	
tabpfn	12	1	0	val_logloss	0.262216532026488	
tabpfn	12	1	0	val_auc	0.9494949494949494	
tabpfn	12	1	0	val_pr_auc	0.9534662867996202	
tabpfn	12	1	0	val_accuracy	0.85	
tabpfn	12	1	0	val_f1	0.8235294117647058	
tabpfn	12	1	0	cal_intercept	0.3379782883632727	
tabpfn	12	1	0	cal_slope	1.1692759683223346	
tabpfn	12	1	1	val_logloss	0.2115765021746049	
tabpfn	12	1	1	val_auc	1.0	
tabpfn	12	1	1	val_pr_auc	0.9999999999999999	
tabpfn	12	1	1	val_accuracy	0.95	
tabpfn	12	1	1	val_f1	0.9473684210526315	
tabpfn	12	1	1	cal_intercept	7.495283513600278	
tabpfn	12	1	1	cal_slope	14.603283122220784	
tabpfn	12	1	2	val_logloss	0.12519247456787602	
tabpfn	12	1	2	val_auc	1.0	
tabpfn	12	1	2	val_pr_auc	0.9999999999999999	
tabpfn	12	1	2	val_accuracy	0.95	
tabpfn	12	1	2	val_f1	0.9523809523809523	
tabpfn	12	1	2	cal_intercept	-13.331116918435402	
tabpfn	12	1	2	cal_slope	18.049445742518035	
tabpfn	12	1	3	val_logloss	0.08482800081470561	
tabpfn	12	1	3	val_auc	1.0	
tabpfn	12	1	3	val_pr_auc	0.9999999999999999	
tabpfn	12	1	3	val_accuracy	1.0	
tabpfn	12	1	3	val_f1	1.0	
tabpfn	12	1	3	cal_intercept	-2.7149673737757625	
tabpfn	12	1	3	cal_slope	15.29562421412239	
tabpfn	12	2	0	val_logloss	0.28275407490733845	
tabpfn	12	2	0	val_auc	0.96	
tabpfn	12	2	0	val_pr_auc	0.9669230769230769	
tabpfn	12	2	0	val_accuracy	0.9	
tabpfn	12	2	0	val_f1	0.9	
tabpfn	12	2	0	cal_intercept	-0.3290380221950166	
tabpfn	12	2	0	cal_slope	1.4077878228796392	
tabpfn	12	2	1	val_logloss	0.11460777585122688	
tabpfn	12	2	1	val_auc	1.0	
tabpfn	12	2	1	val_pr_auc	1.0000000000000002	
tabpfn	12	2	1	val_accuracy	0.95	
tabpfn	12	2	1	val_f1	0.9411764705882353	
tabpfn	12	2	1	cal_intercept	9.624497221570525	
tabpfn	12	2	1	cal_slope	9.196032909900094	
tabpfn	12	2	2	val_logloss	0.28317825101677985	
tabpfn	12	2	2	val_auc	1.0	
tabpfn	12	2	2	val_pr_auc	0.9999999999999999	
tabpfn	12	2	2	val_accuracy	1.0	
tabpfn	12	2	2	val_f1	1.0	
tabpfn	12	2	2	cal_intercept	2.6921305552925694	
tabpfn	12	2	2	cal_slope	12.437233563433002	
tabpfn	12	2	3	val_logloss	0.14181988388560857	
tabpfn	12	2	3	val_auc	1.0	
tabpfn	12	2	3	val_pr_auc	0.9999999999999999	
tabpfn	12	2	3	val_accuracy	1.0	
tabpfn	12	2	3	val_f1	1.0	
tabpfn	12	2	3	cal_intercept	0.33803359502397917	
tabpfn	12	2	3	cal_slope	7.120710754411042	
tabpfn	12	3	0	val_logloss	0.09298846219513274	
tabpfn	12	3	0	val_auc	1.0	
tabpfn	12	3	0	val_pr_auc	0.9999999999999999	
tabpfn	12	3	0	val_accuracy	1.0	
tabpfn	12	3	0	val_f1	1.0	
tabpfn	12	3	0	cal_intercept	-1.7342299875779807	
tabpfn	12	3	0	cal_slope	5.670341516404053	
tabpfn	12	3	1	val_logloss	0.2512868847526931	
tabpfn	12	3	1	val_auc	1.0	
tabpfn	12	3	1	val_pr_auc	0.9999999999999999	
tabpfn	12	3	1	val_accuracy	0.9	
tabpfn	12	3	1	val_f1	0.8888888888888888	
tabpfn	12	3	1	cal_intercept	53.876676006015074	
tabpfn	12	3	1	cal_slope	34.222104985213385	
tabpfn	12	3	2	val_logloss	0.20146107396672672	
tabpfn	12	3	2	val_auc	0.99	
tabpfn	12	3	2	val_pr_auc	0.9909090909090909	
tabpfn	12	3	2	val_accuracy	0.95	
tabpfn	12	3	2	val_f1	0.9523809523809523	
tabpfn	12	3	2	cal_intercept	-2.1286476478632266	
tabpfn	12	3	2	cal_slope	2.524438434932756	
tabpfn	12	3	3	val_logloss	0.39977965569791907	
tabpfn	12	3	3	val_auc	0.9393939393939393	
tabpfn	12	3	3	val_pr_auc	0.9395773979107314	
tabpfn	12	3	3	val_accuracy	0.75	
tabpfn	12	3	3	val_f1	0.7619047619047619	
tabpfn	12	3	3	cal_intercept	-1.7199394117539721	
tabpfn	12	3	3	cal_slope	1.3868568356563216	
tabpfn	12	4	0	val_logloss	0.2878195416423385	
tabpfn	12	4	0	val_auc	0.9797979797979797	
tabpfn	12	4	0	val_pr_auc	0.9797979797979799	
tabpfn	12	4	0	val_accuracy	0.85	
tabpfn	12	4	0	val_f1	0.8421052631578947	
tabpfn	12	4	0	cal_intercept	-1.2665932515854206	
tabpfn	12	4	0	cal_slope	3.3075140863063197	
tabpfn	12	4	1	val_logloss	0.11606888306004037	
tabpfn	12	4	1	val_auc	0.99	
tabpfn	12	4	1	val_pr_auc	0.9909090909090909	
tabpfn	12	4	1	val_accuracy	0.9	
tabpfn	12	4	1	val_f1	0.9	
tabpfn	12	4	1	cal_intercept	0.10833851661484506	
tabpfn	12	4	1	cal_slope	2.2831709267347042	
tabpfn	12	4	2	val_logloss	0.1701565410056846	
tabpfn	12	4	2	val_auc	1.0	
tabpfn	12	4	2	val_pr_auc	0.9999999999999999	
tabpfn	12	4	2	val_accuracy	0.95	
tabpfn	12	4	2	val_f1	0.9523809523809523	
tabpfn	12	4	2	cal_intercept	-193.34638481818624	
tabpfn	12	4	2	cal_slope	191.78412725101322	
tabpfn	12	4	3	val_logloss	0.14223800064868258	
tabpfn	12	4	3	val_auc	1.0	
tabpfn	12	4	3	val_pr_auc	0.9999999999999999	
tabpfn	12	4	3	val_accuracy	0.9	
tabpfn	12	4	3	val_f1	0.8888888888888888	
tabpfn	12	4	3	cal_intercept	25.757833622417362	
tabpfn	12	4	3	cal_slope	31.972150144371387	
tabpfn	12	5	0	val_logloss	0.1515464505420238	
tabpfn	12	5	0	val_auc	1.0	
tabpfn	12	5	0	val_pr_auc	0.9999999999999999	
tabpfn	12	5	0	val_accuracy	1.0	
tabpfn	12	5	0	val_f1	1.0	
tabpfn	12	5	0	cal_intercept	3.045552527783944	
tabpfn	12	5	0	cal_slope	7.3183938268540585	
tabpfn	12	5	1	val_logloss	0.12790654089841083	
tabpfn	12	5	1	val_auc	0.99	
tabpfn	12	5	1	val_pr_auc	0.9909090909090909	
tabpfn	12	5	1	val_accuracy	0.95	
tabpfn	12	5	1	val_f1	0.9473684210526315	
tabpfn	12	5	1	cal_intercept	0.5040912202810314	
tabpfn	12	5	1	cal_slope	3.7464048284950864	
tabpfn	12	5	2	val_logloss	0.2685159238777884	
tabpfn	12	5	2	val_auc	0.9500000000000001	
tabpfn	12	5	2	val_pr_auc	0.9430122655122654	
tabpfn	12	5	2	val_accuracy	0.95	
tabpfn	12	5	2	val_f1	0.9523809523809523	
tabpfn	12	5	2	cal_intercept	-0.3142874717521317	
tabpfn	12	5	2	cal_slope	1.8772512447552556	
tabpfn	12	5	3	val_logloss	0.1761832663450145	
tabpfn	12	5	3	val_auc	1.0	
tabpfn	12	5	3	val_pr_auc	1.0000000000000002	
tabpfn	12	5	3	val_accuracy	0.95	
tabpfn	12	5	3	val_f1	0.9411764705882353	
tabpfn	12	5	3	cal_intercept	13.31320710242268	
tabpfn	12	5	3	cal_slope	62.98843779688704	
tabpfn	12	6	0	val_logloss	0.19518149583391367	
tabpfn	12	6	0	val_auc	1.0	
tabpfn	12	6	0	val_pr_auc	1.0000000000000002	
tabpfn	12	6	0	val_accuracy	0.95	
tabpfn	12	6	0	val_f1	0.9473684210526315	
tabpfn	12	6	0	cal_intercept	-11.161708457419412	
tabpfn	12	6	0	cal_slope	16.678083182371907	
tabpfn	12	6	1	val_logloss	0.21758474938606595	
tabpfn	12	6	1	val_auc	0.99	
tabpfn	12	6	1	val_pr_auc	0.9909090909090909	
tabpfn	12	6	1	val_accuracy	0.9	
tabpfn	12	6	1	val_f1	0.9090909090909091	
tabpfn	12	6	1	cal_intercept	-1.6403639099821534	
tabpfn	12	6	1	cal_slope	1.4727280750049994	
tabpfn	12	6	2	val_logloss	0.306091025562469	
tabpfn	12	6	2	val_auc	1.0	
tabpfn	12	6	2	val_pr_auc	0.9999999999999999	
tabpfn	12	6	2	val_accuracy	0.9	
tabpfn	12	6	2	val_f1	0.8888888888888888	
tabpfn	12	6	2	cal_intercept	9.620524698191405	
tabpfn	12	6	2	cal_slope	18.24082020907987	
tabpfn	12	6	3	val_logloss	0.2950940647254179	
tabpfn	12	6	3	val_auc	0.9700000000000001	
tabpfn	12	6	3	val_pr_auc	0.9733333333333333	
tabpfn	12	6	3	val_accuracy	0.85	
tabpfn	12	6	3	val_f1	0.8421052631578947	
tabpfn	12	6	3	cal_intercept	0.7061995272755067	
tabpfn	12	6	3	cal_slope	1.3972169377804802	
tabpfn	12	7	0	val_logloss	0.22501071976249673	
tabpfn	12	7	0	val_auc	1.0	
tabpfn	12	7	0	val_pr_auc	0.9999999999999999	
tabpfn	12	7	0	val_accuracy	0.9	
tabpfn	12	7	0	val_f1	0.9090909090909091	
tabpfn	12	7	0	cal_intercept	-50.574093970509	
tabpfn	12	7	0	cal_slope	70.48255957429221	
tabpfn	12	7	1	val_logloss	0.27458114595556704	
tabpfn	12	7	1	val_auc	0.98	
tabpfn	12	7	1	val_pr_auc	0.9809090909090908	
tabpfn	12	7	1	val_accuracy	0.9	
tabpfn	12	7	1	val_f1	0.8888888888888888	
tabpfn	12	7	1	cal_intercept	2.769717238641714	
tabpfn	12	7	1	cal_slope	3.793490237571344	
tabpfn	12	7	2	val_logloss	0.16025098841075838	
tabpfn	12	7	2	val_auc	0.98	
tabpfn	12	7	2	val_pr_auc	0.9809090909090908	
tabpfn	12	7	2	val_accuracy	0.95	
tabpfn	12	7	2	val_f1	0.9523809523809523	
tabpfn	12	7	2	cal_intercept	-0.6464128650400757	
tabpfn	12	7	2	cal_slope	1.4426603264205462	
tabpfn	12	7	3	val_logloss	0.14562379107935924	
tabpfn	12	7	3	val_auc	0.9898989898989898	
tabpfn	12	7	3	val_pr_auc	0.9888888888888892	
tabpfn	12	7	3	val_accuracy	0.95	
tabpfn	12	7	3	val_f1	0.9411764705882353	
tabpfn	12	7	3	cal_intercept	1.041677382009214	
tabpfn	12	7	3	cal_slope	2.0042440877738787	
tabpfn	12	8	0	val_logloss	0.10271902808865463	
tabpfn	12	8	0	val_auc	1.0	
tabpfn	12	8	0	val_pr_auc	0.9999999999999999	
tabpfn	12	8	0	val_accuracy	1.0	
tabpfn	12	8	0	val_f1	1.0	
tabpfn	12	8	0	cal_intercept	-1.5102473241952734	
tabpfn	12	8	0	cal_slope	6.217744436765409	
tabpfn	12	8	1	val_logloss	0.30450180537955485	
tabpfn	12	8	1	val_auc	0.9800000000000001	
tabpfn	12	8	1	val_pr_auc	0.9833333333333333	
tabpfn	12	8	1	val_accuracy	0.9	
tabpfn	12	8	1	val_f1	0.8888888888888888	
tabpfn	12	8	1	cal_intercept	2.632781827600538	
tabpfn	12	8	1	cal_slope	5.522767857469117	
tabpfn	12	8	2	val_logloss	0.26846631233030954	
tabpfn	12	8	2	val_auc	0.9696969696969697	
tabpfn	12	8	2	val_pr_auc	0.9626543209876546	
tabpfn	12	8	2	val_accuracy	0.95	
tabpfn	12	8	2	val_f1	0.9473684210526315	
tabpfn	12	8	2	cal_intercept	-0.3730584841642013	
tabpfn	12	8	2	cal_slope	2.1466782114174974	
tabpfn	12	8	3	val_logloss	0.18474937865979335	
tabpfn	12	8	3	val_auc	0.98	
tabpfn	12	8	3	val_pr_auc	0.9809090909090908	
tabpfn	12	8	3	val_accuracy	0.9	
tabpfn	12	8	3	val_f1	0.9	
tabpfn	12	8	3	cal_intercept	0.6999584565094026	
tabpfn	12	8	3	cal_slope	1.5955742351726598	
tabpfn	12	9	0	val_logloss	0.192022300863474	
tabpfn	12	9	0	val_auc	0.99	
tabpfn	12	9	0	val_pr_auc	0.9909090909090909	
tabpfn	12	9	0	val_accuracy	0.95	
tabpfn	12	9	0	val_f1	0.9523809523809523	
tabpfn	12	9	0	cal_intercept	-6.179460372728371	
tabpfn	12	9	0	cal_slope	4.754259795363299	
tabpfn	12	9	1	val_logloss	0.22817555927024685	
tabpfn	12	9	1	val_auc	1.0	
tabpfn	12	9	1	val_pr_auc	0.9999999999999999	
tabpfn	12	9	1	val_accuracy	0.85	
tabpfn	12	9	1	val_f1	0.8695652173913043	
tabpfn	12	9	1	cal_intercept	-27.138872941362724	
tabpfn	12	9	1	cal_slope	31.485564515927123	
tabpfn	12	9	2	val_logloss	0.26247332115315064	
tabpfn	12	9	2	val_auc	0.98	
tabpfn	12	9	2	val_pr_auc	0.9809090909090908	
tabpfn	12	9	2	val_accuracy	0.9	
tabpfn	12	9	2	val_f1	0.8888888888888888	
tabpfn	12	9	2	cal_intercept	2.3912024626232977	
tabpfn	12	9	2	cal_slope	2.2080917619974727	
tabpfn	12	9	3	val_logloss	0.22301388933550573	
tabpfn	12	9	3	val_auc	1.0	
tabpfn	12	9	3	val_pr_auc	1.0000000000000002	
tabpfn	12	9	3	val_accuracy	0.95	
tabpfn	12	9	3	val_f1	0.9411764705882353	
tabpfn	12	9	3	cal_intercept	15.229856259023439	
tabpfn	12	9	3	cal_slope	28.239464547737064	
tabpfn	12	10	0	val_logloss	0.0855145828430523	
tabpfn	12	10	0	val_auc	1.0	
tabpfn	12	10	0	val_pr_auc	0.9999999999999999	
tabpfn	12	10	0	val_accuracy	0.95	
tabpfn	12	10	0	val_f1	0.9473684210526315	
tabpfn	12	10	0	cal_intercept	7.089392851591242	
tabpfn	12	10	0	cal_slope	4.782440523314034	
tabpfn	12	10	1	val_logloss	0.1646562830230534	
tabpfn	12	10	1	val_auc	0.99	
tabpfn	12	10	1	val_pr_auc	0.9909090909090909	
tabpfn	12	10	1	val_accuracy	0.9	
tabpfn	12	10	1	val_f1	0.9	
tabpfn	12	10	1	cal_intercept	-0.5452365362824525	
tabpfn	12	10	1	cal_slope	2.1554153474511306	
tabpfn	12	10	2	val_logloss	0.18571246999576668	
tabpfn	12	10	2	val_auc	0.97	
tabpfn	12	10	2	val_pr_auc	0.9697979797979798	
tabpfn	12	10	2	val_accuracy	0.95	
tabpfn	12	10	2	val_f1	0.9523809523809523	
tabpfn	12	10	2	cal_intercept	-0.3443771774899785	
tabpfn	12	10	2	cal_slope	1.876187822643659	
tabpfn	12	10	3	val_logloss	0.44675845883589665	
tabpfn	12	10	3	val_auc	0.9393939393939394	
tabpfn	12	10	3	val_pr_auc	0.941919191919192	
tabpfn	12	10	3	val_accuracy	0.75	
tabpfn	12	10	3	val_f1	0.7368421052631579	
tabpfn	12	10	3	cal_intercept	-0.9810412248093442	
tabpfn	12	10	3	cal_slope	0.7484206990847682	
tabpfn	8	1	0	val_logloss	0.30475502156211376	
tabpfn	8	1	0	val_auc	0.9696969696969696	
tabpfn	8	1	0	val_pr_auc	0.9674523007856342	
tabpfn	8	1	0	val_accuracy	0.85	
tabpfn	8	1	0	val_f1	0.8235294117647058	
tabpfn	8	1	0	cal_intercept	0.06324725744903983	
tabpfn	8	1	0	cal_slope	1.8655350418999912	
tabpfn	8	1	1	val_logloss	0.30791259321786846	
tabpfn	8	1	1	val_auc	0.9600000000000001	
tabpfn	8	1	1	val_pr_auc	0.9651515151515152	
tabpfn	8	1	1	val_accuracy	0.9	
tabpfn	8	1	1	val_f1	0.8888888888888888	
tabpfn	8	1	1	cal_intercept	3.001002942543497	
tabpfn	8	1	1	cal_slope	2.3461187992746253	
tabpfn	8	1	2	val_logloss	0.15498068556798744	
tabpfn	8	1	2	val_auc	1.0	
tabpfn	8	1	2	val_pr_auc	0.9999999999999999	
tabpfn	8	1	2	val_accuracy	0.9	
tabpfn	8	1	2	val_f1	0.8888888888888888	
tabpfn	8	1	2	cal_intercept	8.352856675407837	
tabpfn	8	1	2	cal_slope	12.266354073588039	
tabpfn	8	1	3	val_logloss	0.17665283847625166	
tabpfn	8	1	3	val_auc	0.99	
tabpfn	8	1	3	val_pr_auc	0.9909090909090909	
tabpfn	8	1	3	val_accuracy	0.95	
tabpfn	8	1	3	val_f1	0.9523809523809523	
tabpfn	8	1	3	cal_intercept	-1.0168436714416274	
tabpfn	8	1	3	cal_slope	3.9783591854445435	
tabpfn	8	2	0	val_logloss	0.3491601029915483	
tabpfn	8	2	0	val_auc	0.9800000000000001	
tabpfn	8	2	0	val_pr_auc	0.9833333333333333	
tabpfn	8	2	0	val_accuracy	0.8	
tabpfn	8	2	0	val_f1	0.8333333333333334	
tabpfn	8	2	0	cal_intercept	-3.0596375526802286	
tabpfn	8	2	0	cal_slope	3.507710297635525	
tabpfn	8	2	1	val_logloss	0.17734682887069514	
tabpfn	8	2	1	val_auc	1.0	
tabpfn	8	2	1	val_pr_auc	1.0000000000000002	
tabpfn	8	2	1	val_accuracy	0.95	
tabpfn	8	2	1	val_f1	0.9411764705882353	
tabpfn	8	2	1	cal_intercept	30.392117532002985	
tabpfn	8	2	1	cal_slope	52.4197042715185	
tabpfn	8	2	2	val_logloss	0.2501129776224846	
tabpfn	8	2	2	val_auc	1.0	
tabpfn	8	2	2	val_pr_auc	0.9999999999999999	
tabpfn	8	2	2	val_accuracy	0.95	
tabpfn	8	2	2	val_f1	0.9473684210526315	
tabpfn	8	2	2	cal_intercept	38.46935831688526	
tabpfn	8	2	2	cal_slope	121.6995934378042	
tabpfn	8	2	3	val_logloss	0.2980957213141475	
tabpfn	8	2	3	val_auc	1.0	
tabpfn	8	2	3	val_pr_auc	0.9999999999999999	
tabpfn	8	2	3	val_accuracy	1.0	
tabpfn	8	2	3	val_f1	1.0	
tabpfn	8	2	3	cal_intercept	4.345463549985221	
tabpfn	8	2	3	cal_slope	16.024675217459958	
tabpfn	8	3	0	val_logloss	0.1613262104923679	
tabpfn	8	3	0	val_auc	1.0	
tabpfn	8	3	0	val_pr_auc	0.9999999999999999	
tabpfn	8	3	0	val_accuracy	1.0	
tabpfn	8	3	0	val_f1	1.0	
tabpfn	8	3	0	cal_intercept	-1.756750808567284	
tabpfn	8	3	0	cal_slope	7.419439568913989	
tabpfn	8	3	1	val_logloss	0.365547469433649	
tabpfn	8	3	1	val_auc	0.9600000000000001	
tabpfn	8	3	1	val_pr_auc	0.9622222222222222	
tabpfn	8	3	1	val_accuracy	0.85	
tabpfn	8	3	1	val_f1	0.8421052631578947	
tabpfn	8	3	1	cal_intercept	1.3011191011625942	
tabpfn	8	3	1	cal_slope	1.9449493958357724	
tabpfn	8	3	2	val_logloss	0.321771111650158	
tabpfn	8	3	2	val_auc	0.97	
tabpfn	8	3	2	val_pr_auc	0.9769230769230769	
tabpfn	8	3	2	val_accuracy	0.8	
tabpfn	8	3	2	val_f1	0.8181818181818182	
tabpfn	8	3	2	cal_intercept	-1.3133995111575798	
tabpfn	8	3	2	cal_slope	2.4563282408921	
tabpfn	8	3	3	val_logloss	0.42860587332650624	
tabpfn	8	3	3	val_auc	0.9595959595959596	
tabpfn	8	3	3	val_pr_auc	0.9535634118967453	
tabpfn	8	3	3	val_accuracy	0.8	
tabpfn	8	3	3	val_f1	0.8181818181818182	
tabpfn	8	3	3	cal_intercept	-2.8096931282654434	
tabpfn	8	3	3	cal_slope	3.4815003342899544	
tabpfn	8	4	0	val_logloss	0.28989477284553694	
tabpfn	8	4	0	val_auc	0.9696969696969697	
tabpfn	8	4	0	val_pr_auc	0.9626543209876544	
tabpfn	8	4	0	val_accuracy	0.8	
tabpfn	8	4	0	val_f1	0.75	
tabpfn	8	4	0	cal_intercept	1.3625401403284547	
tabpfn	8	4	0	cal_slope	1.967790088288841	
tabpfn	8	4	1	val_logloss	0.10713863820959732	
tabpfn	8	4	1	val_auc	1.0	
tabpfn	8	4	1	val_pr_auc	0.9999999999999999	
tabpfn	8	4	1	val_accuracy	0.95	
tabpfn	8	4	1	val_f1	0.9523809523809523	
tabpfn	8	4	1	cal_intercept	-8.104058882571856	
tabpfn	8	4	1	cal_slope	15.589098973934085	
tabpfn	8	4	2	val_logloss	0.2094594107650038	
tabpfn	8	4	2	val_auc	1.0	
tabpfn	8	4	2	val_pr_auc	0.9999999999999999	
tabpfn	8	4	2	val_accuracy	0.95	
tabpfn	8	4	2	val_f1	0.9523809523809523	
tabpfn	8	4	2	cal_intercept	-17.698479431856132	
tabpfn	8	4	2	cal_slope	42.00164162190064	
tabpfn	8	4	3	val_logloss	0.21970703996518942	
tabpfn	8	4	3	val_auc	0.98	
tabpfn	8	4	3	val_pr_auc	0.9809090909090908	
tabpfn	8	4	3	val_accuracy	0.9	
tabpfn	8	4	3	val_f1	0.8888888888888888	
tabpfn	8	4	3	cal_intercept	1.7581064695945805	
tabpfn	8	4	3	cal_slope	2.235216747313733	
tabpfn	8	5	0	val_logloss	0.2960325874448998	
tabpfn	8	5	0	val_auc	1.0	
tabpfn	8	5	0	val_pr_auc	0.9999999999999999	
tabpfn	8	5	0	val_accuracy	1.0	
tabpfn	8	5	0	val_f1	1.0	
tabpfn	8	5	0	cal_intercept	2.786695280050785	
tabpfn	8	5	0	cal_slope	11.443285328270687	
tabpfn	8	5	1	val_logloss	0.20814103359749953	
tabpfn	8	5	1	val_auc	0.98	
tabpfn	8	5	1	val_pr_auc	0.9809090909090908	
tabpfn	8	5	1	val_accuracy	0.85	
tabpfn	8	5	1	val_f1	0.8421052631578947	
tabpfn	8	5	1	cal_intercept	0.398197424510833	
tabpfn	8	5	1	cal_slope	2.1123615997288674	
tabpfn	8	5	2	val_logloss	0.4084752224034081	
tabpfn	8	5	2	val_auc	0.9400000000000001	
tabpfn	8	5	2	val_pr_auc	0.9566666666666667	
tabpfn	8	5	2	val_accuracy	0.8	
tabpfn	8	5	2	val_f1	0.8181818181818182	
tabpfn	8	5	2	cal_intercept	-0.4686919600857884	
tabpfn	8	5	2	cal_slope	2.4082967517840337	
tabpfn	8	5	3	val_logloss	0.30167540548300076	
tabpfn	8	5	3	val_auc	1.0	
tabpfn	8	5	3	val_pr_auc	1.0000000000000002	
tabpfn	8	5	3	val_accuracy	0.95	
tabpfn	8	5	3	val_f1	0.9411764705882353	
tabpfn	8	5	3	cal_intercept	12.968269776628137	
tabpfn	8	5	3	cal_slope	20.647188178882413	
tabpfn	8	6	0	val_logloss	0.25240600595724827	
tabpfn	8	6	0	val_auc	1.0	
tabpfn	8	6	0	val_pr_auc	1.0000000000000002	
tabpfn	8	6	0	val_accuracy	0.95	
tabpfn	8	6	0	val_f1	0.9473684210526315	
tabpfn	8	6	0	cal_intercept	-5.2077801233455885	
tabpfn	8	6	0	cal_slope	59.96865214241522	
tabpfn	8	6	1	val_logloss	0.21264708871027618	
tabpfn	8	6	1	val_auc	0.99	
tabpfn	8	6	1	val_pr_auc	0.9909090909090909	
tabpfn	8	6	1	val_accuracy	0.9	
tabpfn	8	6	1	val_f1	0.9	
tabpfn	8	6	1	cal_intercept	-0.27037356616539915	
tabpfn	8	6	1	cal_slope	2.3914576587051792	
tabpfn	8	6	2	val_logloss	0.34090534810230405	
tabpfn	8	6	2	val_auc	0.97	
tabpfn	8	6	2	val_pr_auc	0.9697979797979798	
tabpfn	8	6	2	val_accuracy	0.8	
tabpfn	8	6	2	val_f1	0.7777777777777778	
tabpfn	8	6	2	cal_intercept	1.9340931833828656	
tabpfn	8	6	2	cal_slope	2.5173106840957287	
tabpfn	8	6	3	val_logloss	0.35235080504872096	
tabpfn	8	6	3	val_auc	0.9700000000000001	
tabpfn	8	6	3	val_pr_auc	0.9733333333333333	
tabpfn	8	6	3	val_accuracy	0.85	
tabpfn	8	6	3	val_f1	0.8421052631578947	
tabpfn	8	6	3	cal_intercept	0.8725278987138487	
tabpfn	8	6	3	cal_slope	2.3115042640757846	
tabpfn	8	7	0	val_logloss	0.23891098517691312	
tabpfn	8	7	0	val_auc	1.0	
tabpfn	8	7	0	val_pr_auc	1.0	
tabpfn	8	7	0	val_accuracy	0.9	
tabpfn	8	7	0	val_f1	0.9090909090909091	
tabpfn	8	7	0	cal_intercept	-7.98810276696222	
tabpfn	8	7	0	cal_slope	12.891690156041378	
tabpfn	8	7	1	val_logloss	0.2895582083236083	
tabpfn	8	7	1	val_auc	0.98	
tabpfn	8	7	1	val_pr_auc	0.9809090909090908	
tabpfn	8	7	1	val_accuracy	0.9	
tabpfn	8	7	1	val_f1	0.8888888888888888	
tabpfn	8	7	1	cal_intercept	1.2047770627955297	
tabpfn	8	7	1	cal_slope	5.1018907829298135	
tabpfn	8	7	2	val_logloss	0.203843666171504	
tabpfn	8	7	2	val_auc	0.99	
tabpfn	8	7	2	val_pr_auc	0.9909090909090909	
tabpfn	8	7	2	val_accuracy	0.95	
tabpfn	8	7	2	val_f1	0.9523809523809523	
tabpfn	8	7	2	cal_intercept	-2.138566065515765	
tabpfn	8	7	2	cal_slope	2.1131236905713777	
tabpfn	8	7	3	val_logloss	0.2359408384620508	
tabpfn	8	7	3	val_auc	0.9898989898989898	
tabpfn	8	7	3	val_pr_auc	0.9888888888888892	
tabpfn	8	7	3	val_accuracy	0.9	
tabpfn	8	7	3	val_f1	0.8888888888888888	
tabpfn	8	7	3	cal_intercept	0.3265722918552635	
tabpfn	8	7	3	cal_slope	4.490382079299254	
tabpfn	8	8	0	val_logloss	0.2578955782843522	
tabpfn	8	8	0	val_auc	1.0	
tabpfn	8	8	0	val_pr_auc	0.9999999999999999	
tabpfn	8	8	0	val_accuracy	1.0	
tabpfn	8	8	0	val_f1	1.0	
tabpfn	8	8	0	cal_intercept	1.8490032708203563	
tabpfn	8	8	0	cal_slope	24.901760864725127	
tabpfn	8	8	1	val_logloss	0.3020537029427515	
tabpfn	8	8	1	val_auc	0.98	
tabpfn	8	8	1	val_pr_auc	0.9809090909090908	
tabpfn	8	8	1	val_accuracy	0.85	
tabpfn	8	8	1	val_f1	0.8421052631578947	
tabpfn	8	8	1	cal_intercept	0.6592519479030116	
tabpfn	8	8	1	cal_slope	1.8300469373379236	
tabpfn	8	8	2	val_logloss	0.4546373114308981	
tabpfn	8	8	2	val_auc	0.9595959595959596	
tabpfn	8	8	2	val_pr_auc	0.9535634118967453	
tabpfn	8	8	2	val_accuracy	0.9	
tabpfn	8	8	2	val_f1	0.9	
tabpfn	8	8	2	cal_intercept	-0.5147788626833196	
tabpfn	8	8	2	cal_slope	5.326621428433062	
tabpfn	8	8	3	val_logloss	0.3402863228555614	
tabpfn	8	8	3	val_auc	0.92	
tabpfn	8	8	3	val_pr_auc	0.9416666666666665	
tabpfn	8	8	3	val_accuracy	0.85	
tabpfn	8	8	3	val_f1	0.8421052631578947	
tabpfn	8	8	3	cal_intercept	0.2615267039625338	
tabpfn	8	8	3	cal_slope	1.1095174144834257	
tabpfn	8	9	0	val_logloss	0.409470824293596	
tabpfn	8	9	0	val_auc	0.9400000000000001	
tabpfn	8	9	0	val_pr_auc	0.9469696969696969	
tabpfn	8	9	0	val_accuracy	0.8	
tabpfn	8	9	0	val_f1	0.8333333333333334	
tabpfn	8	9	0	cal_intercept	-2.687989655263606	
tabpfn	8	9	0	cal_slope	2.4139310137045245	
tabpfn	8	9	1	val_logloss	0.41918797164144017	
tabpfn	8	9	1	val_auc	0.9	
tabpfn	8	9	1	val_pr_auc	0.911024531024531	
tabpfn	8	9	1	val_accuracy	0.75	
tabpfn	8	9	1	val_f1	0.7058823529411765	
tabpfn	8	9	1	cal_intercept	0.9184553776790667	
tabpfn	8	9	1	cal_slope	1.4516239196501532	
tabpfn	8	9	2	val_logloss	0.28471029967720185	
tabpfn	8	9	2	val_auc	0.98	
tabpfn	8	9	2	val_pr_auc	0.9809090909090908	
tabpfn	8	9	2	val_accuracy	0.9	
tabpfn	8	9	2	val_f1	0.8888888888888888	
tabpfn	8	9	2	cal_intercept	1.0940571206013003	
tabpfn	8	9	2	cal_slope	1.5601585026166525	
tabpfn	8	9	3	val_logloss	0.3071847864948844	
tabpfn	8	9	3	val_auc	1.0	
tabpfn	8	9	3	val_pr_auc	1.0000000000000002	
tabpfn	8	9	3	val_accuracy	1.0	
tabpfn	8	9	3	val_f1	1.0	
tabpfn	8	9	3	cal_intercept	-2.561773992950841	
tabpfn	8	9	3	cal_slope	27.31393410714849	
tabpfn	8	10	0	val_logloss	0.2230372723953875	
tabpfn	8	10	0	val_auc	1.0	
tabpfn	8	10	0	val_pr_auc	0.9999999999999999	
tabpfn	8	10	0	val_accuracy	0.9	
tabpfn	8	10	0	val_f1	0.8888888888888888	
tabpfn	8	10	0	cal_intercept	19.75476814770873	
tabpfn	8	10	0	cal_slope	11.605110395048385	
tabpfn	8	10	1	val_logloss	0.2011375605569233	
tabpfn	8	10	1	val_auc	1.0	
tabpfn	8	10	1	val_pr_auc	0.9999999999999999	
tabpfn	8	10	1	val_accuracy	0.95	
tabpfn	8	10	1	val_f1	0.9473684210526315	
tabpfn	8	10	1	cal_intercept	6.934982067802583	
tabpfn	8	10	1	cal_slope	17.44701644878645	
tabpfn	8	10	2	val_logloss	0.13858084868081427	
tabpfn	8	10	2	val_auc	1.0	
tabpfn	8	10	2	val_pr_auc	0.9999999999999999	
tabpfn	8	10	2	val_accuracy	0.95	
tabpfn	8	10	2	val_f1	0.9523809523809523	
tabpfn	8	10	2	cal_intercept	-7.625220236870286	
tabpfn	8	10	2	cal_slope	13.270035133245981	
tabpfn	8	10	3	val_logloss	0.42454698486642634	
tabpfn	8	10	3	val_auc	0.9393939393939394	
tabpfn	8	10	3	val_pr_auc	0.941919191919192	
tabpfn	8	10	3	val_accuracy	0.75	
tabpfn	8	10	3	val_f1	0.7368421052631579	
tabpfn	8	10	3	cal_intercept	-0.7095634493969143	
tabpfn	8	10	3	cal_slope	0.8740837830182642	
