trial	params_json	primary_metric	wall_seconds	status	error
1	{"family":"qda","fold":0,"repeat":1,"rung":60}	0.033106	0.004	ok	
2	{"family":"qda","fold":1,"repeat":1,"rung":60}	0.013456	0.001	ok	
3	{"family":"qda","fold":2,"repeat":1,"rung":60}	0.070546	0.001	ok	
4	{"family":"qda","fold":3,"repeat":1,"rung":60}	0.030519	0.001	ok	
5	{"family":"qda","fold":0,"repeat":2,"rung":60}	0.051220	0.001	ok	
6	{"family":"qda","fold":1,"repeat":2,"rung":60}	0.015164	0.001	ok	
7	{"family":"qda","fold":2,"repeat":2,"rung":60}	0.017046	0.001	ok	
8	{"family":"qda","fold":3,"repeat":2,"rung":60}	0.044836	0.001	ok	
9	{"family":"qda","fold":0,"repeat":3,"rung":60}	0.020848	0.001	ok	
10	{"family":"qda","fold":1,"repeat":3,"rung":60}	0.028506	0.001	ok	
11	{"family":"qda","fold":2,"repeat":3,"rung":60}	0.052274	0.001	ok	
12	{"family":"qda","fold":3,"repeat":3,"rung":60}	0.024494	0.001	ok	
13	{"family":"qda","fold":0,"repeat":4,"rung":60}	0.032915	0.001	ok	
14	{"family":"qda","fold":1,"repeat":4,"rung":60}	0.004537	0.001	ok	
15	{"family":"qda","fold":2,"repeat":4,"rung":60}	0.080011	0.001	ok	
16	{"family":"qda","fold":3,"repeat":4,"rung":60}	0.046385	0.002	ok	
17	{"family":"qda","fold":0,"repeat":5,"rung":60}	0.035583	0.001	ok	
18	{"family":"qda","fold":1,"repeat":5,"rung":60}	0.030784	0.001	ok	
19	{"family":"qda","fold":2,"repeat":5,"rung":60}	0.026523	0.001	ok	
20	{"family":"qda","fold":3,"repeat":5,"rung":60}	0.033847	0.001	ok	
21	{"family":"qda","fold":0,"repeat":6,"rung":60}	0.031464	0.001	ok	
22	{"family":"qda","fold":1,"repeat":6,"rung":60}	0.084850	0.001	ok	
23	{"family":"qda","fold":2,"repeat":6,"rung":60}	0.011766	0.001	ok	
24	{"family":"qda","fold":3,"repeat":6,"rung":60}	0.014605	0.001	ok	
25	{"family":"qda","fold":0,"repeat":7,"rung":60}	0.050019	0.001	ok	
26	{"family":"qda","fold":1,"repeat":7,"rung":60}	0.024134	0.001	ok	
27	{"family":"qda","fold":2,"repeat":7,"rung":60}	0.044398	0.001	ok	
28	{"family":"qda","fold":3,"repeat":7,"rung":60}	0.011595	0.001	ok	
29	{"family":"qda","fold":0,"repeat":8,"rung":60}	0.021126	0.001	ok	
30	{"family":"qda","fold":1,"repeat":8,"rung":60}	0.018148	0.001	ok	
31	{"family":"qda","fold":2,"repeat":8,"rung":60}	0.034947	0.001	ok	
32	{"family":"qda","fold":3,"repeat":8,"rung":60}	0.046967	0.001	ok	
33	{"family":"qda","fold":0,"repeat":9,"rung":60}	0.065500	0.001	ok	
34	{"family":"qda","fold":1,"repeat":9,"rung":60}	0.021455	0.001	ok	
35	{"family":"qda","fold":2,"repeat":9,"rung":60}	0.030255	0.001	ok	
36	{"family":"qda","fold":3,"repeat":9,"rung":60}	0.012028	0.001	ok	
37	{"family":"qda","fold":0,"repeat":10,"rung":60}	0.025505	0.001	ok	
38	{"family":"qda","fold":1,"repeat":10,"rung":60}	0.051830	0.001	ok	
39	{"family":"qda","fold":2,"repeat":10,"rung":60}	0.026902	0.001	ok	
40	{"family":"qda","fold":3,"repeat":10,"rung":60}	0.016861	0.001	ok	
41	{"family":"qda","fold":0,"repeat":1,"rung":45}	0.030138	0.001	ok	
42	{"family":"qda","fold":1,"repeat":1,"rung":45}	0.015790	0.001	ok	
43	{"family":"qda","fold":2,"repeat":1,"rung":45}	0.078430	0.001	ok	
44	{"family":"qda","fold":3,"repeat":1,"rung":45}	0.032249	0.001	ok	
45	{"family":"qda","fold":0,"repeat":2,"rung":45}	0.058000	0.001	ok	
46	{"family":"qda","fold":1,"repeat":2,"rung":45}	0.012802	0.001	ok	
47	{"family":"qda","fold":2,"repeat":2,"rung":45}	0.018861	0.001	ok	
48	{"family":"qda","fold":3,"repeat":2,"rung":45}	0.047716	0.001	ok	
49	{"family":"qda","fold":0,"repeat":3,"rung":45}	0.019362	0.001	ok	
50	{"family":"qda","fold":1,"repeat":3,"rung":45}	0.035249	0.001	ok	
51	{"family":"qda","fold":2,"repeat":3,"rung":45}	0.053910	0.001	ok	
52	{"family":"qda","fold":3,"repeat":3,"rung":45}	0.024878	0.001	ok	
53	{"family":"qda","fold":0,"repeat":4,"rung":45}	0.051651	0.001	ok	
54	{"family":"qda","fold":1,"repeat":4,"rung":45}	0.005284	0.001	ok	
55	{"family":"qda","fold":2,"repeat":4,"rung":45}	0.061834	0.001	ok	
56	{"family":"qda","fold":3,"repeat":4,"rung":45}	0.043541	0.001	ok	
57	{"family":"qda","fold":0,"repeat":5,"rung":45}	0.030582	0.001	ok	
58	{"family":"qda","fold":1,"repeat":5,"rung":45}	0.027710	0.001	ok	
59	{"family":"qda","fold":2,"repeat":5,"rung":45}	0.024674	0.001	ok	
60	{"family":"qda","fold":3,"repeat":5,"rung":45}	0.016134	0.014	ok	
61	{"family":"qda","fold":0,"repeat":6,"rung":45}	0.025794	0.001	ok	
62	{"family":"qda","fold":1,"repeat":6,"rung":45}	0.079983	0.001	ok	
63	{"family":"qda","fold":2,"repeat":6,"rung":45}	0.014251	0.001	ok	
64	{"family":"qda","fold":3,"repeat":6,"rung":45}	0.011896	0.001	ok	
65	{"family":"qda","fold":0,"repeat":7,"rung":45}	0.046507	0.001	ok	
66	{"family":"qda","fold":1,"repeat":7,"rung":45}	0.020349	0.001	ok	
67	{"family":"qda","fold":2,"repeat":7,"rung":45}	0.050720	0.001	ok	
68	{"family":"qda","fold":3,"repeat":7,"rung":45}	0.014200	0.001	ok	
69	{"family":"qda","fold":0,"repeat":8,"rung":45}	0.022743	0.001	ok	
70	{"family":"qda","fold":1,"repeat":8,"rung":45}	0.017923	0.001	ok	
71	{"family":"qda","fold":2,"repeat":8,"rung":45}	0.041518	0.001	ok	
72	{"family":"qda","fold":3,"repeat":8,"rung":45}	0.045599	0.001	ok	
73	{"family":"qda","fold":0,"repeat":9,"rung":45}	0.069827	0.001	ok	
74	{"family":"qda","fold":1,"repeat":9,"rung":45}	0.016220	0.001	ok	
75	{"family":"qda","fold":2,"repeat":9,"rung":45}	0.031393	0.001	ok	
76	{"family":"qda","fold":3,"repeat":9,"rung":45}	0.011276	0.001	ok	
77	{"family":"qda","fold":0,"repeat":10,"rung":45}	0.027099	0.001	ok	
78	{"family":"qda","fold":1,"repeat":10,"rung":45}	0.061070	0.001	ok	
79	{"family":"qda","fold":2,"repeat":10,"rung":45}	0.022982	0.001	ok	
80	{"family":"qda","fold":3,"repeat":10,"rung":45}	0.021277	0.001	ok	
81	{"family":"qda","fold":0,"repeat":1,"rung":30}	0.023225	0.001	ok	
82	{"family":"qda","fold":1,"repeat":1,"rung":30}	0.015164	0.001	ok	
83	{"family":"qda","fold":2,"repeat":1,"rung":30}	0.073262	0.001	ok	
84	{"family":"qda","fold":3,"repeat":1,"rung":30}	0.032340	0.001	ok	
85	{"family":"qda","fold":0,"repeat":2,"rung":30}	0.043638	0.001	ok	
86	{"family":"qda","fold":1,"repeat":2,"rung":30}	0.007257	0.001	ok	
87	{"family":"qda","fold":2,"repeat":2,"rung":30}	0.020348	0.001	ok	
88	{"family":"qda","fold":3,"repeat":2,"rung":30}	0.043969	0.001	ok	
89	{"family":"qda","fold":0,"repeat":3,"rung":30}	0.020040	0.001	ok	
90	{"family":"qda","fold":1,"repeat":3,"rung":30}	0.032889	0.001	ok	
91	{"family":"qda","fold":2,"repeat":3,"rung":30}	0.049657	0.001	ok	
92	{"family":"qda","fold":3,"repeat":3,"rung":30}	0.028817	0.001	ok	
93	{"family":"qda","fold":0,"repeat":4,"rung":30}	0.057595	0.001	ok	
94	{"family":"qda","fold":1,"repeat":4,"rung":30}	0.004121	0.001	ok	
95	{"family":"qda","fold":2,"repeat":4,"rung":30}	0.059490	0.001	ok	
96	{"family":"qda","fold":3,"repeat":4,"rung":30}	0.049581	0.001	ok	
97	{"family":"qda","fold":0,"repeat":5,"rung":30}	0.029453	0.001	ok	
98	{"family":"qda","fold":1,"repeat":5,"rung":30}	0.020922	0.001	ok	
99	{"family":"qda","fold":2,"repeat":5,"rung":30}	0.025002	0.001	ok	
100	{"family":"qda","fold":3,"repeat":5,"rung":30}	0.013977	0.001	ok	
101	{"family":"qda","fold":0,"repeat":6,"rung":30}	0.029622	0.001	ok	
102	{"family":"qda","fold":1,"repeat":6,"rung":30}	0.091709	0.001	ok	
103	{"family":"qda","fold":2,"repeat":6,"rung":30}	0.018640	0.001	ok	
104	{"family":"qda","fold":3,"repeat":6,"rung":30}	0.011478	0.001	ok	
105	{"family":"qda","fold":0,"repeat":7,"rung":30}	0.036937	0.001	ok	
106	{"family":"qda","fold":1,"repeat":7,"rung":30}	0.022386	0.001	ok	
107	{"family":"qda","fold":2,"repeat":7,"rung":30}	0.055271	0.001	ok	
108	{"family":"qda","fold":3,"repeat":7,"rung":30}	0.018447	0.001	ok	
109	{"family":"qda","fold":0,"repeat":8,"rung":30}	0.033147	0.001	ok	
110	{"family":"qda","fold":1,"repeat":8,"rung":30}	0.020982	0.001	ok	
111	{"family":"qda","fold":2,"repeat":8,"rung":30}	0.039363	0.001	ok	
112	{"family":"qda","fold":3,"repeat":8,"rung":30}	0.054996	0.001	ok	
113	{"family":"qda","fold":0,"repeat":9,"rung":30}	0.094560	0.001	ok	
114	{"family":"qda","fold":1,"repeat":9,"rung":30}	0.015161	0.001	ok	
115	{"family":"qda","fold":2,"repeat":9,"rung":30}	0.045679	0.001	ok	
116	{"family":"qda","fold":3,"repeat":9,"rung":30}	0.011302	0.001	ok	
117	{"family":"qda","fold":0,"repeat":10,"rung":30}	0.027241	0.001	ok	
118	{"family":"qda","fold":1,"repeat":10,"rung":30}	0.088197	0.001	ok	
119	{"family":"qda","fold":2,"repeat":10,"rung":30}	0.027846	0.001	ok	
120	{"family":"qda","fold":3,"repeat":10,"rung":30}	0.021785	0.001	ok	
121	{"family":"qda","fold":0,"repeat":1,"rung":20}	0.028080	0.001	ok	
122	{"family":"qda","fold":1,"repeat":1,"rung":20}	0.011359	0.001	ok	
123	{"family":"qda","fold":2,"repeat":1,"rung":20}	0.083640	0.001	ok	
124	{"family":"qda","fold":3,"repeat":1,"rung":20}	0.024522	0.001	ok	
125	{"family":"qda","fold":0,"repeat":2,"rung":20}	0.050643	0.001	ok	
126	{"family":"qda","fold":1,"repeat":2,"rung":20}	0.007996	0.001	ok	
127	{"family":"qda","fold":2,"repeat":2,"rung":20}	0.028452	0.001	ok	
128	{"family":"qda","fold":3,"repeat":2,"rung":20}	0.043583	0.001	ok	
129	{"family":"qda","fold":0,"repeat":3,"rung":20}	0.020961	0.001	ok	
130	{"family":"qda","fold":1,"repeat":3,"rung":20}	0.038409	0.001	ok	
131	{"family":"qda","fold":2,"repeat":3,"rung":20}	0.042049	0.001	ok	
132	{"family":"qda","fold":3,"repeat":3,"rung":20}	0.020706	0.001	ok	
133	{"family":"qda","fold":0,"repeat":4,"rung":20}	0.041193	0.001	ok	
134	{"family":"qda","fold":1,"repeat":4,"rung":20}	0.005860	0.001	ok	
135	{"family":"qda","fold":2,"repeat":4,"rung":20}	0.051817	0.001	ok	
136	{"family":"qda","fold":3,"repeat":4,"rung":20}	0.045899	0.001	ok	
137	{"family":"qda","fold":0,"repeat":5,"rung":20}	0.030190	0.001	ok	
138	{"family":"qda","fold":1,"repeat":5,"rung":20}	0.026486	0.001	ok	
139	{"family":"qda","fold":2,"repeat":5,"rung":20}	0.031426	0.001	ok	
140	{"family":"qda","fold":3,"repeat":5,"rung":20}	0.013463	0.001	ok	
141	{"family":"qda","fold":0,"repeat":6,"rung":20}	0.065521	0.001	ok	
142	{"family":"qda","fold":1,"repeat":6,"rung":20}	0.112246	0.001	ok	
143	{"family":"qda","fold":2,"repeat":6,"rung":20}	0.012796	0.001	ok	
144	{"family":"qda","fold":3,"repeat":6,"rung":20}	0.014617	0.001	ok	
145	{"family":"qda","fold":0,"repeat":7,"rung":20}	0.043178	0.001	ok	
146	{"family":"qda","fold":1,"repeat":7,"rung":20}	0.015856	0.001	ok	
147	{"family":"qda","fold":2,"repeat":7,"rung":20}	0.067922	0.001	ok	
148	{"family":"qda","fold":3,"repeat":7,"rung":20}	0.026001	0.001	ok	
149	{"family":"qda","fold":0,"repeat":8,"rung":20}	0.041368	0.001	ok	
150	{"family":"qda","fold":1,"repeat":8,"rung":20}	0.021137	0.001	ok	
151	{"family":"qda","fold":2,"repeat":8,"rung":20}	0.049271	0.001	ok	
152	{"family":"qda","fold":3,"repeat":8,"rung":20}	0.075362	0.001	ok	
153	{"family":"qda","fold":0,"repeat":9,"rung":20}	0.082884	0.001	ok	
154	{"family":"qda","fold":1,"repeat":9,"rung":20}	0.008130	0.001	ok	
155	{"family":"qda","fold":2,"repeat":9,"rung":20}	0.033459	0.001	ok	
156	{"family":"qda","fold":3,"repeat":9,"rung":20}	0.012976	0.001	ok	
157	{"family":"qda","fold":0,"repeat":10,"rung":20}	0.025334	0.001	ok	
158	{"family":"qda","fold":1,"repeat":10,"rung":20}	0.107093	0.001	ok	
159	{"family":"qda","fold":2,"repeat":10,"rung":20}	0.025330	0.001	ok	
160	{"family":"qda","fold":3,"repeat":10,"rung":20}	0.031682	0.001	ok	
161	{"family":"qda","fold":0,"repeat":1,"rung":12}	0.037648	0.001	ok	
162	{"family":"qda","fold":1,"repeat":1,"rung":12}	0.015496	0.001	ok	
163	{"family":"qda","fold":2,"repeat":1,"rung":12}	0.090311	0.001	ok	
164	{"family":"qda","fold":3,"repeat":1,"rung":12}	0.055231	0.001	ok	
165	{"family":"qda","fold":0,"repeat":2,"rung":12}	0.089317	0.001	ok	
166	{"family":"qda","fold":1,"repeat":2,"rung":12}	0.011218	0.001	ok	
167	{"family":"qda","fold":2,"repeat":2,"rung":12}	0.015864	0.001	ok	
168	{"family":"qda","fold":3,"repeat":2,"rung":12}	0.062084	0.001	ok	
169	{"family":"qda","fold":0,"repeat":3,"rung":12}	0.021894	0.001	ok	
170	{"family":"qda","fold":1,"repeat":3,"rung":12}	0.058107	0.001	ok	
171	{"family":"qda","fold":2,"repeat":3,"rung":12}	0.038199	0.001	ok	
172	{"family":"qda","fold":3,"repeat":3,"rung":12}	0.015812	0.001	ok	
173	{"family":"qda","fold":0,"repeat":4,"rung":12}	0.032713	0.001	ok	
174	{"family":"qda","fold":1,"repeat":4,"rung":12}	0.010418	0.001	ok	
175	{"family":"qda","fold":2,"repeat":4,"rung":12}	0.059957	0.001	ok	
176	{"family":"qda","fold":3,"repeat":4,"rung":12}	0.056767	0.001	ok	
177	{"family":"qda","fold":0,"repeat":5,"rung":12}	0.037113	0.001	ok	
178	{"family":"qda","fold":1,"repeat":5,"rung":12}	0.024259	0.001	ok	
179	{"family":"qda","fold":2,"repeat":5,"rung":12}	0.035987	0.001	ok	
180	{"family":"qda","fold":3,"repeat":5,"rung":12}	0.016823	0.001	ok	
181	{"family":"qda","fold":0,"repeat":6,"rung":12}	0.072687	0.001	ok	
182	{"family":"qda","fold":1,"repeat":6,"rung":12}	0.155136	0.001	ok	
183	{"family":"qda","fold":2,"repeat":6,"rung":12}	0.024057	0.001	ok	
184	{"family":"qda","fold":3,"repeat":6,"rung":12}	0.011383	0.001	ok	
185	{"family":"qda","fold":0,"repeat":7,"rung":12}	0.018445	0.001	ok	
186	{"family":"qda","fold":1,"repeat":7,"rung":12}	0.026176	0.001	ok	
187	{"family":"qda","fold":2,"repeat":7,"rung":12}	0.068740	0.001	ok	
188	{"family":"qda","fold":3,"repeat":7,"rung":12}	0.010697	0.001	ok	
189	{"family":"qda","fold":0,"repeat":8,"rung":12}	0.034431	0.001	ok	
190	{"family":"qda","fold":1,"repeat":8,"rung":12}	0.062797	0.001	ok	
191	{"family":"qda","fold":2,"repeat":8,"rung":12}	0.048343	0.001	ok	
192	{"family":"qda","fold":3,"repeat":8,"rung":12}	0.103094	0.001	ok	
193	{"family":"qda","fold":0,"repeat":9,"rung":12}	0.128619	0.001	ok	
194	{"family":"qda","fold":1,"repeat":9,"rung":12}	0.011694	0.001	ok	
195	{"family":"qda","fold":2,"repeat":9,"rung":12}	0.030771	0.001	ok	
196	{"family":"qda","fold":3,"repeat":9,"rung":12}	0.026884	0.001	ok	
197	{"family":"qda","fold":0,"repeat":10,"rung":12}	0.036980	0.001	ok	
198	{"family":"qda","fold":1,"repeat":10,"rung":12}	0.121663	0.001	ok	
199	{"family":"qda","fold":2,"repeat":10,"rung":12}	0.047857	0.001	ok	
200	{"family":"qda","fold":3,"repeat":10,"rung":12}	0.024764	0.001	ok	
201	{"family":"qda","fold":0,"repeat":1,"rung":8}	0.037872	0.001	ok	
202	{"family":"qda","fold":1,"repeat":1,"rung":8}	0.009407	0.001	ok	
203	{"family":"qda","fold":2,"repeat":1,"rung":8}	0.160649	0.001	ok	
204	{"family":"qda","fold":3,"repeat":1,"rung":8}	0.053517	0.001	ok	
205	{"family":"qda","fold":0,"repeat":2,"rung":8}	0.070555	0.001	ok	
206	{"family":"qda","fold":1,"repeat":2,"rung":8}	0.010446	0.001	ok	
207	{"family":"qda","fold":2,"repeat":2,"rung":8}	0.016864	0.001	ok	
208	{"family":"qda","fold":3,"repeat":2,"rung":8}	0.199234	0.001	ok	
209	{"family":"qda","fold":0,"repeat":3,"rung":8}	0.024099	0.001	ok	
210	{"family":"qda","fold":1,"repeat":3,"rung":8}	0.032716	0.001	ok	
211	{"family":"qda","fold":2,"repeat":3,"rung":8}	0.069587	0.001	ok	
212	{"family":"qda","fold":3,"repeat":3,"rung":8}	0.006402	0.001	ok	
213	{"family":"qda","fold":0,"repeat":4,"rung":8}	0.039965	0.001	ok	
214	{"family":"qda","fold":1,"repeat":4,"rung":8}	0.025616	0.001	ok	
215	{"family":"qda","fold":2,"repeat":4,"rung":8}	0.066130	0.001	ok	
216	{"family":"qda","fold":3,"repeat":4,"rung":8}	0.052859	0.001	ok	
217	{"family":"qda","fold":0,"repeat":5,"rung":8}	0.048593	0.001	ok	
218	{"family":"qda","fold":1,"repeat":5,"rung":8}	0.031114	0.001	ok	
219	{"family":"qda","fold":2,"repeat":5,"rung":8}	0.029944	0.001	ok	
220	{"family":"qda","fold":3,"repeat":5,"rung":8}	0.023582	0.001	ok	
221	{"family":"qda","fold":0,"repeat":6,"rung":8}	0.088183	0.001	ok	
222	{"family":"qda","fold":1,"repeat":6,"rung":8}	0.177856	0.001	ok	
223	{"family":"qda","fold":2,"repeat":6,"rung":8}	0.018087	0.001	ok	
224	{"family":"qda","fold":3,"repeat":6,"rung":8}	0.014525	0.001	ok	
225	{"family":"qda","fold":0,"repeat":7,"rung":8}	0.018310	0.001	ok	
226	{"family":"qda","fold":1,"repeat":7,"rung":8}	0.028715	0.001	ok	
227	{"family":"qda","fold":2,"repeat":7,"rung":8}	0.077179	0.001	ok	
228	{"family":"qda","fold":3,"repeat":7,"rung":8}	0.021521	0.001	ok	
229	{"family":"qda","fold":0,"repeat":8,"rung":8}	0.030087	0.001	ok	
230	{"family":"qda","fold":1,"repeat":8,"rung":8}	0.034033	0.001	ok	
231	{"family":"qda","fold":2,"repeat":8,"rung":8}	0.053520	0.001	ok	
232	{"family":"qda","fold":3,"repeat":8,"rung":8}	0.121974	0.001	ok	
233	{"family":"qda","fold":0,"repeat":9,"rung":8}	0.132849	0.001	ok	
234	{"family":"qda","fold":1,"repeat":9,"rung":8}	0.042708	0.001	ok	
235	{"family":"qda","fold":2,"repeat":9,"rung":8}	0.040914	0.001	ok	
236	{"family":"qda","fold":3,"repeat":9,"rung":8}	0.013905	0.001	ok	
237	{"family":"qda","fold":0,"repeat":10,"rung":8}	0.090221	0.001	ok	
238	{"family":"qda","fold":1,"repeat":10,"rung":8}	0.139597	0.001	ok	
239	{"family":"qda","fold":2,"repeat":10,"rung":8}	0.070235	0.001	ok	
240	{"family":"qda","fold":3,"repeat":10,"rung":8}	0.026204	0.001	ok	
241	{"family":"gnb","fold":0,"repeat":1,"rung":60}	0.011026	0.001	ok	
242	{"family":"gnb","fold":1,"repeat":1,"rung":60}	0.049404	0.001	ok	
243	{"family":"gnb","fold":2,"repeat":1,"rung":60}	0.076442	0.001	ok	
244	{"family":"gnb","fold":3,"repeat":1,"rung":60}	0.090633	0.001	ok	
245	{"family":"gnb","fold":0,"repeat":2,"rung":60}	0.135262	0.001	ok	
246	{"family":"gnb","fold":1,"repeat":2,"rung":60}	0.001942	0.001	ok	
247	{"family":"gnb","fold":2,"repeat":2,"rung":60}	0.068041	0.001	ok	
248	{"family":"gnb","fold":3,"repeat":2,"rung":60}	0.011487	0.001	ok	
249	{"family":"gnb","fold":0,"repeat":3,"rung":60}	0.056998	0.001	ok	
250	{"family":"gnb","fold":1,"repeat":3,"rung":60}	0.096553	0.001	ok	
251	{"family":"gnb","fold":2,"repeat":3,"rung":60}	0.067498	0.001	ok	
252	{"family":"gnb","fold":3,"repeat":3,"rung":60}	0.005529	0.001	ok	
253	{"family":"gnb","fold":0,"repeat":4,"rung":60}	0.151247	0.001	ok	
254	{"family":"gnb","fold":1,"repeat":4,"rung":60}	0.000654	0.001	ok	
255	{"family":"gnb","fold":2,"repeat":4,"rung":60}	0.110096	0.001	ok	
256	{"family":"gnb","fold":3,"repeat":4,"rung":60}	0.016574	0.001	ok	
257	{"family":"gnb","fold":0,"repeat":5,"rung":60}	0.014335	0.001	ok	
258	{"family":"gnb","fold":1,"repeat":5,"rung":60}	0.086158	0.001	ok	
259	{"family":"gnb","fold":2,"repeat":5,"rung":60}	0.075581	0.001	ok	
260	{"family":"gnb","fold":3,"repeat":5,"rung":60}	0.052635	0.001	ok	
261	{"family":"gnb","fold":0,"repeat":6,"rung":60}	0.093477	0.001	ok	
262	{"family":"gnb","fold":1,"repeat":6,"rung":60}	0.076643	0.001	ok	
263	{"family":"gnb","fold":2,"repeat":6,"rung":60}	0.047952	0.001	ok	
264	{"family":"gnb","fold":3,"repeat":6,"rung":60}	0.049061	0.001	ok	
265	{"family":"gnb","fold":0,"repeat":7,"rung":60}	0.013561	0.001	ok	
266	{"family":"gnb","fold":1,"repeat":7,"rung":60}	0.082374	0.001	ok	
267	{"family":"gnb","fold":2,"repeat":7,"rung":60}	0.137816	0.001	ok	
268	{"family":"gnb","fold":3,"repeat":7,"rung":60}	0.006040	0.001	ok	
269	{"family":"gnb","fold":0,"repeat":8,"rung":60}	0.022388	0.001	ok	
270	{"family":"gnb","fold":1,"repeat":8,"rung":60}	0.046119	0.001	ok	
271	{"family":"gnb","fold":2,"repeat":8,"rung":60}	0.091682	0.001	ok	
272	{"family":"gnb","fold":3,"repeat":8,"rung":60}	0.080900	0.001	ok	
273	{"family":"gnb","fold":0,"repeat":9,"rung":60}	0.128797	0.001	ok	
274	{"family":"gnb","fold":1,"repeat":9,"rung":60}	0.034775	0.001	ok	
275	{"family":"gnb","fold":2,"repeat":9,"rung":60}	0.051865	0.001	ok	
276	{"family":"gnb","fold":3,"repeat":9,"rung":60}	0.013248	0.001	ok	
277	{"family":"gnb","fold":0,"repeat":10,"rung":60}	0.049789	0.001	ok	
278	{"family":"gnb","fold":1,"repeat":10,"rung":60}	0.060931	0.001	ok	
279	{"family":"gnb","fold":2,"repeat":10,"rung":60}	0.061526	0.001	ok	
280	{"family":"gnb","fold":3,"repeat":10,"rung":60}	0.062796	0.001	ok	
281	{"family":"gnb","fold":0,"repeat":1,"rung":45}	0.012802	0.001	ok	
282	{"family":"gnb","fold":1,"repeat":1,"rung":45}	0.048756	0.001	ok	
283	{"family":"gnb","fold":2,"repeat":1,"rung":45}	0.091951	0.001	ok	
284	{"family":"gnb","fold":3,"repeat":1,"rung":45}	0.095880	0.001	ok	
285	{"family":"gnb","fold":0,"repeat":2,"rung":45}	0.133199	0.001	ok	
286	{"family":"gnb","fold":1,"repeat":2,"rung":45}	0.000256	0.001	ok	
287	{"family":"gnb","fold":2,"repeat":2,"rung":45}	0.062177	0.001	ok	
288	{"family":"gnb","fold":3,"repeat":2,"rung":45}	0.012880	0.001	ok	
289	{"family":"gnb","fold":0,"repeat":3,"rung":45}	0.045450	0.001	ok	
290	{"family":"gnb","fold":1,"repeat":3,"rung":45}	0.109585	0.001	ok	
291	{"family":"gnb","fold":2,"repeat":3,"rung":45}	0.067377	0.001	ok	
292	{"family":"gnb","fold":3,"repeat":3,"rung":45}	0.010967	0.001	ok	
293	{"family":"gnb","fold":0,"repeat":4,"rung":45}	0.166258	0.001	ok	
294	{"family":"gnb","fold":1,"repeat":4,"rung":45}	0.001969	0.001	ok	
295	{"family":"gnb","fold":2,"repeat":4,"rung":45}	0.102608	0.001	ok	
296	{"family":"gnb","fold":3,"repeat":4,"rung":45}	0.008349	0.001	ok	
297	{"family":"gnb","fold":0,"repeat":5,"rung":45}	0.014252	0.001	ok	
298	{"family":"gnb","fold":1,"repeat":5,"rung":45}	0.076429	0.001	ok	
299	{"family":"gnb","fold":2,"repeat":5,"rung":45}	0.084128	0.001	ok	
300	{"family":"gnb","fold":3,"repeat":5,"rung":45}	0.051997	0.001	ok	
301	{"family":"gnb","fold":0,"repeat":6,"rung":45}	0.089351	0.001	ok	
302	{"family":"gnb","fold":1,"repeat":6,"rung":45}	0.082102	0.001	ok	
303	{"family":"gnb","fold":2,"repeat":6,"rung":45}	0.051242	0.001	ok	
304	{"family":"gnb","fold":3,"repeat":6,"rung":45}	0.049939	0.001	ok	
305	{"family":"gnb","fold":0,"repeat":7,"rung":45}	0.020412	0.001	ok	
306	{"family":"gnb","fold":1,"repeat":7,"rung":45}	0.086811	0.001	ok	
307	{"family":"gnb","fold":2,"repeat":7,"rung":45}	0.137521	0.001	ok	
308	{"family":"gnb","fold":3,"repeat":7,"rung":45}	0.010621	0.001	ok	
309	{"family":"gnb","fold":0,"repeat":8,"rung":45}	0.031212	0.001	ok	
310	{"family":"gnb","fold":1,"repeat":8,"rung":45}	0.045921	0.001	ok	
311	{"family":"gnb","fold":2,"repeat":8,"rung":45}	0.097427	0.001	ok	
312	{"family":"gnb","fold":3,"repeat":8,"rung":45}	0.108666	0.001	ok	
313	{"family":"gnb","fold":0,"repeat":9,"rung":45}	0.140088	0.001	ok	
314	{"family":"gnb","fold":1,"repeat":9,"rung":45}	0.045484	0.001	ok	
315	{"family":"gnb","fold":2,"repeat":9,"rung":45}	0.052898	0.001	ok	
316	{"family":"gnb","fold":3,"repeat":9,"rung":45}	0.015239	0.001	ok	
317	{"family":"gnb","fold":0,"repeat":10,"rung":45}	0.048186	0.001	ok	
318	{"family":"gnb","fold":1,"repeat":10,"rung":45}	0.069598	0.001	ok	
319	{"family":"gnb","fold":2,"repeat":10,"rung":45}	0.063492	0.001	ok	
320	{"family":"gnb","fold":3,"repeat":10,"rung":45}	0.058082	0.001	ok	
321	{"family":"gnb","fold":0,"repeat":1,"rung":30}	0.001513	0.001	ok	
322	{"family":"gnb","fold":1,"repeat":1,"rung":30}	0.050645	0.001	ok	
323	{"family":"gnb","fold":2,"repeat":1,"rung":30}	0.084887	0.001	ok	
324	{"family":"gnb","fold":3,"repeat":1,"rung":30}	0.087247	0.001	ok	
325	{"family":"gnb","fold":0,"repeat":2,"rung":30}	0.134296	0.001	ok	
326	{"family":"gnb","fold":1,"repeat":2,"rung":30}	0.000283	0.001	ok	
327	{"family":"gnb","fold":2,"repeat":2,"rung":30}	0.065305	0.001	ok	
328	{"family":"gnb","fold":3,"repeat":2,"rung":30}	0.073920	0.001	ok	
329	{"family":"gnb","fold":0,"repeat":3,"rung":30}	0.056578	0.001	ok	
330	{"family":"gnb","fold":1,"repeat":3,"rung":30}	0.082275	0.001	ok	
331	{"family":"gnb","fold":2,"repeat":3,"rung":30}	0.048560	0.001	ok	
332	{"family":"gnb","fold":3,"repeat":3,"rung":30}	0.014027	0.001	ok	
333	{"family":"gnb","fold":0,"repeat":4,"rung":30}	0.178382	0.001	ok	
334	{"family":"gnb","fold":1,"repeat":4,"rung":30}	0.000086	0.001	ok	
335	{"family":"gnb","fold":2,"repeat":4,"rung":30}	0.106193	0.001	ok	
336	{"family":"gnb","fold":3,"repeat":4,"rung":30}	0.009861	0.001	ok	
337	{"family":"gnb","fold":0,"repeat":5,"rung":30}	0.019414	0.001	ok	
338	{"family":"gnb","fold":1,"repeat":5,"rung":30}	0.065940	0.001	ok	
339	{"family":"gnb","fold":2,"repeat":5,"rung":30}	0.091905	0.001	ok	
340	{"family":"gnb","fold":3,"repeat":5,"rung":30}	0.056893	0.001	ok	
341	{"family":"gnb","fold":0,"repeat":6,"rung":30}	0.071574	0.001	ok	
342	{"family":"gnb","fold":1,"repeat":6,"rung":30}	0.120475	0.001	ok	
343	{"family":"gnb","fold":2,"repeat":6,"rung":30}	0.061016	0.001	ok	
344	{"family":"gnb","fold":3,"repeat":6,"rung":30}	0.042996	0.001	ok	
345	{"family":"gnb","fold":0,"repeat":7,"rung":30}	0.003845	0.001	ok	
346	{"family":"gnb","fold":1,"repeat":7,"rung":30}	0.089943	0.001	ok	
347	{"family":"gnb","fold":2,"repeat":7,"rung":30}	0.137904	0.001	ok	
348	{"family":"gnb","fold":3,"repeat":7,"rung":30}	0.020115	0.001	ok	
349	{"family":"gnb","fold":0,"repeat":8,"rung":30}	0.065132	0.001	ok	
350	{"family":"gnb","fold":1,"repeat":8,"rung":30}	0.047464	0.001	ok	
351	{"family":"gnb","fold":2,"repeat":8,"rung":30}	0.097432	0.001	ok	
352	{"family":"gnb","fold":3,"repeat":8,"rung":30}	0.102108	0.001	ok	
353	{"family":"gnb","fold":0,"repeat":9,"rung":30}	0.160944	0.001	ok	
354	{"family":"gnb","fold":1,"repeat":9,"rung":30}	0.047964	0.001	ok	
355	{"family":"gnb","fold":2,"repeat":9,"rung":30}	0.088129	0.001	ok	
356	{"family":"gnb","fold":3,"repeat":9,"rung":30}	0.007058	0.001	ok	
357	{"family":"gnb","fold":0,"repeat":10,"rung":30}	0.048065	0.001	ok	
358	{"family":"gnb","fold":1,"repeat":10,"rung":30}	0.093131	0.001	ok	
359	{"family":"gnb","fold":2,"repeat":10,"rung":30}	0.051461	0.001	ok	
360	{"family":"gnb","fold":3,"repeat":10,"rung":30}	0.072725	0.001	ok	
361	{"family":"gnb","fold":0,"repeat":1,"rung":20}	0.024753	0.001	ok	
362	{"family":"gnb","fold":1,"repeat":1,"rung":20}	0.049924	0.001	ok	
363	{"family":"gnb","fold":2,"repeat":1,"rung":20}	0.113583	0.001	ok	
364	{"family":"gnb","fold":3,"repeat":1,"rung":20}	0.101076	0.001	ok	
365	{"family":"gnb","fold":0,"repeat":2,"rung":20}	0.130527	0.001	ok	
366	{"family":"gnb","fold":1,"repeat":2,"rung":20}	0.000687	0.001	ok	
367	{"family":"gnb","fold":2,"repeat":2,"rung":20}	0.062555	0.001	ok	
368	{"family":"gnb","fold":3,"repeat":2,"rung":20}	0.084416	0.001	ok	
369	{"family":"gnb","fold":0,"repeat":3,"rung":20}	0.059679	0.001	ok	
370	{"family":"gnb","fold":1,"repeat":3,"rung":20}	0.105044	0.001	ok	
371	{"family":"gnb","fold":2,"repeat":3,"rung":20}	0.050070	0.001	ok	
372	{"family":"gnb","fold":3,"repeat":3,"rung":20}	0.018607	0.001	ok	
373	{"family":"gnb","fold":0,"repeat":4,"rung":20}	0.155979	0.001	ok	
374	{"family":"gnb","fold":1,"repeat":4,"rung":20}	0.000895	0.001	ok	
375	{"family":"gnb","fold":2,"repeat":4,"rung":20}	0.110522	0.001	ok	
376	{"family":"gnb","fold":3,"repeat":4,"rung":20}	0.004112	0.001	ok	
377	{"family":"gnb","fold":0,"repeat":5,"rung":20}	0.027843	0.001	ok	
378	{"family":"gnb","fold":1,"repeat":5,"rung":20}	0.071551	0.001	ok	
379	{"family":"gnb","fold":2,"repeat":5,"rung":20}	0.096939	0.001	ok	
380	{"family":"gnb","fold":3,"repeat":5,"rung":20}	0.055287	0.001	ok	
381	{"family":"gnb","fold":0,"repeat":6,"rung":20}	0.114669	0.001	ok	
382	{"family":"gnb","fold":1,"repeat":6,"rung":20}	0.158011	0.001	ok	
383	{"family":"gnb","fold":2,"repeat":6,"rung":20}	0.051015	0.001	ok	
384	{"family":"gnb","fold":3,"repeat":6,"rung":20}	0.056957	0.001	ok	
385	{"family":"gnb","fold":0,"repeat":7,"rung":20}	0.036429	0.001	ok	
386	{"family":"gnb","fold":1,"repeat":7,"rung":20}	0.079305	0.001	ok	
387	{"family":"gnb","fold":2,"repeat":7,"rung":20}	0.110379	0.001	ok	
388	{"family":"gnb","fold":3,"repeat":7,"rung":20}	0.016426	0.001	ok	
389	{"family":"gnb","fold":0,"repeat":8,"rung":20}	0.133102	0.001	ok	
390	{"family":"gnb","fold":1,"repeat":8,"rung":20}	0.048775	0.001	ok	
391	{"family":"gnb","fold":2,"repeat":8,"rung":20}	0.097999	0.001	ok	
392	{"family":"gnb","fold":3,"repeat":8,"rung":20}	0.114926	0.001	ok	
393	{"family":"gnb","fold":0,"repeat":9,"rung":20}	0.118742	0.001	ok	
394	{"family":"gnb","fold":1,"repeat":9,"rung":20}	0.034907	0.001	ok	
395	{"family":"gnb","fold":2,"repeat":9,"rung":20}	0.088962	0.001	ok	
396	{"family":"gnb","fold":3,"repeat":9,"rung":20}	0.004639	0.001	ok	
397	{"family":"gnb","fold":0,"repeat":10,"rung":20}	0.041744	0.001	ok	
398	{"family":"gnb","fold":1,"repeat":10,"rung":20}	0.103664	0.001	ok	
399	{"family":"gnb","fold":2,"repeat":10,"rung":20}	0.048776	0.001	ok	
400	{"family":"gnb","fold":3,"repeat":10,"rung":20}	0.078044	0.001	ok	
401	{"family":"gnb","fold":0,"repeat":1,"rung":12}	0.048280	0.001	ok	
402	{"family":"gnb","fold":1,"repeat":1,"rung":12}	0.049434	0.001	ok	
403	{"family":"gnb","fold":2,"repeat":1,"rung":12}	0.188935	0.001	ok	
404	{"family":"gnb","fold":3,"repeat":1,"rung":12}	0.105392	0.001	ok	
405	{"family":"gnb","fold":0,"repeat":2,"rung":12}	0.161880	0.001	ok	
406	{"family":"gnb","fold":1,"repeat":2,"rung":12}	0.002999	0.001	ok	
407	{"family":"gnb","fold":2,"repeat":2,"rung":12}	0.025381	0.001	ok	
408	{"family":"gnb","fold":3,"repeat":2,"rung":12}	0.255729	0.001	ok	
409	{"family":"gnb","fold":0,"repeat":3,"rung":12}	0.086140	0.001	ok	
410	{"family":"gnb","fold":1,"repeat":3,"rung":12}	0.147513	0.001	ok	
411	{"family":"gnb","fold":2,"repeat":3,"rung":12}	0.049949	0.001	ok	
412	{"family":"gnb","fold":3,"repeat":3,"rung":12}	0.065105	0.001	ok	
413	{"family":"gnb","fold":0,"repeat":4,"rung":12}	0.132258	0.001	ok	
414	{"family":"gnb","fold":1,"repeat":4,"rung":12}	0.000572	0.001	ok	
415	{"family":"gnb","fold":2,"repeat":4,"rung":12}	0.148203	0.001	ok	
416	{"family":"gnb","fold":3,"repeat":4,"rung":12}	0.005349	0.001	ok	
417	{"family":"gnb","fold":0,"repeat":5,"rung":12}	0.021915	0.001	ok	
418	{"family":"gnb","fold":1,"repeat":5,"rung":12}	0.057324	0.001	ok	
419	{"family":"gnb","fold":2,"repeat":5,"rung":12}	0.069326	0.001	ok	
420	{"family":"gnb","fold":3,"repeat":5,"rung":12}	0.055092	0.001	ok	
421	{"family":"gnb","fold":0,"repeat":6,"rung":12}	0.132887	0.001	ok	
422	{"family":"gnb","fold":1,"repeat":6,"rung":12}	0.149832	0.001	ok	
423	{"family":"gnb","fold":2,"repeat":6,"rung":12}	0.062789	0.001	ok	
424	{"family":"gnb","fold":3,"repeat":6,"rung":12}	0.135025	0.001	ok	
425	{"family":"gnb","fold":0,"repeat":7,"rung":12}	0.004095	0.001	ok	
426	{"family":"gnb","fold":1,"repeat":7,"rung":12}	0.007581	0.001	ok	
427	{"family":"gnb","fold":2,"repeat":7,"rung":12}	0.155277	0.001	ok	
428	{"family":"gnb","fold":3,"repeat":7,"rung":12}	0.003905	0.001	ok	
429	{"family":"gnb","fold":0,"repeat":8,"rung":12}	0.101618	0.001	ok	
430	{"family":"gnb","fold":1,"repeat":8,"rung":12}	0.050133	0.001	ok	
431	{"family":"gnb","fold":2,"repeat":8,"rung":12}	0.104077	0.001	ok	
432	{"family":"gnb","fold":3,"repeat":8,"rung":12}	0.149784	0.001	ok	
433	{"family":"gnb","fold":0,"repeat":9,"rung":12}	0.194720	0.001	ok	
434	{"family":"gnb","fold":1,"repeat":9,"rung":12}	0.116469	0.001	ok	
435	{"family":"gnb","fold":2,"repeat":9,"rung":12}	0.081185	0.001	ok	
436	{"family":"gnb","fold":3,"repeat":9,"rung":12}	0.010038	0.001	ok	
437	{"family":"gnb","fold":0,"repeat":10,"rung":12}	0.052441	0.001	ok	
438	{"family":"gnb","fold":1,"repeat":10,"rung":12}	0.148499	0.001	ok	
439	{"family":"gnb","fold":2,"repeat":10,"rung":12}	0.057000	0.001	ok	
440	{"family":"gnb","fold":3,"repeat":10,"rung":12}	0.053021	0.001	ok	
441	{"family":"gnb","fold":0,"repeat":1,"rung":8}	0.148471	0.001	ok	
442	{"family":"gnb","fold":1,"repeat":1,"rung":8}	0.048045	0.001	ok	
443	{"family":"gnb","fold":2,"repeat":1,"rung":8}	0.273045	0.001	ok	
444	{"family":"gnb","fold":3,"repeat":1,"rung":8}	0.105449	0.001	ok	
445	{"family":"gnb","fold":0,"repeat":2,"rung":8}	0.163284	0.001	ok	
446	{"family":"gnb","fold":1,"repeat":2,"rung":8}	0.000100	0.001	ok	
447	{"family":"gnb","fold":2,"repeat":2,"rung":8}	0.060626	0.001	ok	
448	{"family":"gnb","fold":3,"repeat":2,"rung":8}	0.370143	0.001	ok	
449	{"family":"gnb","fold":0,"repeat":3,"rung":8}	0.090160	0.001	ok	
450	{"family":"gnb","fold":1,"repeat":3,"rung":8}	0.250057	0.001	ok	
451	{"family":"gnb","fold":2,"repeat":3,"rung":8}	0.049913	0.001	ok	
452	{"family":"gnb","fold":3,"repeat":3,"rung":8}	0.216934	0.001	ok	
453	{"family":"gnb","fold":0,"repeat":4,"rung":8}	0.146337	0.001	ok	
454	{"family":"gnb","fold":1,"repeat":4,"rung":8}	0.001146	0.001	ok	
455	{"family":"gnb","fold":2,"repeat":4,"rung":8}	0.048870	0.001	ok	
456	{"family":"gnb","fold":3,"repeat":4,"rung":8}	0.029301	0.001	ok	
457	{"family":"gnb","fold":0,"repeat":5,"rung":8}	0.030221	0.001	ok	
458	{"family":"gnb","fold":1,"repeat":5,"rung":8}	0.064050	0.001	ok	
459	{"family":"gnb","fold":2,"repeat":5,"rung":8}	0.100061	0.001	ok	
460	{"family":"gnb","fold":3,"repeat":5,"rung":8}	0.059038	0.001	ok	
461	{"family":"gnb","fold":0,"repeat":6,"rung":8}	0.170910	0.001	ok	
462	{"family":"gnb","fold":1,"repeat":6,"rung":8}	0.150466	0.001	ok	
463	{"family":"gnb","fold":2,"repeat":6,"rung":8}	0.229816	0.001	ok	
464	{"family":"gnb","fold":3,"repeat":6,"rung":8}	0.051799	0.001	ok	
465	{"family":"gnb","fold":0,"repeat":7,"rung":8}	0.008950	0.001	ok	
466	{"family":"gnb","fold":1,"repeat":7,"rung":8}	0.225980	0.001	ok	
467	{"family":"gnb","fold":2,"repeat":7,"rung":8}	0.154936	0.001	ok	
468	{"family":"gnb","fold":3,"repeat":7,"rung":8}	0.368421	0.001	ok	
469	{"family":"gnb","fold":0,"repeat":8,"rung":8}	0.199743	0.001	ok	
470	{"family":"gnb","fold":1,"repeat":8,"rung":8}	0.044641	0.001	ok	
471	{"family":"gnb","fold":2,"repeat":8,"rung":8}	0.100601	0.001	ok	
472	{"family":"gnb","fold":3,"repeat":8,"rung":8}	0.156980	0.001	ok	
473	{"family":"gnb","fold":0,"repeat":9,"rung":8}	0.184997	0.001	ok	
474	{"family":"gnb","fold":1,"repeat":9,"rung":8}	0.044517	0.001	ok	
475	{"family":"gnb","fold":2,"repeat":9,"rung":8}	0.081266	0.001	ok	
476	{"family":"gnb","fold":3,"repeat":9,"rung":8}	0.076600	0.001	ok	
477	{"family":"gnb","fold":0,"repeat":10,"rung":8}	0.131759	0.001	ok	
478	{"family":"gnb","fold":1,"repeat":10,"rung":8}	0.150823	0.001	ok	
479	{"family":"gnb","fold":2,"repeat":10,"rung":8}	0.335527	0.001	ok	
480	{"family":"gnb","fold":3,"repeat":10,"rung":8}	0.105193	0.001	ok	
481	{"family":"lda_shrinkage","fold":0,"repeat":1,"rung":60}	0.025515	0.002	ok	
482	{"family":"lda_shrinkage","fold":1,"repeat":1,"rung":60}	0.014741	0.001	ok	
483	{"family":"lda_shrinkage","fold":2,"repeat":1,"rung":60}	0.032889	0.001	ok	
484	{"family":"lda_shrinkage","fold":3,"repeat":1,"rung":60}	0.038691	0.001	ok	
485	{"family":"lda_shrinkage","fold":0,"repeat":2,"rung":60}	0.013528	0.001	ok	
486	{"family":"lda_shrinkage","fold":1,"repeat":2,"rung":60}	0.000800	0.001	ok	
487	{"family":"lda_shrinkage","fold":2,"repeat":2,"rung":60}	0.027605	0.001	ok	
488	{"family":"lda_shrinkage","fold":3,"repeat":2,"rung":60}	0.023679	0.001	ok	
489	{"family":"lda_shrinkage","fold":0,"repeat":3,"rung":60}	0.008420	0.001	ok	
490	{"family":"lda_shrinkage","fold":1,"repeat":3,"rung":60}	0.026695	0.001	ok	
491	{"family":"lda_shrinkage","fold":2,"repeat":3,"rung":60}	0.022392	0.001	ok	
492	{"family":"lda_shrinkage","fold":3,"repeat":3,"rung":60}	0.002221	0.001	ok	
493	{"family":"lda_shrinkage","fold":0,"repeat":4,"rung":60}	0.047576	0.001	ok	
494	{"family":"lda_shrinkage","fold":1,"repeat":4,"rung":60}	0.003973	0.001	ok	
495	{"family":"lda_shrinkage","fold":2,"repeat":4,"rung":60}	0.032241	0.001	ok	
496	{"family":"lda_shrinkage","fold":3,"repeat":4,"rung":60}	0.039848	0.001	ok	
497	{"family":"lda_shrinkage","fold":0,"repeat":5,"rung":60}	0.006426	0.001	ok	
498	{"family":"lda_shrinkage","fold":1,"repeat":5,"rung":60}	0.016925	0.001	ok	
499	{"family":"lda_shrinkage","fold":2,"repeat":5,"rung":60}	0.027283	0.001	ok	
500	{"family":"lda_shrinkage","fold":3,"repeat":5,"rung":60}	0.000598	0.001	ok	
501	{"family":"lda_shrinkage","fold":0,"repeat":6,"rung":60}	0.007751	0.001	ok	
502	{"family":"lda_shrinkage","fold":1,"repeat":6,"rung":60}	0.037428	0.001	ok	
503	{"family":"lda_shrinkage","fold":2,"repeat":6,"rung":60}	0.008437	0.001	ok	
504	{"family":"lda_shrinkage","fold":3,"repeat":6,"rung":60}	0.020405	0.001	ok	
505	{"family":"lda_shrinkage","fold":0,"repeat":7,"rung":60}	0.014772	0.001	ok	
506	{"family":"lda_shrinkage","fold":1,"repeat":7,"rung":60}	0.009137	0.001	ok	
507	{"family":"lda_shrinkage","fold":2,"repeat":7,"rung":60}	0.031122	0.001	ok	
508	{"family":"lda_shrinkage","fold":3,"repeat":7,"rung":60}	0.017827	0.001	ok	
509	{"family":"lda_shrinkage","fold":0,"repeat":8,"rung":60}	0.009190	0.001	ok	
510	{"family":"lda_shrinkage","fold":1,"repeat":8,"rung":60}	0.003241	0.001	ok	
511	{"family":"lda_shrinkage","fold":2,"repeat":8,"rung":60}	0.015257	0.001	ok	
512	{"family":"lda_shrinkage","fold":3,"repeat":8,"rung":60}	0.008647	0.001	ok	
513	{"family":"lda_shrinkage","fold":0,"repeat":9,"rung":60}	0.032684	0.001	ok	
514	{"family":"lda_shrinkage","fold":1,"repeat":9,"rung":60}	0.015972	0.001	ok	
515	{"family":"lda_shrinkage","fold":2,"repeat":9,"rung":60}	0.018607	0.001	ok	
516	{"family":"lda_shrinkage","fold":3,"repeat":9,"rung":60}	0.001059	0.001	ok	
517	{"family":"lda_shrinkage","fold":0,"repeat":10,"rung":60}	0.009723	0.001	ok	
518	{"family":"lda_shrinkage","fold":1,"repeat":10,"rung":60}	0.019003	0.002	ok	
519	{"family":"lda_shrinkage","fold":2,"repeat":10,"rung":60}	0.019400	0.001	ok	
520	{"family":"lda_shrinkage","fold":3,"repeat":10,"rung":60}	0.011941	0.001	ok	
521	{"family":"lda_shrinkage","fold":0,"repeat":1,"rung":45}	0.015627	0.001	ok	
522	{"family":"lda_shrinkage","fold":1,"repeat":1,"rung":45}	0.017877	0.001	ok	
523	{"family":"lda_shrinkage","fold":2,"repeat":1,"rung":45}	0.025339	0.001	ok	
524	{"family":"lda_shrinkage","fold":3,"repeat":1,"rung":45}	0.038406	0.001	ok	
525	{"family":"lda_shrinkage","fold":0,"repeat":2,"rung":45}	0.017254	0.001	ok	
526	{"family":"lda_shrinkage","fold":1,"repeat":2,"rung":45}	0.000342	0.001	ok	
527	{"family":"lda_shrinkage","fold":2,"repeat":2,"rung":45}	0.034582	0.001	ok	
528	{"family":"lda_shrinkage","fold":3,"repeat":2,"rung":45}	0.028261	0.001	ok	
529	{"family":"lda_shrinkage","fold":0,"repeat":3,"rung":45}	0.007436	0.001	ok	
530	{"family":"lda_shrinkage","fold":1,"repeat":3,"rung":45}	0.023221	0.001	ok	
531	{"family":"lda_shrinkage","fold":2,"repeat":3,"rung":45}	0.039251	0.001	ok	
532	{"family":"lda_shrinkage","fold":3,"repeat":3,"rung":45}	0.003205	0.001	ok	
533	{"family":"lda_shrinkage","fold":0,"repeat":4,"rung":45}	0.050652	0.001	ok	
534	{"family":"lda_shrinkage","fold":1,"repeat":4,"rung":45}	0.001319	0.001	ok	
535	{"family":"lda_shrinkage","fold":2,"repeat":4,"rung":45}	0.022112	0.001	ok	
536	{"family":"lda_shrinkage","fold":3,"repeat":4,"rung":45}	0.042280	0.001	ok	
537	{"family":"lda_shrinkage","fold":0,"repeat":5,"rung":45}	0.004561	0.001	ok	
538	{"family":"lda_shrinkage","fold":1,"repeat":5,"rung":45}	0.013583	0.001	ok	
539	{"family":"lda_shrinkage","fold":2,"repeat":5,"rung":45}	0.030998	0.001	ok	
540	{"family":"lda_shrinkage","fold":3,"repeat":5,"rung":45}	0.000212	0.001	ok	
541	{"family":"lda_shrinkage","fold":0,"repeat":6,"rung":45}	0.013700	0.001	ok	
542	{"family":"lda_shrinkage","fold":1,"repeat":6,"rung":45}	0.052461	0.001	ok	
543	{"family":"lda_shrinkage","fold":2,"repeat":6,"rung":45}	0.009565	0.001	ok	
544	{"family":"lda_shrinkage","fold":3,"repeat":6,"rung":45}	0.014006	0.001	ok	
545	{"family":"lda_shrinkage","fold":0,"repeat":7,"rung":45}	0.014770	0.001	ok	
546	{"family":"lda_shrinkage","fold":1,"repeat":7,"rung":45}	0.010389	0.001	ok	
547	{"family":"lda_shrinkage","fold":2,"repeat":7,"rung":45}	0.037970	0.001	ok	
548	{"family":"lda_shrinkage","fold":3,"repeat":7,"rung":45}	0.028117	0.001	ok	
549	{"family":"lda_shrinkage","fold":0,"repeat":8,"rung":45}	0.013930	0.001	ok	
550	{"family":"lda_shrinkage","fold":1,"repeat":8,"rung":45}	0.001321	0.001	ok	
551	{"family":"lda_shrinkage","fold":2,"repeat":8,"rung":45}	0.021982	0.001	ok	
552	{"family":"lda_shrinkage","fold":3,"repeat":8,"rung":45}	0.034021	0.001	ok	
553	{"family":"lda_shrinkage","fold":0,"repeat":9,"rung":45}	0.038956	0.001	ok	
554	{"family":"lda_shrinkage","fold":1,"repeat":9,"rung":45}	0.023500	0.001	ok	
555	{"family":"lda_shrinkage","fold":2,"repeat":9,"rung":45}	0.017171	0.001	ok	
556	{"family":"lda_shrinkage","fold":3,"repeat":9,"rung":45}	0.001067	0.001	ok	
557	{"family":"lda_shrinkage","fold":0,"repeat":10,"rung":45}	0.012630	0.001	ok	
558	{"family":"lda_shrinkage","fold":1,"repeat":10,"rung":45}	0.054726	0.001	ok	
559	{"family":"lda_shrinkage","fold":2,"repeat":10,"rung":45}	0.014315	0.001	ok	
560	{"family":"lda_shrinkage","fold":3,"repeat":10,"rung":45}	0.019187	0.001	ok	
561	{"family":"lda_shrinkage","fold":0,"repeat":1,"rung":30}	0.001284	0.001	ok	
562	{"family":"lda_shrinkage","fold":1,"repeat":1,"rung":30}	0.022173	0.001	ok	
563	{"family":"lda_shrinkage","fold":2,"repeat":1,"rung":30}	0.034321	0.001	ok	
564	{"family":"lda_shrinkage","fold":3,"repeat":1,"rung":30}	0.017634	0.001	ok	
565	{"family":"lda_shrinkage","fold":0,"repeat":2,"rung":30}	0.049421	0.001	ok	
566	{"family":"lda_shrinkage","fold":1,"repeat":2,"rung":30}	0.000217	0.001	ok	
567	{"family":"lda_shrinkage","fold":2,"repeat":2,"rung":30}	0.061033	0.001	ok	
568	{"family":"lda_shrinkage","fold":3,"repeat":2,"rung":30}	0.027686	0.001	ok	
569	{"family":"lda_shrinkage","fold":0,"repeat":3,"rung":30}	0.012004	0.001	ok	
570	{"family":"lda_shrinkage","fold":1,"repeat":3,"rung":30}	0.024425	0.001	ok	
571	{"family":"lda_shrinkage","fold":2,"repeat":3,"rung":30}	0.031913	0.001	ok	
572	{"family":"lda_shrinkage","fold":3,"repeat":3,"rung":30}	0.005275	0.001	ok	
573	{"family":"lda_shrinkage","fold":0,"repeat":4,"rung":30}	0.093496	0.001	ok	
574	{"family":"lda_shrinkage","fold":1,"repeat":4,"rung":30}	0.004841	0.001	ok	
575	{"family":"lda_shrinkage","fold":2,"repeat":4,"rung":30}	0.027396	0.001	ok	
576	{"family":"lda_shrinkage","fold":3,"repeat":4,"rung":30}	0.037189	0.001	ok	
577	{"family":"lda_shrinkage","fold":0,"repeat":5,"rung":30}	0.003060	0.001	ok	
578	{"family":"lda_shrinkage","fold":1,"repeat":5,"rung":30}	0.012120	0.001	ok	
579	{"family":"lda_shrinkage","fold":2,"repeat":5,"rung":30}	0.066668	0.001	ok	
580	{"family":"lda_shrinkage","fold":3,"repeat":5,"rung":30}	0.000284	0.001	ok	
581	{"family":"lda_shrinkage","fold":0,"repeat":6,"rung":30}	0.002279	0.001	ok	
582	{"family":"lda_shrinkage","fold":1,"repeat":6,"rung":30}	0.066630	0.001	ok	
583	{"family":"lda_shrinkage","fold":2,"repeat":6,"rung":30}	0.022150	0.001	ok	
584	{"family":"lda_shrinkage","fold":3,"repeat":6,"rung":30}	0.013029	0.001	ok	
585	{"family":"lda_shrinkage","fold":0,"repeat":7,"rung":30}	0.009489	0.001	ok	
586	{"family":"lda_shrinkage","fold":1,"repeat":7,"rung":30}	0.019995	0.001	ok	
587	{"family":"lda_shrinkage","fold":2,"repeat":7,"rung":30}	0.046024	0.001	ok	
588	{"family":"lda_shrinkage","fold":3,"repeat":7,"rung":30}	0.025329	0.001	ok	
589	{"family":"lda_shrinkage","fold":0,"repeat":8,"rung":30}	0.024343	0.001	ok	
590	{"family":"lda_shrinkage","fold":1,"repeat":8,"rung":30}	0.006503	0.001	ok	
591	{"family":"lda_shrinkage","fold":2,"repeat":8,"rung":30}	0.028518	0.001	ok	
592	{"family":"lda_shrinkage","fold":3,"repeat":8,"rung":30}	0.090239	0.001	ok	
593	{"family":"lda_shrinkage","fold":0,"repeat":9,"rung":30}	0.098847	0.001	ok	
594	{"family":"lda_shrinkage","fold":1,"repeat":9,"rung":30}	0.029478	0.001	ok	
595	{"family":"lda_shrinkage","fold":2,"repeat":9,"rung":30}	0.018347	0.001	ok	
596	{"family":"lda_shrinkage","fold":3,"repeat":9,"rung":30}	0.002952	0.001	ok	
597	{"family":"lda_shrinkage","fold":0,"repeat":10,"rung":30}	0.016705	0.001	ok	
598	{"family":"lda_shrinkage","fold":1,"repeat":10,"rung":30}	0.083521	0.001	ok	
599	{"family":"lda_shrinkage","fold":2,"repeat":10,"rung":30}	0.037308	0.001	ok	
600	{"family":"lda_shrinkage","fold":3,"repeat":10,"rung":30}	0.015706	0.001	ok	
601	{"family":"lda_shrinkage","fold":0,"repeat":1,"rung":20}	0.007896	0.001	ok	
602	{"family":"lda_shrinkage","fold":1,"repeat":1,"rung":20}	0.015666	0.001	ok	
603	{"family":"lda_shrinkage","fold":2,"repeat":1,"rung":20}	0.047164	0.001	ok	
604	{"family":"lda_shrinkage","fold":3,"repeat":1,"rung":20}	0.002263	0.002	ok	
605	{"family":"lda_shrinkage","fold":0,"repeat":2,"rung":20}	0.096973	0.001	ok	
606	{"family":"lda_shrinkage","fold":1,"repeat":2,"rung":20}	0.000201	0.001	ok	
607	{"family":"lda_shrinkage","fold":2,"repeat":2,"rung":20}	0.064178	0.001	ok	
608	{"family":"lda_shrinkage","fold":3,"repeat":2,"rung":20}	0.027287	0.001	ok	
609	{"family":"lda_shrinkage","fold":0,"repeat":3,"rung":20}	0.016195	0.001	ok	
610	{"family":"lda_shrinkage","fold":1,"repeat":3,"rung":20}	0.032724	0.001	ok	
611	{"family":"lda_shrinkage","fold":2,"repeat":3,"rung":20}	0.011034	0.001	ok	
612	{"family":"lda_shrinkage","fold":3,"repeat":3,"rung":20}	0.001055	0.001	ok	
613	{"family":"lda_shrinkage","fold":0,"repeat":4,"rung":20}	0.067290	0.001	ok	
614	{"family":"lda_shrinkage","fold":1,"repeat":4,"rung":20}	0.004445	0.001	ok	
615	{"family":"lda_shrinkage","fold":2,"repeat":4,"rung":20}	0.034238	0.001	ok	
616	{"family":"lda_shrinkage","fold":3,"repeat":4,"rung":20}	0.037727	0.001	ok	
617	{"family":"lda_shrinkage","fold":0,"repeat":5,"rung":20}	0.006127	0.001	ok	
618	{"family":"lda_shrinkage","fold":1,"repeat":5,"rung":20}	0.012999	0.001	ok	
619	{"family":"lda_shrinkage","fold":2,"repeat":5,"rung":20}	0.072038	0.001	ok	
620	{"family":"lda_shrinkage","fold":3,"repeat":5,"rung":20}	0.000640	0.001	ok	
621	{"family":"lda_shrinkage","fold":0,"repeat":6,"rung":20}	0.069941	0.001	ok	
622	{"family":"lda_shrinkage","fold":1,"repeat":6,"rung":20}	0.091962	0.001	ok	
623	{"family":"lda_shrinkage","fold":2,"repeat":6,"rung":20}	0.014816	0.001	ok	
624	{"family":"lda_shrinkage","fold":3,"repeat":6,"rung":20}	0.027564	0.001	ok	
625	{"family":"lda_shrinkage","fold":0,"repeat":7,"rung":20}	0.020483	0.001	ok	
626	{"family":"lda_shrinkage","fold":1,"repeat":7,"rung":20}	0.015565	0.001	ok	
627	{"family":"lda_shrinkage","fold":2,"repeat":7,"rung":20}	0.081620	0.001	ok	
628	{"family":"lda_shrinkage","fold":3,"repeat":7,"rung":20}	0.020614	0.001	ok	
629	{"family":"lda_shrinkage","fold":0,"repeat":8,"rung":20}	0.026549	0.001	ok	
630	{"family":"lda_shrinkage","fold":1,"repeat":8,"rung":20}	0.004315	0.001	ok	
631	{"family":"lda_shrinkage","fold":2,"repeat":8,"rung":20}	0.052922	0.001	ok	
632	{"family":"lda_shrinkage","fold":3,"repeat":8,"rung":20}	0.103996	0.001	ok	
633	{"family":"lda_shrinkage","fold":0,"repeat":9,"rung":20}	0.106864	0.001	ok	
634	{"family":"lda_shrinkage","fold":1,"repeat":9,"rung":20}	0.002570	0.001	ok	
635	{"family":"lda_shrinkage","fold":2,"repeat":9,"rung":20}	0.021352	0.001	ok	
636	{"family":"lda_shrinkage","fold":3,"repeat":9,"rung":20}	0.006709	0.001	ok	
637	{"family":"lda_shrinkage","fold":0,"repeat":10,"rung":20}	0.007137	0.001	ok	
638	{"family":"lda_shrinkage","fold":1,"repeat":10,"rung":20}	0.106386	0.001	ok	
639	{"family":"lda_shrinkage","fold":2,"repeat":10,"rung":20}	0.032815	0.001	ok	
640	{"family":"lda_shrinkage","fold":3,"repeat":10,"rung":20}	0.022000	0.001	ok	
641	{"family":"lda_shrinkage","fold":0,"repeat":1,"rung":12}	0.013948	0.001	ok	
642	{"family":"lda_shrinkage","fold":1,"repeat":1,"rung":12}	0.030760	0.001	ok	
643	{"family":"lda_shrinkage","fold":2,"repeat":1,"rung":12}	0.095650	0.001	ok	
644	{"family":"lda_shrinkage","fold":3,"repeat":1,"rung":12}	0.055027	0.001	ok	
645	{"family":"lda_shrinkage","fold":0,"repeat":2,"rung":12}	0.077145	0.001	ok	
646	{"family":"lda_shrinkage","fold":1,"repeat":2,"rung":12}	0.000349	0.001	ok	
647	{"family":"lda_shrinkage","fold":2,"repeat":2,"rung":12}	0.047321	0.001	ok	
648	{"family":"lda_shrinkage","fold":3,"repeat":2,"rung":12}	0.040637	0.001	ok	
649	{"family":"lda_shrinkage","fold":0,"repeat":3,"rung":12}	0.028871	0.001	ok	
650	{"family":"lda_shrinkage","fold":1,"repeat":3,"rung":12}	0.066636	0.001	ok	
651	{"family":"lda_shrinkage","fold":2,"repeat":3,"rung":12}	0.002138	0.001	ok	
652	{"family":"lda_shrinkage","fold":3,"repeat":3,"rung":12}	0.013464	0.001	ok	
653	{"family":"lda_shrinkage","fold":0,"repeat":4,"rung":12}	0.074775	0.001	ok	
654	{"family":"lda_shrinkage","fold":1,"repeat":4,"rung":12}	0.014633	0.001	ok	
655	{"family":"lda_shrinkage","fold":2,"repeat":4,"rung":12}	0.035774	0.001	ok	
656	{"family":"lda_shrinkage","fold":3,"repeat":4,"rung":12}	0.047909	0.001	ok	
657	{"family":"lda_shrinkage","fold":0,"repeat":5,"rung":12}	0.014834	0.001	ok	
658	{"family":"lda_shrinkage","fold":1,"repeat":5,"rung":12}	0.086140	0.001	ok	
659	{"family":"lda_shrinkage","fold":2,"repeat":5,"rung":12}	0.084304	0.001	ok	
660	{"family":"lda_shrinkage","fold":3,"repeat":5,"rung":12}	0.004181	0.001	ok	
661	{"family":"lda_shrinkage","fold":0,"repeat":6,"rung":12}	0.153126	0.001	ok	
662	{"family":"lda_shrinkage","fold":1,"repeat":6,"rung":12}	0.073632	0.002	ok	
663	{"family":"lda_shrinkage","fold":2,"repeat":6,"rung":12}	0.035904	0.001	ok	
664	{"family":"lda_shrinkage","fold":3,"repeat":6,"rung":12}	0.036953	0.001	ok	
665	{"family":"lda_shrinkage","fold":0,"repeat":7,"rung":12}	0.002468	0.001	ok	
666	{"family":"lda_shrinkage","fold":1,"repeat":7,"rung":12}	0.000632	0.001	ok	
667	{"family":"lda_shrinkage","fold":2,"repeat":7,"rung":12}	0.046027	0.001	ok	
668	{"family":"lda_shrinkage","fold":3,"repeat":7,"rung":12}	0.000020	0.001	ok	
669	{"family":"lda_shrinkage","fold":0,"repeat":8,"rung":12}	0.034914	0.001	ok	
670	{"family":"lda_shrinkage","fold":1,"repeat":8,"rung":12}	0.055193	0.001	ok	
671	{"family":"lda_shrinkage","fold":2,"repeat":8,"rung":12}	0.068672	0.001	ok	
672	{"family":"lda_shrinkage","fold":3,"repeat":8,"rung":12}	0.152951	0.001	ok	
673	{"family":"lda_shrinkage","fold":0,"repeat":9,"rung":12}	0.142788	0.001	ok	
674	{"family":"lda_shrinkage","fold":1,"repeat":9,"rung":12}	0.000052	0.001	ok	
675	{"family":"lda_shrinkage","fold":2,"repeat":9,"rung":12}	0.016887	0.001	ok	
676	{"family":"lda_shrinkage","fold":3,"repeat":9,"rung":12}	0.014027	0.001	ok	
677	{"family":"lda_shrinkage","fold":0,"repeat":10,"rung":12}	0.015548	0.001	ok	
678	{"family":"lda_shrinkage","fold":1,"repeat":10,"rung":12}	0.147648	0.001	ok	
679	{"family":"lda_shrinkage","fold":2,"repeat":10,"rung":12}	0.047693	0.001	ok	
680	{"family":"lda_shrinkage","fold":3,"repeat":10,"rung":12}	0.010754	0.001	ok	
681	{"family":"lda_shrinkage","fold":0,"repeat":1,"rung":8}	0.017477	0.001	ok	
682	{"family":"lda_shrinkage","fold":1,"repeat":1,"rung":8}	0.025003	0.001	ok	
683	{"family":"lda_shrinkage","fold":2,"repeat":1,"rung":8}	0.142311	0.001	ok	
684	{"family":"lda_shrinkage","fold":3,"repeat":1,"rung":8}	0.092183	0.001	ok	
685	{"family":"lda_shrinkage","fold":0,"repeat":2,"rung":8}	0.065665	0.001	ok	
686	{"family":"lda_shrinkage","fold":1,"repeat":2,"rung":8}	0.000672	0.001	ok	
687	{"family":"lda_shrinkage","fold":2,"repeat":2,"rung":8}	0.036824	0.001	ok	
688	{"family":"lda_shrinkage","fold":3,"repeat":2,"rung":8}	0.049014	0.001	ok	
689	{"family":"lda_shrinkage","fold":0,"repeat":3,"rung":8}	0.028372	0.001	ok	
690	{"family":"lda_shrinkage","fold":1,"repeat":3,"rung":8}	0.081577	0.001	ok	
691	{"family":"lda_shrinkage","fold":2,"repeat":3,"rung":8}	0.024141	0.001	ok	
692	{"family":"lda_shrinkage","fold":3,"repeat":3,"rung":8}	0.001604	0.001	ok	
693	{"family":"lda_shrinkage","fold":0,"repeat":4,"rung":8}	0.124807	0.001	ok	
694	{"family":"lda_shrinkage","fold":1,"repeat":4,"rung":8}	0.086609	0.001	ok	
695	{"family":"lda_shrinkage","fold":2,"repeat":4,"rung":8}	0.041907	0.001	ok	
696	{"family":"lda_shrinkage","fold":3,"repeat":4,"rung":8}	0.017645	0.001	ok	
697	{"family":"lda_shrinkage","fold":0,"repeat":5,"rung":8}	0.014434	0.001	ok	
698	{"family":"lda_shrinkage","fold":1,"repeat":5,"rung":8}	0.115392	0.001	ok	
699	{"family":"lda_shrinkage","fold":2,"repeat":5,"rung":8}	0.099568	0.001	ok	
700	{"family":"lda_shrinkage","fold":3,"repeat":5,"rung":8}	0.002861	0.001	ok	
701	{"family":"lda_shrinkage","fold":0,"repeat":6,"rung":8}	0.168011	0.001	ok	
702	{"family":"lda_shrinkage","fold":1,"repeat":6,"rung":8}	0.096777	0.001	ok	
703	{"family":"lda_shrinkage","fold":2,"repeat":6,"rung":8}	0.026713	0.001	ok	
704	{"family":"lda_shrinkage","fold":3,"repeat":6,"rung":8}	0.050410	0.001	ok	
705	{"family":"lda_shrinkage","fold":0,"repeat":7,"rung":8}	0.000701	0.001	ok	
706	{"family":"lda_shrinkage","fold":1,"repeat":7,"rung":8}	0.003128	0.001	ok	
707	{"family":"lda_shrinkage","fold":2,"repeat":7,"rung":8}	0.158252	0.001	ok	
708	{"family":"lda_shrinkage","fold":3,"repeat":7,"rung":8}	0.065257	0.001	ok	
709	{"family":"lda_shrinkage","fold":0,"repeat":8,"rung":8}	0.012180	0.001	ok	
710	{"family":"lda_shrinkage","fold":1,"repeat":8,"rung":8}	0.026093	0.001	ok	
711	{"family":"lda_shrinkage","fold":2,"repeat":8,"rung":8}	0.051844	0.001	ok	
712	{"family":"lda_shrinkage","fold":3,"repeat":8,"rung":8}	0.151855	0.001	ok	
713	{"family":"lda_shrinkage","fold":0,"repeat":9,"rung":8}	0.141757	0.001	ok	
714	{"family":"lda_shrinkage","fold":1,"repeat":9,"rung":8}	0.000193	0.001	ok	
715	{"family":"lda_shrinkage","fold":2,"repeat":9,"rung":8}	0.017997	0.001	ok	
716	{"family":"lda_shrinkage","fold":3,"repeat":9,"rung":8}	0.003901	0.001	ok	
717	{"family":"lda_shrinkage","fold":0,"repeat":10,"rung":8}	0.047851	0.001	ok	
718	{"family":"lda_shrinkage","fold":1,"repeat":10,"rung":8}	0.149858	0.001	ok	
719	{"family":"lda_shrinkage","fold":2,"repeat":10,"rung":8}	0.030508	0.001	ok	
720	{"family":"lda_shrinkage","fold":3,"repeat":10,"rung":8}	0.051022	0.001	ok	
721	{"family":"lda_platt","fold":0,"repeat":1,"rung":60}	0.034347	0.007	ok	
722	{"family":"lda_platt","fold":1,"repeat":1,"rung":60}	0.011739	0.006	ok	
723	{"family":"lda_platt","fold":2,"repeat":1,"rung":60}	0.026677	0.006	ok	
724	{"family":"lda_platt","fold":3,"repeat":1,"rung":60}	0.046413	0.006	ok	
725	{"family":"lda_platt","fold":0,"repeat":2,"rung":60}	0.025938	0.006	ok	
726	{"family":"lda_platt","fold":1,"repeat":2,"rung":60}	0.013763	0.006	ok	
727	{"family":"lda_platt","fold":2,"repeat":2,"rung":60}	0.024682	0.006	ok	
728	{"family":"lda_platt","fold":3,"repeat":2,"rung":60}	0.036805	0.006	ok	
729	{"family":"lda_platt","fold":0,"repeat":3,"rung":60}	0.020169	0.006	ok	
730	{"family":"lda_platt","fold":1,"repeat":3,"rung":60}	0.039869	0.006	ok	
731	{"family":"lda_platt","fold":2,"repeat":3,"rung":60}	0.021692	0.006	ok	
732	{"family":"lda_platt","fold":3,"repeat":3,"rung":60}	0.009551	0.006	ok	
733	{"family":"lda_platt","fold":0,"repeat":4,"rung":60}	0.036602	0.006	ok	
734	{"family":"lda_platt","fold":1,"repeat":4,"rung":60}	0.023812	0.006	ok	
735	{"family":"lda_platt","fold":2,"repeat":4,"rung":60}	0.014892	0.006	ok	
736	{"family":"lda_platt","fold":3,"repeat":4,"rung":60}	0.050453	0.006	ok	
737	{"family":"lda_platt","fold":0,"repeat":5,"rung":60}	0.025849	0.006	ok	
738	{"family":"lda_platt","fold":1,"repeat":5,"rung":60}	0.047190	0.006	ok	
739	{"family":"lda_platt","fold":2,"repeat":5,"rung":60}	0.024059	0.006	ok	
740	{"family":"lda_platt","fold":3,"repeat":5,"rung":60}	0.004211	0.006	ok	
741	{"family":"lda_platt","fold":0,"repeat":6,"rung":60}	0.014331	0.006	ok	
742	{"family":"lda_platt","fold":1,"repeat":6,"rung":60}	0.040427	0.006	ok	
743	{"family":"lda_platt","fold":2,"repeat":6,"rung":60}	0.017370	0.006	ok	
744	{"family":"lda_platt","fold":3,"repeat":6,"rung":60}	0.022957	0.006	ok	
745	{"family":"lda_platt","fold":0,"repeat":7,"rung":60}	0.024306	0.006	ok	
746	{"family":"lda_platt","fold":1,"repeat":7,"rung":60}	0.013293	0.006	ok	
747	{"family":"lda_platt","fold":2,"repeat":7,"rung":60}	0.041523	0.006	ok	
748	{"family":"lda_platt","fold":3,"repeat":7,"rung":60}	0.023370	0.006	ok	
749	{"family":"lda_platt","fold":0,"repeat":8,"rung":60}	0.019719	0.006	ok	
750	{"family":"lda_platt","fold":1,"repeat":8,"rung":60}	0.010782	0.006	ok	
751	{"family":"lda_platt","fold":2,"repeat":8,"rung":60}	0.035584	0.006	ok	
752	{"family":"lda_platt","fold":3,"repeat":8,"rung":60}	0.014660	0.006	ok	
753	{"family":"lda_platt","fold":0,"repeat":9,"rung":60}	0.036504	0.006	ok	
754	{"family":"lda_platt","fold":1,"repeat":9,"rung":60}	0.028669	0.006	ok	
755	{"family":"lda_platt","fold":2,"repeat":9,"rung":60}	0.027801	0.006	ok	
756	{"family":"lda_platt","fold":3,"repeat":9,"rung":60}	0.007551	0.006	ok	
757	{"family":"lda_platt","fold":0,"repeat":10,"rung":60}	0.020581	0.006	ok	
758	{"family":"lda_platt","fold":1,"repeat":10,"rung":60}	0.012580	0.006	ok	
759	{"family":"lda_platt","fold":2,"repeat":10,"rung":60}	0.035293	0.006	ok	
760	{"family":"lda_platt","fold":3,"repeat":10,"rung":60}	0.021919	0.006	ok	
761	{"family":"lda_platt","fold":0,"repeat":1,"rung":45}	0.033909	0.006	ok	
762	{"family":"lda_platt","fold":1,"repeat":1,"rung":45}	0.013503	0.005	ok	
763	{"family":"lda_platt","fold":2,"repeat":1,"rung":45}	0.033793	0.005	ok	
764	{"family":"lda_platt","fold":3,"repeat":1,"rung":45}	0.049199	0.006	ok	
765	{"family":"lda_platt","fold":0,"repeat":2,"rung":45}	0.047158	0.005	ok	
766	{"family":"lda_platt","fold":1,"repeat":2,"rung":45}	0.009171	0.006	ok	
767	{"family":"lda_platt","fold":2,"repeat":2,"rung":45}	0.026825	0.006	ok	
768	{"family":"lda_platt","fold":3,"repeat":2,"rung":45}	0.040604	0.006	ok	
769	{"family":"lda_platt","fold":0,"repeat":3,"rung":45}	0.021914	0.006	ok	
770	{"family":"lda_platt","fold":1,"repeat":3,"rung":45}	0.059902	0.005	ok	
771	{"family":"lda_platt","fold":2,"repeat":3,"rung":45}	0.031505	0.006	ok	
772	{"family":"lda_platt","fold":3,"repeat":3,"rung":45}	0.016597	0.005	ok	
773	{"family":"lda_platt","fold":0,"repeat":4,"rung":45}	0.050739	0.005	ok	
774	{"family":"lda_platt","fold":1,"repeat":4,"rung":45}	0.015220	0.006	ok	
775	{"family":"lda_platt","fold":2,"repeat":4,"rung":45}	0.017189	0.006	ok	
776	{"family":"lda_platt","fold":3,"repeat":4,"rung":45}	0.061728	0.006	ok	
777	{"family":"lda_platt","fold":0,"repeat":5,"rung":45}	0.031087	0.006	ok	
778	{"family":"lda_platt","fold":1,"repeat":5,"rung":45}	0.040691	0.006	ok	
779	{"family":"lda_platt","fold":2,"repeat":5,"rung":45}	0.034227	0.006	ok	
780	{"family":"lda_platt","fold":3,"repeat":5,"rung":45}	0.011842	0.006	ok	
781	{"family":"lda_platt","fold":0,"repeat":6,"rung":45}	0.019534	0.006	ok	
782	{"family":"lda_platt","fold":1,"repeat":6,"rung":45}	0.036318	0.006	ok	
783	{"family":"lda_platt","fold":2,"repeat":6,"rung":45}	0.024660	0.006	ok	
784	{"family":"lda_platt","fold":3,"repeat":6,"rung":45}	0.017151	0.006	ok	
785	{"family":"lda_platt","fold":0,"repeat":7,"rung":45}	0.031195	0.006	ok	
786	{"family":"lda_platt","fold":1,"repeat":7,"rung":45}	0.023930	0.006	ok	
787	{"family":"lda_platt","fold":2,"repeat":7,"rung":45}	0.053689	0.006	ok	
788	{"family":"lda_platt","fold":3,"repeat":7,"rung":45}	0.031275	0.006	ok	
789	{"family":"lda_platt","fold":0,"repeat":8,"rung":45}	0.023427	0.006	ok	
790	{"family":"lda_platt","fold":1,"repeat":8,"rung":45}	0.015371	0.006	ok	
791	{"family":"lda_platt","fold":2,"repeat":8,"rung":45}	0.041296	0.006	ok	
792	{"family":"lda_platt","fold":3,"repeat":8,"rung":45}	0.025380	0.006	ok	
793	{"family":"lda_platt","fold":0,"repeat":9,"rung":45}	0.056782	0.006	ok	
794	{"family":"lda_platt","fold":1,"repeat":9,"rung":45}	0.027889	0.006	ok	
795	{"family":"lda_platt","fold":2,"repeat":9,"rung":45}	0.041474	0.005	ok	
796	{"family":"lda_platt","fold":3,"repeat":9,"rung":45}	0.015052	0.005	ok	
797	{"family":"lda_platt","fold":0,"repeat":10,"rung":45}	0.024116	0.005	ok	
798	{"family":"lda_platt","fold":1,"repeat":10,"rung":45}	0.021524	0.005	ok	
799	{"family":"lda_platt","fold":2,"repeat":10,"rung":45}	0.031940	0.006	ok	
800	{"family":"lda_platt","fold":3,"repeat":10,"rung":45}	0.035537	0.006	ok	
801	{"family":"lda_platt","fold":0,"repeat":1,"rung":30}	0.048663	0.005	ok	
802	{"family":"lda_platt","fold":1,"repeat":1,"rung":30}	0.021818	0.005	ok	
803	{"family":"lda_platt","fold":2,"repeat":1,"rung":30}	0.034970	0.005	ok	
804	{"family":"lda_platt","fold":3,"repeat":1,"rung":30}	0.048320	0.005	ok	
805	{"family":"lda_platt","fold":0,"repeat":2,"rung":30}	0.055748	0.005	ok	
806	{"family":"lda_platt","fold":1,"repeat":2,"rung":30}	0.021113	0.005	ok	
807	{"family":"lda_platt","fold":2,"repeat":2,"rung":30}	0.060591	0.005	ok	
808	{"family":"lda_platt","fold":3,"repeat":2,"rung":30}	0.047359	0.005	ok	
809	{"family":"lda_platt","fold":0,"repeat":3,"rung":30}	0.033892	0.005	ok	
810	{"family":"lda_platt","fold":1,"repeat":3,"rung":30}	0.083035	0.005	ok	
811	{"family":"lda_platt","fold":2,"repeat":3,"rung":30}	0.035669	0.005	ok	
812	{"family":"lda_platt","fold":3,"repeat":3,"rung":30}	0.030776	0.005	ok	
813	{"family":"lda_platt","fold":0,"repeat":4,"rung":30}	0.082659	0.005	ok	
814	{"family":"lda_platt","fold":1,"repeat":4,"rung":30}	0.038613	0.005	ok	
815	{"family":"lda_platt","fold":2,"repeat":4,"rung":30}	0.026926	0.005	ok	
816	{"family":"lda_platt","fold":3,"repeat":4,"rung":30}	0.063140	0.005	ok	
817	{"family":"lda_platt","fold":0,"repeat":5,"rung":30}	0.046401	0.005	ok	
818	{"family":"lda_platt","fold":1,"repeat":5,"rung":30}	0.055627	0.005	ok	
819	{"family":"lda_platt","fold":2,"repeat":5,"rung":30}	0.070525	0.005	ok	
820	{"family":"lda_platt","fold":3,"repeat":5,"rung":30}	0.013205	0.005	ok	
821	{"family":"lda_platt","fold":0,"repeat":6,"rung":30}	0.024912	0.005	ok	
822	{"family":"lda_platt","fold":1,"repeat":6,"rung":30}	0.068002	0.005	ok	
823	{"family":"lda_platt","fold":2,"repeat":6,"rung":30}	0.026106	0.005	ok	
824	{"family":"lda_platt","fold":3,"repeat":6,"rung":30}	0.020331	0.005	ok	
825	{"family":"lda_platt","fold":0,"repeat":7,"rung":30}	0.023085	0.005	ok	
826	{"family":"lda_platt","fold":1,"repeat":7,"rung":30}	0.045532	0.005	ok	
827	{"family":"lda_platt","fold":2,"repeat":7,"rung":30}	0.075524	0.005	ok	
828	{"family":"lda_platt","fold":3,"repeat":7,"rung":30}	0.035812	0.005	ok	
829	{"family":"lda_platt","fold":0,"repeat":8,"rung":30}	0.061389	0.005	ok	
830	{"family":"lda_platt","fold":1,"repeat":8,"rung":30}	0.043728	0.005	ok	
831	{"family":"lda_platt","fold":2,"repeat":8,"rung":30}	0.051305	0.005	ok	
832	{"family":"lda_platt","fold":3,"repeat":8,"rung":30}	0.053732	0.005	ok	
833	{"family":"lda_platt","fold":0,"repeat":9,"rung":30}	0.071765	0.005	ok	
834	{"family":"lda_platt","fold":1,"repeat":9,"rung":30}	0.030489	0.005	ok	
835	{"family":"lda_platt","fold":2,"repeat":9,"rung":30}	0.052759	0.005	ok	
836	{"family":"lda_platt","fold":3,"repeat":9,"rung":30}	0.031930	0.005	ok	
837	{"family":"lda_platt","fold":0,"repeat":10,"rung":30}	0.046294	0.005	ok	
838	{"family":"lda_platt","fold":1,"repeat":10,"rung":30}	0.041343	0.005	ok	
839	{"family":"lda_platt","fold":2,"repeat":10,"rung":30}	0.054333	0.005	ok	
840	{"family":"lda_platt","fold":3,"repeat":10,"rung":30}	0.039210	0.005	ok	
841	{"family":"lda_platt","fold":0,"repeat":1,"rung":20}	0.089334	0.005	ok	
842	{"family":"lda_platt","fold":1,"repeat":1,"rung":20}	0.026466	0.005	ok	
843	{"family":"lda_platt","fold":2,"repeat":1,"rung":20}	0.085227	0.005	ok	
844	{"family":"lda_platt","fold":3,"repeat":1,"rung":20}	0.058054	0.005	ok	
845	{"family":"lda_platt","fold":0,"repeat":2,"rung":20}	0.069162	0.005	ok	
846	{"family":"lda_platt","fold":1,"repeat":2,"rung":20}	0.064553	0.005	ok	
847	{"family":"lda_platt","fold":2,"repeat":2,"rung":20}	0.203592	0.005	ok	
848	{"family":"lda_platt","fold":3,"repeat":2,"rung":20}	0.056086	0.005	ok	
849	{"family":"lda_platt","fold":0,"repeat":3,"rung":20}	0.054408	0.005	ok	
850	{"family":"lda_platt","fold":1,"repeat":3,"rung":20}	0.096085	0.005	ok	
851	{"family":"lda_platt","fold":2,"repeat":3,"rung":20}	0.052892	0.005	ok	
852	{"family":"lda_platt","fold":3,"repeat":3,"rung":20}	0.033826	0.005	ok	
853	{"family":"lda_platt","fold":0,"repeat":4,"rung":20}	0.047061	0.005	ok	
854	{"family":"lda_platt","fold":1,"repeat":4,"rung":20}	0.046707	0.005	ok	
855	{"family":"lda_platt","fold":2,"repeat":4,"rung":20}	0.031549	0.005	ok	
856	{"family":"lda_platt","fold":3,"repeat":4,"rung":20}	0.096598	0.005	ok	
857	{"family":"lda_platt","fold":0,"repeat":5,"rung":20}	0.056789	0.005	ok	
858	{"family":"lda_platt","fold":1,"repeat":5,"rung":20}	0.158397	0.005	ok	
859	{"family":"lda_platt","fold":2,"repeat":5,"rung":20}	0.064259	0.005	ok	
860	{"family":"lda_platt","fold":3,"repeat":5,"rung":20}	0.022450	0.005	ok	
861	{"family":"lda_platt","fold":0,"repeat":6,"rung":20}	0.060197	0.005	ok	
862	{"family":"lda_platt","fold":1,"repeat":6,"rung":20}	0.134235	0.005	ok	
863	{"family":"lda_platt","fold":2,"repeat":6,"rung":20}	0.043393	0.005	ok	
864	{"family":"lda_platt","fold":3,"repeat":6,"rung":20}	0.034366	0.005	ok	
865	{"family":"lda_platt","fold":0,"repeat":7,"rung":20}	0.027549	0.005	ok	
866	{"family":"lda_platt","fold":1,"repeat":7,"rung":20}	0.077088	0.005	ok	
867	{"family":"lda_platt","fold":2,"repeat":7,"rung":20}	0.094993	0.005	ok	
868	{"family":"lda_platt","fold":3,"repeat":7,"rung":20}	0.031628	0.005	ok	
869	{"family":"lda_platt","fold":0,"repeat":8,"rung":20}	0.174008	0.005	ok	
870	{"family":"lda_platt","fold":1,"repeat":8,"rung":20}	0.044327	0.005	ok	
871	{"family":"lda_platt","fold":2,"repeat":8,"rung":20}	0.077181	0.005	ok	
872	{"family":"lda_platt","fold":3,"repeat":8,"rung":20}	0.106073	0.005	ok	
873	{"family":"lda_platt","fold":0,"repeat":9,"rung":20}	0.056693	0.005	ok	
874	{"family":"lda_platt","fold":1,"repeat":9,"rung":20}	0.072194	0.005	ok	
875	{"family":"lda_platt","fold":2,"repeat":9,"rung":20}	0.060279	0.005	ok	
876	{"family":"lda_platt","fold":3,"repeat":9,"rung":20}	0.148194	0.005	ok	
877	{"family":"lda_platt","fold":0,"repeat":10,"rung":20}	0.072973	0.005	ok	
878	{"family":"lda_platt","fold":1,"repeat":10,"rung":20}	0.051771	0.005	ok	
879	{"family":"lda_platt","fold":2,"repeat":10,"rung":20}	0.076189	0.005	ok	
880	{"family":"lda_platt","fold":3,"repeat":10,"rung":20}	0.038199	0.005	ok	
881	{"family":"lda_platt","fold":0,"repeat":1,"rung":12}	0.175440	0.004	ok	
882	{"family":"lda_platt","fold":1,"repeat":1,"rung":12}	0.037632	0.004	ok	
883	{"family":"lda_platt","fold":2,"repeat":1,"rung":12}	0.096748	0.005	ok	
884	{"family":"lda_platt","fold":3,"repeat":1,"rung":12}	0.099536	0.004	ok	
885	{"family":"lda_platt","fold":0,"repeat":2,"rung":12}	0.134843	0.004	ok	
886	{"family":"lda_platt","fold":1,"repeat":2,"rung":12}	0.087640	0.004	ok	
887	{"family":"lda_platt","fold":2,"repeat":2,"rung":12}	0.173892	0.004	ok	
888	{"family":"lda_platt","fold":3,"repeat":2,"rung":12}	0.099568	0.004	ok	
889	{"family":"lda_platt","fold":0,"repeat":3,"rung":12}	0.221370	0.004	ok	
890	{"family":"lda_platt","fold":1,"repeat":3,"rung":12}	0.247324	0.004	ok	
891	{"family":"lda_platt","fold":2,"repeat":3,"rung":12}	0.145357	0.004	ok	
892	{"family":"lda_platt","fold":3,"repeat":3,"rung":12}	0.218937	0.004	ok	
893	{"family":"lda_platt","fold":0,"repeat":4,"rung":12}	0.087972	0.004	ok	
894	{"family":"lda_platt","fold":1,"repeat":4,"rung":12}	0.120764	0.004	ok	
895	{"family":"lda_platt","fold":2,"repeat":4,"rung":12}	0.192685	0.004	ok	
896	{"family":"lda_platt","fold":3,"repeat":4,"rung":12}	0.201523	0.004	ok	
897	{"family":"lda_platt","fold":0,"repeat":5,"rung":12}	0.116645	0.004	ok	
898	{"family":"lda_platt","fold":1,"repeat":5,"rung":12}	0.200256	0.004	ok	
899	{"family":"lda_platt","fold":2,"repeat":5,"rung":12}	0.142788	0.004	ok	
900	{"family":"lda_platt","fold":3,"repeat":5,"rung":12}	0.064095	0.004	ok	
901	{"family":"lda_platt","fold":0,"repeat":6,"rung":12}	0.182389	0.004	ok	
902	{"family":"lda_platt","fold":1,"repeat":6,"rung":12}	0.240284	0.004	ok	
903	{"family":"lda_platt","fold":2,"repeat":6,"rung":12}	0.225376	0.004	ok	
904	{"family":"lda_platt","fold":3,"repeat":6,"rung":12}	0.198107	0.004	ok	
905	{"family":"lda_platt","fold":0,"repeat":7,"rung":12}	0.057439	0.004	ok	
906	{"family":"lda_platt","fold":1,"repeat":7,"rung":12}	0.089138	0.005	ok	
907	{"family":"lda_platt","fold":2,"repeat":7,"rung":12}	0.215306	0.005	ok	
908	{"family":"lda_platt","fold":3,"repeat":7,"rung":12}	0.136318	0.004	ok	
909	{"family":"lda_platt","fold":0,"repeat":8,"rung":12}	0.181540	0.004	ok	
910	{"family":"lda_platt","fold":1,"repeat":8,"rung":12}	0.208327	0.004	ok	
911	{"family":"lda_platt","fold":2,"repeat":8,"rung":12}	0.145684	0.004	ok	
912	{"family":"lda_platt","fold":3,"repeat":8,"rung":12}	0.247466	0.004	ok	
913	{"family":"lda_platt","fold":0,"repeat":9,"rung":12}	0.168188	0.004	ok	
914	{"family":"lda_platt","fold":1,"repeat":9,"rung":12}	0.136845	0.004	ok	
915	{"family":"lda_platt","fold":2,"repeat":9,"rung":12}	0.175580	0.004	ok	
916	{"family":"lda_platt","fold":3,"repeat":9,"rung":12}	0.245426	0.004	ok	
917	{"family":"lda_platt","fold":0,"repeat":10,"rung":12}	0.200267	0.004	ok	
918	{"family":"lda_platt","fold":1,"repeat":10,"rung":12}	0.158006	0.004	ok	
919	{"family":"lda_platt","fold":2,"repeat":10,"rung":12}	0.151078	0.004	ok	
920	{"family":"lda_platt","fold":3,"repeat":10,"rung":12}	0.206035	0.004	ok	
921	{"family":"lda_platt","fold":0,"repeat":1,"rung":8}	0.257162	0.004	ok	
922	{"family":"lda_platt","fold":1,"repeat":1,"rung":8}	0.141833	0.004	ok	
923	{"family":"lda_platt","fold":2,"repeat":1,"rung":8}	0.184595	0.004	ok	
924	{"family":"lda_platt","fold":3,"repeat":1,"rung":8}	0.144686	0.004	ok	
925	{"family":"lda_platt","fold":0,"repeat":2,"rung":8}	0.222809	0.004	ok	
926	{"family":"lda_platt","fold":1,"repeat":2,"rung":8}	0.262290	0.004	ok	
927	{"family":"lda_platt","fold":2,"repeat":2,"rung":8}	0.382902	0.004	ok	
928	{"family":"lda_platt","fold":3,"repeat":2,"rung":8}	0.214105	0.004	ok	
929	{"family":"lda_platt","fold":0,"repeat":3,"rung":8}	0.079726	0.004	ok	
930	{"family":"lda_platt","fold":1,"repeat":3,"rung":8}	0.209051	0.004	ok	
931	{"family":"lda_platt","fold":2,"repeat":3,"rung":8}	0.253044	0.004	ok	
932	{"family":"lda_platt","fold":3,"repeat":3,"rung":8}	0.042409	0.004	ok	
933	{"family":"lda_platt","fold":0,"repeat":4,"rung":8}	0.044033	0.004	ok	
934	{"family":"lda_platt","fold":1,"repeat":4,"rung":8}	0.245815	0.004	ok	
935	{"family":"lda_platt","fold":2,"repeat":4,"rung":8}	0.157523	0.004	ok	
936	{"family":"lda_platt","fold":3,"repeat":4,"rung":8}	0.252649	0.004	ok	
937	{"family":"lda_platt","fold":0,"repeat":5,"rung":8}	0.221339	0.004	ok	
938	{"family":"lda_platt","fold":1,"repeat":5,"rung":8}	0.223444	0.004	ok	
939	{"family":"lda_platt","fold":2,"repeat":5,"rung":8}	0.141836	0.004	ok	
940	{"family":"lda_platt","fold":3,"repeat":5,"rung":8}	0.160618	0.004	ok	
941	{"family":"lda_platt","fold":0,"repeat":6,"rung":8}	0.246316	0.004	ok	
942	{"family":"lda_platt","fold":1,"repeat":6,"rung":8}	0.238994	0.004	ok	
943	{"family":"lda_platt","fold":2,"repeat":6,"rung":8}	0.172670	0.004	ok	
944	{"family":"lda_platt","fold":3,"repeat":6,"rung":8}	0.233092	0.004	ok	
945	{"family":"lda_platt","fold":0,"repeat":7,"rung":8}	0.099323	0.004	ok	
946	{"family":"lda_platt","fold":1,"repeat":7,"rung":8}	0.017680	0.004	ok	
947	{"family":"lda_platt","fold":2,"repeat":7,"rung":8}	0.133607	0.004	ok	
948	{"family":"lda_platt","fold":3,"repeat":7,"rung":8}	0.150063	0.004	ok	
949	{"family":"lda_platt","fold":0,"repeat":8,"rung":8}	0.103883	0.004	ok	
950	{"family":"lda_platt","fold":1,"repeat":8,"rung":8}	0.250608	0.004	ok	
951	{"family":"lda_platt","fold":2,"repeat":8,"rung":8}	0.230020	0.004	ok	
952	{"family":"lda_platt","fold":3,"repeat":8,"rung":8}	0.222807	0.004	ok	
953	{"family":"lda_platt","fold":0,"repeat":9,"rung":8}	0.250400	0.004	ok	
954	{"family":"lda_platt","fold":1,"repeat":9,"rung":8}	0.139081	0.004	ok	
955	{"family":"lda_platt","fold":2,"repeat":9,"rung":8}	0.248179	0.004	ok	
956	{"family":"lda_platt","fold":3,"repeat":9,"rung":8}	0.257252	0.004	ok	
957	{"family":"lda_platt","fold":0,"repeat":10,"rung":8}	0.135065	0.004	ok	
958	{"family":"lda_platt","fold":1,"repeat":10,"rung":8}	0.234237	0.004	ok	
959	{"family":"lda_platt","fold":2,"repeat":10,"rung":8}	0.235503	0.004	ok	
960	{"family":"lda_platt","fold":3,"repeat":10,"rung":8}	0.253858	0.004	ok	
961	{"family":"lda_isotonic","fold":0,"repeat":1,"rung":60}	0.050000	0.006	ok	
962	{"family":"lda_isotonic","fold":1,"repeat":1,"rung":60}	0.000000	0.006	ok	
963	{"family":"lda_isotonic","fold":2,"repeat":1,"rung":60}	0.030474	0.006	ok	
964	{"family":"lda_isotonic","fold":3,"repeat":1,"rung":60}	0.105263	0.006	ok	
965	{"family":"lda_isotonic","fold":0,"repeat":2,"rung":60}	0.005556	0.006	ok	
966	{"family":"lda_isotonic","fold":1,"repeat":2,"rung":60}	0.008000	0.006	ok	
967	{"family":"lda_isotonic","fold":2,"repeat":2,"rung":60}	0.032179	0.006	ok	
968	{"family":"lda_isotonic","fold":3,"repeat":2,"rung":60}	0.105263	0.006	ok	
969	{"family":"lda_isotonic","fold":0,"repeat":3,"rung":60}	0.000000	0.006	ok	
970	{"family":"lda_isotonic","fold":1,"repeat":3,"rung":60}	0.061602	0.006	ok	
971	{"family":"lda_isotonic","fold":2,"repeat":3,"rung":60}	0.003257	0.006	ok	
972	{"family":"lda_isotonic","fold":3,"repeat":3,"rung":60}	0.005848	0.006	ok	
973	{"family":"lda_isotonic","fold":0,"repeat":4,"rung":60}	0.052348	0.006	ok	
974	{"family":"lda_isotonic","fold":1,"repeat":4,"rung":60}	0.051020	0.006	ok	
975	{"family":"lda_isotonic","fold":2,"repeat":4,"rung":60}	0.000000	0.006	ok	
976	{"family":"lda_isotonic","fold":3,"repeat":4,"rung":60}	0.055249	0.006	ok	
977	{"family":"lda_isotonic","fold":0,"repeat":5,"rung":60}	0.044604	0.006	ok	
978	{"family":"lda_isotonic","fold":1,"repeat":5,"rung":60}	0.100000	0.006	ok	
979	{"family":"lda_isotonic","fold":2,"repeat":5,"rung":60}	0.000000	0.006	ok	
980	{"family":"lda_isotonic","fold":3,"repeat":5,"rung":60}	0.000000	0.006	ok	
981	{"family":"lda_isotonic","fold":0,"repeat":6,"rung":60}	0.000000	0.006	ok	
982	{"family":"lda_isotonic","fold":1,"repeat":6,"rung":60}	0.026129	0.006	ok	
983	{"family":"lda_isotonic","fold":2,"repeat":6,"rung":60}	0.004793	0.006	ok	
984	{"family":"lda_isotonic","fold":3,"repeat":6,"rung":60}	0.028125	0.006	ok	
985	{"family":"lda_isotonic","fold":0,"repeat":7,"rung":60}	0.016492	0.006	ok	
986	{"family":"lda_isotonic","fold":1,"repeat":7,"rung":60}	0.000000	0.006	ok	
987	{"family":"lda_isotonic","fold":2,"repeat":7,"rung":60}	0.014718	0.006	ok	
988	{"family":"lda_isotonic","fold":3,"repeat":7,"rung":60}	0.052632	0.006	ok	
989	{"family":"lda_isotonic","fold":0,"repeat":8,"rung":60}	0.002268	0.006	ok	
990	{"family":"lda_isotonic","fold":1,"repeat":8,"rung":60}	0.006769	0.006	ok	
991	{"family":"lda_isotonic","fold":2,"repeat":8,"rung":60}	0.007333	0.006	ok	
992	{"family":"lda_isotonic","fold":3,"repeat":8,"rung":60}	0.013158	0.006	ok	
993	{"family":"lda_isotonic","fold":0,"repeat":9,"rung":60}	0.023270	0.006	ok	
994	{"family":"lda_isotonic","fold":1,"repeat":9,"rung":60}	0.050000	0.006	ok	
995	{"family":"lda_isotonic","fold":2,"repeat":9,"rung":60}	0.000002	0.006	ok	
996	{"family":"lda_isotonic","fold":3,"repeat":9,"rung":60}	0.000000	0.006	ok	
997	{"family":"lda_isotonic","fold":0,"repeat":10,"rung":60}	0.005074	0.006	ok	
998	{"family":"lda_isotonic","fold":1,"repeat":10,"rung":60}	0.005556	0.006	ok	
999	{"family":"lda_isotonic","fold":2,"repeat":10,"rung":60}	0.022222	0.006	ok	
1000	{"family":"lda_isotonic","fold":3,"repeat":10,"rung":60}	0.037741	0.006	ok	
1001	{"family":"lda_isotonic","fold":0,"repeat":1,"rung":45}	0.050000	0.005	ok	
1002	{"family":"lda_isotonic","fold":1,"repeat":1,"rung":45}	0.000032	0.005	ok	
1003	{"family":"lda_isotonic","fold":2,"repeat":1,"rung":45}	0.050000	0.005	ok	
1004	{"family":"lda_isotonic","fold":3,"repeat":1,"rung":45}	0.072686	0.005	ok	
1005	{"family":"lda_isotonic","fold":0,"repeat":2,"rung":45}	0.014342	0.005	ok	
1006	{"family":"lda_isotonic","fold":1,"repeat":2,"rung":45}	0.000000	0.005	ok	
1007	{"family":"lda_isotonic","fold":2,"repeat":2,"rung":45}	0.050000	0.005	ok	
1008	{"family":"lda_isotonic","fold":3,"repeat":2,"rung":45}	0.085908	0.005	ok	
1009	{"family":"lda_isotonic","fold":0,"repeat":3,"rung":45}	0.006897	0.005	ok	
1010	{"family":"lda_isotonic","fold":1,"repeat":3,"rung":45}	0.083951	0.005	ok	
1011	{"family":"lda_isotonic","fold":2,"repeat":3,"rung":45}	0.039340	0.005	ok	
1012	{"family":"lda_isotonic","fold":3,"repeat":3,"rung":45}	0.002105	0.005	ok	
1013	{"family":"lda_isotonic","fold":0,"repeat":4,"rung":45}	0.071556	0.005	ok	
1014	{"family":"lda_isotonic","fold":1,"repeat":4,"rung":45}	0.005556	0.006	ok	
1015	{"family":"lda_isotonic","fold":2,"repeat":4,"rung":45}	0.006103	0.005	ok	
1016	{"family":"lda_isotonic","fold":3,"repeat":4,"rung":45}	0.053124	0.006	ok	
1017	{"family":"lda_isotonic","fold":0,"repeat":5,"rung":45}	0.002172	0.005	ok	
1018	{"family":"lda_isotonic","fold":1,"repeat":5,"rung":45}	0.053824	0.005	ok	
1019	{"family":"lda_isotonic","fold":2,"repeat":5,"rung":45}	0.011899	0.005	ok	
1020	{"family":"lda_isotonic","fold":3,"repeat":5,"rung":45}	0.000000	0.005	ok	
1021	{"family":"lda_isotonic","fold":0,"repeat":6,"rung":45}	0.001700	0.006	ok	
1022	{"family":"lda_isotonic","fold":1,"repeat":6,"rung":45}	0.033073	0.005	ok	
1023	{"family":"lda_isotonic","fold":2,"repeat":6,"rung":45}	0.000511	0.005	ok	
1024	{"family":"lda_isotonic","fold":3,"repeat":6,"rung":45}	0.012500	0.005	ok	
1025	{"family":"lda_isotonic","fold":0,"repeat":7,"rung":45}	0.063679	0.005	ok	
1026	{"family":"lda_isotonic","fold":1,"repeat":7,"rung":45}	0.021653	0.005	ok	
1027	{"family":"lda_isotonic","fold":2,"repeat":7,"rung":45}	0.036022	0.005	ok	
1028	{"family":"lda_isotonic","fold":3,"repeat":7,"rung":45}	0.052632	0.005	ok	
1029	{"family":"lda_isotonic","fold":0,"repeat":8,"rung":45}	0.050000	0.005	ok	
1030	{"family":"lda_isotonic","fold":1,"repeat":8,"rung":45}	0.002778	0.005	ok	
1031	{"family":"lda_isotonic","fold":2,"repeat":8,"rung":45}	0.012808	0.005	ok	
1032	{"family":"lda_isotonic","fold":3,"repeat":8,"rung":45}	0.005652	0.005	ok	
1033	{"family":"lda_isotonic","fold":0,"repeat":9,"rung":45}	0.153125	0.005	ok	
1034	{"family":"lda_isotonic","fold":1,"repeat":9,"rung":45}	0.045591	0.005	ok	
1035	{"family":"lda_isotonic","fold":2,"repeat":9,"rung":45}	0.027629	0.005	ok	
1036	{"family":"lda_isotonic","fold":3,"repeat":9,"rung":45}	0.000000	0.005	ok	
1037	{"family":"lda_isotonic","fold":0,"repeat":10,"rung":45}	0.004282	0.006	ok	
1038	{"family":"lda_isotonic","fold":1,"repeat":10,"rung":45}	0.013063	0.006	ok	
1039	{"family":"lda_isotonic","fold":2,"repeat":10,"rung":45}	0.030173	0.005	ok	
1040	{"family":"lda_isotonic","fold":3,"repeat":10,"rung":45}	0.041530	0.006	ok	
1041	{"family":"lda_isotonic","fold":0,"repeat":1,"rung":30}	0.050000	0.005	ok	
1042	{"family":"lda_isotonic","fold":1,"repeat":1,"rung":30}	0.044039	0.005	ok	
1043	{"family":"lda_isotonic","fold":2,"repeat":1,"rung":30}	0.020142	0.005	ok	
1044	{"family":"lda_isotonic","fold":3,"repeat":1,"rung":30}	0.018050	0.005	ok	
1045	{"family":"lda_isotonic","fold":0,"repeat":2,"rung":30}	0.050000	0.005	ok	
1046	{"family":"lda_isotonic","fold":1,"repeat":2,"rung":30}	0.002926	0.005	ok	
1047	{"family":"lda_isotonic","fold":2,"repeat":2,"rung":30}	0.050000	0.005	ok	
1048	{"family":"lda_isotonic","fold":3,"repeat":2,"rung":30}	0.047744	0.005	ok	
1049	{"family":"lda_isotonic","fold":0,"repeat":3,"rung":30}	0.000000	0.005	ok	
1050	{"family":"lda_isotonic","fold":1,"repeat":3,"rung":30}	0.103415	0.005	ok	
1051	{"family":"lda_isotonic","fold":2,"repeat":3,"rung":30}	0.026641	0.005	ok	
1052	{"family":"lda_isotonic","fold":3,"repeat":3,"rung":30}	0.024345	0.005	ok	
1053	{"family":"lda_isotonic","fold":0,"repeat":4,"rung":30}	0.086071	0.005	ok	
1054	{"family":"lda_isotonic","fold":1,"repeat":4,"rung":30}	0.005196	0.005	ok	
1055	{"family":"lda_isotonic","fold":2,"repeat":4,"rung":30}	0.004488	0.005	ok	
1056	{"family":"lda_isotonic","fold":3,"repeat":4,"rung":30}	0.055644	0.005	ok	
1057	{"family":"lda_isotonic","fold":0,"repeat":5,"rung":30}	0.004000	0.005	ok	
1058	{"family":"lda_isotonic","fold":1,"repeat":5,"rung":30}	0.053338	0.005	ok	
1059	{"family":"lda_isotonic","fold":2,"repeat":5,"rung":30}	0.072994	0.005	ok	
1060	{"family":"lda_isotonic","fold":3,"repeat":5,"rung":30}	0.005151	0.005	ok	
1061	{"family":"lda_isotonic","fold":0,"repeat":6,"rung":30}	0.003125	0.005	ok	
1062	{"family":"lda_isotonic","fold":1,"repeat":6,"rung":30}	0.039249	0.005	ok	
1063	{"family":"lda_isotonic","fold":2,"repeat":6,"rung":30}	0.011549	0.005	ok	
1064	{"family":"lda_isotonic","fold":3,"repeat":6,"rung":30}	0.002131	0.005	ok	
1065	{"family":"lda_isotonic","fold":0,"repeat":7,"rung":30}	0.000000	0.005	ok	
1066	{"family":"lda_isotonic","fold":1,"repeat":7,"rung":30}	0.009691	0.005	ok	
1067	{"family":"lda_isotonic","fold":2,"repeat":7,"rung":30}	0.103061	0.005	ok	
1068	{"family":"lda_isotonic","fold":3,"repeat":7,"rung":30}	0.052632	0.005	ok	
1069	{"family":"lda_isotonic","fold":0,"repeat":8,"rung":30}	0.053397	0.005	ok	
1070	{"family":"lda_isotonic","fold":1,"repeat":8,"rung":30}	0.028176	0.005	ok	
1071	{"family":"lda_isotonic","fold":2,"repeat":8,"rung":30}	0.046998	0.005	ok	
1072	{"family":"lda_isotonic","fold":3,"repeat":8,"rung":30}	0.055854	0.005	ok	
1073	{"family":"lda_isotonic","fold":0,"repeat":9,"rung":30}	0.039688	0.005	ok	
1074	{"family":"lda_isotonic","fold":1,"repeat":9,"rung":30}	0.041641	0.005	ok	
1075	{"family":"lda_isotonic","fold":2,"repeat":9,"rung":30}	0.027778	0.005	ok	
1076	{"family":"lda_isotonic","fold":3,"repeat":9,"rung":30}	0.000231	0.005	ok	
1077	{"family":"lda_isotonic","fold":0,"repeat":10,"rung":30}	0.029734	0.005	ok	
1078	{"family":"lda_isotonic","fold":1,"repeat":10,"rung":30}	0.100000	0.005	ok	
1079	{"family":"lda_isotonic","fold":2,"repeat":10,"rung":30}	0.052224	0.005	ok	
1080	{"family":"lda_isotonic","fold":3,"repeat":10,"rung":30}	0.014521	0.005	ok	
1081	{"family":"logit_l2","fold":0,"repeat":1,"rung":60}	0.029401	0.002	ok	
1082	{"family":"logit_l2","fold":1,"repeat":1,"rung":60}	0.024822	0.002	ok	
1083	{"family":"logit_l2","fold":2,"repeat":1,"rung":60}	0.063016	0.002	ok	
1084	{"family":"logit_l2","fold":3,"repeat":1,"rung":60}	0.040051	0.002	ok	
1085	{"family":"logit_l2","fold":0,"repeat":2,"rung":60}	0.058687	0.002	ok	
1086	{"family":"logit_l2","fold":1,"repeat":2,"rung":60}	0.012591	0.002	ok	
1087	{"family":"logit_l2","fold":2,"repeat":2,"rung":60}	0.023345	0.002	ok	
1088	{"family":"logit_l2","fold":3,"repeat":2,"rung":60}	0.036505	0.002	ok	
1089	{"family":"logit_l2","fold":0,"repeat":3,"rung":60}	0.026053	0.002	ok	
1090	{"family":"logit_l2","fold":1,"repeat":3,"rung":60}	0.040228	0.002	ok	
1091	{"family":"logit_l2","fold":2,"repeat":3,"rung":60}	0.041681	0.002	ok	
1092	{"family":"logit_l2","fold":3,"repeat":3,"rung":60}	0.013349	0.002	ok	
1093	{"family":"logit_l2","fold":0,"repeat":4,"rung":60}	0.056934	0.001	ok	
1094	{"family":"logit_l2","fold":1,"repeat":4,"rung":60}	0.008582	0.001	ok	
1095	{"family":"logit_l2","fold":2,"repeat":4,"rung":60}	0.056578	0.001	ok	
1096	{"family":"logit_l2","fold":3,"repeat":4,"rung":60}	0.047779	0.001	ok	
1097	{"family":"logit_l2","fold":0,"repeat":5,"rung":60}	0.024112	0.002	ok	
1098	{"family":"logit_l2","fold":1,"repeat":5,"rung":60}	0.042138	0.001	ok	
1099	{"family":"logit_l2","fold":2,"repeat":5,"rung":60}	0.034019	0.001	ok	
1100	{"family":"logit_l2","fold":3,"repeat":5,"rung":60}	0.016018	0.002	ok	
1101	{"family":"logit_l2","fold":0,"repeat":6,"rung":60}	0.029590	0.002	ok	
1102	{"family":"logit_l2","fold":1,"repeat":6,"rung":60}	0.076081	0.001	ok	
1103	{"family":"logit_l2","fold":2,"repeat":6,"rung":60}	0.022735	0.001	ok	
1104	{"family":"logit_l2","fold":3,"repeat":6,"rung":60}	0.019942	0.002	ok	
1105	{"family":"logit_l2","fold":0,"repeat":7,"rung":60}	0.032705	0.001	ok	
1106	{"family":"logit_l2","fold":1,"repeat":7,"rung":60}	0.030006	0.001	ok	
1107	{"family":"logit_l2","fold":2,"repeat":7,"rung":60}	0.049134	0.001	ok	
1108	{"family":"logit_l2","fold":3,"repeat":7,"rung":60}	0.020237	0.002	ok	
1109	{"family":"logit_l2","fold":0,"repeat":8,"rung":60}	0.023382	0.002	ok	
1110	{"family":"logit_l2","fold":1,"repeat":8,"rung":60}	0.014156	0.002	ok	
1111	{"family":"logit_l2","fold":2,"repeat":8,"rung":60}	0.041846	0.001	ok	
1112	{"family":"logit_l2","fold":3,"repeat":8,"rung":60}	0.044296	0.002	ok	
1113	{"family":"logit_l2","fold":0,"repeat":9,"rung":60}	0.068039	0.001	ok	
1114	{"family":"logit_l2","fold":1,"repeat":9,"rung":60}	0.019415	0.002	ok	
1115	{"family":"logit_l2","fold":2,"repeat":9,"rung":60}	0.029593	0.001	ok	
1116	{"family":"logit_l2","fold":3,"repeat":9,"rung":60}	0.018120	0.002	ok	
1117	{"family":"logit_l2","fold":0,"repeat":10,"rung":60}	0.026947	0.002	ok	
1118	{"family":"logit_l2","fold":1,"repeat":10,"rung":60}	0.038955	0.002	ok	
1119	{"family":"logit_l2","fold":2,"repeat":10,"rung":60}	0.032415	0.002	ok	
1120	{"family":"logit_l2","fold":3,"repeat":10,"rung":60}	0.030117	0.002	ok	
1121	{"family":"logit_l2","fold":0,"repeat":1,"rung":45}	0.030246	0.002	ok	
1122	{"family":"logit_l2","fold":1,"repeat":1,"rung":45}	0.027768	0.001	ok	
1123	{"family":"logit_l2","fold":2,"repeat":1,"rung":45}	0.067159	0.002	ok	
1124	{"family":"logit_l2","fold":3,"repeat":1,"rung":45}	0.053811	0.002	ok	
1125	{"family":"logit_l2","fold":0,"repeat":2,"rung":45}	0.062962	0.001	ok	
1126	{"family":"logit_l2","fold":1,"repeat":2,"rung":45}	0.014688	0.002	ok	
1127	{"family":"logit_l2","fold":2,"repeat":2,"rung":45}	0.030362	0.001	ok	
1128	{"family":"logit_l2","fold":3,"repeat":2,"rung":45}	0.038304	0.002	ok	
1129	{"family":"logit_l2","fold":0,"repeat":3,"rung":45}	0.028194	0.002	ok	
1130	{"family":"logit_l2","fold":1,"repeat":3,"rung":45}	0.054703	0.002	ok	
1131	{"family":"logit_l2","fold":2,"repeat":3,"rung":45}	0.040954	0.001	ok	
1132	{"family":"logit_l2","fold":3,"repeat":3,"rung":45}	0.015710	0.002	ok	
1133	{"family":"logit_l2","fold":0,"repeat":4,"rung":45}	0.075426	0.002	ok	
1134	{"family":"logit_l2","fold":1,"repeat":4,"rung":45}	0.009544	0.001	ok	
1135	{"family":"logit_l2","fold":2,"repeat":4,"rung":45}	0.051660	0.001	ok	
1136	{"family":"logit_l2","fold":3,"repeat":4,"rung":45}	0.051797	0.001	ok	
1137	{"family":"logit_l2","fold":0,"repeat":5,"rung":45}	0.027454	0.002	ok	
1138	{"family":"logit_l2","fold":1,"repeat":5,"rung":45}	0.046505	0.001	ok	
1139	{"family":"logit_l2","fold":2,"repeat":5,"rung":45}	0.033646	0.001	ok	
1140	{"family":"logit_l2","fold":3,"repeat":5,"rung":45}	0.012497	0.002	ok	
1141	{"family":"logit_l2","fold":0,"repeat":6,"rung":45}	0.036621	0.001	ok	
1142	{"family":"logit_l2","fold":1,"repeat":6,"rung":45}	0.073157	0.001	ok	
1143	{"family":"logit_l2","fold":2,"repeat":6,"rung":45}	0.028806	0.001	ok	
1144	{"family":"logit_l2","fold":3,"repeat":6,"rung":45}	0.019808	0.002	ok	
1145	{"family":"logit_l2","fold":0,"repeat":7,"rung":45}	0.037351	0.002	ok	
1146	{"family":"logit_l2","fold":1,"repeat":7,"rung":45}	0.033271	0.001	ok	
1147	{"family":"logit_l2","fold":2,"repeat":7,"rung":45}	0.055342	0.002	ok	
1148	{"family":"logit_l2","fold":3,"repeat":7,"rung":45}	0.026204	0.002	ok	
1149	{"family":"logit_l2","fold":0,"repeat":8,"rung":45}	0.030354	0.002	ok	
1150	{"family":"logit_l2","fold":1,"repeat":8,"rung":45}	0.015061	0.002	ok	
1151	{"family":"logit_l2","fold":2,"repeat":8,"rung":45}	0.048059	0.001	ok	
1152	{"family":"logit_l2","fold":3,"repeat":8,"rung":45}	0.058353	0.002	ok	
1153	{"family":"logit_l2","fold":0,"repeat":9,"rung":45}	0.072273	0.002	ok	
1154	{"family":"logit_l2","fold":1,"repeat":9,"rung":45}	0.022074	0.001	ok	
1155	{"family":"logit_l2","fold":2,"repeat":9,"rung":45}	0.033041	0.001	ok	
1156	{"family":"logit_l2","fold":3,"repeat":9,"rung":45}	0.023113	0.002	ok	
1157	{"family":"logit_l2","fold":0,"repeat":10,"rung":45}	0.027462	0.001	ok	
1158	{"family":"logit_l2","fold":1,"repeat":10,"rung":45}	0.048271	0.001	ok	
1159	{"family":"logit_l2","fold":2,"repeat":10,"rung":45}	0.032630	0.002	ok	
1160	{"family":"logit_l2","fold":3,"repeat":10,"rung":45}	0.035065	0.002	ok	
1161	{"family":"logit_l2","fold":0,"repeat":1,"rung":30}	0.031696	0.001	ok	
1162	{"family":"logit_l2","fold":1,"repeat":1,"rung":30}	0.029104	0.002	ok	
1163	{"family":"logit_l2","fold":2,"repeat":1,"rung":30}	0.069619	0.002	ok	
1164	{"family":"logit_l2","fold":3,"repeat":1,"rung":30}	0.064076	0.002	ok	
1165	{"family":"logit_l2","fold":0,"repeat":2,"rung":30}	0.063702	0.002	ok	
1166	{"family":"logit_l2","fold":1,"repeat":2,"rung":30}	0.024067	0.002	ok	
1167	{"family":"logit_l2","fold":2,"repeat":2,"rung":30}	0.037264	0.001	ok	
1168	{"family":"logit_l2","fold":3,"repeat":2,"rung":30}	0.041613	0.001	ok	
1169	{"family":"logit_l2","fold":0,"repeat":3,"rung":30}	0.036403	0.001	ok	
1170	{"family":"logit_l2","fold":1,"repeat":3,"rung":30}	0.055619	0.001	ok	
1171	{"family":"logit_l2","fold":2,"repeat":3,"rung":30}	0.039854	0.001	ok	
1172	{"family":"logit_l2","fold":3,"repeat":3,"rung":30}	0.030485	0.002	ok	
1173	{"family":"logit_l2","fold":0,"repeat":4,"rung":30}	0.105225	0.001	ok	
1174	{"family":"logit_l2","fold":1,"repeat":4,"rung":30}	0.016996	0.001	ok	
1175	{"family":"logit_l2","fold":2,"repeat":4,"rung":30}	0.055755	0.001	ok	
1176	{"family":"logit_l2","fold":3,"repeat":4,"rung":30}	0.053295	0.001	ok	
1177	{"family":"logit_l2","fold":0,"repeat":5,"rung":30}	0.031404	0.001	ok	
1178	{"family":"logit_l2","fold":1,"repeat":5,"rung":30}	0.060525	0.001	ok	
1179	{"family":"logit_l2","fold":2,"repeat":5,"rung":30}	0.047324	0.001	ok	
1180	{"family":"logit_l2","fold":3,"repeat":5,"rung":30}	0.015378	0.002	ok	
1181	{"family":"logit_l2","fold":0,"repeat":6,"rung":30}	0.049322	0.001	ok	
1182	{"family":"logit_l2","fold":1,"repeat":6,"rung":30}	0.096154	0.001	ok	
1183	{"family":"logit_l2","fold":2,"repeat":6,"rung":30}	0.038029	0.001	ok	
1184	{"family":"logit_l2","fold":3,"repeat":6,"rung":30}	0.021200	0.002	ok	
1185	{"family":"logit_l2","fold":0,"repeat":7,"rung":30}	0.038737	0.001	ok	
1186	{"family":"logit_l2","fold":1,"repeat":7,"rung":30}	0.041747	0.001	ok	
1187	{"family":"logit_l2","fold":2,"repeat":7,"rung":30}	0.057453	0.001	ok	
1188	{"family":"logit_l2","fold":3,"repeat":7,"rung":30}	0.028877	0.001	ok	
1189	{"family":"logit_l2","fold":0,"repeat":8,"rung":30}	0.051782	0.001	ok	
1190	{"family":"logit_l2","fold":1,"repeat":8,"rung":30}	0.030474	0.001	ok	
1191	{"family":"logit_l2","fold":2,"repeat":8,"rung":30}	0.051632	0.002	ok	
1192	{"family":"logit_l2","fold":3,"repeat":8,"rung":30}	0.073516	0.002	ok	
1193	{"family":"logit_l2","fold":0,"repeat":9,"rung":30}	0.108741	0.001	ok	
1194	{"family":"logit_l2","fold":1,"repeat":9,"rung":30}	0.020605	0.001	ok	
1195	{"family":"logit_l2","fold":2,"repeat":9,"rung":30}	0.052386	0.002	ok	
1196	{"family":"logit_l2","fold":3,"repeat":9,"rung":30}	0.034143	0.001	ok	
1197	{"family":"logit_l2","fold":0,"repeat":10,"rung":30}	0.035645	0.001	ok	
1198	{"family":"logit_l2","fold":1,"repeat":10,"rung":30}	0.076485	0.001	ok	
1199	{"family":"logit_l2","fold":2,"repeat":10,"rung":30}	0.038712	0.002	ok	
1200	{"family":"logit_l2","fold":3,"repeat":10,"rung":30}	0.035331	0.001	ok	
1201	{"family":"logit_l2","fold":0,"repeat":1,"rung":20}	0.039799	0.001	ok	
1202	{"family":"logit_l2","fold":1,"repeat":1,"rung":20}	0.023426	0.001	ok	
1203	{"family":"logit_l2","fold":2,"repeat":1,"rung":20}	0.085651	0.001	ok	
1204	{"family":"logit_l2","fold":3,"repeat":1,"rung":20}	0.065025	0.001	ok	
1205	{"family":"logit_l2","fold":0,"repeat":2,"rung":20}	0.073614	0.001	ok	
1206	{"family":"logit_l2","fold":1,"repeat":2,"rung":20}	0.036924	0.001	ok	
1207	{"family":"logit_l2","fold":2,"repeat":2,"rung":20}	0.042982	0.001	ok	
1208	{"family":"logit_l2","fold":3,"repeat":2,"rung":20}	0.050027	0.001	ok	
1209	{"family":"logit_l2","fold":0,"repeat":3,"rung":20}	0.048131	0.001	ok	
1210	{"family":"logit_l2","fold":1,"repeat":3,"rung":20}	0.067970	0.001	ok	
1211	{"family":"logit_l2","fold":2,"repeat":3,"rung":20}	0.036258	0.001	ok	
1212	{"family":"logit_l2","fold":3,"repeat":3,"rung":20}	0.032229	0.002	ok	
1213	{"family":"logit_l2","fold":0,"repeat":4,"rung":20}	0.096229	0.001	ok	
1214	{"family":"logit_l2","fold":1,"repeat":4,"rung":20}	0.026265	0.002	ok	
1215	{"family":"logit_l2","fold":2,"repeat":4,"rung":20}	0.050539	0.001	ok	
1216	{"family":"logit_l2","fold":3,"repeat":4,"rung":20}	0.056513	0.001	ok	
1217	{"family":"logit_l2","fold":0,"repeat":5,"rung":20}	0.035843	0.001	ok	
1218	{"family":"logit_l2","fold":1,"repeat":5,"rung":20}	0.068651	0.001	ok	
1219	{"family":"logit_l2","fold":2,"repeat":5,"rung":20}	0.067659	0.001	ok	
1220	{"family":"logit_l2","fold":3,"repeat":5,"rung":20}	0.020826	0.001	ok	
1221	{"family":"logit_l2","fold":0,"repeat":6,"rung":20}	0.093620	0.001	ok	
1222	{"family":"logit_l2","fold":1,"repeat":6,"rung":20}	0.111197	0.001	ok	
1223	{"family":"logit_l2","fold":2,"repeat":6,"rung":20}	0.036938	0.001	ok	
1224	{"family":"logit_l2","fold":3,"repeat":6,"rung":20}	0.029908	0.001	ok	
1225	{"family":"logit_l2","fold":0,"repeat":7,"rung":20}	0.058413	0.001	ok	
1226	{"family":"logit_l2","fold":1,"repeat":7,"rung":20}	0.043623	0.001	ok	
1227	{"family":"logit_l2","fold":2,"repeat":7,"rung":20}	0.077049	0.001	ok	
1228	{"family":"logit_l2","fold":3,"repeat":7,"rung":20}	0.026729	0.001	ok	
1229	{"family":"logit_l2","fold":0,"repeat":8,"rung":20}	0.060955	0.001	ok	
1230	{"family":"logit_l2","fold":1,"repeat":8,"rung":20}	0.031884	0.001	ok	
1231	{"family":"logit_l2","fold":2,"repeat":8,"rung":20}	0.061038	0.002	ok	
1232	{"family":"logit_l2","fold":3,"repeat":8,"rung":20}	0.081339	0.001	ok	
1233	{"family":"logit_l2","fold":0,"repeat":9,"rung":20}	0.105409	0.001	ok	
1234	{"family":"logit_l2","fold":1,"repeat":9,"rung":20}	0.019338	0.001	ok	
1235	{"family":"logit_l2","fold":2,"repeat":9,"rung":20}	0.054520	0.001	ok	
1236	{"family":"logit_l2","fold":3,"repeat":9,"rung":20}	0.042853	0.002	ok	
1237	{"family":"logit_l2","fold":0,"repeat":10,"rung":20}	0.040152	0.002	ok	
1238	{"family":"logit_l2","fold":1,"repeat":10,"rung":20}	0.096632	0.002	ok	
1239	{"family":"logit_l2","fold":2,"repeat":10,"rung":20}	0.044023	0.002	ok	
1240	{"family":"logit_l2","fold":3,"repeat":10,"rung":20}	0.038946	0.001	ok	
1241	{"family":"logit_l2","fold":0,"repeat":1,"rung":12}	0.064445	0.001	ok	
1242	{"family":"logit_l2","fold":1,"repeat":1,"rung":12}	0.034696	0.001	ok	
1243	{"family":"logit_l2","fold":2,"repeat":1,"rung":12}	0.140422	0.001	ok	
1244	{"family":"logit_l2","fold":3,"repeat":1,"rung":12}	0.092495	0.001	ok	
1245	{"family":"logit_l2","fold":0,"repeat":2,"rung":12}	0.066492	0.001	ok	
1246	{"family":"logit_l2","fold":1,"repeat":2,"rung":12}	0.044666	0.001	ok	
1247	{"family":"logit_l2","fold":2,"repeat":2,"rung":12}	0.046008	0.001	ok	
1248	{"family":"logit_l2","fold":3,"repeat":2,"rung":12}	0.063546	0.001	ok	
1249	{"family":"logit_l2","fold":0,"repeat":3,"rung":12}	0.067679	0.001	ok	
1250	{"family":"logit_l2","fold":1,"repeat":3,"rung":12}	0.085732	0.001	ok	
1251	{"family":"logit_l2","fold":2,"repeat":3,"rung":12}	0.042157	0.001	ok	
1252	{"family":"logit_l2","fold":3,"repeat":3,"rung":12}	0.037275	0.001	ok	
1253	{"family":"logit_l2","fold":0,"repeat":4,"rung":12}	0.088746	0.001	ok	
1254	{"family":"logit_l2","fold":1,"repeat":4,"rung":12}	0.034763	0.002	ok	
1255	{"family":"logit_l2","fold":2,"repeat":4,"rung":12}	0.062156	0.001	ok	
1256	{"family":"logit_l2","fold":3,"repeat":4,"rung":12}	0.073443	0.002	ok	
1257	{"family":"logit_l2","fold":0,"repeat":5,"rung":12}	0.040325	0.002	ok	
1258	{"family":"logit_l2","fold":1,"repeat":5,"rung":12}	0.137564	0.002	ok	
1259	{"family":"logit_l2","fold":2,"repeat":5,"rung":12}	0.062657	0.001	ok	
1260	{"family":"logit_l2","fold":3,"repeat":5,"rung":12}	0.027807	0.001	ok	
1261	{"family":"logit_l2","fold":0,"repeat":6,"rung":12}	0.134526	0.002	ok	
1262	{"family":"logit_l2","fold":1,"repeat":6,"rung":12}	0.098608	0.001	ok	
1263	{"family":"logit_l2","fold":2,"repeat":6,"rung":12}	0.050163	0.001	ok	
1264	{"family":"logit_l2","fold":3,"repeat":6,"rung":12}	0.049027	0.001	ok	
1265	{"family":"logit_l2","fold":0,"repeat":7,"rung":12}	0.071579	0.001	ok	
1266	{"family":"logit_l2","fold":1,"repeat":7,"rung":12}	0.032374	0.001	ok	
1267	{"family":"logit_l2","fold":2,"repeat":7,"rung":12}	0.075429	0.001	ok	
1268	{"family":"logit_l2","fold":3,"repeat":7,"rung":12}	0.015247	0.001	ok	
1269	{"family":"logit_l2","fold":0,"repeat":8,"rung":12}	0.071883	0.001	ok	
1270	{"family":"logit_l2","fold":1,"repeat":8,"rung":12}	0.084665	0.002	ok	
1271	{"family":"logit_l2","fold":2,"repeat":8,"rung":12}	0.072581	0.002	ok	
1272	{"family":"logit_l2","fold":3,"repeat":8,"rung":12}	0.116329	0.001	ok	
1273	{"family":"logit_l2","fold":0,"repeat":9,"rung":12}	0.139403	0.002	ok	
1274	{"family":"logit_l2","fold":1,"repeat":9,"rung":12}	0.034107	0.001	ok	
1275	{"family":"logit_l2","fold":2,"repeat":9,"rung":12}	0.055124	0.002	ok	
1276	{"family":"logit_l2","fold":3,"repeat":9,"rung":12}	0.081442	0.001	ok	
1277	{"family":"logit_l2","fold":0,"repeat":10,"rung":12}	0.057602	0.002	ok	
1278	{"family":"logit_l2","fold":1,"repeat":10,"rung":12}	0.119939	0.002	ok	
1279	{"family":"logit_l2","fold":2,"repeat":10,"rung":12}	0.054748	0.001	ok	
1280	{"family":"logit_l2","fold":3,"repeat":10,"rung":12}	0.038035	0.001	ok	
1281	{"family":"logit_l2","fold":0,"repeat":1,"rung":8}	0.073906	0.001	ok	
1282	{"family":"logit_l2","fold":1,"repeat":1,"rung":8}	0.030077	0.001	ok	
1283	{"family":"logit_l2","fold":2,"repeat":1,"rung":8}	0.145502	0.002	ok	
1284	{"family":"logit_l2","fold":3,"repeat":1,"rung":8}	0.135360	0.001	ok	
1285	{"family":"logit_l2","fold":0,"repeat":2,"rung":8}	0.070314	0.002	ok	
1286	{"family":"logit_l2","fold":1,"repeat":2,"rung":8}	0.059388	0.001	ok	
1287	{"family":"logit_l2","fold":2,"repeat":2,"rung":8}	0.045751	0.001	ok	
1288	{"family":"logit_l2","fold":3,"repeat":2,"rung":8}	0.104280	0.002	ok	
1289	{"family":"logit_l2","fold":0,"repeat":3,"rung":8}	0.056405	0.002	ok	
1290	{"family":"logit_l2","fold":1,"repeat":3,"rung":8}	0.093310	0.002	ok	
1291	{"family":"logit_l2","fold":2,"repeat":3,"rung":8}	0.039343	0.001	ok	
1292	{"family":"logit_l2","fold":3,"repeat":3,"rung":8}	0.032809	0.001	ok	
1293	{"family":"logit_l2","fold":0,"repeat":4,"rung":8}	0.097007	0.002	ok	
1294	{"family":"logit_l2","fold":1,"repeat":4,"rung":8}	0.066991	0.002	ok	
1295	{"family":"logit_l2","fold":2,"repeat":4,"rung":8}	0.051600	0.001	ok	
1296	{"family":"logit_l2","fold":3,"repeat":4,"rung":8}	0.078077	0.002	ok	
1297	{"family":"logit_l2","fold":0,"repeat":5,"rung":8}	0.055287	0.002	ok	
1298	{"family":"logit_l2","fold":1,"repeat":5,"rung":8}	0.126026	0.001	ok	
1299	{"family":"logit_l2","fold":2,"repeat":5,"rung":8}	0.078421	0.002	ok	
1300	{"family":"logit_l2","fold":3,"repeat":5,"rung":8}	0.054002	0.001	ok	
1301	{"family":"logit_l2","fold":0,"repeat":6,"rung":8}	0.140881	0.001	ok	
1302	{"family":"logit_l2","fold":1,"repeat":6,"rung":8}	0.110384	0.001	ok	
1303	{"family":"logit_l2","fold":2,"repeat":6,"rung":8}	0.060050	0.002	ok	
1304	{"family":"logit_l2","fold":3,"repeat":6,"rung":8}	0.084423	0.002	ok	
1305	{"family":"logit_l2","fold":0,"repeat":7,"rung":8}	0.082692	0.001	ok	
1306	{"family":"logit_l2","fold":1,"repeat":7,"rung":8}	0.036984	0.002	ok	
1307	{"family":"logit_l2","fold":2,"repeat":7,"rung":8}	0.143624	0.002	ok	
1308	{"family":"logit_l2","fold":3,"repeat":7,"rung":8}	0.011737	0.002	ok	
1309	{"family":"logit_l2","fold":0,"repeat":8,"rung":8}	0.064542	0.002	ok	
1310	{"family":"logit_l2","fold":1,"repeat":8,"rung":8}	0.068579	0.001	ok	
1311	{"family":"logit_l2","fold":2,"repeat":8,"rung":8}	0.074026	0.001	ok	
1312	{"family":"logit_l2","fold":3,"repeat":8,"rung":8}	0.125196	0.001	ok	
1313	{"family":"logit_l2","fold":0,"repeat":9,"rung":8}	0.146193	0.001	ok	
1314	{"family":"logit_l2","fold":1,"repeat":9,"rung":8}	0.038673	0.001	ok	
1315	{"family":"logit_l2","fold":2,"repeat":9,"rung":8}	0.065798	0.001	ok	
1316	{"family":"logit_l2","fold":3,"repeat":9,"rung":8}	0.079126	0.001	ok	
1317	{"family":"logit_l2","fold":0,"repeat":10,"rung":8}	0.098719	0.001	ok	
1318	{"family":"logit_l2","fold":1,"repeat":10,"rung":8}	0.125402	0.001	ok	
1319	{"family":"logit_l2","fold":2,"repeat":10,"rung":8}	0.060302	0.001	ok	
1320	{"family":"logit_l2","fold":3,"repeat":10,"rung":8}	0.044151	0.001	ok	
1321	{"family":"logit_area","fold":0,"repeat":1,"rung":60}	0.025844	0.001	ok	
1322	{"family":"logit_area","fold":1,"repeat":1,"rung":60}	0.023690	0.001	ok	
1323	{"family":"logit_area","fold":2,"repeat":1,"rung":60}	0.053582	0.001	ok	
1324	{"family":"logit_area","fold":3,"repeat":1,"rung":60}	0.037852	0.001	ok	
1325	{"family":"logit_area","fold":0,"repeat":2,"rung":60}	0.052230	0.001	ok	
1326	{"family":"logit_area","fold":1,"repeat":2,"rung":60}	0.008833	0.001	ok	
1327	{"family":"logit_area","fold":2,"repeat":2,"rung":60}	0.023263	0.001	ok	
1328	{"family":"logit_area","fold":3,"repeat":2,"rung":60}	0.033132	0.001	ok	
1329	{"family":"logit_area","fold":0,"repeat":3,"rung":60}	0.022880	0.001	ok	
1330	{"family":"logit_area","fold":1,"repeat":3,"rung":60}	0.036994	0.001	ok	
1331	{"family":"logit_area","fold":2,"repeat":3,"rung":60}	0.038390	0.001	ok	
1332	{"family":"logit_area","fold":3,"repeat":3,"rung":60}	0.010364	0.001	ok	
1333	{"family":"logit_area","fold":0,"repeat":4,"rung":60}	0.056979	0.001	ok	
1334	{"family":"logit_area","fold":1,"repeat":4,"rung":60}	0.006795	0.001	ok	
1335	{"family":"logit_area","fold":2,"repeat":4,"rung":60}	0.050044	0.001	ok	
1336	{"family":"logit_area","fold":3,"repeat":4,"rung":60}	0.043496	0.001	ok	
1337	{"family":"logit_area","fold":0,"repeat":5,"rung":60}	0.020652	0.001	ok	
1338	{"family":"logit_area","fold":1,"repeat":5,"rung":60}	0.037592	0.001	ok	
1339	{"family":"logit_area","fold":2,"repeat":5,"rung":60}	0.031280	0.001	ok	
1340	{"family":"logit_area","fold":3,"repeat":5,"rung":60}	0.012754	0.001	ok	
1341	{"family":"logit_area","fold":0,"repeat":6,"rung":60}	0.027678	0.001	ok	
1342	{"family":"logit_area","fold":1,"repeat":6,"rung":60}	0.067422	0.001	ok	
1343	{"family":"logit_area","fold":2,"repeat":6,"rung":60}	0.020518	0.001	ok	
1344	{"family":"logit_area","fold":3,"repeat":6,"rung":60}	0.019330	0.001	ok	
1345	{"family":"logit_area","fold":0,"repeat":7,"rung":60}	0.029056	0.001	ok	
1346	{"family":"logit_area","fold":1,"repeat":7,"rung":60}	0.026994	0.001	ok	
1347	{"family":"logit_area","fold":2,"repeat":7,"rung":60}	0.048227	0.001	ok	
1348	{"family":"logit_area","fold":3,"repeat":7,"rung":60}	0.017802	0.001	ok	
1349	{"family":"logit_area","fold":0,"repeat":8,"rung":60}	0.019937	0.001	ok	
1350	{"family":"logit_area","fold":1,"repeat":8,"rung":60}	0.010913	0.001	ok	
1351	{"family":"logit_area","fold":2,"repeat":8,"rung":60}	0.039684	0.001	ok	
1352	{"family":"logit_area","fold":3,"repeat":8,"rung":60}	0.039363	0.001	ok	
1353	{"family":"logit_area","fold":0,"repeat":9,"rung":60}	0.062622	0.001	ok	
1354	{"family":"logit_area","fold":1,"repeat":9,"rung":60}	0.019065	0.001	ok	
1355	{"family":"logit_area","fold":2,"repeat":9,"rung":60}	0.025604	0.001	ok	
1356	{"family":"logit_area","fold":3,"repeat":9,"rung":60}	0.012336	0.001	ok	
1357	{"family":"logit_area","fold":0,"repeat":10,"rung":60}	0.022983	0.001	ok	
1358	{"family":"logit_area","fold":1,"repeat":10,"rung":60}	0.034052	0.001	ok	
1359	{"family":"logit_area","fold":2,"repeat":10,"rung":60}	0.030018	0.001	ok	
1360	{"family":"logit_area","fold":3,"repeat":10,"rung":60}	0.026486	0.001	ok	
1361	{"family":"logit_area","fold":0,"repeat":1,"rung":45}	0.025904	0.001	ok	
1362	{"family":"logit_area","fold":1,"repeat":1,"rung":45}	0.026549	0.001	ok	
1363	{"family":"logit_area","fold":2,"repeat":1,"rung":45}	0.055071	0.001	ok	
1364	{"family":"logit_area","fold":3,"repeat":1,"rung":45}	0.051547	0.001	ok	
1365	{"family":"logit_area","fold":0,"repeat":2,"rung":45}	0.056771	0.001	ok	
1366	{"family":"logit_area","fold":1,"repeat":2,"rung":45}	0.010305	0.001	ok	
1367	{"family":"logit_area","fold":2,"repeat":2,"rung":45}	0.030071	0.001	ok	
1368	{"family":"logit_area","fold":3,"repeat":2,"rung":45}	0.033908	0.001	ok	
1369	{"family":"logit_area","fold":0,"repeat":3,"rung":45}	0.024473	0.001	ok	
1370	{"family":"logit_area","fold":1,"repeat":3,"rung":45}	0.049281	0.001	ok	
1371	{"family":"logit_area","fold":2,"repeat":3,"rung":45}	0.037363	0.001	ok	
1372	{"family":"logit_area","fold":3,"repeat":3,"rung":45}	0.011483	0.001	ok	
1373	{"family":"logit_area","fold":0,"repeat":4,"rung":45}	0.072103	0.001	ok	
1374	{"family":"logit_area","fold":1,"repeat":4,"rung":45}	0.007198	0.001	ok	
1375	{"family":"logit_area","fold":2,"repeat":4,"rung":45}	0.044048	0.001	ok	
1376	{"family":"logit_area","fold":3,"repeat":4,"rung":45}	0.046644	0.001	ok	
1377	{"family":"logit_area","fold":0,"repeat":5,"rung":45}	0.022782	0.001	ok	
1378	{"family":"logit_area","fold":1,"repeat":5,"rung":45}	0.040764	0.001	ok	
1379	{"family":"logit_area","fold":2,"repeat":5,"rung":45}	0.029810	0.001	ok	
1380	{"family":"logit_area","fold":3,"repeat":5,"rung":45}	0.009307	0.001	ok	
1381	{"family":"logit_area","fold":0,"repeat":6,"rung":45}	0.034746	0.001	ok	
1382	{"family":"logit_area","fold":1,"repeat":6,"rung":45}	0.064617	0.001	ok	
1383	{"family":"logit_area","fold":2,"repeat":6,"rung":45}	0.026285	0.001	ok	
1384	{"family":"logit_area","fold":3,"repeat":6,"rung":45}	0.017854	0.001	ok	
1385	{"family":"logit_area","fold":0,"repeat":7,"rung":45}	0.034306	0.001	ok	
1386	{"family":"logit_area","fold":1,"repeat":7,"rung":45}	0.028637	0.001	ok	
1387	{"family":"logit_area","fold":2,"repeat":7,"rung":45}	0.053885	0.001	ok	
1388	{"family":"logit_area","fold":3,"repeat":7,"rung":45}	0.022946	0.001	ok	
1389	{"family":"logit_area","fold":0,"repeat":8,"rung":45}	0.025687	0.001	ok	
1390	{"family":"logit_area","fold":1,"repeat":8,"rung":45}	0.011296	0.001	ok	
1391	{"family":"logit_area","fold":2,"repeat":8,"rung":45}	0.045347	0.001	ok	
1392	{"family":"logit_area","fold":3,"repeat":8,"rung":45}	0.054091	0.001	ok	
1393	{"family":"logit_area","fold":0,"repeat":9,"rung":45}	0.065556	0.001	ok	
1394	{"family":"logit_area","fold":1,"repeat":9,"rung":45}	0.022533	0.001	ok	
1395	{"family":"logit_area","fold":2,"repeat":9,"rung":45}	0.028414	0.001	ok	
1396	{"family":"logit_area","fold":3,"repeat":9,"rung":45}	0.015952	0.001	ok	
1397	{"family":"logit_area","fold":0,"repeat":10,"rung":45}	0.023137	0.001	ok	
1398	{"family":"logit_area","fold":1,"repeat":10,"rung":45}	0.042924	0.001	ok	
1399	{"family":"logit_area","fold":2,"repeat":10,"rung":45}	0.029669	0.001	ok	
1400	{"family":"logit_area","fold":3,"repeat":10,"rung":45}	0.030430	0.001	ok	
1401	{"family":"logit_area","fold":0,"repeat":1,"rung":30}	0.026488	0.001	ok	
1402	{"family":"logit_area","fold":1,"repeat":1,"rung":30}	0.028140	0.001	ok	
1403	{"family":"logit_area","fold":2,"repeat":1,"rung":30}	0.057183	0.001	ok	
1404	{"family":"logit_area","fold":3,"repeat":1,"rung":30}	0.058979	0.001	ok	
1405	{"family":"logit_area","fold":0,"repeat":2,"rung":30}	0.058605	0.001	ok	
1406	{"family":"logit_area","fold":1,"repeat":2,"rung":30}	0.017613	0.001	ok	
1407	{"family":"logit_area","fold":2,"repeat":2,"rung":30}	0.034999	0.001	ok	
1408	{"family":"logit_area","fold":3,"repeat":2,"rung":30}	0.036416	0.001	ok	
1409	{"family":"logit_area","fold":0,"repeat":3,"rung":30}	0.030327	0.001	ok	
1410	{"family":"logit_area","fold":1,"repeat":3,"rung":30}	0.049875	0.001	ok	
1411	{"family":"logit_area","fold":2,"repeat":3,"rung":30}	0.035330	0.001	ok	
1412	{"family":"logit_area","fold":3,"repeat":3,"rung":30}	0.024304	0.001	ok	
1413	{"family":"logit_area","fold":0,"repeat":4,"rung":30}	0.101525	0.001	ok	
1414	{"family":"logit_area","fold":1,"repeat":4,"rung":30}	0.013480	0.001	ok	
1415	{"family":"logit_area","fold":2,"repeat":4,"rung":30}	0.048314	0.001	ok	
1416	{"family":"logit_area","fold":3,"repeat":4,"rung":30}	0.046077	0.001	ok	
1417	{"family":"logit_area","fold":0,"repeat":5,"rung":30}	0.025067	0.001	ok	
1418	{"family":"logit_area","fold":1,"repeat":5,"rung":30}	0.051086	0.001	ok	
1419	{"family":"logit_area","fold":2,"repeat":5,"rung":30}	0.042046	0.001	ok	
1420	{"family":"logit_area","fold":3,"repeat":5,"rung":30}	0.010901	0.001	ok	
1421	{"family":"logit_area","fold":0,"repeat":6,"rung":30}	0.046528	0.001	ok	
1422	{"family":"logit_area","fold":1,"repeat":6,"rung":30}	0.082457	0.001	ok	
1423	{"family":"logit_area","fold":2,"repeat":6,"rung":30}	0.033872	0.001	ok	
1424	{"family":"logit_area","fold":3,"repeat":6,"rung":30}	0.017687	0.001	ok	
1425	{"family":"logit_area","fold":0,"repeat":7,"rung":30}	0.033880	0.001	ok	
1426	{"family":"logit_area","fold":1,"repeat":7,"rung":30}	0.035581	0.001	ok	
1427	{"family":"logit_area","fold":2,"repeat":7,"rung":30}	0.055265	0.001	ok	
1428	{"family":"logit_area","fold":3,"repeat":7,"rung":30}	0.024377	0.001	ok	
1429	{"family":"logit_area","fold":0,"repeat":8,"rung":30}	0.044390	0.001	ok	
1430	{"family":"logit_area","fold":1,"repeat":8,"rung":30}	0.024735	0.001	ok	
1431	{"family":"logit_area","fold":2,"repeat":8,"rung":30}	0.048174	0.001	ok	
1432	{"family":"logit_area","fold":3,"repeat":8,"rung":30}	0.065763	0.001	ok	
1433	{"family":"logit_area","fold":0,"repeat":9,"rung":30}	0.100299	0.001	ok	
1434	{"family":"logit_area","fold":1,"repeat":9,"rung":30}	0.021315	0.001	ok	
1435	{"family":"logit_area","fold":2,"repeat":9,"rung":30}	0.047896	0.001	ok	
1436	{"family":"logit_area","fold":3,"repeat":9,"rung":30}	0.025614	0.001	ok	
1437	{"family":"logit_area","fold":0,"repeat":10,"rung":30}	0.030063	0.001	ok	
1438	{"family":"logit_area","fold":1,"repeat":10,"rung":30}	0.071705	0.001	ok	
1439	{"family":"logit_area","fold":2,"repeat":10,"rung":30}	0.035487	0.001	ok	
1440	{"family":"logit_area","fold":3,"repeat":10,"rung":30}	0.031513	0.001	ok	
1441	{"family":"logit_area","fold":0,"repeat":1,"rung":20}	0.032709	0.001	ok	
1442	{"family":"logit_area","fold":1,"repeat":1,"rung":20}	0.021733	0.001	ok	
1443	{"family":"logit_area","fold":2,"repeat":1,"rung":20}	0.070144	0.002	ok	
1444	{"family":"logit_area","fold":3,"repeat":1,"rung":20}	0.058178	0.001	ok	
1445	{"family":"logit_area","fold":0,"repeat":2,"rung":20}	0.068638	0.001	ok	
1446	{"family":"logit_area","fold":1,"repeat":2,"rung":20}	0.027566	0.001	ok	
1447	{"family":"logit_area","fold":2,"repeat":2,"rung":20}	0.039667	0.001	ok	
1448	{"family":"logit_area","fold":3,"repeat":2,"rung":20}	0.042687	0.001	ok	
1449	{"family":"logit_area","fold":0,"repeat":3,"rung":20}	0.039518	0.001	ok	
1450	{"family":"logit_area","fold":1,"repeat":3,"rung":20}	0.057471	0.001	ok	
1451	{"family":"logit_area","fold":2,"repeat":3,"rung":20}	0.030101	0.001	ok	
1452	{"family":"logit_area","fold":3,"repeat":3,"rung":20}	0.024760	0.001	ok	
1453	{"family":"logit_area","fold":0,"repeat":4,"rung":20}	0.092279	0.001	ok	
1454	{"family":"logit_area","fold":1,"repeat":4,"rung":20}	0.020432	0.001	ok	
1455	{"family":"logit_area","fold":2,"repeat":4,"rung":20}	0.043638	0.001	ok	
1456	{"family":"logit_area","fold":3,"repeat":4,"rung":20}	0.047899	0.001	ok	
1457	{"family":"logit_area","fold":0,"repeat":5,"rung":20}	0.027943	0.001	ok	
1458	{"family":"logit_area","fold":1,"repeat":5,"rung":20}	0.056379	0.001	ok	
1459	{"family":"logit_area","fold":2,"repeat":5,"rung":20}	0.058418	0.001	ok	
1460	{"family":"logit_area","fold":3,"repeat":5,"rung":20}	0.015088	0.001	ok	
1461	{"family":"logit_area","fold":0,"repeat":6,"rung":20}	0.083782	0.001	ok	
1462	{"family":"logit_area","fold":1,"repeat":6,"rung":20}	0.095341	0.001	ok	
1463	{"family":"logit_area","fold":2,"repeat":6,"rung":20}	0.032893	0.001	ok	
1464	{"family":"logit_area","fold":3,"repeat":6,"rung":20}	0.025954	0.001	ok	
1465	{"family":"logit_area","fold":0,"repeat":7,"rung":20}	0.051356	0.001	ok	
1466	{"family":"logit_area","fold":1,"repeat":7,"rung":20}	0.036343	0.001	ok	
1467	{"family":"logit_area","fold":2,"repeat":7,"rung":20}	0.073358	0.001	ok	
1468	{"family":"logit_area","fold":3,"repeat":7,"rung":20}	0.021086	0.001	ok	
1469	{"family":"logit_area","fold":0,"repeat":8,"rung":20}	0.051812	0.001	ok	
1470	{"family":"logit_area","fold":1,"repeat":8,"rung":20}	0.025755	0.001	ok	
1471	{"family":"logit_area","fold":2,"repeat":8,"rung":20}	0.055324	0.001	ok	
1472	{"family":"logit_area","fold":3,"repeat":8,"rung":20}	0.074887	0.001	ok	
1473	{"family":"logit_area","fold":0,"repeat":9,"rung":20}	0.097908	0.001	ok	
1474	{"family":"logit_area","fold":1,"repeat":9,"rung":20}	0.017293	0.001	ok	
1475	{"family":"logit_area","fold":2,"repeat":9,"rung":20}	0.051510	0.001	ok	
1476	{"family":"logit_area","fold":3,"repeat":9,"rung":20}	0.033377	0.001	ok	
1477	{"family":"logit_area","fold":0,"repeat":10,"rung":20}	0.033124	0.001	ok	
1478	{"family":"logit_area","fold":1,"repeat":10,"rung":20}	0.091658	0.001	ok	
1479	{"family":"logit_area","fold":2,"repeat":10,"rung":20}	0.039833	0.001	ok	
1480	{"family":"logit_area","fold":3,"repeat":10,"rung":20}	0.033009	0.001	ok	
1481	{"family":"logit_area","fold":0,"repeat":1,"rung":12}	0.053050	0.001	ok	
1482	{"family":"logit_area","fold":1,"repeat":1,"rung":12}	0.030957	0.001	ok	
1483	{"family":"logit_area","fold":2,"repeat":1,"rung":12}	0.117349	0.001	ok	
1484	{"family":"logit_area","fold":3,"repeat":1,"rung":12}	0.080380	0.001	ok	
1485	{"family":"logit_area","fold":0,"repeat":2,"rung":12}	0.060943	0.001	ok	
1486	{"family":"logit_area","fold":1,"repeat":2,"rung":12}	0.034275	0.001	ok	
1487	{"family":"logit_area","fold":2,"repeat":2,"rung":12}	0.036309	0.001	ok	
1488	{"family":"logit_area","fold":3,"repeat":2,"rung":12}	0.055243	0.001	ok	
1489	{"family":"logit_area","fold":0,"repeat":3,"rung":12}	0.055894	0.001	ok	
1490	{"family":"logit_area","fold":1,"repeat":3,"rung":12}	0.073860	0.001	ok	
1491	{"family":"logit_area","fold":2,"repeat":3,"rung":12}	0.034345	0.001	ok	
1492	{"family":"logit_area","fold":3,"repeat":3,"rung":12}	0.028396	0.001	ok	
1493	{"family":"logit_area","fold":0,"repeat":4,"rung":12}	0.075976	0.001	ok	
1494	{"family":"logit_area","fold":1,"repeat":4,"rung":12}	0.028592	0.001	ok	
1495	{"family":"logit_area","fold":2,"repeat":4,"rung":12}	0.057675	0.001	ok	
1496	{"family":"logit_area","fold":3,"repeat":4,"rung":12}	0.063436	0.001	ok	
1497	{"family":"logit_area","fold":0,"repeat":5,"rung":12}	0.032720	0.001	ok	
1498	{"family":"logit_area","fold":1,"repeat":5,"rung":12}	0.109749	0.001	ok	
1499	{"family":"logit_area","fold":2,"repeat":5,"rung":12}	0.054671	0.001	ok	
1500	{"family":"logit_area","fold":3,"repeat":5,"rung":12}	0.018948	0.001	ok	
1501	{"family":"logit_area","fold":0,"repeat":6,"rung":12}	0.112668	0.001	ok	
1502	{"family":"logit_area","fold":1,"repeat":6,"rung":12}	0.084228	0.001	ok	
1503	{"family":"logit_area","fold":2,"repeat":6,"rung":12}	0.044185	0.001	ok	
1504	{"family":"logit_area","fold":3,"repeat":6,"rung":12}	0.038106	0.001	ok	
1505	{"family":"logit_area","fold":0,"repeat":7,"rung":12}	0.058247	0.001	ok	
1506	{"family":"logit_area","fold":1,"repeat":7,"rung":12}	0.026431	0.001	ok	
1507	{"family":"logit_area","fold":2,"repeat":7,"rung":12}	0.071961	0.001	ok	
1508	{"family":"logit_area","fold":3,"repeat":7,"rung":12}	0.009691	0.001	ok	
1509	{"family":"logit_area","fold":0,"repeat":8,"rung":12}	0.059386	0.001	ok	
1510	{"family":"logit_area","fold":1,"repeat":8,"rung":12}	0.071561	0.001	ok	
1511	{"family":"logit_area","fold":2,"repeat":8,"rung":12}	0.064824	0.001	ok	
1512	{"family":"logit_area","fold":3,"repeat":8,"rung":12}	0.109207	0.001	ok	
1513	{"family":"logit_area","fold":0,"repeat":9,"rung":12}	0.124006	0.001	ok	
1514	{"family":"logit_area","fold":1,"repeat":9,"rung":12}	0.024387	0.001	ok	
1515	{"family":"logit_area","fold":2,"repeat":9,"rung":12}	0.050107	0.001	ok	
1516	{"family":"logit_area","fold":3,"repeat":9,"rung":12}	0.064716	0.001	ok	
1517	{"family":"logit_area","fold":0,"repeat":10,"rung":12}	0.047243	0.001	ok	
1518	{"family":"logit_area","fold":1,"repeat":10,"rung":12}	0.110755	0.001	ok	
1519	{"family":"logit_area","fold":2,"repeat":10,"rung":12}	0.050831	0.001	ok	
1520	{"family":"logit_area","fold":3,"repeat":10,"rung":12}	0.033312	0.001	ok	
1521	{"family":"logit_area","fold":0,"repeat":1,"rung":8}	0.064029	0.001	ok	
1522	{"family":"logit_area","fold":1,"repeat":1,"rung":8}	0.027958	0.001	ok	
1523	{"family":"logit_area","fold":2,"repeat":1,"rung":8}	0.123368	0.001	ok	
1524	{"family":"logit_area","fold":3,"repeat":1,"rung":8}	0.112363	0.001	ok	
1525	{"family":"logit_area","fold":0,"repeat":2,"rung":8}	0.057911	0.001	ok	
1526	{"family":"logit_area","fold":1,"repeat":2,"rung":8}	0.046682	0.001	ok	
1527	{"family":"logit_area","fold":2,"repeat":2,"rung":8}	0.035401	0.001	ok	
1528	{"family":"logit_area","fold":3,"repeat":2,"rung":8}	0.088351	0.001	ok	
1529	{"family":"logit_area","fold":0,"repeat":3,"rung":8}	0.046153	0.001	ok	
1530	{"family":"logit_area","fold":1,"repeat":3,"rung":8}	0.081701	0.001	ok	
1531	{"family":"logit_area","fold":2,"repeat":3,"rung":8}	0.033821	0.001	ok	
1532	{"family":"logit_area","fold":3,"repeat":3,"rung":8}	0.024018	0.001	ok	
1533	{"family":"logit_area","fold":0,"repeat":4,"rung":8}	0.084342	0.001	ok	
1534	{"family":"logit_area","fold":1,"repeat":4,"rung":8}	0.056671	0.001	ok	
1535	{"family":"logit_area","fold":2,"repeat":4,"rung":8}	0.044000	0.001	ok	
1536	{"family":"logit_area","fold":3,"repeat":4,"rung":8}	0.066465	0.001	ok	
1537	{"family":"logit_area","fold":0,"repeat":5,"rung":8}	0.045085	0.001	ok	
1538	{"family":"logit_area","fold":1,"repeat":5,"rung":8}	0.100663	0.001	ok	
1539	{"family":"logit_area","fold":2,"repeat":5,"rung":8}	0.067197	0.001	ok	
1540	{"family":"logit_area","fold":3,"repeat":5,"rung":8}	0.038595	0.001	ok	
1541	{"family":"logit_area","fold":0,"repeat":6,"rung":8}	0.121583	0.001	ok	
1542	{"family":"logit_area","fold":1,"repeat":6,"rung":8}	0.096271	0.001	ok	
1543	{"family":"logit_area","fold":2,"repeat":6,"rung":8}	0.049988	0.001	ok	
1544	{"family":"logit_area","fold":3,"repeat":6,"rung":8}	0.067340	0.001	ok	
1545	{"family":"logit_area","fold":0,"repeat":7,"rung":8}	0.066580	0.001	ok	
1546	{"family":"logit_area","fold":1,"repeat":7,"rung":8}	0.031677	0.001	ok	
1547	{"family":"logit_area","fold":2,"repeat":7,"rung":8}	0.129809	0.001	ok	
1548	{"family":"logit_area","fold":3,"repeat":7,"rung":8}	0.006744	0.001	ok	
1549	{"family":"logit_area","fold":0,"repeat":8,"rung":8}	0.050513	0.001	ok	
1550	{"family":"logit_area","fold":1,"repeat":8,"rung":8}	0.056923	0.001	ok	
1551	{"family":"logit_area","fold":2,"repeat":8,"rung":8}	0.067015	0.001	ok	
1552	{"family":"logit_area","fold":3,"repeat":8,"rung":8}	0.115900	0.001	ok	
1553	{"family":"logit_area","fold":0,"repeat":9,"rung":8}	0.130621	0.001	ok	
1554	{"family":"logit_area","fold":1,"repeat":9,"rung":8}	0.026632	0.001	ok	
1555	{"family":"logit_area","fold":2,"repeat":9,"rung":8}	0.056947	0.001	ok	
1556	{"family":"logit_area","fold":3,"repeat":9,"rung":8}	0.062953	0.001	ok	
1557	{"family":"logit_area","fold":0,"repeat":10,"rung":8}	0.080183	0.001	ok	
1558	{"family":"logit_area","fold":1,"repeat":10,"rung":8}	0.113934	0.001	ok	
1559	{"family":"logit_area","fold":2,"repeat":10,"rung":8}	0.052260	0.001	ok	
1560	{"family":"logit_area","fold":3,"repeat":10,"rung":8}	0.038602	0.001	ok	
1561	{"family":"knn_tuned","fold":0,"repeat":1,"rung":60}	0.028329	0.023	ok	
1562	{"family":"knn_tuned","fold":1,"repeat":1,"rung":60}	0.034799	0.021	ok	
1563	{"family":"knn_tuned","fold":2,"repeat":1,"rung":60}	0.088171	0.021	ok	
1564	{"family":"knn_tuned","fold":3,"repeat":1,"rung":60}	0.059994	0.021	ok	
1565	{"family":"knn_tuned","fold":0,"repeat":2,"rung":60}	0.083228	0.021	ok	
1566	{"family":"knn_tuned","fold":1,"repeat":2,"rung":60}	0.006612	0.022	ok	
1567	{"family":"knn_tuned","fold":2,"repeat":2,"rung":60}	0.025063	0.021	ok	
1568	{"family":"knn_tuned","fold":3,"repeat":2,"rung":60}	0.067013	0.021	ok	
1569	{"family":"knn_tuned","fold":0,"repeat":3,"rung":60}	0.021213	0.021	ok	
1570	{"family":"knn_tuned","fold":1,"repeat":3,"rung":60}	0.064789	0.021	ok	
1571	{"family":"knn_tuned","fold":2,"repeat":3,"rung":60}	0.061515	0.021	ok	
1572	{"family":"knn_tuned","fold":3,"repeat":3,"rung":60}	0.009640	0.022	ok	
1573	{"family":"knn_tuned","fold":0,"repeat":4,"rung":60}	0.049462	0.021	ok	
1574	{"family":"knn_tuned","fold":1,"repeat":4,"rung":60}	0.001385	0.021	ok	
1575	{"family":"knn_tuned","fold":2,"repeat":4,"rung":60}	0.083510	0.021	ok	
1576	{"family":"knn_tuned","fold":3,"repeat":4,"rung":60}	0.064671	0.021	ok	
1577	{"family":"knn_tuned","fold":0,"repeat":5,"rung":60}	0.006949	0.022	ok	
1578	{"family":"knn_tuned","fold":1,"repeat":5,"rung":60}	0.056781	0.021	ok	
1579	{"family":"knn_tuned","fold":2,"repeat":5,"rung":60}	0.043411	0.021	ok	
1580	{"family":"knn_tuned","fold":3,"repeat":5,"rung":60}	0.052632	0.021	ok	
1581	{"family":"knn_tuned","fold":0,"repeat":6,"rung":60}	0.028608	0.021	ok	
1582	{"family":"knn_tuned","fold":1,"repeat":6,"rung":60}	0.101391	0.021	ok	
1583	{"family":"knn_tuned","fold":2,"repeat":6,"rung":60}	0.028521	0.021	ok	
1584	{"family":"knn_tuned","fold":3,"repeat":6,"rung":60}	0.015531	0.021	ok	
1585	{"family":"knn_tuned","fold":0,"repeat":7,"rung":60}	0.027273	0.021	ok	
1586	{"family":"knn_tuned","fold":1,"repeat":7,"rung":60}	0.075103	0.021	ok	
1587	{"family":"knn_tuned","fold":2,"repeat":7,"rung":60}	0.051244	0.021	ok	
1588	{"family":"knn_tuned","fold":3,"repeat":7,"rung":60}	0.056148	0.021	ok	
1589	{"family":"knn_tuned","fold":0,"repeat":8,"rung":60}	0.020026	0.021	ok	
1590	{"family":"knn_tuned","fold":1,"repeat":8,"rung":60}	0.023528	0.021	ok	
1591	{"family":"knn_tuned","fold":2,"repeat":8,"rung":60}	0.018944	0.021	ok	
1592	{"family":"knn_tuned","fold":3,"repeat":8,"rung":60}	0.074857	0.021	ok	
1593	{"family":"knn_tuned","fold":0,"repeat":9,"rung":60}	0.103220	0.021	ok	
1594	{"family":"knn_tuned","fold":1,"repeat":9,"rung":60}	0.014148	0.021	ok	
1595	{"family":"knn_tuned","fold":2,"repeat":9,"rung":60}	0.031072	0.021	ok	
1596	{"family":"knn_tuned","fold":3,"repeat":9,"rung":60}	0.016521	0.021	ok	
1597	{"family":"knn_tuned","fold":0,"repeat":10,"rung":60}	0.021606	0.022	ok	
1598	{"family":"knn_tuned","fold":1,"repeat":10,"rung":60}	0.069569	0.021	ok	
1599	{"family":"knn_tuned","fold":2,"repeat":10,"rung":60}	0.024155	0.021	ok	
1600	{"family":"knn_tuned","fold":3,"repeat":10,"rung":60}	0.033600	0.021	ok	
1601	{"family":"knn_tuned","fold":0,"repeat":1,"rung":45}	0.019402	0.021	ok	
1602	{"family":"knn_tuned","fold":1,"repeat":1,"rung":45}	0.022121	0.021	ok	
1603	{"family":"knn_tuned","fold":2,"repeat":1,"rung":45}	0.084635	0.020	ok	
1604	{"family":"knn_tuned","fold":3,"repeat":1,"rung":45}	0.063197	0.021	ok	
1605	{"family":"knn_tuned","fold":0,"repeat":2,"rung":45}	0.066275	0.021	ok	
1606	{"family":"knn_tuned","fold":1,"repeat":2,"rung":45}	0.011749	0.020	ok	
1607	{"family":"knn_tuned","fold":2,"repeat":2,"rung":45}	0.017831	0.020	ok	
1608	{"family":"knn_tuned","fold":3,"repeat":2,"rung":45}	0.041903	0.021	ok	
1609	{"family":"knn_tuned","fold":0,"repeat":3,"rung":45}	0.025190	0.021	ok	
1610	{"family":"knn_tuned","fold":1,"repeat":3,"rung":45}	0.046502	0.021	ok	
1611	{"family":"knn_tuned","fold":2,"repeat":3,"rung":45}	0.080814	0.021	ok	
1612	{"family":"knn_tuned","fold":3,"repeat":3,"rung":45}	0.007314	0.021	ok	
1613	{"family":"knn_tuned","fold":0,"repeat":4,"rung":45}	0.071714	0.021	ok	
1614	{"family":"knn_tuned","fold":1,"repeat":4,"rung":45}	0.001610	0.021	ok	
1615	{"family":"knn_tuned","fold":2,"repeat":4,"rung":45}	0.059349	0.021	ok	
1616	{"family":"knn_tuned","fold":3,"repeat":4,"rung":45}	0.092587	0.021	ok	
1617	{"family":"knn_tuned","fold":0,"repeat":5,"rung":45}	0.014904	0.021	ok	
1618	{"family":"knn_tuned","fold":1,"repeat":5,"rung":45}	0.055302	0.020	ok	
1619	{"family":"knn_tuned","fold":2,"repeat":5,"rung":45}	0.036506	0.021	ok	
1620	{"family":"knn_tuned","fold":3,"repeat":5,"rung":45}	0.052632	0.020	ok	
1621	{"family":"knn_tuned","fold":0,"repeat":6,"rung":45}	0.062850	0.021	ok	
1622	{"family":"knn_tuned","fold":1,"repeat":6,"rung":45}	0.092119	0.021	ok	
1623	{"family":"knn_tuned","fold":2,"repeat":6,"rung":45}	0.022951	0.021	ok	
1624	{"family":"knn_tuned","fold":3,"repeat":6,"rung":45}	0.014286	0.021	ok	
1625	{"family":"knn_tuned","fold":0,"repeat":7,"rung":45}	0.048123	0.022	ok	
1626	{"family":"knn_tuned","fold":1,"repeat":7,"rung":45}	0.072095	0.021	ok	
1627	{"family":"knn_tuned","fold":2,"repeat":7,"rung":45}	0.053359	0.021	ok	
1628	{"family":"knn_tuned","fold":3,"repeat":7,"rung":45}	0.027920	0.021	ok	
1629	{"family":"knn_tuned","fold":0,"repeat":8,"rung":45}	0.028602	0.021	ok	
1630	{"family":"knn_tuned","fold":1,"repeat":8,"rung":45}	0.016719	0.021	ok	
1631	{"family":"knn_tuned","fold":2,"repeat":8,"rung":45}	0.015483	0.021	ok	
1632	{"family":"knn_tuned","fold":3,"repeat":8,"rung":45}	0.064450	0.021	ok	
1633	{"family":"knn_tuned","fold":0,"repeat":9,"rung":45}	0.087527	0.021	ok	
1634	{"family":"knn_tuned","fold":1,"repeat":9,"rung":45}	0.026548	0.021	ok	
1635	{"family":"knn_tuned","fold":2,"repeat":9,"rung":45}	0.034631	0.021	ok	
1636	{"family":"knn_tuned","fold":3,"repeat":9,"rung":45}	0.003654	0.021	ok	
1637	{"family":"knn_tuned","fold":0,"repeat":10,"rung":45}	0.025662	0.021	ok	
1638	{"family":"knn_tuned","fold":1,"repeat":10,"rung":45}	0.058437	0.020	ok	
1639	{"family":"knn_tuned","fold":2,"repeat":10,"rung":45}	0.013233	0.021	ok	
1640	{"family":"knn_tuned","fold":3,"repeat":10,"rung":45}	0.073906	0.021	ok	
1641	{"family":"knn_tuned","fold":0,"repeat":1,"rung":30}	0.034282	0.020	ok	
1642	{"family":"knn_tuned","fold":1,"repeat":1,"rung":30}	0.024885	0.020	ok	
1643	{"family":"knn_tuned","fold":2,"repeat":1,"rung":30}	0.094225	0.020	ok	
1644	{"family":"knn_tuned","fold":3,"repeat":1,"rung":30}	0.049707	0.020	ok	
1645	{"family":"knn_tuned","fold":0,"repeat":2,"rung":30}	0.066162	0.020	ok	
1646	{"family":"knn_tuned","fold":1,"repeat":2,"rung":30}	0.006442	0.020	ok	
1647	{"family":"knn_tuned","fold":2,"repeat":2,"rung":30}	0.035751	0.020	ok	
1648	{"family":"knn_tuned","fold":3,"repeat":2,"rung":30}	0.055117	0.020	ok	
1649	{"family":"knn_tuned","fold":0,"repeat":3,"rung":30}	0.008633	0.021	ok	
1650	{"family":"knn_tuned","fold":1,"repeat":3,"rung":30}	0.042330	0.020	ok	
1651	{"family":"knn_tuned","fold":2,"repeat":3,"rung":30}	0.070536	0.020	ok	
1652	{"family":"knn_tuned","fold":3,"repeat":3,"rung":30}	0.019376	0.020	ok	
1653	{"family":"knn_tuned","fold":0,"repeat":4,"rung":30}	0.091288	0.020	ok	
1654	{"family":"knn_tuned","fold":1,"repeat":4,"rung":30}	0.016875	0.020	ok	
1655	{"family":"knn_tuned","fold":2,"repeat":4,"rung":30}	0.052577	0.020	ok	
1656	{"family":"knn_tuned","fold":3,"repeat":4,"rung":30}	0.069423	0.020	ok	
1657	{"family":"knn_tuned","fold":0,"repeat":5,"rung":30}	0.012856	0.020	ok	
1658	{"family":"knn_tuned","fold":1,"repeat":5,"rung":30}	0.058691	0.020	ok	
1659	{"family":"knn_tuned","fold":2,"repeat":5,"rung":30}	0.077969	0.020	ok	
1660	{"family":"knn_tuned","fold":3,"repeat":5,"rung":30}	0.058755	0.020	ok	
1661	{"family":"knn_tuned","fold":0,"repeat":6,"rung":30}	0.039700	0.020	ok	
1662	{"family":"knn_tuned","fold":1,"repeat":6,"rung":30}	0.110830	0.020	ok	
1663	{"family":"knn_tuned","fold":2,"repeat":6,"rung":30}	0.061142	0.021	ok	
1664	{"family":"knn_tuned","fold":3,"repeat":6,"rung":30}	0.025900	0.020	ok	
1665	{"family":"knn_tuned","fold":0,"repeat":7,"rung":30}	0.048366	0.020	ok	
1666	{"family":"knn_tuned","fold":1,"repeat":7,"rung":30}	0.077303	0.020	ok	
1667	{"family":"knn_tuned","fold":2,"repeat":7,"rung":30}	0.076906	0.020	ok	
1668	{"family":"knn_tuned","fold":3,"repeat":7,"rung":30}	0.033934	0.021	ok	
1669	{"family":"knn_tuned","fold":0,"repeat":8,"rung":30}	0.068080	0.020	ok	
1670	{"family":"knn_tuned","fold":1,"repeat":8,"rung":30}	0.049649	0.020	ok	
1671	{"family":"knn_tuned","fold":2,"repeat":8,"rung":30}	0.028085	0.020	ok	
1672	{"family":"knn_tuned","fold":3,"repeat":8,"rung":30}	0.082179	0.020	ok	
1673	{"family":"knn_tuned","fold":0,"repeat":9,"rung":30}	0.120261	0.020	ok	
1674	{"family":"knn_tuned","fold":1,"repeat":9,"rung":30}	0.008293	0.020	ok	
1675	{"family":"knn_tuned","fold":2,"repeat":9,"rung":30}	0.057977	0.020	ok	
1676	{"family":"knn_tuned","fold":3,"repeat":9,"rung":30}	0.018618	0.020	ok	
1677	{"family":"knn_tuned","fold":0,"repeat":10,"rung":30}	0.018971	0.020	ok	
1678	{"family":"knn_tuned","fold":1,"repeat":10,"rung":30}	0.074365	0.020	ok	
1679	{"family":"knn_tuned","fold":2,"repeat":10,"rung":30}	0.026875	0.020	ok	
1680	{"family":"knn_tuned","fold":3,"repeat":10,"rung":30}	0.029588	0.020	ok	
1681	{"family":"knn_tuned","fold":0,"repeat":1,"rung":20}	0.019520	0.041	ok	
1682	{"family":"knn_tuned","fold":1,"repeat":1,"rung":20}	0.010881	0.026	ok	
1683	{"family":"knn_tuned","fold":2,"repeat":1,"rung":20}	0.093187	0.026	ok	
1684	{"family":"knn_tuned","fold":3,"repeat":1,"rung":20}	0.047672	0.025	ok	
1685	{"family":"knn_tuned","fold":0,"repeat":2,"rung":20}	0.080088	0.027	ok	
1686	{"family":"knn_tuned","fold":1,"repeat":2,"rung":20}	0.014805	0.028	ok	
1687	{"family":"knn_tuned","fold":2,"repeat":2,"rung":20}	0.040004	0.025	ok	
1688	{"family":"knn_tuned","fold":3,"repeat":2,"rung":20}	0.058888	0.026	ok	
1689	{"family":"knn_tuned","fold":0,"repeat":3,"rung":20}	0.016217	0.025	ok	
1690	{"family":"knn_tuned","fold":1,"repeat":3,"rung":20}	0.052909	0.027	ok	
1691	{"family":"knn_tuned","fold":2,"repeat":3,"rung":20}	0.068811	0.025	ok	
1692	{"family":"knn_tuned","fold":3,"repeat":3,"rung":20}	0.005420	0.025	ok	
1693	{"family":"knn_tuned","fold":0,"repeat":4,"rung":20}	0.067362	0.025	ok	
1694	{"family":"knn_tuned","fold":1,"repeat":4,"rung":20}	0.030639	0.025	ok	
1695	{"family":"knn_tuned","fold":2,"repeat":4,"rung":20}	0.034288	0.026	ok	
1696	{"family":"knn_tuned","fold":3,"repeat":4,"rung":20}	0.043884	0.024	ok	
1697	{"family":"knn_tuned","fold":0,"repeat":5,"rung":20}	0.031853	0.027	ok	
1698	{"family":"knn_tuned","fold":1,"repeat":5,"rung":20}	0.051068	0.024	ok	
1699	{"family":"knn_tuned","fold":2,"repeat":5,"rung":20}	0.077154	0.025	ok	
1700	{"family":"knn_tuned","fold":3,"repeat":5,"rung":20}	0.031587	0.027	ok	
1701	{"family":"knn_tuned","fold":0,"repeat":6,"rung":20}	0.104223	0.026	ok	
1702	{"family":"knn_tuned","fold":1,"repeat":6,"rung":20}	0.135427	0.025	ok	
1703	{"family":"knn_tuned","fold":2,"repeat":6,"rung":20}	0.076132	0.026	ok	
1704	{"family":"knn_tuned","fold":3,"repeat":6,"rung":20}	0.020664	0.025	ok	
1705	{"family":"knn_tuned","fold":0,"repeat":7,"rung":20}	0.105114	0.027	ok	
1706	{"family":"knn_tuned","fold":1,"repeat":7,"rung":20}	0.032638	0.026	ok	
1707	{"family":"knn_tuned","fold":2,"repeat":7,"rung":20}	0.069447	0.026	ok	
1708	{"family":"knn_tuned","fold":3,"repeat":7,"rung":20}	0.033683	0.026	ok	
1709	{"family":"knn_tuned","fold":0,"repeat":8,"rung":20}	0.087513	0.025	ok	
1710	{"family":"knn_tuned","fold":1,"repeat":8,"rung":20}	0.038084	0.026	ok	
1711	{"family":"knn_tuned","fold":2,"repeat":8,"rung":20}	0.059012	0.026	ok	
1712	{"family":"knn_tuned","fold":3,"repeat":8,"rung":20}	0.066354	0.024	ok	
1713	{"family":"knn_tuned","fold":0,"repeat":9,"rung":20}	0.095068	0.025	ok	
1714	{"family":"knn_tuned","fold":1,"repeat":9,"rung":20}	0.000000	0.025	ok	
1715	{"family":"knn_tuned","fold":2,"repeat":9,"rung":20}	0.063488	0.024	ok	
1716	{"family":"knn_tuned","fold":3,"repeat":9,"rung":20}	0.048995	0.024	ok	
1717	{"family":"knn_tuned","fold":0,"repeat":10,"rung":20}	0.015015	0.025	ok	
1718	{"family":"knn_tuned","fold":1,"repeat":10,"rung":20}	0.091496	0.024	ok	
1719	{"family":"knn_tuned","fold":2,"repeat":10,"rung":20}	0.023425	0.027	ok	
1720	{"family":"knn_tuned","fold":3,"repeat":10,"rung":20}	0.059165	0.024	ok	
1721	{"family":"knn_tuned","fold":0,"repeat":1,"rung":12}	0.067357	0.029	ok	
1722	{"family":"knn_tuned","fold":1,"repeat":1,"rung":12}	0.013655	0.026	ok	
1723	{"family":"knn_tuned","fold":2,"repeat":1,"rung":12}	0.143178	0.026	ok	
1724	{"family":"knn_tuned","fold":3,"repeat":1,"rung":12}	0.065151	0.027	ok	
1725	{"family":"knn_tuned","fold":0,"repeat":2,"rung":12}	0.079841	0.024	ok	
1726	{"family":"knn_tuned","fold":1,"repeat":2,"rung":12}	0.032049	0.026	ok	
1727	{"family":"knn_tuned","fold":2,"repeat":2,"rung":12}	0.041775	0.025	ok	
1728	{"family":"knn_tuned","fold":3,"repeat":2,"rung":12}	0.067309	0.024	ok	
1729	{"family":"knn_tuned","fold":0,"repeat":3,"rung":12}	0.047071	0.024	ok	
1730	{"family":"knn_tuned","fold":1,"repeat":3,"rung":12}	0.066330	0.024	ok	
1731	{"family":"knn_tuned","fold":2,"repeat":3,"rung":12}	0.082538	0.024	ok	
1732	{"family":"knn_tuned","fold":3,"repeat":3,"rung":12}	0.026284	0.025	ok	
1733	{"family":"knn_tuned","fold":0,"repeat":4,"rung":12}	0.054473	0.025	ok	
1734	{"family":"knn_tuned","fold":1,"repeat":4,"rung":12}	0.050151	0.026	ok	
1735	{"family":"knn_tuned","fold":2,"repeat":4,"rung":12}	0.066748	0.026	ok	
1736	{"family":"knn_tuned","fold":3,"repeat":4,"rung":12}	0.074021	0.025	ok	
1737	{"family":"knn_tuned","fold":0,"repeat":5,"rung":12}	0.048543	0.026	ok	
1738	{"family":"knn_tuned","fold":1,"repeat":5,"rung":12}	0.104751	0.026	ok	
1739	{"family":"knn_tuned","fold":2,"repeat":5,"rung":12}	0.060320	0.027	ok	
1740	{"family":"knn_tuned","fold":3,"repeat":5,"rung":12}	0.027777	0.026	ok	
1741	{"family":"knn_tuned","fold":0,"repeat":6,"rung":12}	0.144201	0.025	ok	
1742	{"family":"knn_tuned","fold":1,"repeat":6,"rung":12}	0.089695	0.026	ok	
1743	{"family":"knn_tuned","fold":2,"repeat":6,"rung":12}	0.036448	0.026	ok	
1744	{"family":"knn_tuned","fold":3,"repeat":6,"rung":12}	0.021812	0.024	ok	
1745	{"family":"knn_tuned","fold":0,"repeat":7,"rung":12}	0.059531	0.025	ok	
1746	{"family":"knn_tuned","fold":1,"repeat":7,"rung":12}	0.035167	0.027	ok	
1747	{"family":"knn_tuned","fold":2,"repeat":7,"rung":12}	0.084809	0.026	ok	
1748	{"family":"knn_tuned","fold":3,"repeat":7,"rung":12}	0.048034	0.025	ok	
1749	{"family":"knn_tuned","fold":0,"repeat":8,"rung":12}	0.041759	0.025	ok	
1750	{"family":"knn_tuned","fold":1,"repeat":8,"rung":12}	0.084253	0.025	ok	
1751	{"family":"knn_tuned","fold":2,"repeat":8,"rung":12}	0.044826	0.026	ok	
1752	{"family":"knn_tuned","fold":3,"repeat":8,"rung":12}	0.098528	0.024	ok	
1753	{"family":"knn_tuned","fold":0,"repeat":9,"rung":12}	0.162590	0.026	ok	
1754	{"family":"knn_tuned","fold":1,"repeat":9,"rung":12}	0.018624	0.026	ok	
1755	{"family":"knn_tuned","fold":2,"repeat":9,"rung":12}	0.067016	0.025	ok	
1756	{"family":"knn_tuned","fold":3,"repeat":9,"rung":12}	0.062107	0.026	ok	
1757	{"family":"knn_tuned","fold":0,"repeat":10,"rung":12}	0.085330	0.025	ok	
1758	{"family":"knn_tuned","fold":1,"repeat":10,"rung":12}	0.107268	0.031	ok	
1759	{"family":"knn_tuned","fold":2,"repeat":10,"rung":12}	0.044292	0.027	ok	
1760	{"family":"knn_tuned","fold":3,"repeat":10,"rung":12}	0.056318	0.030	ok	
1761	{"family":"knn_tuned","fold":0,"repeat":1,"rung":8}	0.096703	0.030	ok	
1762	{"family":"knn_tuned","fold":1,"repeat":1,"rung":8}	0.011377	0.026	ok	
1763	{"family":"knn_tuned","fold":2,"repeat":1,"rung":8}	0.149401	0.026	ok	
1764	{"family":"knn_tuned","fold":3,"repeat":1,"rung":8}	0.137738	0.026	ok	
1765	{"family":"knn_tuned","fold":0,"repeat":2,"rung":8}	0.074684	0.025	ok	
1766	{"family":"knn_tuned","fold":1,"repeat":2,"rung":8}	0.078724	0.026	ok	
1767	{"family":"knn_tuned","fold":2,"repeat":2,"rung":8}	0.035359	0.025	ok	
1768	{"family":"knn_tuned","fold":3,"repeat":2,"rung":8}	0.076375	0.024	ok	
1769	{"family":"knn_tuned","fold":0,"repeat":3,"rung":8}	0.083321	0.027	ok	
1770	{"family":"knn_tuned","fold":1,"repeat":3,"rung":8}	0.050662	0.026	ok	
1771	{"family":"knn_tuned","fold":2,"repeat":3,"rung":8}	0.071527	0.025	ok	
1772	{"family":"knn_tuned","fold":3,"repeat":3,"rung":8}	0.028559	0.027	ok	
1773	{"family":"knn_tuned","fold":0,"repeat":4,"rung":8}	0.071650	0.024	ok	
1774	{"family":"knn_tuned","fold":1,"repeat":4,"rung":8}	0.093910	0.027	ok	
1775	{"family":"knn_tuned","fold":2,"repeat":4,"rung":8}	0.047092	0.025	ok	
1776	{"family":"knn_tuned","fold":3,"repeat":4,"rung":8}	0.081507	0.026	ok	
1777	{"family":"knn_tuned","fold":0,"repeat":5,"rung":8}	0.047769	0.024	ok	
1778	{"family":"knn_tuned","fold":1,"repeat":5,"rung":8}	0.091053	0.026	ok	
1779	{"family":"knn_tuned","fold":2,"repeat":5,"rung":8}	0.064915	0.025	ok	
1780	{"family":"knn_tuned","fold":3,"repeat":5,"rung":8}	0.098611	0.027	ok	
1781	{"family":"knn_tuned","fold":0,"repeat":6,"rung":8}	0.156792	0.025	ok	
1782	{"family":"knn_tuned","fold":1,"repeat":6,"rung":8}	0.150159	0.026	ok	
1783	{"family":"knn_tuned","fold":2,"repeat":6,"rung":8}	0.077891	0.025	ok	
1784	{"family":"knn_tuned","fold":3,"repeat":6,"rung":8}	0.064906	0.026	ok	
1785	{"family":"knn_tuned","fold":0,"repeat":7,"rung":8}	0.061603	0.025	ok	
1786	{"family":"knn_tuned","fold":1,"repeat":7,"rung":8}	0.049249	0.024	ok	
1787	{"family":"knn_tuned","fold":2,"repeat":7,"rung":8}	0.140453	0.027	ok	
1788	{"family":"knn_tuned","fold":3,"repeat":7,"rung":8}	0.066528	0.025	ok	
1789	{"family":"knn_tuned","fold":0,"repeat":8,"rung":8}	0.044042	0.026	ok	
1790	{"family":"knn_tuned","fold":1,"repeat":8,"rung":8}	0.102370	0.025	ok	
1791	{"family":"knn_tuned","fold":2,"repeat":8,"rung":8}	0.063078	0.025	ok	
1792	{"family":"knn_tuned","fold":3,"repeat":8,"rung":8}	0.119132	0.025	ok	
1793	{"family":"knn_tuned","fold":0,"repeat":9,"rung":8}	0.146876	0.026	ok	
1794	{"family":"knn_tuned","fold":1,"repeat":9,"rung":8}	0.033423	0.024	ok	
1795	{"family":"knn_tuned","fold":2,"repeat":9,"rung":8}	0.095427	0.025	ok	
1796	{"family":"knn_tuned","fold":3,"repeat":9,"rung":8}	0.089293	0.026	ok	
1797	{"family":"knn_tuned","fold":0,"repeat":10,"rung":8}	0.103295	0.026	ok	
1798	{"family":"knn_tuned","fold":1,"repeat":10,"rung":8}	0.111163	0.025	ok	
1799	{"family":"knn_tuned","fold":2,"repeat":10,"rung":8}	0.071826	0.024	ok	
1800	{"family":"knn_tuned","fold":3,"repeat":10,"rung":8}	0.063482	0.027	ok	
1801	{"family":"svm_rbf_platt","fold":0,"repeat":1,"rung":60}	0.024605	0.010	ok	
1802	{"family":"svm_rbf_platt","fold":1,"repeat":1,"rung":60}	0.028886	0.009	ok	
1803	{"family":"svm_rbf_platt","fold":2,"repeat":1,"rung":60}	0.072367	0.009	ok	
1804	{"family":"svm_rbf_platt","fold":3,"repeat":1,"rung":60}	0.031763	0.009	ok	
1805	{"family":"svm_rbf_platt","fold":0,"repeat":2,"rung":60}	0.071838	0.009	ok	
1806	{"family":"svm_rbf_platt","fold":1,"repeat":2,"rung":60}	0.004627	0.009	ok	
1807	{"family":"svm_rbf_platt","fold":2,"repeat":2,"rung":60}	0.024761	0.009	ok	
1808	{"family":"svm_rbf_platt","fold":3,"repeat":2,"rung":60}	0.031851	0.009	ok	
1809	{"family":"svm_rbf_platt","fold":0,"repeat":3,"rung":60}	0.019413	0.009	ok	
1810	{"family":"svm_rbf_platt","fold":1,"repeat":3,"rung":60}	0.034488	0.009	ok	
1811	{"family":"svm_rbf_platt","fold":2,"repeat":3,"rung":60}	0.061496	0.009	ok	
1812	{"family":"svm_rbf_platt","fold":3,"repeat":3,"rung":60}	0.007913	0.009	ok	
1813	{"family":"svm_rbf_platt","fold":0,"repeat":4,"rung":60}	0.071912	0.009	ok	
1814	{"family":"svm_rbf_platt","fold":1,"repeat":4,"rung":60}	0.003965	0.009	ok	
1815	{"family":"svm_rbf_platt","fold":2,"repeat":4,"rung":60}	0.057310	0.009	ok	
1816	{"family":"svm_rbf_platt","fold":3,"repeat":4,"rung":60}	0.079073	0.009	ok	
1817	{"family":"svm_rbf_platt","fold":0,"repeat":5,"rung":60}	0.014640	0.009	ok	
1818	{"family":"svm_rbf_platt","fold":1,"repeat":5,"rung":60}	0.047827	0.009	ok	
1819	{"family":"svm_rbf_platt","fold":2,"repeat":5,"rung":60}	0.030576	0.009	ok	
1820	{"family":"svm_rbf_platt","fold":3,"repeat":5,"rung":60}	0.018373	0.009	ok	
1821	{"family":"svm_rbf_platt","fold":0,"repeat":6,"rung":60}	0.033588	0.009	ok	
1822	{"family":"svm_rbf_platt","fold":1,"repeat":6,"rung":60}	0.073455	0.009	ok	
1823	{"family":"svm_rbf_platt","fold":2,"repeat":6,"rung":60}	0.016506	0.009	ok	
1824	{"family":"svm_rbf_platt","fold":3,"repeat":6,"rung":60}	0.017883	0.009	ok	
1825	{"family":"svm_rbf_platt","fold":0,"repeat":7,"rung":60}	0.033830	0.009	ok	
1826	{"family":"svm_rbf_platt","fold":1,"repeat":7,"rung":60}	0.024886	0.009	ok	
1827	{"family":"svm_rbf_platt","fold":2,"repeat":7,"rung":60}	0.046863	0.009	ok	
1828	{"family":"svm_rbf_platt","fold":3,"repeat":7,"rung":60}	0.029141	0.009	ok	
1829	{"family":"svm_rbf_platt","fold":0,"repeat":8,"rung":60}	0.013902	0.009	ok	
1830	{"family":"svm_rbf_platt","fold":1,"repeat":8,"rung":60}	0.015934	0.009	ok	
1831	{"family":"svm_rbf_platt","fold":2,"repeat":8,"rung":60}	0.025323	0.009	ok	
1832	{"family":"svm_rbf_platt","fold":3,"repeat":8,"rung":60}	0.033356	0.008	ok	
1833	{"family":"svm_rbf_platt","fold":0,"repeat":9,"rung":60}	0.045916	0.009	ok	
1834	{"family":"svm_rbf_platt","fold":1,"repeat":9,"rung":60}	0.023496	0.009	ok	
1835	{"family":"svm_rbf_platt","fold":2,"repeat":9,"rung":60}	0.020994	0.008	ok	
1836	{"family":"svm_rbf_platt","fold":3,"repeat":9,"rung":60}	0.031178	0.009	ok	
1837	{"family":"svm_rbf_platt","fold":0,"repeat":10,"rung":60}	0.011336	0.008	ok	
1838	{"family":"svm_rbf_platt","fold":1,"repeat":10,"rung":60}	0.034995	0.009	ok	
1839	{"family":"svm_rbf_platt","fold":2,"repeat":10,"rung":60}	0.023740	0.009	ok	
1840	{"family":"svm_rbf_platt","fold":3,"repeat":10,"rung":60}	0.030828	0.009	ok	
1841	{"family":"svm_rbf_platt","fold":0,"repeat":1,"rung":45}	0.022860	0.008	ok	
1842	{"family":"svm_rbf_platt","fold":1,"repeat":1,"rung":45}	0.027538	0.008	ok	
1843	{"family":"svm_rbf_platt","fold":2,"repeat":1,"rung":45}	0.091374	0.008	ok	
1844	{"family":"svm_rbf_platt","fold":3,"repeat":1,"rung":45}	0.042384	0.008	ok	
1845	{"family":"svm_rbf_platt","fold":0,"repeat":2,"rung":45}	0.072289	0.008	ok	
1846	{"family":"svm_rbf_platt","fold":1,"repeat":2,"rung":45}	0.001510	0.008	ok	
1847	{"family":"svm_rbf_platt","fold":2,"repeat":2,"rung":45}	0.030049	0.008	ok	
1848	{"family":"svm_rbf_platt","fold":3,"repeat":2,"rung":45}	0.034981	0.008	ok	
1849	{"family":"svm_rbf_platt","fold":0,"repeat":3,"rung":45}	0.012408	0.008	ok	
1850	{"family":"svm_rbf_platt","fold":1,"repeat":3,"rung":45}	0.034171	0.008	ok	
1851	{"family":"svm_rbf_platt","fold":2,"repeat":3,"rung":45}	0.058741	0.008	ok	
1852	{"family":"svm_rbf_platt","fold":3,"repeat":3,"rung":45}	0.005064	0.009	ok	
1853	{"family":"svm_rbf_platt","fold":0,"repeat":4,"rung":45}	0.080257	0.008	ok	
1854	{"family":"svm_rbf_platt","fold":1,"repeat":4,"rung":45}	0.003084	0.008	ok	
1855	{"family":"svm_rbf_platt","fold":2,"repeat":4,"rung":45}	0.043817	0.008	ok	
1856	{"family":"svm_rbf_platt","fold":3,"repeat":4,"rung":45}	0.090513	0.008	ok	
1857	{"family":"svm_rbf_platt","fold":0,"repeat":5,"rung":45}	0.018120	0.008	ok	
1858	{"family":"svm_rbf_platt","fold":1,"repeat":5,"rung":45}	0.047403	0.008	ok	
1859	{"family":"svm_rbf_platt","fold":2,"repeat":5,"rung":45}	0.039388	0.008	ok	
1860	{"family":"svm_rbf_platt","fold":3,"repeat":5,"rung":45}	0.021844	0.008	ok	
1861	{"family":"svm_rbf_platt","fold":0,"repeat":6,"rung":45}	0.039380	0.008	ok	
1862	{"family":"svm_rbf_platt","fold":1,"repeat":6,"rung":45}	0.071624	0.008	ok	
1863	{"family":"svm_rbf_platt","fold":2,"repeat":6,"rung":45}	0.027094	0.008	ok	
1864	{"family":"svm_rbf_platt","fold":3,"repeat":6,"rung":45}	0.013791	0.008	ok	
1865	{"family":"svm_rbf_platt","fold":0,"repeat":7,"rung":45}	0.039847	0.008	ok	
1866	{"family":"svm_rbf_platt","fold":1,"repeat":7,"rung":45}	0.024177	0.008	ok	
1867	{"family":"svm_rbf_platt","fold":2,"repeat":7,"rung":45}	0.092295	0.008	ok	
1868	{"family":"svm_rbf_platt","fold":3,"repeat":7,"rung":45}	0.040440	0.008	ok	
1869	{"family":"svm_rbf_platt","fold":0,"repeat":8,"rung":45}	0.035256	0.008	ok	
1870	{"family":"svm_rbf_platt","fold":1,"repeat":8,"rung":45}	0.013916	0.008	ok	
1871	{"family":"svm_rbf_platt","fold":2,"repeat":8,"rung":45}	0.041454	0.008	ok	
1872	{"family":"svm_rbf_platt","fold":3,"repeat":8,"rung":45}	0.040902	0.008	ok	
1873	{"family":"svm_rbf_platt","fold":0,"repeat":9,"rung":45}	0.063684	0.008	ok	
1874	{"family":"svm_rbf_platt","fold":1,"repeat":9,"rung":45}	0.038178	0.008	ok	
1875	{"family":"svm_rbf_platt","fold":2,"repeat":9,"rung":45}	0.028698	0.008	ok	
1876	{"family":"svm_rbf_platt","fold":3,"repeat":9,"rung":45}	0.008662	0.008	ok	
1877	{"family":"svm_rbf_platt","fold":0,"repeat":10,"rung":45}	0.025514	0.008	ok	
1878	{"family":"svm_rbf_platt","fold":1,"repeat":10,"rung":45}	0.043010	0.008	ok	
1879	{"family":"svm_rbf_platt","fold":2,"repeat":10,"rung":45}	0.014741	0.008	ok	
1880	{"family":"svm_rbf_platt","fold":3,"repeat":10,"rung":45}	0.043975	0.008	ok	
1881	{"family":"svm_rbf_platt","fold":0,"repeat":1,"rung":30}	0.029967	0.008	ok	
1882	{"family":"svm_rbf_platt","fold":1,"repeat":1,"rung":30}	0.031405	0.008	ok	
1883	{"family":"svm_rbf_platt","fold":2,"repeat":1,"rung":30}	0.091985	0.007	ok	
1884	{"family":"svm_rbf_platt","fold":3,"repeat":1,"rung":30}	0.036302	0.007	ok	
1885	{"family":"svm_rbf_platt","fold":0,"repeat":2,"rung":30}	0.070645	0.007	ok	
1886	{"family":"svm_rbf_platt","fold":1,"repeat":2,"rung":30}	0.012100	0.007	ok	
1887	{"family":"svm_rbf_platt","fold":2,"repeat":2,"rung":30}	0.035437	0.007	ok	
1888	{"family":"svm_rbf_platt","fold":3,"repeat":2,"rung":30}	0.060515	0.008	ok	
1889	{"family":"svm_rbf_platt","fold":0,"repeat":3,"rung":30}	0.019679	0.007	ok	
1890	{"family":"svm_rbf_platt","fold":1,"repeat":3,"rung":30}	0.064924	0.007	ok	
1891	{"family":"svm_rbf_platt","fold":2,"repeat":3,"rung":30}	0.060714	0.007	ok	
1892	{"family":"svm_rbf_platt","fold":3,"repeat":3,"rung":30}	0.017360	0.007	ok	
1893	{"family":"svm_rbf_platt","fold":0,"repeat":4,"rung":30}	0.119555	0.007	ok	
1894	{"family":"svm_rbf_platt","fold":1,"repeat":4,"rung":30}	0.009755	0.008	ok	
1895	{"family":"svm_rbf_platt","fold":2,"repeat":4,"rung":30}	0.047161	0.008	ok	
1896	{"family":"svm_rbf_platt","fold":3,"repeat":4,"rung":30}	0.086810	0.007	ok	
1897	{"family":"svm_rbf_platt","fold":0,"repeat":5,"rung":30}	0.014903	0.007	ok	
1898	{"family":"svm_rbf_platt","fold":1,"repeat":5,"rung":30}	0.056758	0.007	ok	
1899	{"family":"svm_rbf_platt","fold":2,"repeat":5,"rung":30}	0.047183	0.007	ok	
1900	{"family":"svm_rbf_platt","fold":3,"repeat":5,"rung":30}	0.032861	0.007	ok	
1901	{"family":"svm_rbf_platt","fold":0,"repeat":6,"rung":30}	0.063582	0.007	ok	
1902	{"family":"svm_rbf_platt","fold":1,"repeat":6,"rung":30}	0.097799	0.007	ok	
1903	{"family":"svm_rbf_platt","fold":2,"repeat":6,"rung":30}	0.029114	0.007	ok	
1904	{"family":"svm_rbf_platt","fold":3,"repeat":6,"rung":30}	0.026193	0.007	ok	
1905	{"family":"svm_rbf_platt","fold":0,"repeat":7,"rung":30}	0.046922	0.008	ok	
1906	{"family":"svm_rbf_platt","fold":1,"repeat":7,"rung":30}	0.019080	0.007	ok	
1907	{"family":"svm_rbf_platt","fold":2,"repeat":7,"rung":30}	0.130014	0.008	ok	
1908	{"family":"svm_rbf_platt","fold":3,"repeat":7,"rung":30}	0.043797	0.007	ok	
1909	{"family":"svm_rbf_platt","fold":0,"repeat":8,"rung":30}	0.058332	0.007	ok	
1910	{"family":"svm_rbf_platt","fold":1,"repeat":8,"rung":30}	0.024854	0.007	ok	
1911	{"family":"svm_rbf_platt","fold":2,"repeat":8,"rung":30}	0.038700	0.007	ok	
1912	{"family":"svm_rbf_platt","fold":3,"repeat":8,"rung":30}	0.049999	0.008	ok	
1913	{"family":"svm_rbf_platt","fold":0,"repeat":9,"rung":30}	0.091594	0.007	ok	
1914	{"family":"svm_rbf_platt","fold":1,"repeat":9,"rung":30}	0.032790	0.008	ok	
1915	{"family":"svm_rbf_platt","fold":2,"repeat":9,"rung":30}	0.052183	0.007	ok	
1916	{"family":"svm_rbf_platt","fold":3,"repeat":9,"rung":30}	0.046184	0.007	ok	
1917	{"family":"svm_rbf_platt","fold":0,"repeat":10,"rung":30}	0.035498	0.007	ok	
1918	{"family":"svm_rbf_platt","fold":1,"repeat":10,"rung":30}	0.064975	0.007	ok	
1919	{"family":"svm_rbf_platt","fold":2,"repeat":10,"rung":30}	0.032408	0.007	ok	
1920	{"family":"svm_rbf_platt","fold":3,"repeat":10,"rung":30}	0.039130	0.008	ok	
1921	{"family":"svm_rbf_platt","fold":0,"repeat":1,"rung":20}	0.023770	0.007	ok	
1922	{"family":"svm_rbf_platt","fold":1,"repeat":1,"rung":20}	0.031878	0.007	ok	
1923	{"family":"svm_rbf_platt","fold":2,"repeat":1,"rung":20}	0.112558	0.007	ok	
1924	{"family":"svm_rbf_platt","fold":3,"repeat":1,"rung":20}	0.040928	0.007	ok	
1925	{"family":"svm_rbf_platt","fold":0,"repeat":2,"rung":20}	0.067321	0.007	ok	
1926	{"family":"svm_rbf_platt","fold":1,"repeat":2,"rung":20}	0.016052	0.007	ok	
1927	{"family":"svm_rbf_platt","fold":2,"repeat":2,"rung":20}	0.048511	0.007	ok	
1928	{"family":"svm_rbf_platt","fold":3,"repeat":2,"rung":20}	0.049696	0.007	ok	
1929	{"family":"svm_rbf_platt","fold":0,"repeat":3,"rung":20}	0.024596	0.007	ok	
1930	{"family":"svm_rbf_platt","fold":1,"repeat":3,"rung":20}	0.061824	0.007	ok	
1931	{"family":"svm_rbf_platt","fold":2,"repeat":3,"rung":20}	0.076621	0.007	ok	
1932	{"family":"svm_rbf_platt","fold":3,"repeat":3,"rung":20}	0.021925	0.007	ok	
1933	{"family":"svm_rbf_platt","fold":0,"repeat":4,"rung":20}	0.089712	0.007	ok	
1934	{"family":"svm_rbf_platt","fold":1,"repeat":4,"rung":20}	0.031083	0.007	ok	
1935	{"family":"svm_rbf_platt","fold":2,"repeat":4,"rung":20}	0.035382	0.007	ok	
1936	{"family":"svm_rbf_platt","fold":3,"repeat":4,"rung":20}	0.074754	0.007	ok	
1937	{"family":"svm_rbf_platt","fold":0,"repeat":5,"rung":20}	0.042104	0.007	ok	
1938	{"family":"svm_rbf_platt","fold":1,"repeat":5,"rung":20}	0.075756	0.007	ok	
1939	{"family":"svm_rbf_platt","fold":2,"repeat":5,"rung":20}	0.043306	0.007	ok	
1940	{"family":"svm_rbf_platt","fold":3,"repeat":5,"rung":20}	0.021596	0.007	ok	
1941	{"family":"svm_rbf_platt","fold":0,"repeat":6,"rung":20}	0.119408	0.007	ok	
1942	{"family":"svm_rbf_platt","fold":1,"repeat":6,"rung":20}	0.133371	0.007	ok	
1943	{"family":"svm_rbf_platt","fold":2,"repeat":6,"rung":20}	0.041552	0.007	ok	
1944	{"family":"svm_rbf_platt","fold":3,"repeat":6,"rung":20}	0.029056	0.007	ok	
1945	{"family":"svm_rbf_platt","fold":0,"repeat":7,"rung":20}	0.063299	0.007	ok	
1946	{"family":"svm_rbf_platt","fold":1,"repeat":7,"rung":20}	0.013883	0.007	ok	
1947	{"family":"svm_rbf_platt","fold":2,"repeat":7,"rung":20}	0.120922	0.007	ok	
1948	{"family":"svm_rbf_platt","fold":3,"repeat":7,"rung":20}	0.043738	0.007	ok	
1949	{"family":"svm_rbf_platt","fold":0,"repeat":8,"rung":20}	0.098385	0.007	ok	
1950	{"family":"svm_rbf_platt","fold":1,"repeat":8,"rung":20}	0.039565	0.007	ok	
1951	{"family":"svm_rbf_platt","fold":2,"repeat":8,"rung":20}	0.061430	0.007	ok	
1952	{"family":"svm_rbf_platt","fold":3,"repeat":8,"rung":20}	0.060706	0.007	ok	
1953	{"family":"svm_rbf_platt","fold":0,"repeat":9,"rung":20}	0.087798	0.007	ok	
1954	{"family":"svm_rbf_platt","fold":1,"repeat":9,"rung":20}	0.014466	0.007	ok	
1955	{"family":"svm_rbf_platt","fold":2,"repeat":9,"rung":20}	0.051651	0.007	ok	
1956	{"family":"svm_rbf_platt","fold":3,"repeat":9,"rung":20}	0.046535	0.007	ok	
1957	{"family":"svm_rbf_platt","fold":0,"repeat":10,"rung":20}	0.025772	0.007	ok	
1958	{"family":"svm_rbf_platt","fold":1,"repeat":10,"rung":20}	0.105513	0.007	ok	
1959	{"family":"svm_rbf_platt","fold":2,"repeat":10,"rung":20}	0.025118	0.007	ok	
1960	{"family":"svm_rbf_platt","fold":3,"repeat":10,"rung":20}	0.052254	0.007	ok	
1961	{"family":"svm_rbf_platt","fold":0,"repeat":1,"rung":12}	0.082789	0.007	ok	
1962	{"family":"svm_rbf_platt","fold":1,"repeat":1,"rung":12}	0.046713	0.007	ok	
1963	{"family":"svm_rbf_platt","fold":2,"repeat":1,"rung":12}	0.139713	0.007	ok	
1964	{"family":"svm_rbf_platt","fold":3,"repeat":1,"rung":12}	0.071180	0.007	ok	
1965	{"family":"svm_rbf_platt","fold":0,"repeat":2,"rung":12}	0.091162	0.007	ok	
1966	{"family":"svm_rbf_platt","fold":1,"repeat":2,"rung":12}	0.035679	0.007	ok	
1967	{"family":"svm_rbf_platt","fold":2,"repeat":2,"rung":12}	0.055388	0.007	ok	
1968	{"family":"svm_rbf_platt","fold":3,"repeat":2,"rung":12}	0.095468	0.007	ok	
1969	{"family":"svm_rbf_platt","fold":0,"repeat":3,"rung":12}	0.044950	0.007	ok	
1970	{"family":"svm_rbf_platt","fold":1,"repeat":3,"rung":12}	0.098670	0.007	ok	
1971	{"family":"svm_rbf_platt","fold":2,"repeat":3,"rung":12}	0.087331	0.007	ok	
1972	{"family":"svm_rbf_platt","fold":3,"repeat":3,"rung":12}	0.059370	0.007	ok	
1973	{"family":"svm_rbf_platt","fold":0,"repeat":4,"rung":12}	0.090251	0.007	ok	
1974	{"family":"svm_rbf_platt","fold":1,"repeat":4,"rung":12}	0.046322	0.007	ok	
1975	{"family":"svm_rbf_platt","fold":2,"repeat":4,"rung":12}	0.107809	0.007	ok	
1976	{"family":"svm_rbf_platt","fold":3,"repeat":4,"rung":12}	0.090924	0.007	ok	
1977	{"family":"svm_rbf_platt","fold":0,"repeat":5,"rung":12}	0.108762	0.007	ok	
1978	{"family":"svm_rbf_platt","fold":1,"repeat":5,"rung":12}	0.125075	0.007	ok	
1979	{"family":"svm_rbf_platt","fold":2,"repeat":5,"rung":12}	0.067433	0.007	ok	
1980	{"family":"svm_rbf_platt","fold":3,"repeat":5,"rung":12}	0.025485	0.007	ok	
1981	{"family":"svm_rbf_platt","fold":0,"repeat":6,"rung":12}	0.140310	0.007	ok	
1982	{"family":"svm_rbf_platt","fold":1,"repeat":6,"rung":12}	0.131547	0.007	ok	
1983	{"family":"svm_rbf_platt","fold":2,"repeat":6,"rung":12}	0.074937	0.007	ok	
1984	{"family":"svm_rbf_platt","fold":3,"repeat":6,"rung":12}	0.060192	0.007	ok	
1985	{"family":"svm_rbf_platt","fold":0,"repeat":7,"rung":12}	0.086035	0.007	ok	
1986	{"family":"svm_rbf_platt","fold":1,"repeat":7,"rung":12}	0.024923	0.007	ok	
1987	{"family":"svm_rbf_platt","fold":2,"repeat":7,"rung":12}	0.144234	0.007	ok	
1988	{"family":"svm_rbf_platt","fold":3,"repeat":7,"rung":12}	0.058220	0.007	ok	
1989	{"family":"svm_rbf_platt","fold":0,"repeat":8,"rung":12}	0.102194	0.007	ok	
1990	{"family":"svm_rbf_platt","fold":1,"repeat":8,"rung":12}	0.097564	0.007	ok	
1991	{"family":"svm_rbf_platt","fold":2,"repeat":8,"rung":12}	0.093029	0.007	ok	
1992	{"family":"svm_rbf_platt","fold":3,"repeat":8,"rung":12}	0.109610	0.007	ok	
1993	{"family":"svm_rbf_platt","fold":0,"repeat":9,"rung":12}	0.132269	0.007	ok	
1994	{"family":"svm_rbf_platt","fold":1,"repeat":9,"rung":12}	0.025969	0.007	ok	
1995	{"family":"svm_rbf_platt","fold":2,"repeat":9,"rung":12}	0.062967	0.007	ok	
1996	{"family":"svm_rbf_platt","fold":3,"repeat":9,"rung":12}	0.092994	0.007	ok	
1997	{"family":"svm_rbf_platt","fold":0,"repeat":10,"rung":12}	0.084912	0.007	ok	
1998	{"family":"svm_rbf_platt","fold":1,"repeat":10,"rung":12}	0.132338	0.007	ok	
1999	{"family":"svm_rbf_platt","fold":2,"repeat":10,"rung":12}	0.062662	0.007	ok	
2000	{"family":"svm_rbf_platt","fold":3,"repeat":10,"rung":12}	0.077299	0.007	ok	
2001	{"family":"svm_linear_platt","fold":0,"repeat":1,"rung":60}	0.027734	0.008	ok	
2002	{"family":"svm_linear_platt","fold":1,"repeat":1,"rung":60}	0.019009	0.008	ok	
2003	{"family":"svm_linear_platt","fold":2,"repeat":1,"rung":60}	0.035860	0.008	ok	
2004	{"family":"svm_linear_platt","fold":3,"repeat":1,"rung":60}	0.020763	0.009	ok	
2005	{"family":"svm_linear_platt","fold":0,"repeat":2,"rung":60}	0.024408	0.008	ok	
2006	{"family":"svm_linear_platt","fold":1,"repeat":2,"rung":60}	0.009013	0.008	ok	
2007	{"family":"svm_linear_platt","fold":2,"repeat":2,"rung":60}	0.016524	0.008	ok	
2008	{"family":"svm_linear_platt","fold":3,"repeat":2,"rung":60}	0.034581	0.009	ok	
2009	{"family":"svm_linear_platt","fold":0,"repeat":3,"rung":60}	0.019727	0.008	ok	
2010	{"family":"svm_linear_platt","fold":1,"repeat":3,"rung":60}	0.036279	0.008	ok	
2011	{"family":"svm_linear_platt","fold":2,"repeat":3,"rung":60}	0.014472	0.008	ok	
2012	{"family":"svm_linear_platt","fold":3,"repeat":3,"rung":60}	0.004458	0.008	ok	
2013	{"family":"svm_linear_platt","fold":0,"repeat":4,"rung":60}	0.062585	0.008	ok	
2014	{"family":"svm_linear_platt","fold":1,"repeat":4,"rung":60}	0.005714	0.008	ok	
2015	{"family":"svm_linear_platt","fold":2,"repeat":4,"rung":60}	0.012739	0.008	ok	
2016	{"family":"svm_linear_platt","fold":3,"repeat":4,"rung":60}	0.048883	0.008	ok	
2017	{"family":"svm_linear_platt","fold":0,"repeat":5,"rung":60}	0.016997	0.008	ok	
2018	{"family":"svm_linear_platt","fold":1,"repeat":5,"rung":60}	0.045620	0.008	ok	
2019	{"family":"svm_linear_platt","fold":2,"repeat":5,"rung":60}	0.024162	0.009	ok	
2020	{"family":"svm_linear_platt","fold":3,"repeat":5,"rung":60}	0.007921	0.009	ok	
2021	{"family":"svm_linear_platt","fold":0,"repeat":6,"rung":60}	0.013718	0.009	ok	
2022	{"family":"svm_linear_platt","fold":1,"repeat":6,"rung":60}	0.051971	0.008	ok	
2023	{"family":"svm_linear_platt","fold":2,"repeat":6,"rung":60}	0.016445	0.008	ok	
2024	{"family":"svm_linear_platt","fold":3,"repeat":6,"rung":60}	0.018514	0.009	ok	
2025	{"family":"svm_linear_platt","fold":0,"repeat":7,"rung":60}	0.022254	0.009	ok	
2026	{"family":"svm_linear_platt","fold":1,"repeat":7,"rung":60}	0.013380	0.009	ok	
2027	{"family":"svm_linear_platt","fold":2,"repeat":7,"rung":60}	0.040602	0.008	ok	
2028	{"family":"svm_linear_platt","fold":3,"repeat":7,"rung":60}	0.017073	0.008	ok	
2029	{"family":"svm_linear_platt","fold":0,"repeat":8,"rung":60}	0.020025	0.008	ok	
2030	{"family":"svm_linear_platt","fold":1,"repeat":8,"rung":60}	0.006319	0.008	ok	
2031	{"family":"svm_linear_platt","fold":2,"repeat":8,"rung":60}	0.036722	0.008	ok	
2032	{"family":"svm_linear_platt","fold":3,"repeat":8,"rung":60}	0.012418	0.008	ok	
2033	{"family":"svm_linear_platt","fold":0,"repeat":9,"rung":60}	0.027758	0.008	ok	
2034	{"family":"svm_linear_platt","fold":1,"repeat":9,"rung":60}	0.020692	0.008	ok	
2035	{"family":"svm_linear_platt","fold":2,"repeat":9,"rung":60}	0.027307	0.008	ok	
2036	{"family":"svm_linear_platt","fold":3,"repeat":9,"rung":60}	0.010847	0.008	ok	
2037	{"family":"svm_linear_platt","fold":0,"repeat":10,"rung":60}	0.018519	0.008	ok	
2038	{"family":"svm_linear_platt","fold":1,"repeat":10,"rung":60}	0.012648	0.008	ok	
2039	{"family":"svm_linear_platt","fold":2,"repeat":10,"rung":60}	0.025045	0.008	ok	
2040	{"family":"svm_linear_platt","fold":3,"repeat":10,"rung":60}	0.029587	0.008	ok	
2041	{"family":"svm_linear_platt","fold":0,"repeat":1,"rung":45}	0.032102	0.008	ok	
2042	{"family":"svm_linear_platt","fold":1,"repeat":1,"rung":45}	0.021702	0.008	ok	
2043	{"family":"svm_linear_platt","fold":2,"repeat":1,"rung":45}	0.045532	0.008	ok	
2044	{"family":"svm_linear_platt","fold":3,"repeat":1,"rung":45}	0.048416	0.008	ok	
2045	{"family":"svm_linear_platt","fold":0,"repeat":2,"rung":45}	0.034572	0.008	ok	
2046	{"family":"svm_linear_platt","fold":1,"repeat":2,"rung":45}	0.007599	0.008	ok	
2047	{"family":"svm_linear_platt","fold":2,"repeat":2,"rung":45}	0.027465	0.008	ok	
2048	{"family":"svm_linear_platt","fold":3,"repeat":2,"rung":45}	0.041122	0.008	ok	
2049	{"family":"svm_linear_platt","fold":0,"repeat":3,"rung":45}	0.020146	0.008	ok	
2050	{"family":"svm_linear_platt","fold":1,"repeat":3,"rung":45}	0.043935	0.008	ok	
2051	{"family":"svm_linear_platt","fold":2,"repeat":3,"rung":45}	0.013498	0.008	ok	
2052	{"family":"svm_linear_platt","fold":3,"repeat":3,"rung":45}	0.006121	0.008	ok	
2053	{"family":"svm_linear_platt","fold":0,"repeat":4,"rung":45}	0.079480	0.008	ok	
2054	{"family":"svm_linear_platt","fold":1,"repeat":4,"rung":45}	0.007695	0.008	ok	
2055	{"family":"svm_linear_platt","fold":2,"repeat":4,"rung":45}	0.012998	0.008	ok	
2056	{"family":"svm_linear_platt","fold":3,"repeat":4,"rung":45}	0.053866	0.008	ok	
2057	{"family":"svm_linear_platt","fold":0,"repeat":5,"rung":45}	0.020705	0.008	ok	
2058	{"family":"svm_linear_platt","fold":1,"repeat":5,"rung":45}	0.048572	0.008	ok	
2059	{"family":"svm_linear_platt","fold":2,"repeat":5,"rung":45}	0.018147	0.008	ok	
2060	{"family":"svm_linear_platt","fold":3,"repeat":5,"rung":45}	0.003748	0.008	ok	
2061	{"family":"svm_linear_platt","fold":0,"repeat":6,"rung":45}	0.020455	0.008	ok	
2062	{"family":"svm_linear_platt","fold":1,"repeat":6,"rung":45}	0.054078	0.008	ok	
2063	{"family":"svm_linear_platt","fold":2,"repeat":6,"rung":45}	0.022430	0.008	ok	
2064	{"family":"svm_linear_platt","fold":3,"repeat":6,"rung":45}	0.016058	0.008	ok	
2065	{"family":"svm_linear_platt","fold":0,"repeat":7,"rung":45}	0.031862	0.008	ok	
2066	{"family":"svm_linear_platt","fold":1,"repeat":7,"rung":45}	0.020257	0.008	ok	
2067	{"family":"svm_linear_platt","fold":2,"repeat":7,"rung":45}	0.038092	0.008	ok	
2068	{"family":"svm_linear_platt","fold":3,"repeat":7,"rung":45}	0.023601	0.008	ok	
2069	{"family":"svm_linear_platt","fold":0,"repeat":8,"rung":45}	0.026838	0.008	ok	
2070	{"family":"svm_linear_platt","fold":1,"repeat":8,"rung":45}	0.007905	0.008	ok	
2071	{"family":"svm_linear_platt","fold":2,"repeat":8,"rung":45}	0.041458	0.008	ok	
2072	{"family":"svm_linear_platt","fold":3,"repeat":8,"rung":45}	0.030262	0.008	ok	
2073	{"family":"svm_linear_platt","fold":0,"repeat":9,"rung":45}	0.040274	0.008	ok	
2074	{"family":"svm_linear_platt","fold":1,"repeat":9,"rung":45}	0.021382	0.008	ok	
2075	{"family":"svm_linear_platt","fold":2,"repeat":9,"rung":45}	0.030558	0.008	ok	
2076	{"family":"svm_linear_platt","fold":3,"repeat":9,"rung":45}	0.019636	0.008	ok	
2077	{"family":"svm_linear_platt","fold":0,"repeat":10,"rung":45}	0.022453	0.008	ok	
2078	{"family":"svm_linear_platt","fold":1,"repeat":10,"rung":45}	0.016111	0.008	ok	
2079	{"family":"svm_linear_platt","fold":2,"repeat":10,"rung":45}	0.023281	0.008	ok	
2080	{"family":"svm_linear_platt","fold":3,"repeat":10,"rung":45}	0.031540	0.008	ok	
2081	{"family":"svm_linear_platt","fold":0,"repeat":1,"rung":30}	0.030937	0.007	ok	
2082	{"family":"svm_linear_platt","fold":1,"repeat":1,"rung":30}	0.025387	0.007	ok	
2083	{"family":"svm_linear_platt","fold":2,"repeat":1,"rung":30}	0.042538	0.007	ok	
2084	{"family":"svm_linear_platt","fold":3,"repeat":1,"rung":30}	0.075126	0.007	ok	
2085	{"family":"svm_linear_platt","fold":0,"repeat":2,"rung":30}	0.055006	0.008	ok	
2086	{"family":"svm_linear_platt","fold":1,"repeat":2,"rung":30}	0.011719	0.007	ok	
2087	{"family":"svm_linear_platt","fold":2,"repeat":2,"rung":30}	0.034792	0.007	ok	
2088	{"family":"svm_linear_platt","fold":3,"repeat":2,"rung":30}	0.037663	0.007	ok	
2089	{"family":"svm_linear_platt","fold":0,"repeat":3,"rung":30}	0.023496	0.007	ok	
2090	{"family":"svm_linear_platt","fold":1,"repeat":3,"rung":30}	0.049961	0.007	ok	
2091	{"family":"svm_linear_platt","fold":2,"repeat":3,"rung":30}	0.017422	0.008	ok	
2092	{"family":"svm_linear_platt","fold":3,"repeat":3,"rung":30}	0.036975	0.007	ok	
2093	{"family":"svm_linear_platt","fold":0,"repeat":4,"rung":30}	0.132955	0.007	ok	
2094	{"family":"svm_linear_platt","fold":1,"repeat":4,"rung":30}	0.023813	0.007	ok	
2095	{"family":"svm_linear_platt","fold":2,"repeat":4,"rung":30}	0.047126	0.007	ok	
2096	{"family":"svm_linear_platt","fold":3,"repeat":4,"rung":30}	0.048359	0.007	ok	
2097	{"family":"svm_linear_platt","fold":0,"repeat":5,"rung":30}	0.022810	0.007	ok	
2098	{"family":"svm_linear_platt","fold":1,"repeat":5,"rung":30}	0.079966	0.007	ok	
2099	{"family":"svm_linear_platt","fold":2,"repeat":5,"rung":30}	0.032693	0.007	ok	
2100	{"family":"svm_linear_platt","fold":3,"repeat":5,"rung":30}	0.007252	0.008	ok	
2101	{"family":"svm_linear_platt","fold":0,"repeat":6,"rung":30}	0.037638	0.007	ok	
2102	{"family":"svm_linear_platt","fold":1,"repeat":6,"rung":30}	0.060990	0.007	ok	
2103	{"family":"svm_linear_platt","fold":2,"repeat":6,"rung":30}	0.037329	0.007	ok	
2104	{"family":"svm_linear_platt","fold":3,"repeat":6,"rung":30}	0.013268	0.008	ok	
2105	{"family":"svm_linear_platt","fold":0,"repeat":7,"rung":30}	0.021969	0.007	ok	
2106	{"family":"svm_linear_platt","fold":1,"repeat":7,"rung":30}	0.027989	0.007	ok	
2107	{"family":"svm_linear_platt","fold":2,"repeat":7,"rung":30}	0.055502	0.007	ok	
2108	{"family":"svm_linear_platt","fold":3,"repeat":7,"rung":30}	0.027892	0.007	ok	
2109	{"family":"svm_linear_platt","fold":0,"repeat":8,"rung":30}	0.045621	0.007	ok	
2110	{"family":"svm_linear_platt","fold":1,"repeat":8,"rung":30}	0.027802	0.007	ok	
2111	{"family":"svm_linear_platt","fold":2,"repeat":8,"rung":30}	0.050051	0.007	ok	
2112	{"family":"svm_linear_platt","fold":3,"repeat":8,"rung":30}	0.059530	0.007	ok	
2113	{"family":"svm_linear_platt","fold":0,"repeat":9,"rung":30}	0.087193	0.007	ok	
2114	{"family":"svm_linear_platt","fold":1,"repeat":9,"rung":30}	0.020378	0.007	ok	
2115	{"family":"svm_linear_platt","fold":2,"repeat":9,"rung":30}	0.053065	0.007	ok	
2116	{"family":"svm_linear_platt","fold":3,"repeat":9,"rung":30}	0.047347	0.007	ok	
2117	{"family":"svm_linear_platt","fold":0,"repeat":10,"rung":30}	0.030263	0.007	ok	
2118	{"family":"svm_linear_platt","fold":1,"repeat":10,"rung":30}	0.066577	0.007	ok	
2119	{"family":"svm_linear_platt","fold":2,"repeat":10,"rung":30}	0.056831	0.007	ok	
2120	{"family":"svm_linear_platt","fold":3,"repeat":10,"rung":30}	0.024488	0.007	ok	
2121	{"family":"svm_linear_platt","fold":0,"repeat":1,"rung":20}	0.040042	0.007	ok	
2122	{"family":"svm_linear_platt","fold":1,"repeat":1,"rung":20}	0.020645	0.007	ok	
2123	{"family":"svm_linear_platt","fold":2,"repeat":1,"rung":20}	0.069146	0.007	ok	
2124	{"family":"svm_linear_platt","fold":3,"repeat":1,"rung":20}	0.062803	0.007	ok	
2125	{"family":"svm_linear_platt","fold":0,"repeat":2,"rung":20}	0.064779	0.007	ok	
2126	{"family":"svm_linear_platt","fold":1,"repeat":2,"rung":20}	0.034189	0.007	ok	
2127	{"family":"svm_linear_platt","fold":2,"repeat":2,"rung":20}	0.042956	0.007	ok	
2128	{"family":"svm_linear_platt","fold":3,"repeat":2,"rung":20}	0.036864	0.007	ok	
2129	{"family":"svm_linear_platt","fold":0,"repeat":3,"rung":20}	0.042693	0.007	ok	
2130	{"family":"svm_linear_platt","fold":1,"repeat":3,"rung":20}	0.063818	0.007	ok	
2131	{"family":"svm_linear_platt","fold":2,"repeat":3,"rung":20}	0.040743	0.007	ok	
2132	{"family":"svm_linear_platt","fold":3,"repeat":3,"rung":20}	0.030309	0.007	ok	
2133	{"family":"svm_linear_platt","fold":0,"repeat":4,"rung":20}	0.123620	0.007	ok	
2134	{"family":"svm_linear_platt","fold":1,"repeat":4,"rung":20}	0.036285	0.007	ok	
2135	{"family":"svm_linear_platt","fold":2,"repeat":4,"rung":20}	0.050269	0.007	ok	
2136	{"family":"svm_linear_platt","fold":3,"repeat":4,"rung":20}	0.052057	0.007	ok	
2137	{"family":"svm_linear_platt","fold":0,"repeat":5,"rung":20}	0.059708	0.007	ok	
2138	{"family":"svm_linear_platt","fold":1,"repeat":5,"rung":20}	0.112875	0.007	ok	
2139	{"family":"svm_linear_platt","fold":2,"repeat":5,"rung":20}	0.056631	0.007	ok	
2140	{"family":"svm_linear_platt","fold":3,"repeat":5,"rung":20}	0.012529	0.007	ok	
2141	{"family":"svm_linear_platt","fold":0,"repeat":6,"rung":20}	0.099366	0.007	ok	
2142	{"family":"svm_linear_platt","fold":1,"repeat":6,"rung":20}	0.086372	0.007	ok	
2143	{"family":"svm_linear_platt","fold":2,"repeat":6,"rung":20}	0.033623	0.007	ok	
2144	{"family":"svm_linear_platt","fold":3,"repeat":6,"rung":20}	0.026246	0.007	ok	
2145	{"family":"svm_linear_platt","fold":0,"repeat":7,"rung":20}	0.042418	0.007	ok	
2146	{"family":"svm_linear_platt","fold":1,"repeat":7,"rung":20}	0.026686	0.007	ok	
2147	{"family":"svm_linear_platt","fold":2,"repeat":7,"rung":20}	0.079252	0.007	ok	
2148	{"family":"svm_linear_platt","fold":3,"repeat":7,"rung":20}	0.018863	0.007	ok	
2149	{"family":"svm_linear_platt","fold":0,"repeat":8,"rung":20}	0.063015	0.007	ok	
2150	{"family":"svm_linear_platt","fold":1,"repeat":8,"rung":20}	0.037079	0.007	ok	
2151	{"family":"svm_linear_platt","fold":2,"repeat":8,"rung":20}	0.054981	0.007	ok	
2152	{"family":"svm_linear_platt","fold":3,"repeat":8,"rung":20}	0.085547	0.007	ok	
2153	{"family":"svm_linear_platt","fold":0,"repeat":9,"rung":20}	0.101630	0.007	ok	
2154	{"family":"svm_linear_platt","fold":1,"repeat":9,"rung":20}	0.027267	0.007	ok	
2155	{"family":"svm_linear_platt","fold":2,"repeat":9,"rung":20}	0.047641	0.007	ok	
2156	{"family":"svm_linear_platt","fold":3,"repeat":9,"rung":20}	0.064318	0.007	ok	
2157	{"family":"svm_linear_platt","fold":0,"repeat":10,"rung":20}	0.044276	0.007	ok	
2158	{"family":"svm_linear_platt","fold":1,"repeat":10,"rung":20}	0.085792	0.007	ok	
2159	{"family":"svm_linear_platt","fold":2,"repeat":10,"rung":20}	0.058353	0.007	ok	
2160	{"family":"svm_linear_platt","fold":3,"repeat":10,"rung":20}	0.033721	0.007	ok	
2161	{"family":"svm_linear_platt","fold":0,"repeat":1,"rung":12}	0.076360	0.007	ok	
2162	{"family":"svm_linear_platt","fold":1,"repeat":1,"rung":12}	0.036635	0.007	ok	
2163	{"family":"svm_linear_platt","fold":2,"repeat":1,"rung":12}	0.088165	0.007	ok	
2164	{"family":"svm_linear_platt","fold":3,"repeat":1,"rung":12}	0.104237	0.007	ok	
2165	{"family":"svm_linear_platt","fold":0,"repeat":2,"rung":12}	0.078121	0.007	ok	
2166	{"family":"svm_linear_platt","fold":1,"repeat":2,"rung":12}	0.040124	0.007	ok	
2167	{"family":"svm_linear_platt","fold":2,"repeat":2,"rung":12}	0.041655	0.007	ok	
2168	{"family":"svm_linear_platt","fold":3,"repeat":2,"rung":12}	0.047165	0.007	ok	
2169	{"family":"svm_linear_platt","fold":0,"repeat":3,"rung":12}	0.052361	0.007	ok	
2170	{"family":"svm_linear_platt","fold":1,"repeat":3,"rung":12}	0.115883	0.007	ok	
2171	{"family":"svm_linear_platt","fold":2,"repeat":3,"rung":12}	0.039761	0.007	ok	
2172	{"family":"svm_linear_platt","fold":3,"repeat":3,"rung":12}	0.043009	0.007	ok	
2173	{"family":"svm_linear_platt","fold":0,"repeat":4,"rung":12}	0.088903	0.007	ok	
2174	{"family":"svm_linear_platt","fold":1,"repeat":4,"rung":12}	0.066673	0.007	ok	
2175	{"family":"svm_linear_platt","fold":2,"repeat":4,"rung":12}	0.085687	0.007	ok	
2176	{"family":"svm_linear_platt","fold":3,"repeat":4,"rung":12}	0.075972	0.007	ok	
2177	{"family":"svm_linear_platt","fold":0,"repeat":5,"rung":12}	0.120562	0.007	ok	
2178	{"family":"svm_linear_platt","fold":1,"repeat":5,"rung":12}	0.158800	0.007	ok	
2179	{"family":"svm_linear_platt","fold":2,"repeat":5,"rung":12}	0.069729	0.007	ok	
2180	{"family":"svm_linear_platt","fold":3,"repeat":5,"rung":12}	0.017714	0.007	ok	
2181	{"family":"svm_linear_platt","fold":0,"repeat":6,"rung":12}	0.147725	0.007	ok	
2182	{"family":"svm_linear_platt","fold":1,"repeat":6,"rung":12}	0.100526	0.007	ok	
2183	{"family":"svm_linear_platt","fold":2,"repeat":6,"rung":12}	0.041912	0.007	ok	
2184	{"family":"svm_linear_platt","fold":3,"repeat":6,"rung":12}	0.044685	0.007	ok	
2185	{"family":"svm_linear_platt","fold":0,"repeat":7,"rung":12}	0.065670	0.007	ok	
2186	{"family":"svm_linear_platt","fold":1,"repeat":7,"rung":12}	0.031726	0.007	ok	
2187	{"family":"svm_linear_platt","fold":2,"repeat":7,"rung":12}	0.098056	0.007	ok	
2188	{"family":"svm_linear_platt","fold":3,"repeat":7,"rung":12}	0.026245	0.007	ok	
2189	{"family":"svm_linear_platt","fold":0,"repeat":8,"rung":12}	0.099790	0.007	ok	
2190	{"family":"svm_linear_platt","fold":1,"repeat":8,"rung":12}	0.104542	0.007	ok	
2191	{"family":"svm_linear_platt","fold":2,"repeat":8,"rung":12}	0.074495	0.007	ok	
2192	{"family":"svm_linear_platt","fold":3,"repeat":8,"rung":12}	0.128634	0.007	ok	
2193	{"family":"svm_linear_platt","fold":0,"repeat":9,"rung":12}	0.122876	0.007	ok	
2194	{"family":"svm_linear_platt","fold":1,"repeat":9,"rung":12}	0.065863	0.007	ok	
2195	{"family":"svm_linear_platt","fold":2,"repeat":9,"rung":12}	0.087786	0.007	ok	
2196	{"family":"svm_linear_platt","fold":3,"repeat":9,"rung":12}	0.082427	0.007	ok	
2197	{"family":"svm_linear_platt","fold":0,"repeat":10,"rung":12}	0.083840	0.007	ok	
2198	{"family":"svm_linear_platt","fold":1,"repeat":10,"rung":12}	0.113416	0.007	ok	
2199	{"family":"svm_linear_platt","fold":2,"repeat":10,"rung":12}	0.078967	0.007	ok	
2200	{"family":"svm_linear_platt","fold":3,"repeat":10,"rung":12}	0.050724	0.007	ok	
2201	{"family":"rf","fold":0,"repeat":1,"rung":60}	0.020456	0.095	ok	
2202	{"family":"rf","fold":1,"repeat":1,"rung":60}	0.061333	0.096	ok	
2203	{"family":"rf","fold":2,"repeat":1,"rung":60}	0.048712	0.096	ok	
2204	{"family":"rf","fold":3,"repeat":1,"rung":60}	0.082703	0.096	ok	
2205	{"family":"rf","fold":0,"repeat":2,"rung":60}	0.092645	0.095	ok	
2206	{"family":"rf","fold":1,"repeat":2,"rung":60}	0.007051	0.097	ok	
2207	{"family":"rf","fold":2,"repeat":2,"rung":60}	0.063587	0.097	ok	
2208	{"family":"rf","fold":3,"repeat":2,"rung":60}	0.036600	0.096	ok	
2209	{"family":"rf","fold":0,"repeat":3,"rung":60}	0.060988	0.096	ok	
2210	{"family":"rf","fold":1,"repeat":3,"rung":60}	0.064210	0.096	ok	
2211	{"family":"rf","fold":2,"repeat":3,"rung":60}	0.054620	0.096	ok	
2212	{"family":"rf","fold":3,"repeat":3,"rung":60}	0.010217	0.097	ok	
2213	{"family":"rf","fold":0,"repeat":4,"rung":60}	0.119087	0.096	ok	
2214	{"family":"rf","fold":1,"repeat":4,"rung":60}	0.012223	0.096	ok	
2215	{"family":"rf","fold":2,"repeat":4,"rung":60}	0.071415	0.097	ok	
2216	{"family":"rf","fold":3,"repeat":4,"rung":60}	0.027739	0.096	ok	
2217	{"family":"rf","fold":0,"repeat":5,"rung":60}	0.023044	0.097	ok	
2218	{"family":"rf","fold":1,"repeat":5,"rung":60}	0.061430	0.096	ok	
2219	{"family":"rf","fold":2,"repeat":5,"rung":60}	0.073166	0.097	ok	
2220	{"family":"rf","fold":3,"repeat":5,"rung":60}	0.034874	0.097	ok	
2221	{"family":"rf","fold":0,"repeat":6,"rung":60}	0.059248	0.097	ok	
2222	{"family":"rf","fold":1,"repeat":6,"rung":60}	0.065578	0.096	ok	
2223	{"family":"rf","fold":2,"repeat":6,"rung":60}	0.056816	0.097	ok	
2224	{"family":"rf","fold":3,"repeat":6,"rung":60}	0.038758	0.098	ok	
2225	{"family":"rf","fold":0,"repeat":7,"rung":60}	0.048252	0.097	ok	
2226	{"family":"rf","fold":1,"repeat":7,"rung":60}	0.067564	0.096	ok	
2227	{"family":"rf","fold":2,"repeat":7,"rung":60}	0.100368	0.096	ok	
2228	{"family":"rf","fold":3,"repeat":7,"rung":60}	0.011507	0.097	ok	
2229	{"family":"rf","fold":0,"repeat":8,"rung":60}	0.017698	0.097	ok	
2230	{"family":"rf","fold":1,"repeat":8,"rung":60}	0.032248	0.096	ok	
2231	{"family":"rf","fold":2,"repeat":8,"rung":60}	0.086038	0.095	ok	
2232	{"family":"rf","fold":3,"repeat":8,"rung":60}	0.054911	0.096	ok	
2233	{"family":"rf","fold":0,"repeat":9,"rung":60}	0.096563	0.096	ok	
2234	{"family":"rf","fold":1,"repeat":9,"rung":60}	0.034779	0.098	ok	
2235	{"family":"rf","fold":2,"repeat":9,"rung":60}	0.036438	0.096	ok	
2236	{"family":"rf","fold":3,"repeat":9,"rung":60}	0.010804	0.096	ok	
2237	{"family":"rf","fold":0,"repeat":10,"rung":60}	0.049598	0.097	ok	
2238	{"family":"rf","fold":1,"repeat":10,"rung":60}	0.043196	0.097	ok	
2239	{"family":"rf","fold":2,"repeat":10,"rung":60}	0.049791	0.097	ok	
2240	{"family":"rf","fold":3,"repeat":10,"rung":60}	0.052298	0.097	ok	
2241	{"family":"rf","fold":0,"repeat":1,"rung":45}	0.012859	0.097	ok	
2242	{"family":"rf","fold":1,"repeat":1,"rung":45}	0.062804	0.097	ok	
2243	{"family":"rf","fold":2,"repeat":1,"rung":45}	0.067645	0.095	ok	
2244	{"family":"rf","fold":3,"repeat":1,"rung":45}	0.083407	0.096	ok	
2245	{"family":"rf","fold":0,"repeat":2,"rung":45}	0.085756	0.096	ok	
2246	{"family":"rf","fold":1,"repeat":2,"rung":45}	0.003895	0.096	ok	
2247	{"family":"rf","fold":2,"repeat":2,"rung":45}	0.065557	0.096	ok	
2248	{"family":"rf","fold":3,"repeat":2,"rung":45}	0.031846	0.097	ok	
2249	{"family":"rf","fold":0,"repeat":3,"rung":45}	0.058090	0.096	ok	
2250	{"family":"rf","fold":1,"repeat":3,"rung":45}	0.059045	0.096	ok	
2251	{"family":"rf","fold":2,"repeat":3,"rung":45}	0.048001	0.095	ok	
2252	{"family":"rf","fold":3,"repeat":3,"rung":45}	0.014577	0.097	ok	
2253	{"family":"rf","fold":0,"repeat":4,"rung":45}	0.127409	0.096	ok	
2254	{"family":"rf","fold":1,"repeat":4,"rung":45}	0.016588	0.097	ok	
2255	{"family":"rf","fold":2,"repeat":4,"rung":45}	0.046740	0.096	ok	
2256	{"family":"rf","fold":3,"repeat":4,"rung":45}	0.026530	0.097	ok	
2257	{"family":"rf","fold":0,"repeat":5,"rung":45}	0.023067	0.096	ok	
2258	{"family":"rf","fold":1,"repeat":5,"rung":45}	0.061419	0.097	ok	
2259	{"family":"rf","fold":2,"repeat":5,"rung":45}	0.074150	0.095	ok	
2260	{"family":"rf","fold":3,"repeat":5,"rung":45}	0.033562	0.096	ok	
2261	{"family":"rf","fold":0,"repeat":6,"rung":45}	0.061285	0.097	ok	
2262	{"family":"rf","fold":1,"repeat":6,"rung":45}	0.068342	0.097	ok	
2263	{"family":"rf","fold":2,"repeat":6,"rung":45}	0.058949	0.095	ok	
2264	{"family":"rf","fold":3,"repeat":6,"rung":45}	0.030025	0.096	ok	
2265	{"family":"rf","fold":0,"repeat":7,"rung":45}	0.065130	0.096	ok	
2266	{"family":"rf","fold":1,"repeat":7,"rung":45}	0.049735	0.096	ok	
2267	{"family":"rf","fold":2,"repeat":7,"rung":45}	0.104889	0.097	ok	
2268	{"family":"rf","fold":3,"repeat":7,"rung":45}	0.009911	0.097	ok	
2269	{"family":"rf","fold":0,"repeat":8,"rung":45}	0.023174	0.096	ok	
2270	{"family":"rf","fold":1,"repeat":8,"rung":45}	0.029957	0.097	ok	
2271	{"family":"rf","fold":2,"repeat":8,"rung":45}	0.083983	0.096	ok	
2272	{"family":"rf","fold":3,"repeat":8,"rung":45}	0.064402	0.096	ok	
2273	{"family":"rf","fold":0,"repeat":9,"rung":45}	0.106879	0.096	ok	
2274	{"family":"rf","fold":1,"repeat":9,"rung":45}	0.034884	0.095	ok	
2275	{"family":"rf","fold":2,"repeat":9,"rung":45}	0.033455	0.096	ok	
2276	{"family":"rf","fold":3,"repeat":9,"rung":45}	0.016834	0.096	ok	
2277	{"family":"rf","fold":0,"repeat":10,"rung":45}	0.055667	0.097	ok	
2278	{"family":"rf","fold":1,"repeat":10,"rung":45}	0.043720	0.097	ok	
2279	{"family":"rf","fold":2,"repeat":10,"rung":45}	0.048943	0.096	ok	
2280	{"family":"rf","fold":3,"repeat":10,"rung":45}	0.049023	0.096	ok	
2281	{"family":"rf","fold":0,"repeat":1,"rung":30}	0.010986	0.095	ok	
2282	{"family":"rf","fold":1,"repeat":1,"rung":30}	0.070147	0.096	ok	
2283	{"family":"rf","fold":2,"repeat":1,"rung":30}	0.058969	0.096	ok	
2284	{"family":"rf","fold":3,"repeat":1,"rung":30}	0.054441	0.096	ok	
2285	{"family":"rf","fold":0,"repeat":2,"rung":30}	0.097328	0.096	ok	
2286	{"family":"rf","fold":1,"repeat":2,"rung":30}	0.004872	0.097	ok	
2287	{"family":"rf","fold":2,"repeat":2,"rung":30}	0.048710	0.096	ok	
2288	{"family":"rf","fold":3,"repeat":2,"rung":30}	0.038397	0.096	ok	
2289	{"family":"rf","fold":0,"repeat":3,"rung":30}	0.060560	0.096	ok	
2290	{"family":"rf","fold":1,"repeat":3,"rung":30}	0.071818	0.096	ok	
2291	{"family":"rf","fold":2,"repeat":3,"rung":30}	0.033211	0.095	ok	
2292	{"family":"rf","fold":3,"repeat":3,"rung":30}	0.037000	0.096	ok	
2293	{"family":"rf","fold":0,"repeat":4,"rung":30}	0.137942	0.096	ok	
2294	{"family":"rf","fold":1,"repeat":4,"rung":30}	0.014492	0.096	ok	
2295	{"family":"rf","fold":2,"repeat":4,"rung":30}	0.054511	0.096	ok	
2296	{"family":"rf","fold":3,"repeat":4,"rung":30}	0.032485	0.096	ok	
2297	{"family":"rf","fold":0,"repeat":5,"rung":30}	0.027818	0.096	ok	
2298	{"family":"rf","fold":1,"repeat":5,"rung":30}	0.063304	0.097	ok	
2299	{"family":"rf","fold":2,"repeat":5,"rung":30}	0.085318	0.095	ok	
2300	{"family":"rf","fold":3,"repeat":5,"rung":30}	0.034880	0.095	ok	
2301	{"family":"rf","fold":0,"repeat":6,"rung":30}	0.055180	0.096	ok	
2302	{"family":"rf","fold":1,"repeat":6,"rung":30}	0.062971	0.096	ok	
2303	{"family":"rf","fold":2,"repeat":6,"rung":30}	0.059646	0.096	ok	
2304	{"family":"rf","fold":3,"repeat":6,"rung":30}	0.018353	0.096	ok	
2305	{"family":"rf","fold":0,"repeat":7,"rung":30}	0.068011	0.095	ok	
2306	{"family":"rf","fold":1,"repeat":7,"rung":30}	0.054071	0.095	ok	
2307	{"family":"rf","fold":2,"repeat":7,"rung":30}	0.111380	0.096	ok	
2308	{"family":"rf","fold":3,"repeat":7,"rung":30}	0.013356	0.096	ok	
2309	{"family":"rf","fold":0,"repeat":8,"rung":30}	0.069758	0.096	ok	
2310	{"family":"rf","fold":1,"repeat":8,"rung":30}	0.036001	0.096	ok	
2311	{"family":"rf","fold":2,"repeat":8,"rung":30}	0.087079	0.096	ok	
2312	{"family":"rf","fold":3,"repeat":8,"rung":30}	0.051977	0.095	ok	
2313	{"family":"rf","fold":0,"repeat":9,"rung":30}	0.110169	0.095	ok	
2314	{"family":"rf","fold":1,"repeat":9,"rung":30}	0.040940	0.095	ok	
2315	{"family":"rf","fold":2,"repeat":9,"rung":30}	0.046270	0.096	ok	
2316	{"family":"rf","fold":3,"repeat":9,"rung":30}	0.022123	0.096	ok	
2317	{"family":"rf","fold":0,"repeat":10,"rung":30}	0.058142	0.095	ok	
2318	{"family":"rf","fold":1,"repeat":10,"rung":30}	0.064790	0.096	ok	
2319	{"family":"rf","fold":2,"repeat":10,"rung":30}	0.050901	0.096	ok	
2320	{"family":"rf","fold":3,"repeat":10,"rung":30}	0.053954	0.096	ok	
2321	{"family":"rf","fold":0,"repeat":1,"rung":20}	0.010842	0.094	ok	
2322	{"family":"rf","fold":1,"repeat":1,"rung":20}	0.057030	0.096	ok	
2323	{"family":"rf","fold":2,"repeat":1,"rung":20}	0.072187	0.094	ok	
2324	{"family":"rf","fold":3,"repeat":1,"rung":20}	0.051826	0.094	ok	
2325	{"family":"rf","fold":0,"repeat":2,"rung":20}	0.091302	0.094	ok	
2326	{"family":"rf","fold":1,"repeat":2,"rung":20}	0.012078	0.095	ok	
2327	{"family":"rf","fold":2,"repeat":2,"rung":20}	0.053030	0.097	ok	
2328	{"family":"rf","fold":3,"repeat":2,"rung":20}	0.051319	0.094	ok	
2329	{"family":"rf","fold":0,"repeat":3,"rung":20}	0.053737	0.099	ok	
2330	{"family":"rf","fold":1,"repeat":3,"rung":20}	0.074546	0.096	ok	
2331	{"family":"rf","fold":2,"repeat":3,"rung":20}	0.044651	0.095	ok	
2332	{"family":"rf","fold":3,"repeat":3,"rung":20}	0.027904	0.095	ok	
2333	{"family":"rf","fold":0,"repeat":4,"rung":20}	0.131065	0.095	ok	
2334	{"family":"rf","fold":1,"repeat":4,"rung":20}	0.014160	0.095	ok	
2335	{"family":"rf","fold":2,"repeat":4,"rung":20}	0.058489	0.095	ok	
2336	{"family":"rf","fold":3,"repeat":4,"rung":20}	0.031761	0.094	ok	
2337	{"family":"rf","fold":0,"repeat":5,"rung":20}	0.039347	0.094	ok	
2338	{"family":"rf","fold":1,"repeat":5,"rung":20}	0.072384	0.093	ok	
2339	{"family":"rf","fold":2,"repeat":5,"rung":20}	0.088083	0.095	ok	
2340	{"family":"rf","fold":3,"repeat":5,"rung":20}	0.035870	0.095	ok	
2341	{"family":"rf","fold":0,"repeat":6,"rung":20}	0.075593	0.095	ok	
2342	{"family":"rf","fold":1,"repeat":6,"rung":20}	0.096597	0.095	ok	
2343	{"family":"rf","fold":2,"repeat":6,"rung":20}	0.059819	0.096	ok	
2344	{"family":"rf","fold":3,"repeat":6,"rung":20}	0.028412	0.098	ok	
2345	{"family":"rf","fold":0,"repeat":7,"rung":20}	0.098935	0.096	ok	
2346	{"family":"rf","fold":1,"repeat":7,"rung":20}	0.056112	0.097	ok	
2347	{"family":"rf","fold":2,"repeat":7,"rung":20}	0.074612	0.095	ok	
2348	{"family":"rf","fold":3,"repeat":7,"rung":20}	0.010818	0.096	ok	
2349	{"family":"rf","fold":0,"repeat":8,"rung":20}	0.085208	0.096	ok	
2350	{"family":"rf","fold":1,"repeat":8,"rung":20}	0.040077	0.096	ok	
2351	{"family":"rf","fold":2,"repeat":8,"rung":20}	0.081672	0.095	ok	
2352	{"family":"rf","fold":3,"repeat":8,"rung":20}	0.057431	0.095	ok	
2353	{"family":"rf","fold":0,"repeat":9,"rung":20}	0.087695	0.095	ok	
2354	{"family":"rf","fold":1,"repeat":9,"rung":20}	0.022739	0.095	ok	
2355	{"family":"rf","fold":2,"repeat":9,"rung":20}	0.052336	0.095	ok	
2356	{"family":"rf","fold":3,"repeat":9,"rung":20}	0.021980	0.095	ok	
2357	{"family":"rf","fold":0,"repeat":10,"rung":20}	0.057305	0.096	ok	
2358	{"family":"rf","fold":1,"repeat":10,"rung":20}	0.091308	0.095	ok	
2359	{"family":"rf","fold":2,"repeat":10,"rung":20}	0.068443	0.096	ok	
2360	{"family":"rf","fold":3,"repeat":10,"rung":20}	0.058327	0.096	ok	
2361	{"family":"rf","fold":0,"repeat":1,"rung":12}	0.019702	0.094	ok	
2362	{"family":"rf","fold":1,"repeat":1,"rung":12}	0.059014	0.095	ok	
2363	{"family":"rf","fold":2,"repeat":1,"rung":12}	0.109605	0.095	ok	
2364	{"family":"rf","fold":3,"repeat":1,"rung":12}	0.064646	0.096	ok	
2365	{"family":"rf","fold":0,"repeat":2,"rung":12}	0.095048	0.095	ok	
2366	{"family":"rf","fold":1,"repeat":2,"rung":12}	0.022707	0.095	ok	
2367	{"family":"rf","fold":2,"repeat":2,"rung":12}	0.054604	0.095	ok	
2368	{"family":"rf","fold":3,"repeat":2,"rung":12}	0.103159	0.094	ok	
2369	{"family":"rf","fold":0,"repeat":3,"rung":12}	0.074770	0.095	ok	
2370	{"family":"rf","fold":1,"repeat":3,"rung":12}	0.087198	0.094	ok	
2371	{"family":"rf","fold":2,"repeat":3,"rung":12}	0.048437	0.095	ok	
2372	{"family":"rf","fold":3,"repeat":3,"rung":12}	0.049288	0.094	ok	
2373	{"family":"rf","fold":0,"repeat":4,"rung":12}	0.093393	0.095	ok	
2374	{"family":"rf","fold":1,"repeat":4,"rung":12}	0.035633	0.094	ok	
2375	{"family":"rf","fold":2,"repeat":4,"rung":12}	0.062521	0.096	ok	
2376	{"family":"rf","fold":3,"repeat":4,"rung":12}	0.042442	0.095	ok	
2377	{"family":"rf","fold":0,"repeat":5,"rung":12}	0.037725	0.096	ok	
2378	{"family":"rf","fold":1,"repeat":5,"rung":12}	0.075699	0.095	ok	
2379	{"family":"rf","fold":2,"repeat":5,"rung":12}	0.086264	0.094	ok	
2380	{"family":"rf","fold":3,"repeat":5,"rung":12}	0.048728	0.094	ok	
2381	{"family":"rf","fold":0,"repeat":6,"rung":12}	0.147443	0.095	ok	
2382	{"family":"rf","fold":1,"repeat":6,"rung":12}	0.093496	0.096	ok	
2383	{"family":"rf","fold":2,"repeat":6,"rung":12}	0.062702	0.095	ok	
2384	{"family":"rf","fold":3,"repeat":6,"rung":12}	0.071470	0.095	ok	
2385	{"family":"rf","fold":0,"repeat":7,"rung":12}	0.048113	0.092	ok	
2386	{"family":"rf","fold":1,"repeat":7,"rung":12}	0.055537	0.094	ok	
2387	{"family":"rf","fold":2,"repeat":7,"rung":12}	0.074360	0.094	ok	
2388	{"family":"rf","fold":3,"repeat":7,"rung":12}	0.010739	0.094	ok	
2389	{"family":"rf","fold":0,"repeat":8,"rung":12}	0.071559	0.094	ok	
2390	{"family":"rf","fold":1,"repeat":8,"rung":12}	0.066975	0.094	ok	
2391	{"family":"rf","fold":2,"repeat":8,"rung":12}	0.089279	0.094	ok	
2392	{"family":"rf","fold":3,"repeat":8,"rung":12}	0.094964	0.095	ok	
2393	{"family":"rf","fold":0,"repeat":9,"rung":12}	0.121205	0.096	ok	
2394	{"family":"rf","fold":1,"repeat":9,"rung":12}	0.049458	0.095	ok	
2395	{"family":"rf","fold":2,"repeat":9,"rung":12}	0.049625	0.095	ok	
2396	{"family":"rf","fold":3,"repeat":9,"rung":12}	0.047330	0.094	ok	
2397	{"family":"rf","fold":0,"repeat":10,"rung":12}	0.072482	0.095	ok	
2398	{"family":"rf","fold":1,"repeat":10,"rung":12}	0.106568	0.094	ok	
2399	{"family":"rf","fold":2,"repeat":10,"rung":12}	0.063147	0.095	ok	
2400	{"family":"rf","fold":3,"repeat":10,"rung":12}	0.059976	0.094	ok	
2401	{"family":"rf","fold":0,"repeat":1,"rung":8}	0.046795	0.096	ok	
2402	{"family":"rf","fold":1,"repeat":1,"rung":8}	0.063156	0.094	ok	
2403	{"family":"rf","fold":2,"repeat":1,"rung":8}	0.111076	0.094	ok	
2404	{"family":"rf","fold":3,"repeat":1,"rung":8}	0.077074	0.094	ok	
2405	{"family":"rf","fold":0,"repeat":2,"rung":8}	0.107096	0.094	ok	
2406	{"family":"rf","fold":1,"repeat":2,"rung":8}	0.048559	0.095	ok	
2407	{"family":"rf","fold":2,"repeat":2,"rung":8}	0.086007	0.094	ok	
2408	{"family":"rf","fold":3,"repeat":2,"rung":8}	0.134452	0.096	ok	
2409	{"family":"rf","fold":0,"repeat":3,"rung":8}	0.088751	0.094	ok	
2410	{"family":"rf","fold":1,"repeat":3,"rung":8}	0.118006	0.095	ok	
2411	{"family":"rf","fold":2,"repeat":3,"rung":8}	0.076653	0.094	ok	
2412	{"family":"rf","fold":3,"repeat":3,"rung":8}	0.061941	0.095	ok	
2413	{"family":"rf","fold":0,"repeat":4,"rung":8}	0.127573	0.095	ok	
2414	{"family":"rf","fold":1,"repeat":4,"rung":8}	0.090835	0.095	ok	
2415	{"family":"rf","fold":2,"repeat":4,"rung":8}	0.071905	0.094	ok	
2416	{"family":"rf","fold":3,"repeat":4,"rung":8}	0.045802	0.096	ok	
2417	{"family":"rf","fold":0,"repeat":5,"rung":8}	0.067605	0.095	ok	
2418	{"family":"rf","fold":1,"repeat":5,"rung":8}	0.093214	0.095	ok	
2419	{"family":"rf","fold":2,"repeat":5,"rung":8}	0.075636	0.094	ok	
2420	{"family":"rf","fold":3,"repeat":5,"rung":8}	0.082021	0.094	ok	
2421	{"family":"rf","fold":0,"repeat":6,"rung":8}	0.167308	0.095	ok	
2422	{"family":"rf","fold":1,"repeat":6,"rung":8}	0.097273	0.095	ok	
2423	{"family":"rf","fold":2,"repeat":6,"rung":8}	0.084988	0.094	ok	
2424	{"family":"rf","fold":3,"repeat":6,"rung":8}	0.092389	0.096	ok	
2425	{"family":"rf","fold":0,"repeat":7,"rung":8}	0.084621	0.094	ok	
2426	{"family":"rf","fold":1,"repeat":7,"rung":8}	0.081162	0.094	ok	
2427	{"family":"rf","fold":2,"repeat":7,"rung":8}	0.106898	0.095	ok	
2428	{"family":"rf","fold":3,"repeat":7,"rung":8}	0.052952	0.095	ok	
2429	{"family":"rf","fold":0,"repeat":8,"rung":8}	0.080293	0.095	ok	
2430	{"family":"rf","fold":1,"repeat":8,"rung":8}	0.081740	0.095	ok	
2431	{"family":"rf","fold":2,"repeat":8,"rung":8}	0.088407	0.094	ok	
2432	{"family":"rf","fold":3,"repeat":8,"rung":8}	0.129014	0.095	ok	
2433	{"family":"rf","fold":0,"repeat":9,"rung":8}	0.133968	0.094	ok	
2434	{"family":"rf","fold":1,"repeat":9,"rung":8}	0.051879	0.094	ok	
2435	{"family":"rf","fold":2,"repeat":9,"rung":8}	0.074598	0.094	ok	
2436	{"family":"rf","fold":3,"repeat":9,"rung":8}	0.078397	0.094	ok	
2437	{"family":"rf","fold":0,"repeat":10,"rung":8}	0.118649	0.095	ok	
2438	{"family":"rf","fold":1,"repeat":10,"rung":8}	0.123240	0.095	ok	
2439	{"family":"rf","fold":2,"repeat":10,"rung":8}	0.075760	0.096	ok	
2440	{"family":"rf","fold":3,"repeat":10,"rung":8}	0.068761	0.095	ok	
2441	{"family":"rf_isotonic","fold":0,"repeat":1,"rung":60}	0.006048	0.259	ok	
2442	{"family":"rf_isotonic","fold":1,"repeat":1,"rung":60}	0.054207	0.258	ok	
2443	{"family":"rf_isotonic","fold":2,"repeat":1,"rung":60}	0.064322	0.258	ok	
2444	{"family":"rf_isotonic","fold":3,"repeat":1,"rung":60}	0.063165	0.259	ok	
2445	{"family":"rf_isotonic","fold":0,"repeat":2,"rung":60}	0.117309	0.259	ok	
2446	{"family":"rf_isotonic","fold":1,"repeat":2,"rung":60}	0.006250	0.258	ok	
2447	{"family":"rf_isotonic","fold":2,"repeat":2,"rung":60}	0.055217	0.260	ok	
2448	{"family":"rf_isotonic","fold":3,"repeat":2,"rung":60}	0.023026	0.259	ok	
2449	{"family":"rf_isotonic","fold":0,"repeat":3,"rung":60}	0.087500	0.256	ok	
2450	{"family":"rf_isotonic","fold":1,"repeat":3,"rung":60}	0.065286	0.258	ok	
2451	{"family":"rf_isotonic","fold":2,"repeat":3,"rung":60}	0.061111	0.260	ok	
2452	{"family":"rf_isotonic","fold":3,"repeat":3,"rung":60}	0.019006	0.262	ok	
2453	{"family":"rf_isotonic","fold":0,"repeat":4,"rung":60}	0.200000	0.258	ok	
2454	{"family":"rf_isotonic","fold":1,"repeat":4,"rung":60}	0.006123	0.260	ok	
2455	{"family":"rf_isotonic","fold":2,"repeat":4,"rung":60}	0.111111	0.259	ok	
2456	{"family":"rf_isotonic","fold":3,"repeat":4,"rung":60}	0.024585	0.257	ok	
2457	{"family":"rf_isotonic","fold":0,"repeat":5,"rung":60}	0.004938	0.259	ok	
2458	{"family":"rf_isotonic","fold":1,"repeat":5,"rung":60}	0.067529	0.261	ok	
2459	{"family":"rf_isotonic","fold":2,"repeat":5,"rung":60}	0.073329	0.259	ok	
2460	{"family":"rf_isotonic","fold":3,"repeat":5,"rung":60}	0.055417	0.259	ok	
2461	{"family":"rf_isotonic","fold":0,"repeat":6,"rung":60}	0.064291	0.261	ok	
2462	{"family":"rf_isotonic","fold":1,"repeat":6,"rung":60}	0.113265	0.259	ok	
2463	{"family":"rf_isotonic","fold":2,"repeat":6,"rung":60}	0.054094	0.261	ok	
2464	{"family":"rf_isotonic","fold":3,"repeat":6,"rung":60}	0.040836	0.260	ok	
2465	{"family":"rf_isotonic","fold":0,"repeat":7,"rung":60}	0.068066	0.258	ok	
2466	{"family":"rf_isotonic","fold":1,"repeat":7,"rung":60}	0.075000	0.258	ok	
2467	{"family":"rf_isotonic","fold":2,"repeat":7,"rung":60}	0.112786	0.259	ok	
2468	{"family":"rf_isotonic","fold":3,"repeat":7,"rung":60}	0.039897	0.259	ok	
2469	{"family":"rf_isotonic","fold":0,"repeat":8,"rung":60}	0.065235	0.261	ok	
2470	{"family":"rf_isotonic","fold":1,"repeat":8,"rung":60}	0.027948	0.262	ok	
2471	{"family":"rf_isotonic","fold":2,"repeat":8,"rung":60}	0.100000	0.259	ok	
2472	{"family":"rf_isotonic","fold":3,"repeat":8,"rung":60}	0.062291	0.258	ok	
2473	{"family":"rf_isotonic","fold":0,"repeat":9,"rung":60}	0.130000	0.259	ok	
2474	{"family":"rf_isotonic","fold":1,"repeat":9,"rung":60}	0.034000	0.261	ok	
2475	{"family":"rf_isotonic","fold":2,"repeat":9,"rung":60}	0.040625	0.260	ok	
2476	{"family":"rf_isotonic","fold":3,"repeat":9,"rung":60}	0.001184	0.261	ok	
2477	{"family":"rf_isotonic","fold":0,"repeat":10,"rung":60}	0.050000	0.260	ok	
2478	{"family":"rf_isotonic","fold":1,"repeat":10,"rung":60}	0.063732	0.260	ok	
2479	{"family":"rf_isotonic","fold":2,"repeat":10,"rung":60}	0.062111	0.258	ok	
2480	{"family":"rf_isotonic","fold":3,"repeat":10,"rung":60}	0.043202	0.259	ok	
2481	{"family":"rf_isotonic","fold":0,"repeat":1,"rung":45}	0.034375	0.260	ok	
2482	{"family":"rf_isotonic","fold":1,"repeat":1,"rung":45}	0.077778	0.258	ok	
2483	{"family":"rf_isotonic","fold":2,"repeat":1,"rung":45}	0.068349	0.258	ok	
2484	{"family":"rf_isotonic","fold":3,"repeat":1,"rung":45}	0.135365	0.257	ok	
2485	{"family":"rf_isotonic","fold":0,"repeat":2,"rung":45}	0.075000	0.258	ok	
2486	{"family":"rf_isotonic","fold":1,"repeat":2,"rung":45}	0.000000	0.259	ok	
2487	{"family":"rf_isotonic","fold":2,"repeat":2,"rung":45}	0.088429	0.257	ok	
2488	{"family":"rf_isotonic","fold":3,"repeat":2,"rung":45}	0.045790	0.256	ok	
2489	{"family":"rf_isotonic","fold":0,"repeat":3,"rung":45}	0.072227	0.260	ok	
2490	{"family":"rf_isotonic","fold":1,"repeat":3,"rung":45}	0.093448	0.257	ok	
2491	{"family":"rf_isotonic","fold":2,"repeat":3,"rung":45}	0.056250	0.257	ok	
2492	{"family":"rf_isotonic","fold":3,"repeat":3,"rung":45}	0.029863	0.261	ok	
2493	{"family":"rf_isotonic","fold":0,"repeat":4,"rung":45}	0.145961	0.260	ok	
2494	{"family":"rf_isotonic","fold":1,"repeat":4,"rung":45}	0.008652	0.259	ok	
2495	{"family":"rf_isotonic","fold":2,"repeat":4,"rung":45}	0.050056	0.258	ok	
2496	{"family":"rf_isotonic","fold":3,"repeat":4,"rung":45}	0.021840	0.257	ok	
2497	{"family":"rf_isotonic","fold":0,"repeat":5,"rung":45}	0.028315	0.259	ok	
2498	{"family":"rf_isotonic","fold":1,"repeat":5,"rung":45}	0.059429	0.259	ok	
2499	{"family":"rf_isotonic","fold":2,"repeat":5,"rung":45}	0.066667	0.258	ok	
2500	{"family":"rf_isotonic","fold":3,"repeat":5,"rung":45}	0.038820	0.260	ok	
2501	{"family":"rf_isotonic","fold":0,"repeat":6,"rung":45}	0.060646	0.260	ok	
2502	{"family":"rf_isotonic","fold":1,"repeat":6,"rung":45}	0.092242	0.260	ok	
2503	{"family":"rf_isotonic","fold":2,"repeat":6,"rung":45}	0.052632	0.258	ok	
2504	{"family":"rf_isotonic","fold":3,"repeat":6,"rung":45}	0.032000	0.261	ok	
2505	{"family":"rf_isotonic","fold":0,"repeat":7,"rung":45}	0.043125	0.260	ok	
2506	{"family":"rf_isotonic","fold":1,"repeat":7,"rung":45}	0.050000	0.258	ok	
2507	{"family":"rf_isotonic","fold":2,"repeat":7,"rung":45}	0.125000	0.260	ok	
2508	{"family":"rf_isotonic","fold":3,"repeat":7,"rung":45}	0.023392	0.258	ok	
2509	{"family":"rf_isotonic","fold":0,"repeat":8,"rung":45}	0.059405	0.257	ok	
2510	{"family":"rf_isotonic","fold":1,"repeat":8,"rung":45}	0.007575	0.257	ok	
2511	{"family":"rf_isotonic","fold":2,"repeat":8,"rung":45}	0.088371	0.258	ok	
2512	{"family":"rf_isotonic","fold":3,"repeat":8,"rung":45}	0.109627	0.257	ok	
2513	{"family":"rf_isotonic","fold":0,"repeat":9,"rung":45}	0.127029	0.257	ok	
2514	{"family":"rf_isotonic","fold":1,"repeat":9,"rung":45}	0.039416	0.258	ok	
2515	{"family":"rf_isotonic","fold":2,"repeat":9,"rung":45}	0.040625	0.260	ok	
2516	{"family":"rf_isotonic","fold":3,"repeat":9,"rung":45}	0.021198	0.259	ok	
2517	{"family":"rf_isotonic","fold":0,"repeat":10,"rung":45}	0.050000	0.258	ok	
2518	{"family":"rf_isotonic","fold":1,"repeat":10,"rung":45}	0.061111	0.256	ok	
2519	{"family":"rf_isotonic","fold":2,"repeat":10,"rung":45}	0.063201	0.257	ok	
2520	{"family":"rf_isotonic","fold":3,"repeat":10,"rung":45}	0.044661	0.257	ok	
2521	{"family":"rf_isotonic","fold":0,"repeat":1,"rung":30}	0.039607	0.257	ok	
2522	{"family":"rf_isotonic","fold":1,"repeat":1,"rung":30}	0.084137	0.255	ok	
2523	{"family":"rf_isotonic","fold":2,"repeat":1,"rung":30}	0.059255	0.254	ok	
2524	{"family":"rf_isotonic","fold":3,"repeat":1,"rung":30}	0.078428	0.259	ok	
2525	{"family":"rf_isotonic","fold":0,"repeat":2,"rung":30}	0.107351	0.257	ok	
2526	{"family":"rf_isotonic","fold":1,"repeat":2,"rung":30}	0.000000	0.259	ok	
2527	{"family":"rf_isotonic","fold":2,"repeat":2,"rung":30}	0.082100	0.258	ok	
2528	{"family":"rf_isotonic","fold":3,"repeat":2,"rung":30}	0.072145	0.257	ok	
2529	{"family":"rf_isotonic","fold":0,"repeat":3,"rung":30}	0.081250	0.255	ok	
2530	{"family":"rf_isotonic","fold":1,"repeat":3,"rung":30}	0.100001	0.254	ok	
2531	{"family":"rf_isotonic","fold":2,"repeat":3,"rung":30}	0.016800	0.256	ok	
2532	{"family":"rf_isotonic","fold":3,"repeat":3,"rung":30}	0.068147	0.256	ok	
2533	{"family":"rf_isotonic","fold":0,"repeat":4,"rung":30}	0.150000	0.256	ok	
2534	{"family":"rf_isotonic","fold":1,"repeat":4,"rung":30}	0.034093	0.256	ok	
2535	{"family":"rf_isotonic","fold":2,"repeat":4,"rung":30}	0.057257	0.257	ok	
2536	{"family":"rf_isotonic","fold":3,"repeat":4,"rung":30}	0.032882	0.254	ok	
2537	{"family":"rf_isotonic","fold":0,"repeat":5,"rung":30}	0.077661	0.255	ok	
2538	{"family":"rf_isotonic","fold":1,"repeat":5,"rung":30}	0.100000	0.257	ok	
2539	{"family":"rf_isotonic","fold":2,"repeat":5,"rung":30}	0.100000	0.256	ok	
2540	{"family":"rf_isotonic","fold":3,"repeat":5,"rung":30}	0.049419	0.255	ok	
2541	{"family":"rf_isotonic","fold":0,"repeat":6,"rung":30}	0.100000	0.256	ok	
2542	{"family":"rf_isotonic","fold":1,"repeat":6,"rung":30}	0.110000	0.255	ok	
2543	{"family":"rf_isotonic","fold":2,"repeat":6,"rung":30}	0.065789	0.255	ok	
2544	{"family":"rf_isotonic","fold":3,"repeat":6,"rung":30}	0.018710	0.257	ok	
2545	{"family":"rf_isotonic","fold":0,"repeat":7,"rung":30}	0.082205	0.254	ok	
2546	{"family":"rf_isotonic","fold":1,"repeat":7,"rung":30}	0.044260	0.254	ok	
2547	{"family":"rf_isotonic","fold":2,"repeat":7,"rung":30}	0.125000	0.256	ok	
2548	{"family":"rf_isotonic","fold":3,"repeat":7,"rung":30}	0.013158	0.256	ok	
2549	{"family":"rf_isotonic","fold":0,"repeat":8,"rung":30}	0.100000	0.253	ok	
2550	{"family":"rf_isotonic","fold":1,"repeat":8,"rung":30}	0.024854	0.256	ok	
2551	{"family":"rf_isotonic","fold":2,"repeat":8,"rung":30}	0.103765	0.257	ok	
2552	{"family":"rf_isotonic","fold":3,"repeat":8,"rung":30}	0.070175	0.258	ok	
2553	{"family":"rf_isotonic","fold":0,"repeat":9,"rung":30}	0.125694	0.253	ok	
2554	{"family":"rf_isotonic","fold":1,"repeat":9,"rung":30}	0.050000	0.252	ok	
2555	{"family":"rf_isotonic","fold":2,"repeat":9,"rung":30}	0.029167	0.255	ok	
2556	{"family":"rf_isotonic","fold":3,"repeat":9,"rung":30}	0.036481	0.256	ok	
2557	{"family":"rf_isotonic","fold":0,"repeat":10,"rung":30}	0.051608	0.254	ok	
2558	{"family":"rf_isotonic","fold":1,"repeat":10,"rung":30}	0.061111	0.254	ok	
2559	{"family":"rf_isotonic","fold":2,"repeat":10,"rung":30}	0.051049	0.256	ok	
2560	{"family":"rf_isotonic","fold":3,"repeat":10,"rung":30}	0.046063	0.254	ok	
2561	{"family":"extratrees","fold":0,"repeat":1,"rung":60}	0.040570	0.068	ok	
2562	{"family":"extratrees","fold":1,"repeat":1,"rung":60}	0.043223	0.070	ok	
2563	{"family":"extratrees","fold":2,"repeat":1,"rung":60}	0.072128	0.069	ok	
2564	{"family":"extratrees","fold":3,"repeat":1,"rung":60}	0.071539	0.069	ok	
2565	{"family":"extratrees","fold":0,"repeat":2,"rung":60}	0.082489	0.069	ok	
2566	{"family":"extratrees","fold":1,"repeat":2,"rung":60}	0.026885	0.069	ok	
2567	{"family":"extratrees","fold":2,"repeat":2,"rung":60}	0.051371	0.069	ok	
2568	{"family":"extratrees","fold":3,"repeat":2,"rung":60}	0.045706	0.069	ok	
2569	{"family":"extratrees","fold":0,"repeat":3,"rung":60}	0.043596	0.070	ok	
2570	{"family":"extratrees","fold":1,"repeat":3,"rung":60}	0.066950	0.070	ok	
2571	{"family":"extratrees","fold":2,"repeat":3,"rung":60}	0.059860	0.069	ok	
2572	{"family":"extratrees","fold":3,"repeat":3,"rung":60}	0.029751	0.070	ok	
2573	{"family":"extratrees","fold":0,"repeat":4,"rung":60}	0.092300	0.069	ok	
2574	{"family":"extratrees","fold":1,"repeat":4,"rung":60}	0.021439	0.069	ok	
2575	{"family":"extratrees","fold":2,"repeat":4,"rung":60}	0.079352	0.069	ok	
2576	{"family":"extratrees","fold":3,"repeat":4,"rung":60}	0.052736	0.068	ok	
2577	{"family":"extratrees","fold":0,"repeat":5,"rung":60}	0.035431	0.069	ok	
2578	{"family":"extratrees","fold":1,"repeat":5,"rung":60}	0.065480	0.069	ok	
2579	{"family":"extratrees","fold":2,"repeat":5,"rung":60}	0.057122	0.068	ok	
2580	{"family":"extratrees","fold":3,"repeat":5,"rung":60}	0.039238	0.069	ok	
2581	{"family":"extratrees","fold":0,"repeat":6,"rung":60}	0.069929	0.069	ok	
2582	{"family":"extratrees","fold":1,"repeat":6,"rung":60}	0.083832	0.086	ok	
2583	{"family":"extratrees","fold":2,"repeat":6,"rung":60}	0.039702	0.069	ok	
2584	{"family":"extratrees","fold":3,"repeat":6,"rung":60}	0.041140	0.069	ok	
2585	{"family":"extratrees","fold":0,"repeat":7,"rung":60}	0.055785	0.069	ok	
2586	{"family":"extratrees","fold":1,"repeat":7,"rung":60}	0.052901	0.069	ok	
2587	{"family":"extratrees","fold":2,"repeat":7,"rung":60}	0.082088	0.070	ok	
2588	{"family":"extratrees","fold":3,"repeat":7,"rung":60}	0.027074	0.069	ok	
2589	{"family":"extratrees","fold":0,"repeat":8,"rung":60}	0.038855	0.070	ok	
2590	{"family":"extratrees","fold":1,"repeat":8,"rung":60}	0.041140	0.070	ok	
2591	{"family":"extratrees","fold":2,"repeat":8,"rung":60}	0.065242	0.069	ok	
2592	{"family":"extratrees","fold":3,"repeat":8,"rung":60}	0.063167	0.070	ok	
2593	{"family":"extratrees","fold":0,"repeat":9,"rung":60}	0.083615	0.069	ok	
2594	{"family":"extratrees","fold":1,"repeat":9,"rung":60}	0.035542	0.069	ok	
2595	{"family":"extratrees","fold":2,"repeat":9,"rung":60}	0.051153	0.069	ok	
2596	{"family":"extratrees","fold":3,"repeat":9,"rung":60}	0.036563	0.069	ok	
2597	{"family":"extratrees","fold":0,"repeat":10,"rung":60}	0.045429	0.069	ok	
2598	{"family":"extratrees","fold":1,"repeat":10,"rung":60}	0.052704	0.068	ok	
2599	{"family":"extratrees","fold":2,"repeat":10,"rung":60}	0.051340	0.069	ok	
2600	{"family":"extratrees","fold":3,"repeat":10,"rung":60}	0.058620	0.069	ok	
2601	{"family":"extratrees","fold":0,"repeat":1,"rung":45}	0.034980	0.069	ok	
2602	{"family":"extratrees","fold":1,"repeat":1,"rung":45}	0.046280	0.069	ok	
2603	{"family":"extratrees","fold":2,"repeat":1,"rung":45}	0.080171	0.069	ok	
2604	{"family":"extratrees","fold":3,"repeat":1,"rung":45}	0.071059	0.069	ok	
2605	{"family":"extratrees","fold":0,"repeat":2,"rung":45}	0.084167	0.068	ok	
2606	{"family":"extratrees","fold":1,"repeat":2,"rung":45}	0.018598	0.068	ok	
2607	{"family":"extratrees","fold":2,"repeat":2,"rung":45}	0.055738	0.069	ok	
2608	{"family":"extratrees","fold":3,"repeat":2,"rung":45}	0.049351	0.069	ok	
2609	{"family":"extratrees","fold":0,"repeat":3,"rung":45}	0.040668	0.069	ok	
2610	{"family":"extratrees","fold":1,"repeat":3,"rung":45}	0.075077	0.069	ok	
2611	{"family":"extratrees","fold":2,"repeat":3,"rung":45}	0.061292	0.069	ok	
2612	{"family":"extratrees","fold":3,"repeat":3,"rung":45}	0.032955	0.069	ok	
2613	{"family":"extratrees","fold":0,"repeat":4,"rung":45}	0.108094	0.071	ok	
2614	{"family":"extratrees","fold":1,"repeat":4,"rung":45}	0.021738	0.071	ok	
2615	{"family":"extratrees","fold":2,"repeat":4,"rung":45}	0.065229	0.070	ok	
2616	{"family":"extratrees","fold":3,"repeat":4,"rung":45}	0.053840	0.072	ok	
2617	{"family":"extratrees","fold":0,"repeat":5,"rung":45}	0.036963	0.072	ok	
2618	{"family":"extratrees","fold":1,"repeat":5,"rung":45}	0.068285	0.072	ok	
2619	{"family":"extratrees","fold":2,"repeat":5,"rung":45}	0.062095	0.069	ok	
2620	{"family":"extratrees","fold":3,"repeat":5,"rung":45}	0.038939	0.069	ok	
2621	{"family":"extratrees","fold":0,"repeat":6,"rung":45}	0.061759	0.069	ok	
2622	{"family":"extratrees","fold":1,"repeat":6,"rung":45}	0.084672	0.069	ok	
2623	{"family":"extratrees","fold":2,"repeat":6,"rung":45}	0.044258	0.068	ok	
2624	{"family":"extratrees","fold":3,"repeat":6,"rung":45}	0.039633	0.068	ok	
2625	{"family":"extratrees","fold":0,"repeat":7,"rung":45}	0.067194	0.068	ok	
2626	{"family":"extratrees","fold":1,"repeat":7,"rung":45}	0.050206	0.069	ok	
2627	{"family":"extratrees","fold":2,"repeat":7,"rung":45}	0.086514	0.069	ok	
2628	{"family":"extratrees","fold":3,"repeat":7,"rung":45}	0.032887	0.069	ok	
2629	{"family":"extratrees","fold":0,"repeat":8,"rung":45}	0.040719	0.069	ok	
2630	{"family":"extratrees","fold":1,"repeat":8,"rung":45}	0.039492	0.070	ok	
2631	{"family":"extratrees","fold":2,"repeat":8,"rung":45}	0.066305	0.070	ok	
2632	{"family":"extratrees","fold":3,"repeat":8,"rung":45}	0.064408	0.070	ok	
2633	{"family":"extratrees","fold":0,"repeat":9,"rung":45}	0.086372	0.068	ok	
2634	{"family":"extratrees","fold":1,"repeat":9,"rung":45}	0.041443	0.068	ok	
2635	{"family":"extratrees","fold":2,"repeat":9,"rung":45}	0.053756	0.070	ok	
2636	{"family":"extratrees","fold":3,"repeat":9,"rung":45}	0.038970	0.069	ok	
2637	{"family":"extratrees","fold":0,"repeat":10,"rung":45}	0.048188	0.069	ok	
2638	{"family":"extratrees","fold":1,"repeat":10,"rung":45}	0.054819	0.069	ok	
2639	{"family":"extratrees","fold":2,"repeat":10,"rung":45}	0.049557	0.070	ok	
2640	{"family":"extratrees","fold":3,"repeat":10,"rung":45}	0.053812	0.069	ok	
2641	{"family":"extratrees","fold":0,"repeat":1,"rung":30}	0.023355	0.068	ok	
2642	{"family":"extratrees","fold":1,"repeat":1,"rung":30}	0.053194	0.068	ok	
2643	{"family":"extratrees","fold":2,"repeat":1,"rung":30}	0.077422	0.068	ok	
2644	{"family":"extratrees","fold":3,"repeat":1,"rung":30}	0.067681	0.068	ok	
2645	{"family":"extratrees","fold":0,"repeat":2,"rung":30}	0.085924	0.069	ok	
2646	{"family":"extratrees","fold":1,"repeat":2,"rung":30}	0.021557	0.068	ok	
2647	{"family":"extratrees","fold":2,"repeat":2,"rung":30}	0.047562	0.069	ok	
2648	{"family":"extratrees","fold":3,"repeat":2,"rung":30}	0.058598	0.068	ok	
2649	{"family":"extratrees","fold":0,"repeat":3,"rung":30}	0.045323	0.069	ok	
2650	{"family":"extratrees","fold":1,"repeat":3,"rung":30}	0.079975	0.069	ok	
2651	{"family":"extratrees","fold":2,"repeat":3,"rung":30}	0.051826	0.069	ok	
2652	{"family":"extratrees","fold":3,"repeat":3,"rung":30}	0.039056	0.069	ok	
2653	{"family":"extratrees","fold":0,"repeat":4,"rung":30}	0.120169	0.069	ok	
2654	{"family":"extratrees","fold":1,"repeat":4,"rung":30}	0.021465	0.069	ok	
2655	{"family":"extratrees","fold":2,"repeat":4,"rung":30}	0.075387	0.068	ok	
2656	{"family":"extratrees","fold":3,"repeat":4,"rung":30}	0.043164	0.069	ok	
2657	{"family":"extratrees","fold":0,"repeat":5,"rung":30}	0.041823	0.068	ok	
2658	{"family":"extratrees","fold":1,"repeat":5,"rung":30}	0.066577	0.068	ok	
2659	{"family":"extratrees","fold":2,"repeat":5,"rung":30}	0.066098	0.069	ok	
2660	{"family":"extratrees","fold":3,"repeat":5,"rung":30}	0.038074	0.070	ok	
2661	{"family":"extratrees","fold":0,"repeat":6,"rung":30}	0.063800	0.069	ok	
2662	{"family":"extratrees","fold":1,"repeat":6,"rung":30}	0.089630	0.068	ok	
2663	{"family":"extratrees","fold":2,"repeat":6,"rung":30}	0.050928	0.069	ok	
2664	{"family":"extratrees","fold":3,"repeat":6,"rung":30}	0.038465	0.068	ok	
2665	{"family":"extratrees","fold":0,"repeat":7,"rung":30}	0.063109	0.070	ok	
2666	{"family":"extratrees","fold":1,"repeat":7,"rung":30}	0.044752	0.068	ok	
2667	{"family":"extratrees","fold":2,"repeat":7,"rung":30}	0.088246	0.068	ok	
2668	{"family":"extratrees","fold":3,"repeat":7,"rung":30}	0.037722	0.068	ok	
2669	{"family":"extratrees","fold":0,"repeat":8,"rung":30}	0.058060	0.068	ok	
2670	{"family":"extratrees","fold":1,"repeat":8,"rung":30}	0.044724	0.069	ok	
2671	{"family":"extratrees","fold":2,"repeat":8,"rung":30}	0.061036	0.068	ok	
2672	{"family":"extratrees","fold":3,"repeat":8,"rung":30}	0.062213	0.068	ok	
2673	{"family":"extratrees","fold":0,"repeat":9,"rung":30}	0.089968	0.069	ok	
2674	{"family":"extratrees","fold":1,"repeat":9,"rung":30}	0.043383	0.069	ok	
2675	{"family":"extratrees","fold":2,"repeat":9,"rung":30}	0.066236	0.069	ok	
2676	{"family":"extratrees","fold":3,"repeat":9,"rung":30}	0.039422	0.069	ok	
2677	{"family":"extratrees","fold":0,"repeat":10,"rung":30}	0.041922	0.069	ok	
2678	{"family":"extratrees","fold":1,"repeat":10,"rung":30}	0.067322	0.070	ok	
2679	{"family":"extratrees","fold":2,"repeat":10,"rung":30}	0.049101	0.068	ok	
2680	{"family":"extratrees","fold":3,"repeat":10,"rung":30}	0.060811	0.069	ok	
2681	{"family":"extratrees","fold":0,"repeat":1,"rung":20}	0.030434	0.068	ok	
2682	{"family":"extratrees","fold":1,"repeat":1,"rung":20}	0.043460	0.068	ok	
2683	{"family":"extratrees","fold":2,"repeat":1,"rung":20}	0.087477	0.069	ok	
2684	{"family":"extratrees","fold":3,"repeat":1,"rung":20}	0.070207	0.068	ok	
2685	{"family":"extratrees","fold":0,"repeat":2,"rung":20}	0.088733	0.068	ok	
2686	{"family":"extratrees","fold":1,"repeat":2,"rung":20}	0.026001	0.068	ok	
2687	{"family":"extratrees","fold":2,"repeat":2,"rung":20}	0.059973	0.067	ok	
2688	{"family":"extratrees","fold":3,"repeat":2,"rung":20}	0.070570	0.068	ok	
2689	{"family":"extratrees","fold":0,"repeat":3,"rung":20}	0.053780	0.067	ok	
2690	{"family":"extratrees","fold":1,"repeat":3,"rung":20}	0.082224	0.068	ok	
2691	{"family":"extratrees","fold":2,"repeat":3,"rung":20}	0.047156	0.069	ok	
2692	{"family":"extratrees","fold":3,"repeat":3,"rung":20}	0.040335	0.068	ok	
2693	{"family":"extratrees","fold":0,"repeat":4,"rung":20}	0.116225	0.068	ok	
2694	{"family":"extratrees","fold":1,"repeat":4,"rung":20}	0.032921	0.068	ok	
2695	{"family":"extratrees","fold":2,"repeat":4,"rung":20}	0.078325	0.068	ok	
2696	{"family":"extratrees","fold":3,"repeat":4,"rung":20}	0.043039	0.069	ok	
2697	{"family":"extratrees","fold":0,"repeat":5,"rung":20}	0.049728	0.069	ok	
2698	{"family":"extratrees","fold":1,"repeat":5,"rung":20}	0.065981	0.069	ok	
2699	{"family":"extratrees","fold":2,"repeat":5,"rung":20}	0.074307	0.069	ok	
2700	{"family":"extratrees","fold":3,"repeat":5,"rung":20}	0.046878	0.069	ok	
2701	{"family":"extratrees","fold":0,"repeat":6,"rung":20}	0.084946	0.069	ok	
2702	{"family":"extratrees","fold":1,"repeat":6,"rung":20}	0.105198	0.068	ok	
2703	{"family":"extratrees","fold":2,"repeat":6,"rung":20}	0.052180	0.069	ok	
2704	{"family":"extratrees","fold":3,"repeat":6,"rung":20}	0.048137	0.068	ok	
2705	{"family":"extratrees","fold":0,"repeat":7,"rung":20}	0.079325	0.068	ok	
2706	{"family":"extratrees","fold":1,"repeat":7,"rung":20}	0.045998	0.068	ok	
2707	{"family":"extratrees","fold":2,"repeat":7,"rung":20}	0.075528	0.067	ok	
2708	{"family":"extratrees","fold":3,"repeat":7,"rung":20}	0.038393	0.068	ok	
2709	{"family":"extratrees","fold":0,"repeat":8,"rung":20}	0.080003	0.068	ok	
2710	{"family":"extratrees","fold":1,"repeat":8,"rung":20}	0.051590	0.068	ok	
2711	{"family":"extratrees","fold":2,"repeat":8,"rung":20}	0.068424	0.068	ok	
2712	{"family":"extratrees","fold":3,"repeat":8,"rung":20}	0.068156	0.068	ok	
2713	{"family":"extratrees","fold":0,"repeat":9,"rung":20}	0.095224	0.067	ok	
2714	{"family":"extratrees","fold":1,"repeat":9,"rung":20}	0.042646	0.068	ok	
2715	{"family":"extratrees","fold":2,"repeat":9,"rung":20}	0.068708	0.068	ok	
2716	{"family":"extratrees","fold":3,"repeat":9,"rung":20}	0.057121	0.068	ok	
2717	{"family":"extratrees","fold":0,"repeat":10,"rung":20}	0.043233	0.069	ok	
2718	{"family":"extratrees","fold":1,"repeat":10,"rung":20}	0.082741	0.068	ok	
2719	{"family":"extratrees","fold":2,"repeat":10,"rung":20}	0.058838	0.069	ok	
2720	{"family":"extratrees","fold":3,"repeat":10,"rung":20}	0.059988	0.068	ok	
2721	{"family":"extratrees","fold":0,"repeat":1,"rung":12}	0.042685	0.068	ok	
2722	{"family":"extratrees","fold":1,"repeat":1,"rung":12}	0.053622	0.069	ok	
2723	{"family":"extratrees","fold":2,"repeat":1,"rung":12}	0.102194	0.068	ok	
2724	{"family":"extratrees","fold":3,"repeat":1,"rung":12}	0.090793	0.069	ok	
2725	{"family":"extratrees","fold":0,"repeat":2,"rung":12}	0.111253	0.069	ok	
2726	{"family":"extratrees","fold":1,"repeat":2,"rung":12}	0.045131	0.068	ok	
2727	{"family":"extratrees","fold":2,"repeat":2,"rung":12}	0.105003	0.068	ok	
2728	{"family":"extratrees","fold":3,"repeat":2,"rung":12}	0.098929	0.067	ok	
2729	{"family":"extratrees","fold":0,"repeat":3,"rung":12}	0.092239	0.069	ok	
2730	{"family":"extratrees","fold":1,"repeat":3,"rung":12}	0.099243	0.068	ok	
2731	{"family":"extratrees","fold":2,"repeat":3,"rung":12}	0.058899	0.067	ok	
2732	{"family":"extratrees","fold":3,"repeat":3,"rung":12}	0.048998	0.068	ok	
2733	{"family":"extratrees","fold":0,"repeat":4,"rung":12}	0.096616	0.068	ok	
2734	{"family":"extratrees","fold":1,"repeat":4,"rung":12}	0.055519	0.069	ok	
2735	{"family":"extratrees","fold":2,"repeat":4,"rung":12}	0.094650	0.069	ok	
2736	{"family":"extratrees","fold":3,"repeat":4,"rung":12}	0.074760	0.068	ok	
2737	{"family":"extratrees","fold":0,"repeat":5,"rung":12}	0.074861	0.069	ok	
2738	{"family":"extratrees","fold":1,"repeat":5,"rung":12}	0.081713	0.068	ok	
2739	{"family":"extratrees","fold":2,"repeat":5,"rung":12}	0.065268	0.069	ok	
2740	{"family":"extratrees","fold":3,"repeat":5,"rung":12}	0.068886	0.068	ok	
2741	{"family":"extratrees","fold":0,"repeat":6,"rung":12}	0.111716	0.068	ok	
2742	{"family":"extratrees","fold":1,"repeat":6,"rung":12}	0.098108	0.068	ok	
2743	{"family":"extratrees","fold":2,"repeat":6,"rung":12}	0.090500	0.069	ok	
2744	{"family":"extratrees","fold":3,"repeat":6,"rung":12}	0.064432	0.068	ok	
2745	{"family":"extratrees","fold":0,"repeat":7,"rung":12}	0.081506	0.069	ok	
2746	{"family":"extratrees","fold":1,"repeat":7,"rung":12}	0.069355	0.069	ok	
2747	{"family":"extratrees","fold":2,"repeat":7,"rung":12}	0.089487	0.069	ok	
2748	{"family":"extratrees","fold":3,"repeat":7,"rung":12}	0.063156	0.068	ok	
2749	{"family":"extratrees","fold":0,"repeat":8,"rung":12}	0.078423	0.067	ok	
2750	{"family":"extratrees","fold":1,"repeat":8,"rung":12}	0.067410	0.068	ok	
2751	{"family":"extratrees","fold":2,"repeat":8,"rung":12}	0.090400	0.068	ok	
2752	{"family":"extratrees","fold":3,"repeat":8,"rung":12}	0.091429	0.068	ok	
2753	{"family":"extratrees","fold":0,"repeat":9,"rung":12}	0.111927	0.068	ok	
2754	{"family":"extratrees","fold":1,"repeat":9,"rung":12}	0.068606	0.069	ok	
2755	{"family":"extratrees","fold":2,"repeat":9,"rung":12}	0.089757	0.067	ok	
2756	{"family":"extratrees","fold":3,"repeat":9,"rung":12}	0.081950	0.068	ok	
2757	{"family":"extratrees","fold":0,"repeat":10,"rung":12}	0.109813	0.069	ok	
2758	{"family":"extratrees","fold":1,"repeat":10,"rung":12}	0.099693	0.069	ok	
2759	{"family":"extratrees","fold":2,"repeat":10,"rung":12}	0.103673	0.068	ok	
2760	{"family":"extratrees","fold":3,"repeat":10,"rung":12}	0.074784	0.068	ok	
2761	{"family":"extratrees","fold":0,"repeat":1,"rung":8}	0.097521	0.068	ok	
2762	{"family":"extratrees","fold":1,"repeat":1,"rung":8}	0.059070	0.069	ok	
2763	{"family":"extratrees","fold":2,"repeat":1,"rung":8}	0.118737	0.068	ok	
2764	{"family":"extratrees","fold":3,"repeat":1,"rung":8}	0.100337	0.069	ok	
2765	{"family":"extratrees","fold":0,"repeat":2,"rung":8}	0.116420	0.068	ok	
2766	{"family":"extratrees","fold":1,"repeat":2,"rung":8}	0.089168	0.068	ok	
2767	{"family":"extratrees","fold":2,"repeat":2,"rung":8}	0.088484	0.068	ok	
2768	{"family":"extratrees","fold":3,"repeat":2,"rung":8}	0.118572	0.068	ok	
2769	{"family":"extratrees","fold":0,"repeat":3,"rung":8}	0.091632	0.069	ok	
2770	{"family":"extratrees","fold":1,"repeat":3,"rung":8}	0.113109	0.068	ok	
2771	{"family":"extratrees","fold":2,"repeat":3,"rung":8}	0.077371	0.068	ok	
2772	{"family":"extratrees","fold":3,"repeat":3,"rung":8}	0.083603	0.068	ok	
2773	{"family":"extratrees","fold":0,"repeat":4,"rung":8}	0.116408	0.068	ok	
2774	{"family":"extratrees","fold":1,"repeat":4,"rung":8}	0.092478	0.068	ok	
2775	{"family":"extratrees","fold":2,"repeat":4,"rung":8}	0.089053	0.067	ok	
2776	{"family":"extratrees","fold":3,"repeat":4,"rung":8}	0.100877	0.068	ok	
2777	{"family":"extratrees","fold":0,"repeat":5,"rung":8}	0.112628	0.068	ok	
2778	{"family":"extratrees","fold":1,"repeat":5,"rung":8}	0.111233	0.068	ok	
2779	{"family":"extratrees","fold":2,"repeat":5,"rung":8}	0.083759	0.068	ok	
2780	{"family":"extratrees","fold":3,"repeat":5,"rung":8}	0.120160	0.067	ok	
2781	{"family":"extratrees","fold":0,"repeat":6,"rung":8}	0.145553	0.068	ok	
2782	{"family":"extratrees","fold":1,"repeat":6,"rung":8}	0.121803	0.068	ok	
2783	{"family":"extratrees","fold":2,"repeat":6,"rung":8}	0.131250	0.069	ok	
2784	{"family":"extratrees","fold":3,"repeat":6,"rung":8}	0.078268	0.069	ok	
2785	{"family":"extratrees","fold":0,"repeat":7,"rung":8}	0.116991	0.068	ok	
2786	{"family":"extratrees","fold":1,"repeat":7,"rung":8}	0.087443	0.068	ok	
2787	{"family":"extratrees","fold":2,"repeat":7,"rung":8}	0.126796	0.068	ok	
2788	{"family":"extratrees","fold":3,"repeat":7,"rung":8}	0.039571	0.068	ok	
2789	{"family":"extratrees","fold":0,"repeat":8,"rung":8}	0.112404	0.068	ok	
2790	{"family":"extratrees","fold":1,"repeat":8,"rung":8}	0.083309	0.068	ok	
2791	{"family":"extratrees","fold":2,"repeat":8,"rung":8}	0.095366	0.068	ok	
2792	{"family":"extratrees","fold":3,"repeat":8,"rung":8}	0.123403	0.068	ok	
2793	{"family":"extratrees","fold":0,"repeat":9,"rung":8}	0.142162	0.068	ok	
2794	{"family":"extratrees","fold":1,"repeat":9,"rung":8}	0.075121	0.068	ok	
2795	{"family":"extratrees","fold":2,"repeat":9,"rung":8}	0.127131	0.068	ok	
2796	{"family":"extratrees","fold":3,"repeat":9,"rung":8}	0.109880	0.068	ok	
2797	{"family":"extratrees","fold":0,"repeat":10,"rung":8}	0.111848	0.068	ok	
2798	{"family":"extratrees","fold":1,"repeat":10,"rung":8}	0.121534	0.067	ok	
2799	{"family":"extratrees","fold":2,"repeat":10,"rung":8}	0.100102	0.068	ok	
2800	{"family":"extratrees","fold":3,"repeat":10,"rung":8}	0.088180	0.068	ok	
2801	{"family":"hgbt","fold":0,"repeat":1,"rung":60}	0.033760	0.120	ok	
2802	{"family":"hgbt","fold":1,"repeat":1,"rung":60}	0.050014	0.123	ok	
2803	{"family":"hgbt","fold":2,"repeat":1,"rung":60}	0.093812	0.109	ok	
2804	{"family":"hgbt","fold":3,"repeat":1,"rung":60}	0.147089	0.130	ok	
2805	{"family":"hgbt","fold":0,"repeat":2,"rung":60}	0.097943	0.119	ok	
2806	{"family":"hgbt","fold":1,"repeat":2,"rung":60}	0.029480	0.118	ok	
2807	{"family":"hgbt","fold":2,"repeat":2,"rung":60}	0.055247	0.126	ok	
2808	{"family":"hgbt","fold":3,"repeat":2,"rung":60}	0.157807	0.112	ok	
2809	{"family":"hgbt","fold":0,"repeat":3,"rung":60}	0.050005	0.111	ok	
2810	{"family":"hgbt","fold":1,"repeat":3,"rung":60}	0.099958	0.114	ok	
2811	{"family":"hgbt","fold":2,"repeat":3,"rung":60}	0.052203	0.114	ok	
2812	{"family":"hgbt","fold":3,"repeat":3,"rung":60}	0.000214	0.122	ok	
2813	{"family":"hgbt","fold":0,"repeat":4,"rung":60}	0.209879	0.150	ok	
2814	{"family":"hgbt","fold":1,"repeat":4,"rung":60}	0.002003	0.130	ok	
2815	{"family":"hgbt","fold":2,"repeat":4,"rung":60}	0.099129	0.111	ok	
2816	{"family":"hgbt","fold":3,"repeat":4,"rung":60}	0.097166	0.149	ok	
2817	{"family":"hgbt","fold":0,"repeat":5,"rung":60}	0.081794	0.110	ok	
2818	{"family":"hgbt","fold":1,"repeat":5,"rung":60}	0.099144	0.122	ok	
2819	{"family":"hgbt","fold":2,"repeat":5,"rung":60}	0.050065	0.136	ok	
2820	{"family":"hgbt","fold":3,"repeat":5,"rung":60}	0.052517	0.112	ok	
2821	{"family":"hgbt","fold":0,"repeat":6,"rung":60}	0.053324	0.118	ok	
2822	{"family":"hgbt","fold":1,"repeat":6,"rung":60}	0.141751	0.111	ok	
2823	{"family":"hgbt","fold":2,"repeat":6,"rung":60}	0.052630	0.152	ok	
2824	{"family":"hgbt","fold":3,"repeat":6,"rung":60}	0.049175	0.110	ok	
2825	{"family":"hgbt","fold":0,"repeat":7,"rung":60}	0.156587	0.113	ok	
2826	{"family":"hgbt","fold":1,"repeat":7,"rung":60}	0.068548	0.156	ok	
2827	{"family":"hgbt","fold":2,"repeat":7,"rung":60}	0.113154	0.118	ok	
2828	{"family":"hgbt","fold":3,"repeat":7,"rung":60}	0.048801	0.129	ok	
2829	{"family":"hgbt","fold":0,"repeat":8,"rung":60}	0.041050	0.119	ok	
2830	{"family":"hgbt","fold":1,"repeat":8,"rung":60}	0.049768	0.115	ok	
2831	{"family":"hgbt","fold":2,"repeat":8,"rung":60}	0.099417	0.117	ok	
2832	{"family":"hgbt","fold":3,"repeat":8,"rung":60}	0.052636	0.114	ok	
2833	{"family":"hgbt","fold":0,"repeat":9,"rung":60}	0.102072	0.111	ok	
2834	{"family":"hgbt","fold":1,"repeat":9,"rung":60}	0.049686	0.114	ok	
2835	{"family":"hgbt","fold":2,"repeat":9,"rung":60}	0.045276	0.116	ok	
2836	{"family":"hgbt","fold":3,"repeat":9,"rung":60}	0.000482	0.117	ok	
2837	{"family":"hgbt","fold":0,"repeat":10,"rung":60}	0.050112	0.110	ok	
2838	{"family":"hgbt","fold":1,"repeat":10,"rung":60}	0.084290	0.109	ok	
2839	{"family":"hgbt","fold":2,"repeat":10,"rung":60}	0.098481	0.112	ok	
2840	{"family":"hgbt","fold":3,"repeat":10,"rung":60}	0.052944	0.117	ok	
2841	{"family":"hgbt","fold":0,"repeat":1,"rung":45}	0.048007	0.115	ok	
2842	{"family":"hgbt","fold":1,"repeat":1,"rung":45}	0.050115	0.110	ok	
2843	{"family":"hgbt","fold":2,"repeat":1,"rung":45}	0.114001	0.112	ok	
2844	{"family":"hgbt","fold":3,"repeat":1,"rung":45}	0.157881	0.072	ok	
2845	{"family":"hgbt","fold":0,"repeat":2,"rung":45}	0.093978	0.113	ok	
2846	{"family":"hgbt","fold":1,"repeat":2,"rung":45}	0.000012	0.116	ok	
2847	{"family":"hgbt","fold":2,"repeat":2,"rung":45}	0.051088	0.109	ok	
2848	{"family":"hgbt","fold":3,"repeat":2,"rung":45}	0.157771	0.119	ok	
2849	{"family":"hgbt","fold":0,"repeat":3,"rung":45}	0.052843	0.118	ok	
2850	{"family":"hgbt","fold":1,"repeat":3,"rung":45}	0.099512	0.112	ok	
2851	{"family":"hgbt","fold":2,"repeat":3,"rung":45}	0.083363	0.115	ok	
2852	{"family":"hgbt","fold":3,"repeat":3,"rung":45}	0.000340	0.117	ok	
2853	{"family":"hgbt","fold":0,"repeat":4,"rung":45}	0.160386	0.126	ok	
2854	{"family":"hgbt","fold":1,"repeat":4,"rung":45}	0.000118	0.120	ok	
2855	{"family":"hgbt","fold":2,"repeat":4,"rung":45}	0.099991	0.080	ok	
2856	{"family":"hgbt","fold":3,"repeat":4,"rung":45}	0.008962	0.117	ok	
2857	{"family":"hgbt","fold":0,"repeat":5,"rung":45}	0.049983	0.113	ok	
2858	{"family":"hgbt","fold":1,"repeat":5,"rung":45}	0.087559	0.140	ok	
2859	{"family":"hgbt","fold":2,"repeat":5,"rung":45}	0.050287	0.120	ok	
2860	{"family":"hgbt","fold":3,"repeat":5,"rung":45}	0.052601	0.114	ok	
2861	{"family":"hgbt","fold":0,"repeat":6,"rung":45}	0.099985	0.118	ok	
2862	{"family":"hgbt","fold":1,"repeat":6,"rung":45}	0.142815	0.113	ok	
2863	{"family":"hgbt","fold":2,"repeat":6,"rung":45}	0.057271	0.255	ok	
2864	{"family":"hgbt","fold":3,"repeat":6,"rung":45}	0.011800	0.145	ok	
2865	{"family":"hgbt","fold":0,"repeat":7,"rung":45}	0.107489	0.127	ok	
2866	{"family":"hgbt","fold":1,"repeat":7,"rung":45}	0.042112	0.150	ok	
2867	{"family":"hgbt","fold":2,"repeat":7,"rung":45}	0.106050	0.137	ok	
2868	{"family":"hgbt","fold":3,"repeat":7,"rung":45}	0.047134	0.137	ok	
2869	{"family":"hgbt","fold":0,"repeat":8,"rung":45}	0.048625	0.118	ok	
2870	{"family":"hgbt","fold":1,"repeat":8,"rung":45}	0.049723	0.139	ok	
2871	{"family":"hgbt","fold":2,"repeat":8,"rung":45}	0.094834	0.126	ok	
2872	{"family":"hgbt","fold":3,"repeat":8,"rung":45}	0.093101	0.112	ok	
2873	{"family":"hgbt","fold":0,"repeat":9,"rung":45}	0.113315	0.112	ok	
2874	{"family":"hgbt","fold":1,"repeat":9,"rung":45}	0.047375	0.123	ok	
2875	{"family":"hgbt","fold":2,"repeat":9,"rung":45}	0.046992	0.116	ok	
2876	{"family":"hgbt","fold":3,"repeat":9,"rung":45}	0.001445	0.116	ok	
2877	{"family":"hgbt","fold":0,"repeat":10,"rung":45}	0.052025	0.111	ok	
2878	{"family":"hgbt","fold":1,"repeat":10,"rung":45}	0.078257	0.121	ok	
2879	{"family":"hgbt","fold":2,"repeat":10,"rung":45}	0.085947	0.116	ok	
2880	{"family":"hgbt","fold":3,"repeat":10,"rung":45}	0.051318	0.120	ok	
2881	{"family":"hgbt","fold":0,"repeat":1,"rung":30}	0.049993	0.071	ok	
2882	{"family":"hgbt","fold":1,"repeat":1,"rung":30}	0.050487	0.119	ok	
2883	{"family":"hgbt","fold":2,"repeat":1,"rung":30}	0.120254	0.103	ok	
2884	{"family":"hgbt","fold":3,"repeat":1,"rung":30}	0.000000	0.073	ok	
2885	{"family":"hgbt","fold":0,"repeat":2,"rung":30}	0.149980	0.078	ok	
2886	{"family":"hgbt","fold":1,"repeat":2,"rung":30}	0.000002	0.111	ok	
2887	{"family":"hgbt","fold":2,"repeat":2,"rung":30}	0.099965	0.106	ok	
2888	{"family":"hgbt","fold":3,"repeat":2,"rung":30}	0.067132	0.115	ok	
2889	{"family":"hgbt","fold":0,"repeat":3,"rung":30}	0.099987	0.066	ok	
2890	{"family":"hgbt","fold":1,"repeat":3,"rung":30}	0.099987	0.070	ok	
2891	{"family":"hgbt","fold":2,"repeat":3,"rung":30}	0.064840	0.097	ok	
2892	{"family":"hgbt","fold":3,"repeat":3,"rung":30}	0.052625	0.077	ok	
2893	{"family":"hgbt","fold":0,"repeat":4,"rung":30}	0.249967	0.066	ok	
2894	{"family":"hgbt","fold":1,"repeat":4,"rung":30}	0.031353	0.110	ok	
2895	{"family":"hgbt","fold":2,"repeat":4,"rung":30}	0.099987	0.075	ok	
2896	{"family":"hgbt","fold":3,"repeat":4,"rung":30}	0.041286	0.109	ok	
2897	{"family":"hgbt","fold":0,"repeat":5,"rung":30}	0.049482	0.121	ok	
2898	{"family":"hgbt","fold":1,"repeat":5,"rung":30}	0.074662	0.111	ok	
2899	{"family":"hgbt","fold":2,"repeat":5,"rung":30}	0.149980	0.074	ok	
2900	{"family":"hgbt","fold":3,"repeat":5,"rung":30}	0.048502	0.101	ok	
2901	{"family":"hgbt","fold":0,"repeat":6,"rung":30}	0.099987	0.072	ok	
2902	{"family":"hgbt","fold":1,"repeat":6,"rung":30}	0.149106	0.112	ok	
2903	{"family":"hgbt","fold":2,"repeat":6,"rung":30}	0.059357	0.112	ok	
2904	{"family":"hgbt","fold":3,"repeat":6,"rung":30}	0.000855	0.139	ok	
2905	{"family":"hgbt","fold":0,"repeat":7,"rung":30}	0.111052	0.110	ok	
2906	{"family":"hgbt","fold":1,"repeat":7,"rung":30}	0.070178	0.110	ok	
2907	{"family":"hgbt","fold":2,"repeat":7,"rung":30}	0.086713	0.138	ok	
2908	{"family":"hgbt","fold":3,"repeat":7,"rung":30}	0.049686	0.118	ok	
2909	{"family":"hgbt","fold":0,"repeat":8,"rung":30}	0.099987	0.074	ok	
2910	{"family":"hgbt","fold":1,"repeat":8,"rung":30}	0.025264	0.113	ok	
2911	{"family":"hgbt","fold":2,"repeat":8,"rung":30}	0.099987	0.071	ok	
2912	{"family":"hgbt","fold":3,"repeat":8,"rung":30}	0.036982	0.120	ok	
2913	{"family":"hgbt","fold":0,"repeat":9,"rung":30}	0.147855	0.106	ok	
2914	{"family":"hgbt","fold":1,"repeat":9,"rung":30}	0.056034	0.113	ok	
2915	{"family":"hgbt","fold":2,"repeat":9,"rung":30}	0.045419	0.105	ok	
2916	{"family":"hgbt","fold":3,"repeat":9,"rung":30}	0.000115	0.111	ok	
2917	{"family":"hgbt","fold":0,"repeat":10,"rung":30}	0.059229	0.114	ok	
2918	{"family":"hgbt","fold":1,"repeat":10,"rung":30}	0.081338	0.105	ok	
2919	{"family":"hgbt","fold":2,"repeat":10,"rung":30}	0.090424	0.113	ok	
2920	{"family":"hgbt","fold":3,"repeat":10,"rung":30}	0.089299	0.117	ok	
2921	{"family":"hgbt","fold":0,"repeat":1,"rung":20}	0.049990	0.071	ok	
2922	{"family":"hgbt","fold":1,"repeat":1,"rung":20}	0.054397	0.079	ok	
2923	{"family":"hgbt","fold":2,"repeat":1,"rung":20}	0.089392	0.086	ok	
2924	{"family":"hgbt","fold":3,"repeat":1,"rung":20}	0.000000	0.075	ok	
2925	{"family":"hgbt","fold":0,"repeat":2,"rung":20}	0.149971	0.074	ok	
2926	{"family":"hgbt","fold":1,"repeat":2,"rung":20}	0.000056	0.089	ok	
2927	{"family":"hgbt","fold":2,"repeat":2,"rung":20}	0.099729	0.083	ok	
2928	{"family":"hgbt","fold":3,"repeat":2,"rung":20}	0.022098	0.089	ok	
2929	{"family":"hgbt","fold":0,"repeat":3,"rung":20}	0.099980	0.071	ok	
2930	{"family":"hgbt","fold":1,"repeat":3,"rung":20}	0.049990	0.075	ok	
2931	{"family":"hgbt","fold":2,"repeat":3,"rung":20}	0.016997	0.087	ok	
2932	{"family":"hgbt","fold":3,"repeat":3,"rung":20}	0.052621	0.075	ok	
2933	{"family":"hgbt","fold":0,"repeat":4,"rung":20}	0.249951	0.069	ok	
2934	{"family":"hgbt","fold":1,"repeat":4,"rung":20}	0.048091	0.078	ok	
2935	{"family":"hgbt","fold":2,"repeat":4,"rung":20}	0.099980	0.067	ok	
2936	{"family":"hgbt","fold":3,"repeat":4,"rung":20}	0.027611	0.084	ok	
2937	{"family":"hgbt","fold":0,"repeat":5,"rung":20}	0.148625	0.083	ok	
2938	{"family":"hgbt","fold":1,"repeat":5,"rung":20}	0.057219	0.087	ok	
2939	{"family":"hgbt","fold":2,"repeat":5,"rung":20}	0.099980	0.068	ok	
2940	{"family":"hgbt","fold":3,"repeat":5,"rung":20}	0.052383	0.088	ok	
2941	{"family":"hgbt","fold":0,"repeat":6,"rung":20}	0.099980	0.077	ok	
2942	{"family":"hgbt","fold":1,"repeat":6,"rung":20}	0.148277	0.087	ok	
2943	{"family":"hgbt","fold":2,"repeat":6,"rung":20}	0.054937	0.080	ok	
2944	{"family":"hgbt","fold":3,"repeat":6,"rung":20}	0.049990	0.073	ok	
2945	{"family":"hgbt","fold":0,"repeat":7,"rung":20}	0.008283	0.078	ok	
2946	{"family":"hgbt","fold":1,"repeat":7,"rung":20}	0.099980	0.077	ok	
2947	{"family":"hgbt","fold":2,"repeat":7,"rung":20}	0.099980	0.071	ok	
2948	{"family":"hgbt","fold":3,"repeat":7,"rung":20}	0.005955	0.101	ok	
2949	{"family":"hgbt","fold":0,"repeat":8,"rung":20}	0.099980	0.149	ok	
2950	{"family":"hgbt","fold":1,"repeat":8,"rung":20}	0.056430	0.110	ok	
2951	{"family":"hgbt","fold":2,"repeat":8,"rung":20}	0.099980	0.072	ok	
2952	{"family":"hgbt","fold":3,"repeat":8,"rung":20}	0.063080	0.086	ok	
2953	{"family":"hgbt","fold":0,"repeat":9,"rung":20}	0.149971	0.069	ok	
2954	{"family":"hgbt","fold":1,"repeat":9,"rung":20}	0.016276	0.088	ok	
2955	{"family":"hgbt","fold":2,"repeat":9,"rung":20}	0.049990	0.072	ok	
2956	{"family":"hgbt","fold":3,"repeat":9,"rung":20}	0.000051	0.080	ok	
2957	{"family":"hgbt","fold":0,"repeat":10,"rung":20}	0.028869	0.084	ok	
2958	{"family":"hgbt","fold":1,"repeat":10,"rung":20}	0.149971	0.076	ok	
2959	{"family":"hgbt","fold":2,"repeat":10,"rung":20}	0.099980	0.108	ok	
2960	{"family":"hgbt","fold":3,"repeat":10,"rung":20}	0.105243	0.075	ok	
2961	{"family":"hgbt","fold":0,"repeat":1,"rung":12}	0.049984	0.055	ok	
2962	{"family":"hgbt","fold":1,"repeat":1,"rung":12}	0.049984	0.052	ok	
2963	{"family":"hgbt","fold":2,"repeat":1,"rung":12}	0.449854	0.053	ok	
2964	{"family":"hgbt","fold":3,"repeat":1,"rung":12}	0.000000	0.054	ok	
2965	{"family":"hgbt","fold":0,"repeat":2,"rung":12}	0.149951	0.054	ok	
2966	{"family":"hgbt","fold":1,"repeat":2,"rung":12}	0.049984	0.054	ok	
2967	{"family":"hgbt","fold":2,"repeat":2,"rung":12}	0.099968	0.051	ok	
2968	{"family":"hgbt","fold":3,"repeat":2,"rung":12}	0.210458	0.052	ok	
2969	{"family":"hgbt","fold":0,"repeat":3,"rung":12}	0.099968	0.054	ok	
2970	{"family":"hgbt","fold":1,"repeat":3,"rung":12}	0.399871	0.056	ok	
2971	{"family":"hgbt","fold":2,"repeat":3,"rung":12}	0.099968	0.055	ok	
2972	{"family":"hgbt","fold":3,"repeat":3,"rung":12}	0.052615	0.051	ok	
2973	{"family":"hgbt","fold":0,"repeat":4,"rung":12}	0.049984	0.054	ok	
2974	{"family":"hgbt","fold":1,"repeat":4,"rung":12}	0.054325	0.050	ok	
2975	{"family":"hgbt","fold":2,"repeat":4,"rung":12}	0.099968	0.054	ok	
2976	{"family":"hgbt","fold":3,"repeat":4,"rung":12}	0.052615	0.052	ok	
2977	{"family":"hgbt","fold":0,"repeat":5,"rung":12}	0.093047	0.052	ok	
2978	{"family":"hgbt","fold":1,"repeat":5,"rung":12}	0.099968	0.061	ok	
2979	{"family":"hgbt","fold":2,"repeat":5,"rung":12}	0.149951	0.046	ok	
2980	{"family":"hgbt","fold":3,"repeat":5,"rung":12}	0.050339	0.068	ok	
2981	{"family":"hgbt","fold":0,"repeat":6,"rung":12}	0.599806	0.056	ok	
2982	{"family":"hgbt","fold":1,"repeat":6,"rung":12}	0.149951	0.056	ok	
2983	{"family":"hgbt","fold":2,"repeat":6,"rung":12}	0.052615	0.053	ok	
2984	{"family":"hgbt","fold":3,"repeat":6,"rung":12}	0.049984	0.049	ok	
2985	{"family":"hgbt","fold":0,"repeat":7,"rung":12}	0.000000	0.061	ok	
2986	{"family":"hgbt","fold":1,"repeat":7,"rung":12}	0.099968	0.054	ok	
2987	{"family":"hgbt","fold":2,"repeat":7,"rung":12}	0.099968	0.053	ok	
2988	{"family":"hgbt","fold":3,"repeat":7,"rung":12}	0.000000	0.055	ok	
2989	{"family":"hgbt","fold":0,"repeat":8,"rung":12}	0.149951	0.055	ok	
2990	{"family":"hgbt","fold":1,"repeat":8,"rung":12}	0.049984	0.056	ok	
2991	{"family":"hgbt","fold":2,"repeat":8,"rung":12}	0.099968	0.054	ok	
2992	{"family":"hgbt","fold":3,"repeat":8,"rung":12}	0.105229	0.055	ok	
2993	{"family":"hgbt","fold":0,"repeat":9,"rung":12}	0.149951	0.053	ok	
2994	{"family":"hgbt","fold":1,"repeat":9,"rung":12}	0.049984	0.051	ok	
2995	{"family":"hgbt","fold":2,"repeat":9,"rung":12}	0.049984	0.050	ok	
2996	{"family":"hgbt","fold":3,"repeat":9,"rung":12}	0.004775	0.055	ok	
2997	{"family":"hgbt","fold":0,"repeat":10,"rung":12}	0.048657	0.051	ok	
2998	{"family":"hgbt","fold":1,"repeat":10,"rung":12}	0.149951	0.054	ok	
2999	{"family":"hgbt","fold":2,"repeat":10,"rung":12}	0.099968	0.055	ok	
3000	{"family":"hgbt","fold":3,"repeat":10,"rung":12}	0.105229	0.051	ok	
3001	{"family":"hgbt","fold":0,"repeat":1,"rung":8}	0.250000	0.036	ok	
3002	{"family":"hgbt","fold":1,"repeat":1,"rung":8}	0.250000	0.038	ok	
3003	{"family":"hgbt","fold":2,"repeat":1,"rung":8}	0.250000	0.042	ok	
3004	{"family":"hgbt","fold":3,"repeat":1,"rung":8}	0.250000	0.039	ok	
3005	{"family":"hgbt","fold":0,"repeat":2,"rung":8}	0.250000	0.038	ok	
3006	{"family":"hgbt","fold":1,"repeat":2,"rung":8}	0.250000	0.044	ok	
3007	{"family":"hgbt","fold":2,"repeat":2,"rung":8}	0.250000	0.038	ok	
3008	{"family":"hgbt","fold":3,"repeat":2,"rung":8}	0.250000	0.039	ok	
3009	{"family":"hgbt","fold":0,"repeat":3,"rung":8}	0.250000	0.039	ok	
3010	{"family":"hgbt","fold":1,"repeat":3,"rung":8}	0.250000	0.039	ok	
3011	{"family":"hgbt","fold":2,"repeat":3,"rung":8}	0.250000	0.042	ok	
3012	{"family":"hgbt","fold":3,"repeat":3,"rung":8}	0.250000	0.037	ok	
3013	{"family":"hgbt","fold":0,"repeat":4,"rung":8}	0.250000	0.039	ok	
3014	{"family":"hgbt","fold":1,"repeat":4,"rung":8}	0.250000	0.037	ok	
3015	{"family":"hgbt","fold":2,"repeat":4,"rung":8}	0.250000	0.040	ok	
3016	{"family":"hgbt","fold":3,"repeat":4,"rung":8}	0.250000	0.040	ok	
3017	{"family":"hgbt","fold":0,"repeat":5,"rung":8}	0.250000	0.042	ok	
3018	{"family":"hgbt","fold":1,"repeat":5,"rung":8}	0.250000	0.033	ok	
3019	{"family":"hgbt","fold":2,"repeat":5,"rung":8}	0.250000	0.036	ok	
3020	{"family":"hgbt","fold":3,"repeat":5,"rung":8}	0.250000	0.040	ok	
3021	{"family":"hgbt","fold":0,"repeat":6,"rung":8}	0.250000	0.040	ok	
3022	{"family":"hgbt","fold":1,"repeat":6,"rung":8}	0.250000	0.043	ok	
3023	{"family":"hgbt","fold":2,"repeat":6,"rung":8}	0.250000	0.038	ok	
3024	{"family":"hgbt","fold":3,"repeat":6,"rung":8}	0.250000	0.038	ok	
3025	{"family":"hgbt","fold":0,"repeat":7,"rung":8}	0.250000	0.037	ok	
3026	{"family":"hgbt","fold":1,"repeat":7,"rung":8}	0.250000	0.041	ok	
3027	{"family":"hgbt","fold":2,"repeat":7,"rung":8}	0.250000	0.040	ok	
3028	{"family":"hgbt","fold":3,"repeat":7,"rung":8}	0.250000	0.036	ok	
3029	{"family":"hgbt","fold":0,"repeat":8,"rung":8}	0.250000	0.038	ok	
3030	{"family":"hgbt","fold":1,"repeat":8,"rung":8}	0.250000	0.041	ok	
3031	{"family":"hgbt","fold":2,"repeat":8,"rung":8}	0.250000	0.041	ok	
3032	{"family":"hgbt","fold":3,"repeat":8,"rung":8}	0.250000	0.037	ok	
3033	{"family":"hgbt","fold":0,"repeat":9,"rung":8}	0.250000	0.037	ok	
3034	{"family":"hgbt","fold":1,"repeat":9,"rung":8}	0.250000	0.034	ok	
3035	{"family":"hgbt","fold":2,"repeat":9,"rung":8}	0.250000	0.039	ok	
3036	{"family":"hgbt","fold":3,"repeat":9,"rung":8}	0.250000	0.039	ok	
3037	{"family":"hgbt","fold":0,"repeat":10,"rung":8}	0.250000	0.040	ok	
3038	{"family":"hgbt","fold":1,"repeat":10,"rung":8}	0.250000	0.039	ok	
3039	{"family":"hgbt","fold":2,"repeat":10,"rung":8}	0.250000	0.039	ok	
3040	{"family":"hgbt","fold":3,"repeat":10,"rung":8}	0.250000	0.046	ok	
3041	{"family":"hgbt_isotonic","fold":0,"repeat":1,"rung":60}	0.050364	0.494	ok	
3042	{"family":"hgbt_isotonic","fold":1,"repeat":1,"rung":60}	0.051389	0.470	ok	
3043	{"family":"hgbt_isotonic","fold":2,"repeat":1,"rung":60}	0.050370	0.460	ok	
3044	{"family":"hgbt_isotonic","fold":3,"repeat":1,"rung":60}	0.095533	0.515	ok	
3045	{"family":"hgbt_isotonic","fold":0,"repeat":2,"rung":60}	0.077778	0.589	ok	
3046	{"family":"hgbt_isotonic","fold":1,"repeat":2,"rung":60}	0.026202	0.451	ok	
3047	{"family":"hgbt_isotonic","fold":2,"repeat":2,"rung":60}	0.072488	0.451	ok	
3048	{"family":"hgbt_isotonic","fold":3,"repeat":2,"rung":60}	0.157895	0.465	ok	
3049	{"family":"hgbt_isotonic","fold":0,"repeat":3,"rung":60}	0.051527	0.416	ok	
3050	{"family":"hgbt_isotonic","fold":1,"repeat":3,"rung":60}	0.081187	0.426	ok	
3051	{"family":"hgbt_isotonic","fold":2,"repeat":3,"rung":60}	0.028142	0.481	ok	
3052	{"family":"hgbt_isotonic","fold":3,"repeat":3,"rung":60}	0.035819	0.480	ok	
3053	{"family":"hgbt_isotonic","fold":0,"repeat":4,"rung":60}	0.203586	0.418	ok	
3054	{"family":"hgbt_isotonic","fold":1,"repeat":4,"rung":60}	0.040497	0.465	ok	
3055	{"family":"hgbt_isotonic","fold":2,"repeat":4,"rung":60}	0.100000	0.501	ok	
3056	{"family":"hgbt_isotonic","fold":3,"repeat":4,"rung":60}	0.047624	0.462	ok	
3057	{"family":"hgbt_isotonic","fold":0,"repeat":5,"rung":60}	0.038889	0.455	ok	
3058	{"family":"hgbt_isotonic","fold":1,"repeat":5,"rung":60}	0.092734	0.457	ok	
3059	{"family":"hgbt_isotonic","fold":2,"repeat":5,"rung":60}	0.060166	0.493	ok	
3060	{"family":"hgbt_isotonic","fold":3,"repeat":5,"rung":60}	0.069971	0.402	ok	
3061	{"family":"hgbt_isotonic","fold":0,"repeat":6,"rung":60}	0.046780	0.465	ok	
3062	{"family":"hgbt_isotonic","fold":1,"repeat":6,"rung":60}	0.046640	0.495	ok	
3063	{"family":"hgbt_isotonic","fold":2,"repeat":6,"rung":60}	0.053603	0.474	ok	
3064	{"family":"hgbt_isotonic","fold":3,"repeat":6,"rung":60}	0.058832	0.479	ok	
3065	{"family":"hgbt_isotonic","fold":0,"repeat":7,"rung":60}	0.033627	0.470	ok	
3066	{"family":"hgbt_isotonic","fold":1,"repeat":7,"rung":60}	0.079808	0.451	ok	
3067	{"family":"hgbt_isotonic","fold":2,"repeat":7,"rung":60}	0.099695	0.412	ok	
3068	{"family":"hgbt_isotonic","fold":3,"repeat":7,"rung":60}	0.040297	0.480	ok	
3069	{"family":"hgbt_isotonic","fold":0,"repeat":8,"rung":60}	0.033583	0.479	ok	
3070	{"family":"hgbt_isotonic","fold":1,"repeat":8,"rung":60}	0.035976	0.475	ok	
3071	{"family":"hgbt_isotonic","fold":2,"repeat":8,"rung":60}	0.102264	0.481	ok	
3072	{"family":"hgbt_isotonic","fold":3,"repeat":8,"rung":60}	0.083712	0.421	ok	
3073	{"family":"hgbt_isotonic","fold":0,"repeat":9,"rung":60}	0.093280	0.376	ok	
3074	{"family":"hgbt_isotonic","fold":1,"repeat":9,"rung":60}	0.069961	0.504	ok	
3075	{"family":"hgbt_isotonic","fold":2,"repeat":9,"rung":60}	0.033024	0.478	ok	
3076	{"family":"hgbt_isotonic","fold":3,"repeat":9,"rung":60}	0.052706	0.466	ok	
3077	{"family":"hgbt_isotonic","fold":0,"repeat":10,"rung":60}	0.053578	0.447	ok	
3078	{"family":"hgbt_isotonic","fold":1,"repeat":10,"rung":60}	0.094055	0.497	ok	
3079	{"family":"hgbt_isotonic","fold":2,"repeat":10,"rung":60}	0.085397	0.467	ok	
3080	{"family":"hgbt_isotonic","fold":3,"repeat":10,"rung":60}	0.024523	0.477	ok	
3081	{"family":"hgbt_isotonic","fold":0,"repeat":1,"rung":45}	0.041175	0.369	ok	
3082	{"family":"hgbt_isotonic","fold":1,"repeat":1,"rung":45}	0.050802	0.434	ok	
3083	{"family":"hgbt_isotonic","fold":2,"repeat":1,"rung":45}	0.116591	0.406	ok	
3084	{"family":"hgbt_isotonic","fold":3,"repeat":1,"rung":45}	0.157895	0.288	ok	
3085	{"family":"hgbt_isotonic","fold":0,"repeat":2,"rung":45}	0.074730	0.414	ok	
3086	{"family":"hgbt_isotonic","fold":1,"repeat":2,"rung":45}	0.001461	0.408	ok	
3087	{"family":"hgbt_isotonic","fold":2,"repeat":2,"rung":45}	0.054145	0.436	ok	
3088	{"family":"hgbt_isotonic","fold":3,"repeat":2,"rung":45}	0.143566	0.443	ok	
3089	{"family":"hgbt_isotonic","fold":0,"repeat":3,"rung":45}	0.107249	0.401	ok	
3090	{"family":"hgbt_isotonic","fold":1,"repeat":3,"rung":45}	0.055754	0.393	ok	
3091	{"family":"hgbt_isotonic","fold":2,"repeat":3,"rung":45}	0.051020	0.463	ok	
3092	{"family":"hgbt_isotonic","fold":3,"repeat":3,"rung":45}	0.009277	0.454	ok	
3093	{"family":"hgbt_isotonic","fold":0,"repeat":4,"rung":45}	0.200695	0.403	ok	
3094	{"family":"hgbt_isotonic","fold":1,"repeat":4,"rung":45}	0.010236	0.424	ok	
3095	{"family":"hgbt_isotonic","fold":2,"repeat":4,"rung":45}	0.092439	0.301	ok	
3096	{"family":"hgbt_isotonic","fold":3,"repeat":4,"rung":45}	0.028661	0.467	ok	
3097	{"family":"hgbt_isotonic","fold":0,"repeat":5,"rung":45}	0.050873	0.433	ok	
3098	{"family":"hgbt_isotonic","fold":1,"repeat":5,"rung":45}	0.046529	0.451	ok	
3099	{"family":"hgbt_isotonic","fold":2,"repeat":5,"rung":45}	0.050046	0.447	ok	
3100	{"family":"hgbt_isotonic","fold":3,"repeat":5,"rung":45}	0.052852	0.433	ok	
3101	{"family":"hgbt_isotonic","fold":0,"repeat":6,"rung":45}	0.092593	0.353	ok	
3102	{"family":"hgbt_isotonic","fold":1,"repeat":6,"rung":45}	0.041781	0.445	ok	
3103	{"family":"hgbt_isotonic","fold":2,"repeat":6,"rung":45}	0.052632	0.469	ok	
3104	{"family":"hgbt_isotonic","fold":3,"repeat":6,"rung":45}	0.022158	0.445	ok	
3105	{"family":"hgbt_isotonic","fold":0,"repeat":7,"rung":45}	0.097055	0.450	ok	
3106	{"family":"hgbt_isotonic","fold":1,"repeat":7,"rung":45}	0.030838	0.457	ok	
3107	{"family":"hgbt_isotonic","fold":2,"repeat":7,"rung":45}	0.127775	0.420	ok	
3108	{"family":"hgbt_isotonic","fold":3,"repeat":7,"rung":45}	0.048813	0.437	ok	
3109	{"family":"hgbt_isotonic","fold":0,"repeat":8,"rung":45}	0.119933	0.468	ok	
3110	{"family":"hgbt_isotonic","fold":1,"repeat":8,"rung":45}	0.051389	0.445	ok	
3111	{"family":"hgbt_isotonic","fold":2,"repeat":8,"rung":45}	0.066968	0.369	ok	
3112	{"family":"hgbt_isotonic","fold":3,"repeat":8,"rung":45}	0.061867	0.425	ok	
3113	{"family":"hgbt_isotonic","fold":0,"repeat":9,"rung":45}	0.095488	0.440	ok	
3114	{"family":"hgbt_isotonic","fold":1,"repeat":9,"rung":45}	0.038866	0.456	ok	
3115	{"family":"hgbt_isotonic","fold":2,"repeat":9,"rung":45}	0.094393	0.450	ok	
3116	{"family":"hgbt_isotonic","fold":3,"repeat":9,"rung":45}	0.018406	0.458	ok	
3117	{"family":"hgbt_isotonic","fold":0,"repeat":10,"rung":45}	0.050000	0.463	ok	
3118	{"family":"hgbt_isotonic","fold":1,"repeat":10,"rung":45}	0.068642	0.439	ok	
3119	{"family":"hgbt_isotonic","fold":2,"repeat":10,"rung":45}	0.075838	0.344	ok	
3120	{"family":"hgbt_isotonic","fold":3,"repeat":10,"rung":45}	0.091696	0.437	ok	
3121	{"family":"hgbt_isotonic","fold":0,"repeat":1,"rung":30}	0.047778	0.287	ok	
3122	{"family":"hgbt_isotonic","fold":1,"repeat":1,"rung":30}	0.051346	0.349	ok	
3123	{"family":"hgbt_isotonic","fold":2,"repeat":1,"rung":30}	0.114023	0.343	ok	
3124	{"family":"hgbt_isotonic","fold":3,"repeat":1,"rung":30}	0.000000	0.300	ok	
3125	{"family":"hgbt_isotonic","fold":0,"repeat":2,"rung":30}	0.124394	0.296	ok	
3126	{"family":"hgbt_isotonic","fold":1,"repeat":2,"rung":30}	0.002047	0.326	ok	
3127	{"family":"hgbt_isotonic","fold":2,"repeat":2,"rung":30}	0.089003	0.369	ok	
3128	{"family":"hgbt_isotonic","fold":3,"repeat":2,"rung":30}	0.060294	0.355	ok	
3129	{"family":"hgbt_isotonic","fold":0,"repeat":3,"rung":30}	0.095703	0.307	ok	
3130	{"family":"hgbt_isotonic","fold":1,"repeat":3,"rung":30}	0.084083	0.324	ok	
3131	{"family":"hgbt_isotonic","fold":2,"repeat":3,"rung":30}	0.118739	0.360	ok	
3132	{"family":"hgbt_isotonic","fold":3,"repeat":3,"rung":30}	0.048314	0.288	ok	
3133	{"family":"hgbt_isotonic","fold":0,"repeat":4,"rung":30}	0.221111	0.358	ok	
3134	{"family":"hgbt_isotonic","fold":1,"repeat":4,"rung":30}	0.007699	0.372	ok	
3135	{"family":"hgbt_isotonic","fold":2,"repeat":4,"rung":30}	0.089844	0.283	ok	
3136	{"family":"hgbt_isotonic","fold":3,"repeat":4,"rung":30}	0.048930	0.335	ok	
3137	{"family":"hgbt_isotonic","fold":0,"repeat":5,"rung":30}	0.047782	0.419	ok	
3138	{"family":"hgbt_isotonic","fold":1,"repeat":5,"rung":30}	0.074544	0.336	ok	
3139	{"family":"hgbt_isotonic","fold":2,"repeat":5,"rung":30}	0.133333	0.268	ok	
3140	{"family":"hgbt_isotonic","fold":3,"repeat":5,"rung":30}	0.033710	0.335	ok	
3141	{"family":"hgbt_isotonic","fold":0,"repeat":6,"rung":30}	0.086942	0.296	ok	
3142	{"family":"hgbt_isotonic","fold":1,"repeat":6,"rung":30}	0.156605	0.334	ok	
3143	{"family":"hgbt_isotonic","fold":2,"repeat":6,"rung":30}	0.055803	0.331	ok	
3144	{"family":"hgbt_isotonic","fold":3,"repeat":6,"rung":30}	0.017636	0.322	ok	
3145	{"family":"hgbt_isotonic","fold":0,"repeat":7,"rung":30}	0.097458	0.333	ok	
3146	{"family":"hgbt_isotonic","fold":1,"repeat":7,"rung":30}	0.073060	0.359	ok	
3147	{"family":"hgbt_isotonic","fold":2,"repeat":7,"rung":30}	0.094605	0.339	ok	
3148	{"family":"hgbt_isotonic","fold":3,"repeat":7,"rung":30}	0.029605	0.353	ok	
3149	{"family":"hgbt_isotonic","fold":0,"repeat":8,"rung":30}	0.089844	0.288	ok	
3150	{"family":"hgbt_isotonic","fold":1,"repeat":8,"rung":30}	0.067703	0.364	ok	
3151	{"family":"hgbt_isotonic","fold":2,"repeat":8,"rung":30}	0.095898	0.288	ok	
3152	{"family":"hgbt_isotonic","fold":3,"repeat":8,"rung":30}	0.098505	0.361	ok	
3153	{"family":"hgbt_isotonic","fold":0,"repeat":9,"rung":30}	0.098124	0.373	ok	
3154	{"family":"hgbt_isotonic","fold":1,"repeat":9,"rung":30}	0.053676	0.368	ok	
3155	{"family":"hgbt_isotonic","fold":2,"repeat":9,"rung":30}	0.059977	0.337	ok	
3156	{"family":"hgbt_isotonic","fold":3,"repeat":9,"rung":30}	0.049238	0.534	ok	
3157	{"family":"hgbt_isotonic","fold":0,"repeat":10,"rung":30}	0.050279	0.364	ok	
3158	{"family":"hgbt_isotonic","fold":1,"repeat":10,"rung":30}	0.055829	0.380	ok	
3159	{"family":"hgbt_isotonic","fold":2,"repeat":10,"rung":30}	0.084275	0.533	ok	
3160	{"family":"hgbt_isotonic","fold":3,"repeat":10,"rung":30}	0.039236	0.514	ok	
3161	{"family":"gpc_rbf","fold":0,"repeat":1,"rung":60}	NA	0.018	crash	"ValueError: Input contains NaN."
3162	{"family":"gpc_rbf","fold":1,"repeat":1,"rung":60}	NA	0.024	crash	"ValueError: Input contains NaN."
3163	{"family":"gpc_rbf","fold":2,"repeat":1,"rung":60}	NA	0.025	crash	"ValueError: Input contains NaN."
3164	{"family":"gpc_rbf","fold":3,"repeat":1,"rung":60}	NA	0.026	crash	"ValueError: Input contains NaN."
3165	{"family":"gpc_rbf","fold":0,"repeat":2,"rung":60}	NA	0.025	crash	"ValueError: Input contains NaN."
3166	{"family":"gpc_rbf","fold":1,"repeat":2,"rung":60}	NA	0.025	crash	"ValueError: Input contains NaN."
3167	{"family":"gpc_rbf","fold":2,"repeat":2,"rung":60}	NA	0.026	crash	"ValueError: Input contains NaN."
3168	{"family":"gpc_rbf","fold":3,"repeat":2,"rung":60}	NA	0.023	crash	"ValueError: Input contains NaN."
3169	{"family":"gpc_rbf","fold":0,"repeat":3,"rung":60}	NA	0.025	crash	"ValueError: Input contains NaN."
3170	{"family":"gpc_rbf","fold":1,"repeat":3,"rung":60}	NA	0.024	crash	"ValueError: Input contains NaN."
3171	{"family":"gpc_rbf","fold":2,"repeat":3,"rung":60}	NA	0.026	crash	"ValueError: Input contains NaN."
3172	{"family":"gpc_rbf","fold":3,"repeat":3,"rung":60}	NA	0.024	crash	"ValueError: Input contains NaN."
3173	{"family":"gpc_rbf","fold":0,"repeat":4,"rung":60}	NA	0.026	crash	"ValueError: Input contains NaN."
3174	{"family":"gpc_rbf","fold":1,"repeat":4,"rung":60}	NA	0.024	crash	"ValueError: Input contains NaN."
3175	{"family":"gpc_rbf","fold":2,"repeat":4,"rung":60}	NA	0.025	crash	"ValueError: Input contains NaN."
3176	{"family":"gpc_rbf","fold":3,"repeat":4,"rung":60}	NA	0.022	crash	"ValueError: Input contains NaN."
3177	{"family":"gpc_rbf","fold":0,"repeat":5,"rung":60}	NA	0.015	crash	"ValueError: Input contains NaN."
3178	{"family":"gpc_rbf","fold":1,"repeat":5,"rung":60}	NA	0.027	crash	"ValueError: Input contains NaN."
3179	{"family":"gpc_rbf","fold":2,"repeat":5,"rung":60}	NA	0.025	crash	"ValueError: Input contains NaN."
3180	{"family":"gpc_rbf","fold":3,"repeat":5,"rung":60}	NA	0.024	crash	"ValueError: Input contains NaN."
3181	{"family":"gpc_rbf","fold":0,"repeat":6,"rung":60}	NA	0.023	crash	"ValueError: Input contains NaN."
3182	{"family":"gpc_rbf","fold":1,"repeat":6,"rung":60}	NA	0.024	crash	"ValueError: Input contains NaN."
3183	{"family":"gpc_rbf","fold":2,"repeat":6,"rung":60}	NA	0.024	crash	"ValueError: Input contains NaN."
3184	{"family":"gpc_rbf","fold":3,"repeat":6,"rung":60}	NA	0.023	crash	"ValueError: Input contains NaN."
3185	{"family":"gpc_rbf","fold":0,"repeat":7,"rung":60}	NA	0.023	crash	"ValueError: Input contains NaN."
3186	{"family":"gpc_rbf","fold":1,"repeat":7,"rung":60}	NA	0.024	crash	"ValueError: Input contains NaN."
3187	{"family":"gpc_rbf","fold":2,"repeat":7,"rung":60}	NA	0.023	crash	"ValueError: Input contains NaN."
3188	{"family":"gpc_rbf","fold":3,"repeat":7,"rung":60}	NA	0.025	crash	"ValueError: Input contains NaN."
3189	{"family":"gpc_rbf","fold":0,"repeat":8,"rung":60}	NA	0.024	crash	"ValueError: Input contains NaN."
3190	{"family":"gpc_rbf","fold":1,"repeat":8,"rung":60}	NA	0.022	crash	"ValueError: Input contains NaN."
3191	{"family":"gpc_rbf","fold":2,"repeat":8,"rung":60}	NA	0.025	crash	"ValueError: Input contains NaN."
3192	{"family":"gpc_rbf","fold":3,"repeat":8,"rung":60}	NA	0.025	crash	"ValueError: Input contains NaN."
3193	{"family":"gpc_rbf","fold":0,"repeat":9,"rung":60}	NA	0.026	crash	"ValueError: Input contains NaN."
3194	{"family":"gpc_rbf","fold":1,"repeat":9,"rung":60}	NA	0.024	crash	"ValueError: Input contains NaN."
3195	{"family":"gpc_rbf","fold":2,"repeat":9,"rung":60}	NA	0.024	crash	"ValueError: Input contains NaN."
3196	{"family":"gpc_rbf","fold":3,"repeat":9,"rung":60}	NA	0.023	crash	"ValueError: Input contains NaN."
3197	{"family":"gpc_rbf","fold":0,"repeat":10,"rung":60}	NA	0.023	crash	"ValueError: Input contains NaN."
3198	{"family":"gpc_rbf","fold":1,"repeat":10,"rung":60}	NA	0.024	crash	"ValueError: Input contains NaN."
3199	{"family":"gpc_rbf","fold":2,"repeat":10,"rung":60}	NA	0.024	crash	"ValueError: Input contains NaN."
3200	{"family":"gpc_rbf","fold":3,"repeat":10,"rung":60}	NA	0.024	crash	"ValueError: Input contains NaN."
3201	{"family":"gpc_rbf","fold":0,"repeat":1,"rung":45}	NA	0.021	crash	"ValueError: Input contains NaN."
3202	{"family":"gpc_rbf","fold":1,"repeat":1,"rung":45}	NA	0.033	crash	"ValueError: Input contains NaN."
3203	{"family":"gpc_rbf","fold":2,"repeat":1,"rung":45}	NA	0.021	crash	"ValueError: Input contains NaN."
3204	{"family":"gpc_rbf","fold":3,"repeat":1,"rung":45}	NA	0.022	crash	"ValueError: Input contains NaN."
3205	{"family":"gpc_rbf","fold":0,"repeat":2,"rung":45}	NA	0.021	crash	"ValueError: Input contains NaN."
3206	{"family":"gpc_rbf","fold":1,"repeat":2,"rung":45}	NA	0.021	crash	"ValueError: Input contains NaN."
3207	{"family":"gpc_rbf","fold":2,"repeat":2,"rung":45}	NA	0.023	crash	"ValueError: Input contains NaN."
3208	{"family":"gpc_rbf","fold":3,"repeat":2,"rung":45}	NA	0.022	crash	"ValueError: Input contains NaN."
3209	{"family":"gpc_rbf","fold":0,"repeat":3,"rung":45}	NA	0.021	crash	"ValueError: Input contains NaN."
3210	{"family":"gpc_rbf","fold":1,"repeat":3,"rung":45}	NA	0.026	crash	"ValueError: Input contains NaN."
3211	{"family":"gpc_rbf","fold":2,"repeat":3,"rung":45}	NA	0.022	crash	"ValueError: Input contains NaN."
3212	{"family":"gpc_rbf","fold":3,"repeat":3,"rung":45}	NA	0.022	crash	"ValueError: Input contains NaN."
3213	{"family":"gpc_rbf","fold":0,"repeat":4,"rung":45}	NA	0.025	crash	"ValueError: Input contains NaN."
3214	{"family":"gpc_rbf","fold":1,"repeat":4,"rung":45}	NA	0.021	crash	"ValueError: Input contains NaN."
3215	{"family":"gpc_rbf","fold":2,"repeat":4,"rung":45}	NA	0.038	crash	"ValueError: Input contains NaN."
3216	{"family":"gpc_rbf","fold":3,"repeat":4,"rung":45}	NA	0.021	crash	"ValueError: Input contains NaN."
3217	{"family":"gpc_rbf","fold":0,"repeat":5,"rung":45}	NA	0.021	crash	"ValueError: Input contains NaN."
3218	{"family":"gpc_rbf","fold":1,"repeat":5,"rung":45}	NA	0.025	crash	"ValueError: Input contains NaN."
3219	{"family":"gpc_rbf","fold":2,"repeat":5,"rung":45}	NA	0.022	crash	"ValueError: Input contains NaN."
3220	{"family":"gpc_rbf","fold":3,"repeat":5,"rung":45}	NA	0.021	crash	"ValueError: Input contains NaN."
3221	{"family":"gpc_rbf","fold":0,"repeat":6,"rung":45}	NA	0.021	crash	"ValueError: Input contains NaN."
3222	{"family":"gpc_rbf","fold":1,"repeat":6,"rung":45}	NA	0.022	crash	"ValueError: Input contains NaN."
3223	{"family":"gpc_rbf","fold":2,"repeat":6,"rung":45}	NA	0.025	crash	"ValueError: Input contains NaN."
3224	{"family":"gpc_rbf","fold":3,"repeat":6,"rung":45}	NA	0.021	crash	"ValueError: Input contains NaN."
3225	{"family":"gpc_rbf","fold":0,"repeat":7,"rung":45}	NA	0.031	crash	"ValueError: Input contains NaN."
3226	{"family":"gpc_rbf","fold":1,"repeat":7,"rung":45}	NA	0.024	crash	"ValueError: Input contains NaN."
3227	{"family":"gpc_rbf","fold":2,"repeat":7,"rung":45}	NA	0.021	crash	"ValueError: Input contains NaN."
3228	{"family":"gpc_rbf","fold":3,"repeat":7,"rung":45}	NA	0.022	crash	"ValueError: Input contains NaN."
3229	{"family":"gpc_rbf","fold":0,"repeat":8,"rung":45}	NA	0.022	crash	"ValueError: Input contains NaN."
3230	{"family":"gpc_rbf","fold":1,"repeat":8,"rung":45}	NA	0.024	crash	"ValueError: Input contains NaN."
3231	{"family":"gpc_rbf","fold":2,"repeat":8,"rung":45}	NA	0.022	crash	"ValueError: Input contains NaN."
3232	{"family":"gpc_rbf","fold":3,"repeat":8,"rung":45}	NA	0.013	crash	"ValueError: Input contains NaN."
3233	{"family":"gpc_rbf","fold":0,"repeat":9,"rung":45}	NA	0.021	crash	"ValueError: Input contains NaN."
3234	{"family":"gpc_rbf","fold":1,"repeat":9,"rung":45}	NA	0.031	crash	"ValueError: Input contains NaN."
3235	{"family":"gpc_rbf","fold":2,"repeat":9,"rung":45}	NA	0.035	crash	"ValueError: Input contains NaN."
3236	{"family":"gpc_rbf","fold":3,"repeat":9,"rung":45}	NA	0.034	crash	"ValueError: Input contains NaN."
3237	{"family":"gpc_rbf","fold":0,"repeat":10,"rung":45}	NA	0.033	crash	"ValueError: Input contains NaN."
3238	{"family":"gpc_rbf","fold":1,"repeat":10,"rung":45}	NA	0.021	crash	"ValueError: Input contains NaN."
3239	{"family":"gpc_rbf","fold":2,"repeat":10,"rung":45}	NA	0.021	crash	"ValueError: Input contains NaN."
3240	{"family":"gpc_rbf","fold":3,"repeat":10,"rung":45}	NA	0.021	crash	"ValueError: Input contains NaN."
3241	{"family":"gpc_rbf","fold":0,"repeat":1,"rung":30}	0.047428	0.009	ok	
3242	{"family":"gpc_rbf","fold":1,"repeat":1,"rung":30}	0.039724	0.006	ok	
3243	{"family":"gpc_rbf","fold":2,"repeat":1,"rung":30}	0.095621	0.008	ok	
3244	{"family":"gpc_rbf","fold":3,"repeat":1,"rung":30}	0.106547	0.007	ok	
3245	{"family":"gpc_rbf","fold":0,"repeat":2,"rung":30}	0.088529	0.007	ok	
3246	{"family":"gpc_rbf","fold":1,"repeat":2,"rung":30}	0.031070	0.007	ok	
3247	{"family":"gpc_rbf","fold":2,"repeat":2,"rung":30}	0.073802	0.007	ok	
3248	{"family":"gpc_rbf","fold":3,"repeat":2,"rung":30}	0.049519	0.006	ok	
3249	{"family":"gpc_rbf","fold":0,"repeat":3,"rung":30}	0.061732	0.008	ok	
3250	{"family":"gpc_rbf","fold":1,"repeat":3,"rung":30}	0.074532	0.008	ok	
3251	{"family":"gpc_rbf","fold":2,"repeat":3,"rung":30}	0.061257	0.007	ok	
3252	{"family":"gpc_rbf","fold":3,"repeat":3,"rung":30}	0.043219	0.007	ok	
3253	{"family":"gpc_rbf","fold":0,"repeat":4,"rung":30}	0.136890	0.008	ok	
3254	{"family":"gpc_rbf","fold":1,"repeat":4,"rung":30}	0.033610	0.008	ok	
3255	{"family":"gpc_rbf","fold":2,"repeat":4,"rung":30}	0.082378	0.008	ok	
3256	{"family":"gpc_rbf","fold":3,"repeat":4,"rung":30}	0.071548	0.007	ok	
3257	{"family":"gpc_rbf","fold":0,"repeat":5,"rung":30}	0.048852	0.007	ok	
3258	{"family":"gpc_rbf","fold":1,"repeat":5,"rung":30}	0.083636	0.008	ok	
3259	{"family":"gpc_rbf","fold":2,"repeat":5,"rung":30}	0.073747	0.008	ok	
3260	{"family":"gpc_rbf","fold":3,"repeat":5,"rung":30}	0.032627	0.007	ok	
3261	{"family":"gpc_rbf","fold":0,"repeat":6,"rung":30}	0.069552	0.007	ok	
3262	{"family":"gpc_rbf","fold":1,"repeat":6,"rung":30}	0.084591	0.007	ok	
3263	{"family":"gpc_rbf","fold":2,"repeat":6,"rung":30}	0.045611	0.006	ok	
3264	{"family":"gpc_rbf","fold":3,"repeat":6,"rung":30}	0.043831	0.007	ok	
3265	{"family":"gpc_rbf","fold":0,"repeat":7,"rung":30}	0.044855	0.006	ok	
3266	{"family":"gpc_rbf","fold":1,"repeat":7,"rung":30}	0.044256	0.007	ok	
3267	{"family":"gpc_rbf","fold":2,"repeat":7,"rung":30}	0.106196	0.007	ok	
3268	{"family":"gpc_rbf","fold":3,"repeat":7,"rung":30}	0.040026	0.007	ok	
3269	{"family":"gpc_rbf","fold":0,"repeat":8,"rung":30}	0.064025	0.008	ok	
3270	{"family":"gpc_rbf","fold":1,"repeat":8,"rung":30}	0.034747	0.008	ok	
3271	{"family":"gpc_rbf","fold":2,"repeat":8,"rung":30}	0.077456	0.007	ok	
3272	{"family":"gpc_rbf","fold":3,"repeat":8,"rung":30}	0.053878	0.007	ok	
3273	{"family":"gpc_rbf","fold":0,"repeat":9,"rung":30}	0.101749	0.007	ok	
3274	{"family":"gpc_rbf","fold":1,"repeat":9,"rung":30}	0.053581	0.008	ok	
3275	{"family":"gpc_rbf","fold":2,"repeat":9,"rung":30}	0.040285	0.006	ok	
3276	{"family":"gpc_rbf","fold":3,"repeat":9,"rung":30}	0.047719	0.007	ok	
3277	{"family":"gpc_rbf","fold":0,"repeat":10,"rung":30}	0.039422	0.007	ok	
3278	{"family":"gpc_rbf","fold":1,"repeat":10,"rung":30}	0.052650	0.007	ok	
3279	{"family":"gpc_rbf","fold":2,"repeat":10,"rung":30}	0.069866	0.007	ok	
3280	{"family":"gpc_rbf","fold":3,"repeat":10,"rung":30}	0.050152	0.006	ok	
3281	{"family":"gpc_rbf","fold":0,"repeat":1,"rung":20}	0.048136	0.005	ok	
3282	{"family":"gpc_rbf","fold":1,"repeat":1,"rung":20}	0.040368	0.006	ok	
3283	{"family":"gpc_rbf","fold":2,"repeat":1,"rung":20}	0.103554	0.005	ok	
3284	{"family":"gpc_rbf","fold":3,"repeat":1,"rung":20}	0.154810	0.006	ok	
3285	{"family":"gpc_rbf","fold":0,"repeat":2,"rung":20}	0.086433	0.005	ok	
3286	{"family":"gpc_rbf","fold":1,"repeat":2,"rung":20}	0.026058	0.006	ok	
3287	{"family":"gpc_rbf","fold":2,"repeat":2,"rung":20}	0.088877	0.006	ok	
3288	{"family":"gpc_rbf","fold":3,"repeat":2,"rung":20}	0.053011	0.006	ok	
3289	{"family":"gpc_rbf","fold":0,"repeat":3,"rung":20}	0.035125	0.006	ok	
3290	{"family":"gpc_rbf","fold":1,"repeat":3,"rung":20}	0.094356	0.006	ok	
3291	{"family":"gpc_rbf","fold":2,"repeat":3,"rung":20}	0.123579	0.006	ok	
3292	{"family":"gpc_rbf","fold":3,"repeat":3,"rung":20}	0.047756	0.006	ok	
3293	{"family":"gpc_rbf","fold":0,"repeat":4,"rung":20}	0.134998	0.007	ok	
3294	{"family":"gpc_rbf","fold":1,"repeat":4,"rung":20}	0.035451	0.005	ok	
3295	{"family":"gpc_rbf","fold":2,"repeat":4,"rung":20}	0.082887	0.006	ok	
3296	{"family":"gpc_rbf","fold":3,"repeat":4,"rung":20}	0.071960	0.005	ok	
3297	{"family":"gpc_rbf","fold":0,"repeat":5,"rung":20}	0.045367	0.005	ok	
3298	{"family":"gpc_rbf","fold":1,"repeat":5,"rung":20}	0.098761	0.006	ok	
3299	{"family":"gpc_rbf","fold":2,"repeat":5,"rung":20}	0.105566	0.006	ok	
3300	{"family":"gpc_rbf","fold":3,"repeat":5,"rung":20}	0.031432	0.006	ok	
3301	{"family":"gpc_rbf","fold":0,"repeat":6,"rung":20}	0.079919	0.006	ok	
3302	{"family":"gpc_rbf","fold":1,"repeat":6,"rung":20}	0.105012	0.006	ok	
3303	{"family":"gpc_rbf","fold":2,"repeat":6,"rung":20}	0.048120	0.005	ok	
3304	{"family":"gpc_rbf","fold":3,"repeat":6,"rung":20}	0.045502	0.005	ok	
3305	{"family":"gpc_rbf","fold":0,"repeat":7,"rung":20}	0.066305	0.005	ok	
3306	{"family":"gpc_rbf","fold":1,"repeat":7,"rung":20}	0.054252	0.006	ok	
3307	{"family":"gpc_rbf","fold":2,"repeat":7,"rung":20}	0.118276	0.006	ok	
3308	{"family":"gpc_rbf","fold":3,"repeat":7,"rung":20}	0.045655	0.006	ok	
3309	{"family":"gpc_rbf","fold":0,"repeat":8,"rung":20}	0.079861	0.006	ok	
3310	{"family":"gpc_rbf","fold":1,"repeat":8,"rung":20}	0.068566	0.005	ok	
3311	{"family":"gpc_rbf","fold":2,"repeat":8,"rung":20}	0.086262	0.006	ok	
3312	{"family":"gpc_rbf","fold":3,"repeat":8,"rung":20}	0.074558	0.006	ok	
3313	{"family":"gpc_rbf","fold":0,"repeat":9,"rung":20}	0.109256	0.006	ok	
3314	{"family":"gpc_rbf","fold":1,"repeat":9,"rung":20}	0.057212	0.006	ok	
3315	{"family":"gpc_rbf","fold":2,"repeat":9,"rung":20}	0.056716	0.006	ok	
3316	{"family":"gpc_rbf","fold":3,"repeat":9,"rung":20}	0.051557	0.005	ok	
3317	{"family":"gpc_rbf","fold":0,"repeat":10,"rung":20}	0.045119	0.005	ok	
3318	{"family":"gpc_rbf","fold":1,"repeat":10,"rung":20}	0.098874	0.006	ok	
3319	{"family":"gpc_rbf","fold":2,"repeat":10,"rung":20}	0.069307	0.006	ok	
3320	{"family":"gpc_rbf","fold":3,"repeat":10,"rung":20}	0.091414	0.006	ok	
3321	{"family":"gpc_rbf","fold":0,"repeat":1,"rung":12}	0.059536	0.005	ok	
3322	{"family":"gpc_rbf","fold":1,"repeat":1,"rung":12}	0.057953	0.005	ok	
3323	{"family":"gpc_rbf","fold":2,"repeat":1,"rung":12}	0.147523	0.005	ok	
3324	{"family":"gpc_rbf","fold":3,"repeat":1,"rung":12}	0.106333	0.005	ok	
3325	{"family":"gpc_rbf","fold":0,"repeat":2,"rung":12}	0.098586	0.005	ok	
3326	{"family":"gpc_rbf","fold":1,"repeat":2,"rung":12}	0.047104	0.004	ok	
3327	{"family":"gpc_rbf","fold":2,"repeat":2,"rung":12}	0.088056	0.005	ok	
3328	{"family":"gpc_rbf","fold":3,"repeat":2,"rung":12}	0.089413	0.005	ok	
3329	{"family":"gpc_rbf","fold":0,"repeat":3,"rung":12}	0.055434	0.005	ok	
3330	{"family":"gpc_rbf","fold":1,"repeat":3,"rung":12}	0.101507	0.005	ok	
3331	{"family":"gpc_rbf","fold":2,"repeat":3,"rung":12}	0.108466	0.004	ok	
3332	{"family":"gpc_rbf","fold":3,"repeat":3,"rung":12}	0.057756	0.005	ok	
3333	{"family":"gpc_rbf","fold":0,"repeat":4,"rung":12}	0.135213	0.006	ok	
3334	{"family":"gpc_rbf","fold":1,"repeat":4,"rung":12}	0.076639	0.005	ok	
3335	{"family":"gpc_rbf","fold":2,"repeat":4,"rung":12}	0.117017	0.005	ok	
3336	{"family":"gpc_rbf","fold":3,"repeat":4,"rung":12}	0.107907	0.005	ok	
3337	{"family":"gpc_rbf","fold":0,"repeat":5,"rung":12}	0.114799	0.004	ok	
3338	{"family":"gpc_rbf","fold":1,"repeat":5,"rung":12}	0.145291	0.005	ok	
3339	{"family":"gpc_rbf","fold":2,"repeat":5,"rung":12}	0.104192	0.006	ok	
3340	{"family":"gpc_rbf","fold":3,"repeat":5,"rung":12}	0.090597	0.005	ok	
3341	{"family":"gpc_rbf","fold":0,"repeat":6,"rung":12}	0.134872	0.005	ok	
3342	{"family":"gpc_rbf","fold":1,"repeat":6,"rung":12}	0.106573	0.005	ok	
3343	{"family":"gpc_rbf","fold":2,"repeat":6,"rung":12}	0.064859	0.005	ok	
3344	{"family":"gpc_rbf","fold":3,"repeat":6,"rung":12}	0.063690	0.004	ok	
3345	{"family":"gpc_rbf","fold":0,"repeat":7,"rung":12}	0.074085	0.004	ok	
3346	{"family":"gpc_rbf","fold":1,"repeat":7,"rung":12}	0.062992	0.005	ok	
3347	{"family":"gpc_rbf","fold":2,"repeat":7,"rung":12}	0.122255	0.006	ok	
3348	{"family":"gpc_rbf","fold":3,"repeat":7,"rung":12}	0.077750	0.006	ok	
3349	{"family":"gpc_rbf","fold":0,"repeat":8,"rung":12}	0.085662	0.006	ok	
3350	{"family":"gpc_rbf","fold":1,"repeat":8,"rung":12}	0.116259	0.004	ok	
3351	{"family":"gpc_rbf","fold":2,"repeat":8,"rung":12}	0.103569	0.005	ok	
3352	{"family":"gpc_rbf","fold":3,"repeat":8,"rung":12}	0.115716	0.006	ok	
3353	{"family":"gpc_rbf","fold":0,"repeat":9,"rung":12}	0.150242	0.006	ok	
3354	{"family":"gpc_rbf","fold":1,"repeat":9,"rung":12}	0.091562	0.005	ok	
3355	{"family":"gpc_rbf","fold":2,"repeat":9,"rung":12}	0.092737	0.004	ok	
3356	{"family":"gpc_rbf","fold":3,"repeat":9,"rung":12}	0.089918	0.005	ok	
3357	{"family":"gpc_rbf","fold":0,"repeat":10,"rung":12}	0.068101	0.005	ok	
3358	{"family":"gpc_rbf","fold":1,"repeat":10,"rung":12}	0.121295	0.005	ok	
3359	{"family":"gpc_rbf","fold":2,"repeat":10,"rung":12}	0.093972	0.005	ok	
3360	{"family":"gpc_rbf","fold":3,"repeat":10,"rung":12}	0.095242	0.006	ok	
3361	{"family":"gpc_rbf","fold":0,"repeat":1,"rung":8}	0.114342	0.005	ok	
3362	{"family":"gpc_rbf","fold":1,"repeat":1,"rung":8}	0.081698	0.004	ok	
3363	{"family":"gpc_rbf","fold":2,"repeat":1,"rung":8}	0.170649	0.005	ok	
3364	{"family":"gpc_rbf","fold":3,"repeat":1,"rung":8}	0.134187	0.005	ok	
3365	{"family":"gpc_rbf","fold":0,"repeat":2,"rung":8}	0.142726	0.005	ok	
3366	{"family":"gpc_rbf","fold":1,"repeat":2,"rung":8}	0.135103	0.004	ok	
3367	{"family":"gpc_rbf","fold":2,"repeat":2,"rung":8}	0.122923	0.005	ok	
3368	{"family":"gpc_rbf","fold":3,"repeat":2,"rung":8}	0.125665	0.005	ok	
3369	{"family":"gpc_rbf","fold":0,"repeat":3,"rung":8}	0.133827	0.004	ok	
3370	{"family":"gpc_rbf","fold":1,"repeat":3,"rung":8}	0.112514	0.004	ok	
3371	{"family":"gpc_rbf","fold":2,"repeat":3,"rung":8}	0.161938	0.005	ok	
3372	{"family":"gpc_rbf","fold":3,"repeat":3,"rung":8}	0.101404	0.005	ok	
3373	{"family":"gpc_rbf","fold":0,"repeat":4,"rung":8}	0.107237	0.004	ok	
3374	{"family":"gpc_rbf","fold":1,"repeat":4,"rung":8}	0.249970	0.004	ok	
3375	{"family":"gpc_rbf","fold":2,"repeat":4,"rung":8}	0.142451	0.005	ok	
3376	{"family":"gpc_rbf","fold":3,"repeat":4,"rung":8}	0.118448	0.005	ok	
3377	{"family":"gpc_rbf","fold":0,"repeat":5,"rung":8}	0.235491	0.004	ok	
3378	{"family":"gpc_rbf","fold":1,"repeat":5,"rung":8}	0.141392	0.004	ok	
3379	{"family":"gpc_rbf","fold":2,"repeat":5,"rung":8}	0.100546	0.004	ok	
3380	{"family":"gpc_rbf","fold":3,"repeat":5,"rung":8}	0.241772	0.004	ok	
3381	{"family":"gpc_rbf","fold":0,"repeat":6,"rung":8}	0.138990	0.004	ok	
3382	{"family":"gpc_rbf","fold":1,"repeat":6,"rung":8}	0.143025	0.005	ok	
3383	{"family":"gpc_rbf","fold":2,"repeat":6,"rung":8}	0.085241	0.007	ok	
3384	{"family":"gpc_rbf","fold":3,"repeat":6,"rung":8}	0.101166	0.005	ok	
3385	{"family":"gpc_rbf","fold":0,"repeat":7,"rung":8}	0.094166	0.004	ok	
3386	{"family":"gpc_rbf","fold":1,"repeat":7,"rung":8}	0.113068	0.004	ok	
3387	{"family":"gpc_rbf","fold":2,"repeat":7,"rung":8}	0.173255	0.004	ok	
3388	{"family":"gpc_rbf","fold":3,"repeat":7,"rung":8}	0.193384	0.005	ok	
3389	{"family":"gpc_rbf","fold":0,"repeat":8,"rung":8}	0.097694	0.004	ok	
3390	{"family":"gpc_rbf","fold":1,"repeat":8,"rung":8}	0.126217	0.004	ok	
3391	{"family":"gpc_rbf","fold":2,"repeat":8,"rung":8}	0.107733	0.005	ok	
3392	{"family":"gpc_rbf","fold":3,"repeat":8,"rung":8}	0.129068	0.005	ok	
3393	{"family":"gpc_rbf","fold":0,"repeat":9,"rung":8}	0.147871	0.005	ok	
3394	{"family":"gpc_rbf","fold":1,"repeat":9,"rung":8}	0.099763	0.005	ok	
3395	{"family":"gpc_rbf","fold":2,"repeat":9,"rung":8}	0.238637	0.004	ok	
3396	{"family":"gpc_rbf","fold":3,"repeat":9,"rung":8}	0.122855	0.004	ok	
3397	{"family":"gpc_rbf","fold":0,"repeat":10,"rung":8}	0.122693	0.005	ok	
3398	{"family":"gpc_rbf","fold":1,"repeat":10,"rung":8}	0.141463	0.005	ok	
3399	{"family":"gpc_rbf","fold":2,"repeat":10,"rung":8}	0.128435	0.005	ok	
3400	{"family":"gpc_rbf","fold":3,"repeat":10,"rung":8}	0.105443	0.005	ok	
3401	{"family":"mlp_small","fold":0,"repeat":1,"rung":60}	0.049305	0.009	ok	
3402	{"family":"mlp_small","fold":1,"repeat":1,"rung":60}	0.022653	0.007	ok	
3403	{"family":"mlp_small","fold":2,"repeat":1,"rung":60}	0.018677	0.008	ok	
3404	{"family":"mlp_small","fold":3,"repeat":1,"rung":60}	0.086780	0.003	ok	
3405	{"family":"mlp_small","fold":0,"repeat":2,"rung":60}	0.094247	0.004	ok	
3406	{"family":"mlp_small","fold":1,"repeat":2,"rung":60}	0.000000	0.010	ok	
3407	{"family":"mlp_small","fold":2,"repeat":2,"rung":60}	0.047941	0.009	ok	
3408	{"family":"mlp_small","fold":3,"repeat":2,"rung":60}	0.083716	0.002	ok	
3409	{"family":"mlp_small","fold":0,"repeat":3,"rung":60}	0.043218	0.004	ok	
3410	{"family":"mlp_small","fold":1,"repeat":3,"rung":60}	0.048715	0.013	ok	
3411	{"family":"mlp_small","fold":2,"repeat":3,"rung":60}	0.017819	0.007	ok	
3412	{"family":"mlp_small","fold":3,"repeat":3,"rung":60}	0.000027	0.007	ok	
3413	{"family":"mlp_small","fold":0,"repeat":4,"rung":60}	0.110688	0.008	ok	
3414	{"family":"mlp_small","fold":1,"repeat":4,"rung":60}	0.086748	0.004	ok	
3415	{"family":"mlp_small","fold":2,"repeat":4,"rung":60}	0.000486	0.014	ok	
3416	{"family":"mlp_small","fold":3,"repeat":4,"rung":60}	0.092852	0.007	ok	
3417	{"family":"mlp_small","fold":0,"repeat":5,"rung":60}	0.039645	0.004	ok	
3418	{"family":"mlp_small","fold":1,"repeat":5,"rung":60}	0.052184	0.007	ok	
3419	{"family":"mlp_small","fold":2,"repeat":5,"rung":60}	0.091980	0.005	ok	
3420	{"family":"mlp_small","fold":3,"repeat":5,"rung":60}	0.000000	0.014	ok	
3421	{"family":"mlp_small","fold":0,"repeat":6,"rung":60}	0.006062	0.005	ok	
3422	{"family":"mlp_small","fold":1,"repeat":6,"rung":60}	0.068257	0.003	ok	
3423	{"family":"mlp_small","fold":2,"repeat":6,"rung":60}	0.000224	0.004	ok	
3424	{"family":"mlp_small","fold":3,"repeat":6,"rung":60}	0.048514	0.007	ok	
3425	{"family":"mlp_small","fold":0,"repeat":7,"rung":60}	0.045129	0.011	ok	
3426	{"family":"mlp_small","fold":1,"repeat":7,"rung":60}	0.061979	0.015	ok	
3427	{"family":"mlp_small","fold":2,"repeat":7,"rung":60}	0.099678	0.003	ok	
3428	{"family":"mlp_small","fold":3,"repeat":7,"rung":60}	0.051252	0.012	ok	
3429	{"family":"mlp_small","fold":0,"repeat":8,"rung":60}	0.048835	0.009	ok	
3430	{"family":"mlp_small","fold":1,"repeat":8,"rung":60}	0.003446	0.008	ok	
3431	{"family":"mlp_small","fold":2,"repeat":8,"rung":60}	0.049455	0.007	ok	
3432	{"family":"mlp_small","fold":3,"repeat":8,"rung":60}	0.000008	0.010	ok	
3433	{"family":"mlp_small","fold":0,"repeat":9,"rung":60}	0.063182	0.003	ok	
3434	{"family":"mlp_small","fold":1,"repeat":9,"rung":60}	0.048433	0.007	ok	
3435	{"family":"mlp_small","fold":2,"repeat":9,"rung":60}	0.049848	0.011	ok	
3436	{"family":"mlp_small","fold":3,"repeat":9,"rung":60}	0.000000	0.006	ok	
3437	{"family":"mlp_small","fold":0,"repeat":10,"rung":60}	0.013821	0.004	ok	
3438	{"family":"mlp_small","fold":1,"repeat":10,"rung":60}	0.015494	0.003	ok	
3439	{"family":"mlp_small","fold":2,"repeat":10,"rung":60}	0.082963	0.003	ok	
3440	{"family":"mlp_small","fold":3,"repeat":10,"rung":60}	0.051194	0.017	ok	
3441	{"family":"mlp_small","fold":0,"repeat":1,"rung":45}	0.002862	0.013	ok	
3442	{"family":"mlp_small","fold":1,"repeat":1,"rung":45}	0.040176	0.002	ok	
3443	{"family":"mlp_small","fold":2,"repeat":1,"rung":45}	0.065884	0.004	ok	
3444	{"family":"mlp_small","fold":3,"repeat":1,"rung":45}	0.116583	0.002	ok	
3445	{"family":"mlp_small","fold":0,"repeat":2,"rung":45}	0.092172	0.004	ok	
3446	{"family":"mlp_small","fold":1,"repeat":2,"rung":45}	0.000000	0.010	ok	
3447	{"family":"mlp_small","fold":2,"repeat":2,"rung":45}	0.090034	0.008	ok	
3448	{"family":"mlp_small","fold":3,"repeat":2,"rung":45}	0.083084	0.003	ok	
3449	{"family":"mlp_small","fold":0,"repeat":3,"rung":45}	0.048673	0.003	ok	
3450	{"family":"mlp_small","fold":1,"repeat":3,"rung":45}	0.068525	0.002	ok	
3451	{"family":"mlp_small","fold":2,"repeat":3,"rung":45}	0.015480	0.011	ok	
3452	{"family":"mlp_small","fold":3,"repeat":3,"rung":45}	0.000003	0.014	ok	
3453	{"family":"mlp_small","fold":0,"repeat":4,"rung":45}	0.128608	0.014	ok	
3454	{"family":"mlp_small","fold":1,"repeat":4,"rung":45}	0.058560	0.009	ok	
3455	{"family":"mlp_small","fold":2,"repeat":4,"rung":45}	0.000120	0.003	ok	
3456	{"family":"mlp_small","fold":3,"repeat":4,"rung":45}	0.085972	0.002	ok	
3457	{"family":"mlp_small","fold":0,"repeat":5,"rung":45}	0.034228	0.003	ok	
3458	{"family":"mlp_small","fold":1,"repeat":5,"rung":45}	0.057824	0.007	ok	
3459	{"family":"mlp_small","fold":2,"repeat":5,"rung":45}	0.029689	0.009	ok	
3460	{"family":"mlp_small","fold":3,"repeat":5,"rung":45}	0.000000	0.011	ok	
3461	{"family":"mlp_small","fold":0,"repeat":6,"rung":45}	0.034052	0.002	ok	
3462	{"family":"mlp_small","fold":1,"repeat":6,"rung":45}	0.066682	0.003	ok	
3463	{"family":"mlp_small","fold":2,"repeat":6,"rung":45}	0.018243	0.005	ok	
3464	{"family":"mlp_small","fold":3,"repeat":6,"rung":45}	0.048495	0.012	ok	
3465	{"family":"mlp_small","fold":0,"repeat":7,"rung":45}	0.082056	0.003	ok	
3466	{"family":"mlp_small","fold":1,"repeat":7,"rung":45}	0.081057	0.009	ok	
3467	{"family":"mlp_small","fold":2,"repeat":7,"rung":45}	0.107004	0.003	ok	
3468	{"family":"mlp_small","fold":3,"repeat":7,"rung":45}	0.027164	0.012	ok	
3469	{"family":"mlp_small","fold":0,"repeat":8,"rung":45}	0.028021	0.004	ok	
3470	{"family":"mlp_small","fold":1,"repeat":8,"rung":45}	0.002141	0.008	ok	
3471	{"family":"mlp_small","fold":2,"repeat":8,"rung":45}	0.054520	0.003	ok	
3472	{"family":"mlp_small","fold":3,"repeat":8,"rung":45}	0.037205	0.012	ok	
3473	{"family":"mlp_small","fold":0,"repeat":9,"rung":45}	0.058424	0.003	ok	
3474	{"family":"mlp_small","fold":1,"repeat":9,"rung":45}	0.044270	0.002	ok	
3475	{"family":"mlp_small","fold":2,"repeat":9,"rung":45}	0.049336	0.011	ok	
3476	{"family":"mlp_small","fold":3,"repeat":9,"rung":45}	0.000000	0.005	ok	
3477	{"family":"mlp_small","fold":0,"repeat":10,"rung":45}	0.003426	0.009	ok	
3478	{"family":"mlp_small","fold":1,"repeat":10,"rung":45}	0.015889	0.008	ok	
3479	{"family":"mlp_small","fold":2,"repeat":10,"rung":45}	0.045495	0.003	ok	
3480	{"family":"mlp_small","fold":3,"repeat":10,"rung":45}	0.051564	0.012	ok	
3481	{"family":"mlp_small","fold":0,"repeat":1,"rung":30}	0.004893	0.003	ok	
3482	{"family":"mlp_small","fold":1,"repeat":1,"rung":30}	0.034529	0.002	ok	
3483	{"family":"mlp_small","fold":2,"repeat":1,"rung":30}	0.047668	0.002	ok	
3484	{"family":"mlp_small","fold":3,"repeat":1,"rung":30}	0.101374	0.002	ok	
3485	{"family":"mlp_small","fold":0,"repeat":2,"rung":30}	0.080364	0.002	ok	
3486	{"family":"mlp_small","fold":1,"repeat":2,"rung":30}	0.000020	0.002	ok	
3487	{"family":"mlp_small","fold":2,"repeat":2,"rung":30}	0.059913	0.003	ok	
3488	{"family":"mlp_small","fold":3,"repeat":2,"rung":30}	0.045121	0.002	ok	
3489	{"family":"mlp_small","fold":0,"repeat":3,"rung":30}	0.000589	0.003	ok	
3490	{"family":"mlp_small","fold":1,"repeat":3,"rung":30}	0.072874	0.002	ok	
3491	{"family":"mlp_small","fold":2,"repeat":3,"rung":30}	0.003043	0.007	ok	
3492	{"family":"mlp_small","fold":3,"repeat":3,"rung":30}	0.017668	0.002	ok	
3493	{"family":"mlp_small","fold":0,"repeat":4,"rung":30}	0.245613	0.002	ok	
3494	{"family":"mlp_small","fold":1,"repeat":4,"rung":30}	0.034189	0.003	ok	
3495	{"family":"mlp_small","fold":2,"repeat":4,"rung":30}	0.049258	0.002	ok	
3496	{"family":"mlp_small","fold":3,"repeat":4,"rung":30}	0.046920	0.002	ok	
3497	{"family":"mlp_small","fold":0,"repeat":5,"rung":30}	0.034257	0.004	ok	
3498	{"family":"mlp_small","fold":1,"repeat":5,"rung":30}	0.059494	0.002	ok	
3499	{"family":"mlp_small","fold":2,"repeat":5,"rung":30}	0.044489	0.003	ok	
3500	{"family":"mlp_small","fold":3,"repeat":5,"rung":30}	0.012974	0.012	ok	
3501	{"family":"mlp_small","fold":0,"repeat":6,"rung":30}	0.095335	0.003	ok	
3502	{"family":"mlp_small","fold":1,"repeat":6,"rung":30}	0.099388	0.005	ok	
3503	{"family":"mlp_small","fold":2,"repeat":6,"rung":30}	0.050078	0.010	ok	
3504	{"family":"mlp_small","fold":3,"repeat":6,"rung":30}	0.010394	0.006	ok	
3505	{"family":"mlp_small","fold":0,"repeat":7,"rung":30}	0.025013	0.003	ok	
3506	{"family":"mlp_small","fold":1,"repeat":7,"rung":30}	0.054242	0.007	ok	
3507	{"family":"mlp_small","fold":2,"repeat":7,"rung":30}	0.112059	0.003	ok	
3508	{"family":"mlp_small","fold":3,"repeat":7,"rung":30}	0.009144	0.003	ok	
3509	{"family":"mlp_small","fold":0,"repeat":8,"rung":30}	0.047738	0.002	ok	
3510	{"family":"mlp_small","fold":1,"repeat":8,"rung":30}	0.000264	0.007	ok	
3511	{"family":"mlp_small","fold":2,"repeat":8,"rung":30}	0.060041	0.002	ok	
3512	{"family":"mlp_small","fold":3,"repeat":8,"rung":30}	0.102112	0.006	ok	
3513	{"family":"mlp_small","fold":0,"repeat":9,"rung":30}	0.168780	0.005	ok	
3514	{"family":"mlp_small","fold":1,"repeat":9,"rung":30}	0.039720	0.002	ok	
3515	{"family":"mlp_small","fold":2,"repeat":9,"rung":30}	0.049344	0.006	ok	
3516	{"family":"mlp_small","fold":3,"repeat":9,"rung":30}	0.110940	0.003	ok	
3517	{"family":"mlp_small","fold":0,"repeat":10,"rung":30}	0.038361	0.010	ok	
3518	{"family":"mlp_small","fold":1,"repeat":10,"rung":30}	0.091879	0.004	ok	
3519	{"family":"mlp_small","fold":2,"repeat":10,"rung":30}	0.055235	0.002	ok	
3520	{"family":"mlp_small","fold":3,"repeat":10,"rung":30}	0.050962	0.014	ok	
3521	{"family":"mlp_small","fold":0,"repeat":1,"rung":20}	0.002457	0.003	ok	
3522	{"family":"mlp_small","fold":1,"repeat":1,"rung":20}	0.006854	0.003	ok	
3523	{"family":"mlp_small","fold":2,"repeat":1,"rung":20}	0.142850	0.003	ok	
3524	{"family":"mlp_small","fold":3,"repeat":1,"rung":20}	0.072471	0.002	ok	
3525	{"family":"mlp_small","fold":0,"repeat":2,"rung":20}	0.096925	0.003	ok	
3526	{"family":"mlp_small","fold":1,"repeat":2,"rung":20}	0.000021	0.002	ok	
3527	{"family":"mlp_small","fold":2,"repeat":2,"rung":20}	0.059580	0.003	ok	
3528	{"family":"mlp_small","fold":3,"repeat":2,"rung":20}	0.035682	0.002	ok	
3529	{"family":"mlp_small","fold":0,"repeat":3,"rung":20}	0.001852	0.002	ok	
3530	{"family":"mlp_small","fold":1,"repeat":3,"rung":20}	0.060418	0.002	ok	
3531	{"family":"mlp_small","fold":2,"repeat":3,"rung":20}	0.005053	0.009	ok	
3532	{"family":"mlp_small","fold":3,"repeat":3,"rung":20}	0.004915	0.003	ok	
3533	{"family":"mlp_small","fold":0,"repeat":4,"rung":20}	0.233821	0.002	ok	
3534	{"family":"mlp_small","fold":1,"repeat":4,"rung":20}	0.051457	0.003	ok	
3535	{"family":"mlp_small","fold":2,"repeat":4,"rung":20}	0.048084	0.003	ok	
3536	{"family":"mlp_small","fold":3,"repeat":4,"rung":20}	0.042080	0.002	ok	
3537	{"family":"mlp_small","fold":0,"repeat":5,"rung":20}	0.034213	0.003	ok	
3538	{"family":"mlp_small","fold":1,"repeat":5,"rung":20}	0.074471	0.002	ok	
3539	{"family":"mlp_small","fold":2,"repeat":5,"rung":20}	0.063752	0.002	ok	
3540	{"family":"mlp_small","fold":3,"repeat":5,"rung":20}	0.000017	0.008	ok	
3541	{"family":"mlp_small","fold":0,"repeat":6,"rung":20}	0.089763	0.006	ok	
3542	{"family":"mlp_small","fold":1,"repeat":6,"rung":20}	0.111540	0.004	ok	
3543	{"family":"mlp_small","fold":2,"repeat":6,"rung":20}	0.052291	0.006	ok	
3544	{"family":"mlp_small","fold":3,"repeat":6,"rung":20}	0.028124	0.002	ok	
3545	{"family":"mlp_small","fold":0,"repeat":7,"rung":20}	0.028813	0.003	ok	
3546	{"family":"mlp_small","fold":1,"repeat":7,"rung":20}	0.001266	0.002	ok	
3547	{"family":"mlp_small","fold":2,"repeat":7,"rung":20}	0.120582	0.003	ok	
3548	{"family":"mlp_small","fold":3,"repeat":7,"rung":20}	0.002013	0.003	ok	
3549	{"family":"mlp_small","fold":0,"repeat":8,"rung":20}	0.050585	0.002	ok	
3550	{"family":"mlp_small","fold":1,"repeat":8,"rung":20}	0.018493	0.003	ok	
3551	{"family":"mlp_small","fold":2,"repeat":8,"rung":20}	0.041019	0.003	ok	
3552	{"family":"mlp_small","fold":3,"repeat":8,"rung":20}	0.106091	0.004	ok	
3553	{"family":"mlp_small","fold":0,"repeat":9,"rung":20}	0.136561	0.002	ok	
3554	{"family":"mlp_small","fold":1,"repeat":9,"rung":20}	0.001547	0.003	ok	
3555	{"family":"mlp_small","fold":2,"repeat":9,"rung":20}	0.049036	0.003	ok	
3556	{"family":"mlp_small","fold":3,"repeat":9,"rung":20}	0.040003	0.003	ok	
3557	{"family":"mlp_small","fold":0,"repeat":10,"rung":20}	0.004366	0.011	ok	
3558	{"family":"mlp_small","fold":1,"repeat":10,"rung":20}	0.140512	0.002	ok	
3559	{"family":"mlp_small","fold":2,"repeat":10,"rung":20}	0.059223	0.002	ok	
3560	{"family":"mlp_small","fold":3,"repeat":10,"rung":20}	0.029443	0.002	ok	
3561	{"family":"mlp_small","fold":0,"repeat":1,"rung":12}	0.000040	0.002	ok	
3562	{"family":"mlp_small","fold":1,"repeat":1,"rung":12}	0.008005	0.002	ok	
3563	{"family":"mlp_small","fold":2,"repeat":1,"rung":12}	0.102450	0.002	ok	
3564	{"family":"mlp_small","fold":3,"repeat":1,"rung":12}	0.070865	0.002	ok	
3565	{"family":"mlp_small","fold":0,"repeat":2,"rung":12}	0.100232	0.003	ok	
3566	{"family":"mlp_small","fold":1,"repeat":2,"rung":12}	0.000160	0.006	ok	
3567	{"family":"mlp_small","fold":2,"repeat":2,"rung":12}	0.025128	0.003	ok	
3568	{"family":"mlp_small","fold":3,"repeat":2,"rung":12}	0.048527	0.003	ok	
3569	{"family":"mlp_small","fold":0,"repeat":3,"rung":12}	0.019561	0.002	ok	
3570	{"family":"mlp_small","fold":1,"repeat":3,"rung":12}	0.037613	0.002	ok	
3571	{"family":"mlp_small","fold":2,"repeat":3,"rung":12}	0.001053	0.002	ok	
3572	{"family":"mlp_small","fold":3,"repeat":3,"rung":12}	0.007870	0.002	ok	
3573	{"family":"mlp_small","fold":0,"repeat":4,"rung":12}	0.097618	0.003	ok	
3574	{"family":"mlp_small","fold":1,"repeat":4,"rung":12}	0.098905	0.003	ok	
3575	{"family":"mlp_small","fold":2,"repeat":4,"rung":12}	0.051353	0.002	ok	
3576	{"family":"mlp_small","fold":3,"repeat":4,"rung":12}	0.083452	0.002	ok	
3577	{"family":"mlp_small","fold":0,"repeat":5,"rung":12}	0.024631	0.003	ok	
3578	{"family":"mlp_small","fold":1,"repeat":5,"rung":12}	0.236860	0.002	ok	
3579	{"family":"mlp_small","fold":2,"repeat":5,"rung":12}	0.049655	0.002	ok	
3580	{"family":"mlp_small","fold":3,"repeat":5,"rung":12}	0.000261	0.003	ok	
3581	{"family":"mlp_small","fold":0,"repeat":6,"rung":12}	0.143702	0.003	ok	
3582	{"family":"mlp_small","fold":1,"repeat":6,"rung":12}	0.044185	0.003	ok	
3583	{"family":"mlp_small","fold":2,"repeat":6,"rung":12}	0.048386	0.002	ok	
3584	{"family":"mlp_small","fold":3,"repeat":6,"rung":12}	0.004337	0.003	ok	
3585	{"family":"mlp_small","fold":0,"repeat":7,"rung":12}	0.002072	0.002	ok	
3586	{"family":"mlp_small","fold":1,"repeat":7,"rung":12}	0.000538	0.002	ok	
3587	{"family":"mlp_small","fold":2,"repeat":7,"rung":12}	0.115961	0.003	ok	
3588	{"family":"mlp_small","fold":3,"repeat":7,"rung":12}	0.000000	0.003	ok	
3589	{"family":"mlp_small","fold":0,"repeat":8,"rung":12}	0.066349	0.003	ok	
3590	{"family":"mlp_small","fold":1,"repeat":8,"rung":12}	0.149602	0.003	ok	
3591	{"family":"mlp_small","fold":2,"repeat":8,"rung":12}	0.051164	0.003	ok	
3592	{"family":"mlp_small","fold":3,"repeat":8,"rung":12}	0.139062	0.002	ok	
3593	{"family":"mlp_small","fold":0,"repeat":9,"rung":12}	0.221299	0.002	ok	
3594	{"family":"mlp_small","fold":1,"repeat":9,"rung":12}	0.019086	0.002	ok	
3595	{"family":"mlp_small","fold":2,"repeat":9,"rung":12}	0.081056	0.009	ok	
3596	{"family":"mlp_small","fold":3,"repeat":9,"rung":12}	0.081364	0.003	ok	
3597	{"family":"mlp_small","fold":0,"repeat":10,"rung":12}	0.034655	0.002	ok	
3598	{"family":"mlp_small","fold":1,"repeat":10,"rung":12}	0.146520	0.002	ok	
3599	{"family":"mlp_small","fold":2,"repeat":10,"rung":12}	0.051464	0.002	ok	
3600	{"family":"mlp_small","fold":3,"repeat":10,"rung":12}	0.024591	0.002	ok	
3601	{"family":"mlp_small","fold":0,"repeat":1,"rung":8}	0.000061	0.003	ok	
3602	{"family":"mlp_small","fold":1,"repeat":1,"rung":8}	0.003966	0.003	ok	
3603	{"family":"mlp_small","fold":2,"repeat":1,"rung":8}	0.185840	0.002	ok	
3604	{"family":"mlp_small","fold":3,"repeat":1,"rung":8}	0.066446	0.002	ok	
3605	{"family":"mlp_small","fold":0,"repeat":2,"rung":8}	0.058103	0.002	ok	
3606	{"family":"mlp_small","fold":1,"repeat":2,"rung":8}	0.001237	0.008	ok	
3607	{"family":"mlp_small","fold":2,"repeat":2,"rung":8}	0.011789	0.003	ok	
3608	{"family":"mlp_small","fold":3,"repeat":2,"rung":8}	0.151646	0.003	ok	
3609	{"family":"mlp_small","fold":0,"repeat":3,"rung":8}	0.018906	0.003	ok	
3610	{"family":"mlp_small","fold":1,"repeat":3,"rung":8}	0.039137	0.002	ok	
3611	{"family":"mlp_small","fold":2,"repeat":3,"rung":8}	0.005701	0.003	ok	
3612	{"family":"mlp_small","fold":3,"repeat":3,"rung":8}	0.003575	0.002	ok	
3613	{"family":"mlp_small","fold":0,"repeat":4,"rung":8}	0.048506	0.003	ok	
3614	{"family":"mlp_small","fold":1,"repeat":4,"rung":8}	0.098537	0.008	ok	
3615	{"family":"mlp_small","fold":2,"repeat":4,"rung":8}	0.040413	0.002	ok	
3616	{"family":"mlp_small","fold":3,"repeat":4,"rung":8}	0.124568	0.002	ok	
3617	{"family":"mlp_small","fold":0,"repeat":5,"rung":8}	0.027284	0.004	ok	
3618	{"family":"mlp_small","fold":1,"repeat":5,"rung":8}	0.189255	0.002	ok	
3619	{"family":"mlp_small","fold":2,"repeat":5,"rung":8}	0.026724	0.003	ok	
3620	{"family":"mlp_small","fold":3,"repeat":5,"rung":8}	0.002270	0.004	ok	
3621	{"family":"mlp_small","fold":0,"repeat":6,"rung":8}	0.147256	0.003	ok	
3622	{"family":"mlp_small","fold":1,"repeat":6,"rung":8}	0.082240	0.003	ok	
3623	{"family":"mlp_small","fold":2,"repeat":6,"rung":8}	0.042050	0.002	ok	
3624	{"family":"mlp_small","fold":3,"repeat":6,"rung":8}	0.047112	0.002	ok	
3625	{"family":"mlp_small","fold":0,"repeat":7,"rung":8}	0.006521	0.003	ok	
3626	{"family":"mlp_small","fold":1,"repeat":7,"rung":8}	0.011416	0.003	ok	
3627	{"family":"mlp_small","fold":2,"repeat":7,"rung":8}	0.184700	0.003	ok	
3628	{"family":"mlp_small","fold":3,"repeat":7,"rung":8}	0.115756	0.003	ok	
3629	{"family":"mlp_small","fold":0,"repeat":8,"rung":8}	0.038445	0.003	ok	
3630	{"family":"mlp_small","fold":1,"repeat":8,"rung":8}	0.033668	0.003	ok	
3631	{"family":"mlp_small","fold":2,"repeat":8,"rung":8}	0.058043	0.002	ok	
3632	{"family":"mlp_small","fold":3,"repeat":8,"rung":8}	0.144175	0.002	ok	
3633	{"family":"mlp_small","fold":0,"repeat":9,"rung":8}	0.227054	0.003	ok	
3634	{"family":"mlp_small","fold":1,"repeat":9,"rung":8}	0.002659	0.002	ok	
3635	{"family":"mlp_small","fold":2,"repeat":9,"rung":8}	0.078793	0.014	ok	
3636	{"family":"mlp_small","fold":3,"repeat":9,"rung":8}	0.037757	0.003	ok	
3637	{"family":"mlp_small","fold":0,"repeat":10,"rung":8}	0.064683	0.002	ok	
3638	{"family":"mlp_small","fold":1,"repeat":10,"rung":8}	0.148395	0.003	ok	
3639	{"family":"mlp_small","fold":2,"repeat":10,"rung":8}	0.054436	0.003	ok	
3640	{"family":"mlp_small","fold":3,"repeat":10,"rung":8}	0.044552	0.002	ok	
3641	{"family":"tabpfn","fold":0,"repeat":1,"rung":60}	0.033584	0.592	ok	
3642	{"family":"tabpfn","fold":1,"repeat":1,"rung":60}	0.019099	0.111	ok	
3643	{"family":"tabpfn","fold":2,"repeat":1,"rung":60}	0.030625	0.112	ok	
3644	{"family":"tabpfn","fold":3,"repeat":1,"rung":60}	0.047856	0.110	ok	
3645	{"family":"tabpfn","fold":0,"repeat":2,"rung":60}	0.018515	0.111	ok	
3646	{"family":"tabpfn","fold":1,"repeat":2,"rung":60}	0.000618	0.111	ok	
3647	{"family":"tabpfn","fold":2,"repeat":2,"rung":60}	0.035383	0.113	ok	
3648	{"family":"tabpfn","fold":3,"repeat":2,"rung":60}	0.030518	0.110	ok	
3649	{"family":"tabpfn","fold":0,"repeat":3,"rung":60}	0.011250	0.112	ok	
3650	{"family":"tabpfn","fold":1,"repeat":3,"rung":60}	0.049651	0.111	ok	
3651	{"family":"tabpfn","fold":2,"repeat":3,"rung":60}	0.018492	0.109	ok	
3652	{"family":"tabpfn","fold":3,"repeat":3,"rung":60}	0.001635	0.110	ok	
3653	{"family":"tabpfn","fold":0,"repeat":4,"rung":60}	0.080920	0.109	ok	
3654	{"family":"tabpfn","fold":1,"repeat":4,"rung":60}	0.004043	0.113	ok	
3655	{"family":"tabpfn","fold":2,"repeat":4,"rung":60}	0.020841	0.113	ok	
3656	{"family":"tabpfn","fold":3,"repeat":4,"rung":60}	0.052587	0.111	ok	
3657	{"family":"tabpfn","fold":0,"repeat":5,"rung":60}	0.011368	0.111	ok	
3658	{"family":"tabpfn","fold":1,"repeat":5,"rung":60}	0.050158	0.112	ok	
3659	{"family":"tabpfn","fold":2,"repeat":5,"rung":60}	0.016640	0.111	ok	
3660	{"family":"tabpfn","fold":3,"repeat":5,"rung":60}	0.003237	0.111	ok	
3661	{"family":"tabpfn","fold":0,"repeat":6,"rung":60}	0.006311	0.113	ok	
3662	{"family":"tabpfn","fold":1,"repeat":6,"rung":60}	0.041489	0.112	ok	
3663	{"family":"tabpfn","fold":2,"repeat":6,"rung":60}	0.006512	0.112	ok	
3664	{"family":"tabpfn","fold":3,"repeat":6,"rung":60}	0.037575	0.110	ok	
3665	{"family":"tabpfn","fold":0,"repeat":7,"rung":60}	0.012889	0.113	ok	
3666	{"family":"tabpfn","fold":1,"repeat":7,"rung":60}	0.009720	0.110	ok	
3667	{"family":"tabpfn","fold":2,"repeat":7,"rung":60}	0.050816	0.111	ok	
3668	{"family":"tabpfn","fold":3,"repeat":7,"rung":60}	0.027114	0.110	ok	
3669	{"family":"tabpfn","fold":0,"repeat":8,"rung":60}	0.019018	0.111	ok	
3670	{"family":"tabpfn","fold":1,"repeat":8,"rung":60}	0.001845	0.110	ok	
3671	{"family":"tabpfn","fold":2,"repeat":8,"rung":60}	0.027475	0.112	ok	
3672	{"family":"tabpfn","fold":3,"repeat":8,"rung":60}	0.008759	0.111	ok	
3673	{"family":"tabpfn","fold":0,"repeat":9,"rung":60}	0.025740	0.112	ok	
3674	{"family":"tabpfn","fold":1,"repeat":9,"rung":60}	0.036109	0.112	ok	
3675	{"family":"tabpfn","fold":2,"repeat":9,"rung":60}	0.020002	0.111	ok	
3676	{"family":"tabpfn","fold":3,"repeat":9,"rung":60}	0.000552	0.111	ok	
3677	{"family":"tabpfn","fold":0,"repeat":10,"rung":60}	0.009932	0.110	ok	
3678	{"family":"tabpfn","fold":1,"repeat":10,"rung":60}	0.017346	0.110	ok	
3679	{"family":"tabpfn","fold":2,"repeat":10,"rung":60}	0.037044	0.110	ok	
3680	{"family":"tabpfn","fold":3,"repeat":10,"rung":60}	0.021913	0.109	ok	
3681	{"family":"tabpfn","fold":0,"repeat":1,"rung":45}	0.025071	0.109	ok	
3682	{"family":"tabpfn","fold":1,"repeat":1,"rung":45}	0.017658	0.113	ok	
3683	{"family":"tabpfn","fold":2,"repeat":1,"rung":45}	0.025446	0.114	ok	
3684	{"family":"tabpfn","fold":3,"repeat":1,"rung":45}	0.081078	0.111	ok	
3685	{"family":"tabpfn","fold":0,"repeat":2,"rung":45}	0.018549	0.114	ok	
3686	{"family":"tabpfn","fold":1,"repeat":2,"rung":45}	0.000132	0.113	ok	
3687	{"family":"tabpfn","fold":2,"repeat":2,"rung":45}	0.047127	0.113	ok	
3688	{"family":"tabpfn","fold":3,"repeat":2,"rung":45}	0.046621	0.112	ok	
3689	{"family":"tabpfn","fold":0,"repeat":3,"rung":45}	0.007772	0.114	ok	
3690	{"family":"tabpfn","fold":1,"repeat":3,"rung":45}	0.052921	0.114	ok	
3691	{"family":"tabpfn","fold":2,"repeat":3,"rung":45}	0.019685	0.111	ok	
3692	{"family":"tabpfn","fold":3,"repeat":3,"rung":45}	0.003187	0.111	ok	
3693	{"family":"tabpfn","fold":0,"repeat":4,"rung":45}	0.068086	0.114	ok	
3694	{"family":"tabpfn","fold":1,"repeat":4,"rung":45}	0.005159	0.110	ok	
3695	{"family":"tabpfn","fold":2,"repeat":4,"rung":45}	0.009691	0.111	ok	
3696	{"family":"tabpfn","fold":3,"repeat":4,"rung":45}	0.064479	0.111	ok	
3697	{"family":"tabpfn","fold":0,"repeat":5,"rung":45}	0.003980	0.112	ok	
3698	{"family":"tabpfn","fold":1,"repeat":5,"rung":45}	0.037447	0.113	ok	
3699	{"family":"tabpfn","fold":2,"repeat":5,"rung":45}	0.010874	0.112	ok	
3700	{"family":"tabpfn","fold":3,"repeat":5,"rung":45}	0.001279	0.112	ok	
3701	{"family":"tabpfn","fold":0,"repeat":6,"rung":45}	0.019066	0.113	ok	
3702	{"family":"tabpfn","fold":1,"repeat":6,"rung":45}	0.037860	0.112	ok	
3703	{"family":"tabpfn","fold":2,"repeat":6,"rung":45}	0.011452	0.112	ok	
3704	{"family":"tabpfn","fold":3,"repeat":6,"rung":45}	0.023592	0.112	ok	
3705	{"family":"tabpfn","fold":0,"repeat":7,"rung":45}	0.018606	0.112	ok	
3706	{"family":"tabpfn","fold":1,"repeat":7,"rung":45}	0.011867	0.111	ok	
3707	{"family":"tabpfn","fold":2,"repeat":7,"rung":45}	0.059312	0.111	ok	
3708	{"family":"tabpfn","fold":3,"repeat":7,"rung":45}	0.039795	0.112	ok	
3709	{"family":"tabpfn","fold":0,"repeat":8,"rung":45}	0.021999	0.113	ok	
3710	{"family":"tabpfn","fold":1,"repeat":8,"rung":45}	0.001271	0.112	ok	
3711	{"family":"tabpfn","fold":2,"repeat":8,"rung":45}	0.031362	0.112	ok	
3712	{"family":"tabpfn","fold":3,"repeat":8,"rung":45}	0.035935	0.113	ok	
3713	{"family":"tabpfn","fold":0,"repeat":9,"rung":45}	0.038560	0.112	ok	
3714	{"family":"tabpfn","fold":1,"repeat":9,"rung":45}	0.035875	0.112	ok	
3715	{"family":"tabpfn","fold":2,"repeat":9,"rung":45}	0.022816	0.113	ok	
3716	{"family":"tabpfn","fold":3,"repeat":9,"rung":45}	0.000863	0.111	ok	
3717	{"family":"tabpfn","fold":0,"repeat":10,"rung":45}	0.005311	0.112	ok	
3718	{"family":"tabpfn","fold":1,"repeat":10,"rung":45}	0.029632	0.112	ok	
3719	{"family":"tabpfn","fold":2,"repeat":10,"rung":45}	0.028324	0.111	ok	
3720	{"family":"tabpfn","fold":3,"repeat":10,"rung":45}	0.022218	0.109	ok	
3721	{"family":"tabpfn","fold":0,"repeat":1,"rung":30}	0.007033	0.099	ok	
3722	{"family":"tabpfn","fold":1,"repeat":1,"rung":30}	0.020840	0.098	ok	
3723	{"family":"tabpfn","fold":2,"repeat":1,"rung":30}	0.024872	0.098	ok	
3724	{"family":"tabpfn","fold":3,"repeat":1,"rung":30}	0.025986	0.098	ok	
3725	{"family":"tabpfn","fold":0,"repeat":2,"rung":30}	0.054607	0.099	ok	
3726	{"family":"tabpfn","fold":1,"repeat":2,"rung":30}	0.000829	0.100	ok	
3727	{"family":"tabpfn","fold":2,"repeat":2,"rung":30}	0.060192	0.100	ok	
3728	{"family":"tabpfn","fold":3,"repeat":2,"rung":30}	0.035056	0.100	ok	
3729	{"family":"tabpfn","fold":0,"repeat":3,"rung":30}	0.011090	0.100	ok	
3730	{"family":"tabpfn","fold":1,"repeat":3,"rung":30}	0.049511	0.099	ok	
3731	{"family":"tabpfn","fold":2,"repeat":3,"rung":30}	0.015337	0.100	ok	
3732	{"family":"tabpfn","fold":3,"repeat":3,"rung":30}	0.016914	0.099	ok	
3733	{"family":"tabpfn","fold":0,"repeat":4,"rung":30}	0.130239	0.099	ok	
3734	{"family":"tabpfn","fold":1,"repeat":4,"rung":30}	0.012264	0.098	ok	
3735	{"family":"tabpfn","fold":2,"repeat":4,"rung":30}	0.009516	0.100	ok	
3736	{"family":"tabpfn","fold":3,"repeat":4,"rung":30}	0.045020	0.101	ok	
3737	{"family":"tabpfn","fold":0,"repeat":5,"rung":30}	0.011252	0.100	ok	
3738	{"family":"tabpfn","fold":1,"repeat":5,"rung":30}	0.040793	0.100	ok	
3739	{"family":"tabpfn","fold":2,"repeat":5,"rung":30}	0.066338	0.100	ok	
3740	{"family":"tabpfn","fold":3,"repeat":5,"rung":30}	0.008734	0.100	ok	
3741	{"family":"tabpfn","fold":0,"repeat":6,"rung":30}	0.036498	0.101	ok	
3742	{"family":"tabpfn","fold":1,"repeat":6,"rung":30}	0.053154	0.100	ok	
3743	{"family":"tabpfn","fold":2,"repeat":6,"rung":30}	0.027770	0.100	ok	
3744	{"family":"tabpfn","fold":3,"repeat":6,"rung":30}	0.023626	0.101	ok	
3745	{"family":"tabpfn","fold":0,"repeat":7,"rung":30}	0.007920	0.100	ok	
3746	{"family":"tabpfn","fold":1,"repeat":7,"rung":30}	0.021095	0.101	ok	
3747	{"family":"tabpfn","fold":2,"repeat":7,"rung":30}	0.060330	0.100	ok	
3748	{"family":"tabpfn","fold":3,"repeat":7,"rung":30}	0.026221	0.099	ok	
3749	{"family":"tabpfn","fold":0,"repeat":8,"rung":30}	0.050972	0.099	ok	
3750	{"family":"tabpfn","fold":1,"repeat":8,"rung":30}	0.007482	0.099	ok	
3751	{"family":"tabpfn","fold":2,"repeat":8,"rung":30}	0.051426	0.099	ok	
3752	{"family":"tabpfn","fold":3,"repeat":8,"rung":30}	0.061878	0.098	ok	
3753	{"family":"tabpfn","fold":0,"repeat":9,"rung":30}	0.081779	0.099	ok	
3754	{"family":"tabpfn","fold":1,"repeat":9,"rung":30}	0.028008	0.099	ok	
3755	{"family":"tabpfn","fold":2,"repeat":9,"rung":30}	0.028219	0.101	ok	
3756	{"family":"tabpfn","fold":3,"repeat":9,"rung":30}	0.008434	0.100	ok	
3757	{"family":"tabpfn","fold":0,"repeat":10,"rung":30}	0.018213	0.100	ok	
3758	{"family":"tabpfn","fold":1,"repeat":10,"rung":30}	0.061836	0.100	ok	
3759	{"family":"tabpfn","fold":2,"repeat":10,"rung":30}	0.049053	0.100	ok	
3760	{"family":"tabpfn","fold":3,"repeat":10,"rung":30}	0.025688	0.099	ok	
3761	{"family":"tabpfn","fold":0,"repeat":1,"rung":20}	0.007766	0.082	ok	
3762	{"family":"tabpfn","fold":1,"repeat":1,"rung":20}	0.008804	0.081	ok	
3763	{"family":"tabpfn","fold":2,"repeat":1,"rung":20}	0.054341	0.080	ok	
3764	{"family":"tabpfn","fold":3,"repeat":1,"rung":20}	0.028019	0.082	ok	
3765	{"family":"tabpfn","fold":0,"repeat":2,"rung":20}	0.078961	0.082	ok	
3766	{"family":"tabpfn","fold":1,"repeat":2,"rung":20}	0.001593	0.083	ok	
3767	{"family":"tabpfn","fold":2,"repeat":2,"rung":20}	0.062990	0.081	ok	
3768	{"family":"tabpfn","fold":3,"repeat":2,"rung":20}	0.052713	0.079	ok	
3769	{"family":"tabpfn","fold":0,"repeat":3,"rung":20}	0.015396	0.082	ok	
3770	{"family":"tabpfn","fold":1,"repeat":3,"rung":20}	0.043484	0.081	ok	
3771	{"family":"tabpfn","fold":2,"repeat":3,"rung":20}	0.014418	0.081	ok	
3772	{"family":"tabpfn","fold":3,"repeat":3,"rung":20}	0.005491	0.081	ok	
3773	{"family":"tabpfn","fold":0,"repeat":4,"rung":20}	0.083385	0.082	ok	
3774	{"family":"tabpfn","fold":1,"repeat":4,"rung":20}	0.017439	0.083	ok	
3775	{"family":"tabpfn","fold":2,"repeat":4,"rung":20}	0.010743	0.081	ok	
3776	{"family":"tabpfn","fold":3,"repeat":4,"rung":20}	0.054917	0.082	ok	
3777	{"family":"tabpfn","fold":0,"repeat":5,"rung":20}	0.020317	0.084	ok	
3778	{"family":"tabpfn","fold":1,"repeat":5,"rung":20}	0.045866	0.082	ok	
3779	{"family":"tabpfn","fold":2,"repeat":5,"rung":20}	0.045871	0.080	ok	
3780	{"family":"tabpfn","fold":3,"repeat":5,"rung":20}	0.003051	0.082	ok	
3781	{"family":"tabpfn","fold":0,"repeat":6,"rung":20}	0.048969	0.081	ok	
3782	{"family":"tabpfn","fold":1,"repeat":6,"rung":20}	0.078920	0.081	ok	
3783	{"family":"tabpfn","fold":2,"repeat":6,"rung":20}	0.028668	0.082	ok	
3784	{"family":"tabpfn","fold":3,"repeat":6,"rung":20}	0.030513	0.081	ok	
3785	{"family":"tabpfn","fold":0,"repeat":7,"rung":20}	0.015748	0.082	ok	
3786	{"family":"tabpfn","fold":1,"repeat":7,"rung":20}	0.006764	0.081	ok	
3787	{"family":"tabpfn","fold":2,"repeat":7,"rung":20}	0.059578	0.081	ok	
3788	{"family":"tabpfn","fold":3,"repeat":7,"rung":20}	0.016278	0.082	ok	
3789	{"family":"tabpfn","fold":0,"repeat":8,"rung":20}	0.050203	0.080	ok	
3790	{"family":"tabpfn","fold":1,"repeat":8,"rung":20}	0.011730	0.080	ok	
3791	{"family":"tabpfn","fold":2,"repeat":8,"rung":20}	0.038780	0.081	ok	
3792	{"family":"tabpfn","fold":3,"repeat":8,"rung":20}	0.062417	0.082	ok	
3793	{"family":"tabpfn","fold":0,"repeat":9,"rung":20}	0.075232	0.081	ok	
3794	{"family":"tabpfn","fold":1,"repeat":9,"rung":20}	0.007925	0.082	ok	
3795	{"family":"tabpfn","fold":2,"repeat":9,"rung":20}	0.018335	0.082	ok	
3796	{"family":"tabpfn","fold":3,"repeat":9,"rung":20}	0.018706	0.081	ok	
3797	{"family":"tabpfn","fold":0,"repeat":10,"rung":20}	0.017794	0.081	ok	
3798	{"family":"tabpfn","fold":1,"repeat":10,"rung":20}	0.107443	0.082	ok	
3799	{"family":"tabpfn","fold":2,"repeat":10,"rung":20}	0.045826	0.081	ok	
3800	{"family":"tabpfn","fold":3,"repeat":10,"rung":20}	0.027386	0.082	ok	
3801	{"family":"tabpfn","fold":0,"repeat":1,"rung":12}	0.016217	0.078	ok	
3802	{"family":"tabpfn","fold":1,"repeat":1,"rung":12}	0.025026	0.079	ok	
3803	{"family":"tabpfn","fold":2,"repeat":1,"rung":12}	0.068028	0.079	ok	
3804	{"family":"tabpfn","fold":3,"repeat":1,"rung":12}	0.057346	0.078	ok	
3805	{"family":"tabpfn","fold":0,"repeat":2,"rung":12}	0.075908	0.079	ok	
3806	{"family":"tabpfn","fold":1,"repeat":2,"rung":12}	0.008156	0.078	ok	
3807	{"family":"tabpfn","fold":2,"repeat":2,"rung":12}	0.054084	0.078	ok	
3808	{"family":"tabpfn","fold":3,"repeat":2,"rung":12}	0.046925	0.080	ok	
3809	{"family":"tabpfn","fold":0,"repeat":3,"rung":12}	0.028248	0.079	ok	
3810	{"family":"tabpfn","fold":1,"repeat":3,"rung":12}	0.060656	0.080	ok	
3811	{"family":"tabpfn","fold":2,"repeat":3,"rung":12}	0.017724	0.079	ok	
3812	{"family":"tabpfn","fold":3,"repeat":3,"rung":12}	0.004872	0.080	ok	
3813	{"family":"tabpfn","fold":0,"repeat":4,"rung":12}	0.063995	0.080	ok	
3814	{"family":"tabpfn","fold":1,"repeat":4,"rung":12}	0.044159	0.079	ok	
3815	{"family":"tabpfn","fold":2,"repeat":4,"rung":12}	0.037676	0.079	ok	
3816	{"family":"tabpfn","fold":3,"repeat":4,"rung":12}	0.071291	0.079	ok	
3817	{"family":"tabpfn","fold":0,"repeat":5,"rung":12}	0.046462	0.078	ok	
3818	{"family":"tabpfn","fold":1,"repeat":5,"rung":12}	0.130350	0.078	ok	
3819	{"family":"tabpfn","fold":2,"repeat":5,"rung":12}	0.053123	0.079	ok	
3820	{"family":"tabpfn","fold":3,"repeat":5,"rung":12}	0.018079	0.079	ok	
3821	{"family":"tabpfn","fold":0,"repeat":6,"rung":12}	0.125891	0.077	ok	
3822	{"family":"tabpfn","fold":1,"repeat":6,"rung":12}	0.064882	0.079	ok	
3823	{"family":"tabpfn","fold":2,"repeat":6,"rung":12}	0.034149	0.079	ok	
3824	{"family":"tabpfn","fold":3,"repeat":6,"rung":12}	0.033563	0.079	ok	
3825	{"family":"tabpfn","fold":0,"repeat":7,"rung":12}	0.009000	0.078	ok	
3826	{"family":"tabpfn","fold":1,"repeat":7,"rung":12}	0.003440	0.079	ok	
3827	{"family":"tabpfn","fold":2,"repeat":7,"rung":12}	0.055634	0.079	ok	
3828	{"family":"tabpfn","fold":3,"repeat":7,"rung":12}	0.005102	0.078	ok	
3829	{"family":"tabpfn","fold":0,"repeat":8,"rung":12}	0.088718	0.118	ok	
3830	{"family":"tabpfn","fold":1,"repeat":8,"rung":12}	0.085011	0.079	ok	
3831	{"family":"tabpfn","fold":2,"repeat":8,"rung":12}	0.070316	0.080	ok	
3832	{"family":"tabpfn","fold":3,"repeat":8,"rung":12}	0.089836	0.078	ok	
3833	{"family":"tabpfn","fold":0,"repeat":9,"rung":12}	0.108243	0.079	ok	
3834	{"family":"tabpfn","fold":1,"repeat":9,"rung":12}	0.014976	0.080	ok	
3835	{"family":"tabpfn","fold":2,"repeat":9,"rung":12}	0.030443	0.080	ok	
3836	{"family":"tabpfn","fold":3,"repeat":9,"rung":12}	0.051684	0.079	ok	
3837	{"family":"tabpfn","fold":0,"repeat":10,"rung":12}	0.065103	0.079	ok	
3838	{"family":"tabpfn","fold":1,"repeat":10,"rung":12}	0.106812	0.078	ok	
3839	{"family":"tabpfn","fold":2,"repeat":10,"rung":12}	0.045166	0.079	ok	
3840	{"family":"tabpfn","fold":3,"repeat":10,"rung":12}	0.036900	0.080	ok	
3841	{"family":"tabpfn","fold":0,"repeat":1,"rung":8}	0.063407	0.070	ok	
3842	{"family":"tabpfn","fold":1,"repeat":1,"rung":8}	0.017013	0.070	ok	
3843	{"family":"tabpfn","fold":2,"repeat":1,"rung":8}	0.094618	0.069	ok	
3844	{"family":"tabpfn","fold":3,"repeat":1,"rung":8}	0.057367	0.070	ok	
3845	{"family":"tabpfn","fold":0,"repeat":2,"rung":8}	0.063824	0.070	ok	
3846	{"family":"tabpfn","fold":1,"repeat":2,"rung":8}	0.030914	0.070	ok	
3847	{"family":"tabpfn","fold":2,"repeat":2,"rung":8}	0.090040	0.069	ok	
3848	{"family":"tabpfn","fold":3,"repeat":2,"rung":8}	0.048443	0.070	ok	
3849	{"family":"tabpfn","fold":0,"repeat":3,"rung":8}	0.049195	0.071	ok	
3850	{"family":"tabpfn","fold":1,"repeat":3,"rung":8}	0.064331	0.069	ok	
3851	{"family":"tabpfn","fold":2,"repeat":3,"rung":8}	0.050564	0.070	ok	
3852	{"family":"tabpfn","fold":3,"repeat":3,"rung":8}	0.048457	0.071	ok	
3853	{"family":"tabpfn","fold":0,"repeat":4,"rung":8}	0.053555	0.071	ok	
3854	{"family":"tabpfn","fold":1,"repeat":4,"rung":8}	0.104511	0.070	ok	
3855	{"family":"tabpfn","fold":2,"repeat":4,"rung":8}	0.045156	0.069	ok	
3856	{"family":"tabpfn","fold":3,"repeat":4,"rung":8}	0.060154	0.070	ok	
3857	{"family":"tabpfn","fold":0,"repeat":5,"rung":8}	0.096827	0.070	ok	
3858	{"family":"tabpfn","fold":1,"repeat":5,"rung":8}	0.103394	0.069	ok	
3859	{"family":"tabpfn","fold":2,"repeat":5,"rung":8}	0.050049	0.069	ok	
3860	{"family":"tabpfn","fold":3,"repeat":5,"rung":8}	0.071790	0.068	ok	
3861	{"family":"tabpfn","fold":0,"repeat":6,"rung":8}	0.135169	0.068	ok	
3862	{"family":"tabpfn","fold":1,"repeat":6,"rung":8}	0.106905	0.069	ok	
3863	{"family":"tabpfn","fold":2,"repeat":6,"rung":8}	0.040531	0.069	ok	
3864	{"family":"tabpfn","fold":3,"repeat":6,"rung":8}	0.063053	0.068	ok	
3865	{"family":"tabpfn","fold":0,"repeat":7,"rung":8}	0.013876	0.068	ok	
3866	{"family":"tabpfn","fold":1,"repeat":7,"rung":8}	0.031995	0.068	ok	
3867	{"family":"tabpfn","fold":2,"repeat":7,"rung":8}	0.081730	0.069	ok	
3868	{"family":"tabpfn","fold":3,"repeat":7,"rung":8}	0.045903	0.069	ok	
3869	{"family":"tabpfn","fold":0,"repeat":8,"rung":8}	0.042301	0.069	ok	
3870	{"family":"tabpfn","fold":1,"repeat":8,"rung":8}	0.064280	0.071	ok	
3871	{"family":"tabpfn","fold":2,"repeat":8,"rung":8}	0.044695	0.070	ok	
3872	{"family":"tabpfn","fold":3,"repeat":8,"rung":8}	0.110211	0.070	ok	
3873	{"family":"tabpfn","fold":0,"repeat":9,"rung":8}	0.121959	0.071	ok	
3874	{"family":"tabpfn","fold":1,"repeat":9,"rung":8}	0.052190	0.070	ok	
3875	{"family":"tabpfn","fold":2,"repeat":9,"rung":8}	0.070766	0.070	ok	
3876	{"family":"tabpfn","fold":3,"repeat":9,"rung":8}	0.087412	0.069	ok	
3877	{"family":"tabpfn","fold":0,"repeat":10,"rung":8}	0.059797	0.070	ok	
3878	{"family":"tabpfn","fold":1,"repeat":10,"rung":8}	0.124859	0.070	ok	
3879	{"family":"tabpfn","fold":2,"repeat":10,"rung":8}	0.060781	0.068	ok	
3880	{"family":"tabpfn","fold":3,"repeat":10,"rung":8}	0.077663	0.068	ok	
3881	{"family":"tabpfn_e16","fold":0,"repeat":1,"rung":60}	0.031529	0.368	ok	
3882	{"family":"tabpfn_e16","fold":1,"repeat":1,"rung":60}	0.018927	0.367	ok	
3883	{"family":"tabpfn_e16","fold":2,"repeat":1,"rung":60}	0.032156	0.369	ok	
3884	{"family":"tabpfn_e16","fold":3,"repeat":1,"rung":60}	0.050957	0.372	ok	
3885	{"family":"tabpfn_e16","fold":0,"repeat":2,"rung":60}	0.022287	0.371	ok	
3886	{"family":"tabpfn_e16","fold":1,"repeat":2,"rung":60}	0.000761	0.369	ok	
3887	{"family":"tabpfn_e16","fold":2,"repeat":2,"rung":60}	0.033564	0.372	ok	
3888	{"family":"tabpfn_e16","fold":3,"repeat":2,"rung":60}	0.028806	0.372	ok	
3889	{"family":"tabpfn_e16","fold":0,"repeat":3,"rung":60}	0.009982	0.368	ok	
3890	{"family":"tabpfn_e16","fold":1,"repeat":3,"rung":60}	0.047204	0.367	ok	
3891	{"family":"tabpfn_e16","fold":2,"repeat":3,"rung":60}	0.020091	0.373	ok	
3892	{"family":"tabpfn_e16","fold":3,"repeat":3,"rung":60}	0.001672	0.373	ok	
3893	{"family":"tabpfn_e16","fold":0,"repeat":4,"rung":60}	0.079857	0.367	ok	
3894	{"family":"tabpfn_e16","fold":1,"repeat":4,"rung":60}	0.004195	0.367	ok	
3895	{"family":"tabpfn_e16","fold":2,"repeat":4,"rung":60}	0.024328	0.369	ok	
3896	{"family":"tabpfn_e16","fold":3,"repeat":4,"rung":60}	0.053219	0.368	ok	
3897	{"family":"tabpfn_e16","fold":0,"repeat":5,"rung":60}	0.012051	0.368	ok	
3898	{"family":"tabpfn_e16","fold":1,"repeat":5,"rung":60}	0.049045	0.369	ok	
3899	{"family":"tabpfn_e16","fold":2,"repeat":5,"rung":60}	0.017420	0.371	ok	
3900	{"family":"tabpfn_e16","fold":3,"repeat":5,"rung":60}	0.003850	0.370	ok	
3901	{"family":"tabpfn_e16","fold":0,"repeat":6,"rung":60}	0.007717	0.367	ok	
3902	{"family":"tabpfn_e16","fold":1,"repeat":6,"rung":60}	0.042376	0.367	ok	
3903	{"family":"tabpfn_e16","fold":2,"repeat":6,"rung":60}	0.005303	0.371	ok	
3904	{"family":"tabpfn_e16","fold":3,"repeat":6,"rung":60}	0.035595	0.373	ok	
3905	{"family":"tabpfn_e16","fold":0,"repeat":7,"rung":60}	0.014183	0.367	ok	
3906	{"family":"tabpfn_e16","fold":1,"repeat":7,"rung":60}	0.010245	0.368	ok	
3907	{"family":"tabpfn_e16","fold":2,"repeat":7,"rung":60}	0.051326	0.369	ok	
3908	{"family":"tabpfn_e16","fold":3,"repeat":7,"rung":60}	0.025728	0.370	ok	
3909	{"family":"tabpfn_e16","fold":0,"repeat":8,"rung":60}	0.018406	0.367	ok	
3910	{"family":"tabpfn_e16","fold":1,"repeat":8,"rung":60}	0.001837	0.371	ok	
3911	{"family":"tabpfn_e16","fold":2,"repeat":8,"rung":60}	0.027144	0.373	ok	
3912	{"family":"tabpfn_e16","fold":3,"repeat":8,"rung":60}	0.008628	0.371	ok	
3913	{"family":"tabpfn_e16","fold":0,"repeat":9,"rung":60}	0.031334	0.368	ok	
3914	{"family":"tabpfn_e16","fold":1,"repeat":9,"rung":60}	0.035888	0.370	ok	
3915	{"family":"tabpfn_e16","fold":2,"repeat":9,"rung":60}	0.021614	0.368	ok	
3916	{"family":"tabpfn_e16","fold":3,"repeat":9,"rung":60}	0.000674	0.373	ok	
3917	{"family":"tabpfn_e16","fold":0,"repeat":10,"rung":60}	0.009891	0.371	ok	
3918	{"family":"tabpfn_e16","fold":1,"repeat":10,"rung":60}	0.020247	0.368	ok	
3919	{"family":"tabpfn_e16","fold":2,"repeat":10,"rung":60}	0.035572	0.371	ok	
3920	{"family":"tabpfn_e16","fold":3,"repeat":10,"rung":60}	0.020721	0.369	ok	
3921	{"family":"tabpfn_e16","fold":0,"repeat":1,"rung":45}	0.022736	0.371	ok	
3922	{"family":"tabpfn_e16","fold":1,"repeat":1,"rung":45}	0.019057	0.367	ok	
3923	{"family":"tabpfn_e16","fold":2,"repeat":1,"rung":45}	0.025123	0.376	ok	
3924	{"family":"tabpfn_e16","fold":3,"repeat":1,"rung":45}	0.084558	0.371	ok	
3925	{"family":"tabpfn_e16","fold":0,"repeat":2,"rung":45}	0.020047	0.374	ok	
3926	{"family":"tabpfn_e16","fold":1,"repeat":2,"rung":45}	0.000129	0.372	ok	
3927	{"family":"tabpfn_e16","fold":2,"repeat":2,"rung":45}	0.048466	0.407	ok	
3928	{"family":"tabpfn_e16","fold":3,"repeat":2,"rung":45}	0.045268	0.370	ok	
3929	{"family":"tabpfn_e16","fold":0,"repeat":3,"rung":45}	0.007038	0.371	ok	
3930	{"family":"tabpfn_e16","fold":1,"repeat":3,"rung":45}	0.046883	0.372	ok	
3931	{"family":"tabpfn_e16","fold":2,"repeat":3,"rung":45}	0.022068	0.374	ok	
3932	{"family":"tabpfn_e16","fold":3,"repeat":3,"rung":45}	0.003538	0.368	ok	
3933	{"family":"tabpfn_e16","fold":0,"repeat":4,"rung":45}	0.071379	0.371	ok	
3934	{"family":"tabpfn_e16","fold":1,"repeat":4,"rung":45}	0.005337	0.371	ok	
3935	{"family":"tabpfn_e16","fold":2,"repeat":4,"rung":45}	0.012957	0.369	ok	
3936	{"family":"tabpfn_e16","fold":3,"repeat":4,"rung":45}	0.065274	0.366	ok	
3937	{"family":"tabpfn_e16","fold":0,"repeat":5,"rung":45}	0.003641	0.372	ok	
3938	{"family":"tabpfn_e16","fold":1,"repeat":5,"rung":45}	0.037321	0.368	ok	
3939	{"family":"tabpfn_e16","fold":2,"repeat":5,"rung":45}	0.012273	0.374	ok	
3940	{"family":"tabpfn_e16","fold":3,"repeat":5,"rung":45}	0.001395	0.372	ok	
3941	{"family":"tabpfn_e16","fold":0,"repeat":6,"rung":45}	0.021983	0.373	ok	
3942	{"family":"tabpfn_e16","fold":1,"repeat":6,"rung":45}	0.040567	0.371	ok	
3943	{"family":"tabpfn_e16","fold":2,"repeat":6,"rung":45}	0.011467	0.367	ok	
3944	{"family":"tabpfn_e16","fold":3,"repeat":6,"rung":45}	0.019753	0.375	ok	
3945	{"family":"tabpfn_e16","fold":0,"repeat":7,"rung":45}	0.017926	0.373	ok	
3946	{"family":"tabpfn_e16","fold":1,"repeat":7,"rung":45}	0.011131	0.371	ok	
3947	{"family":"tabpfn_e16","fold":2,"repeat":7,"rung":45}	0.059534	0.371	ok	
3948	{"family":"tabpfn_e16","fold":3,"repeat":7,"rung":45}	0.037232	0.369	ok	
3949	{"family":"tabpfn_e16","fold":0,"repeat":8,"rung":45}	0.020292	0.373	ok	
3950	{"family":"tabpfn_e16","fold":1,"repeat":8,"rung":45}	0.001611	0.369	ok	
3951	{"family":"tabpfn_e16","fold":2,"repeat":8,"rung":45}	0.032193	0.367	ok	
3952	{"family":"tabpfn_e16","fold":3,"repeat":8,"rung":45}	0.039587	0.366	ok	
3953	{"family":"tabpfn_e16","fold":0,"repeat":9,"rung":45}	0.038646	0.374	ok	
3954	{"family":"tabpfn_e16","fold":1,"repeat":9,"rung":45}	0.034986	0.368	ok	
3955	{"family":"tabpfn_e16","fold":2,"repeat":9,"rung":45}	0.023447	0.368	ok	
3956	{"family":"tabpfn_e16","fold":3,"repeat":9,"rung":45}	0.001093	0.368	ok	
3957	{"family":"tabpfn_e16","fold":0,"repeat":10,"rung":45}	0.005412	0.370	ok	
3958	{"family":"tabpfn_e16","fold":1,"repeat":10,"rung":45}	0.033675	0.369	ok	
3959	{"family":"tabpfn_e16","fold":2,"repeat":10,"rung":45}	0.027227	0.368	ok	
3960	{"family":"tabpfn_e16","fold":3,"repeat":10,"rung":45}	0.021889	0.366	ok	
3961	{"family":"tabpfn_e16","fold":0,"repeat":1,"rung":30}	0.006157	0.323	ok	
3962	{"family":"tabpfn_e16","fold":1,"repeat":1,"rung":30}	0.021124	0.315	ok	
3963	{"family":"tabpfn_e16","fold":2,"repeat":1,"rung":30}	0.023383	0.318	ok	
3964	{"family":"tabpfn_e16","fold":3,"repeat":1,"rung":30}	0.028921	0.319	ok	
3965	{"family":"tabpfn_e16","fold":0,"repeat":2,"rung":30}	0.054267	0.322	ok	
3966	{"family":"tabpfn_e16","fold":1,"repeat":2,"rung":30}	0.000863	0.318	ok	
3967	{"family":"tabpfn_e16","fold":2,"repeat":2,"rung":30}	0.062788	0.317	ok	
3968	{"family":"tabpfn_e16","fold":3,"repeat":2,"rung":30}	0.035074	0.316	ok	
3969	{"family":"tabpfn_e16","fold":0,"repeat":3,"rung":30}	0.010173	0.321	ok	
3970	{"family":"tabpfn_e16","fold":1,"repeat":3,"rung":30}	0.049849	0.324	ok	
3971	{"family":"tabpfn_e16","fold":2,"repeat":3,"rung":30}	0.016609	0.318	ok	
3972	{"family":"tabpfn_e16","fold":3,"repeat":3,"rung":30}	0.015161	0.316	ok	
3973	{"family":"tabpfn_e16","fold":0,"repeat":4,"rung":30}	0.134610	0.319	ok	
3974	{"family":"tabpfn_e16","fold":1,"repeat":4,"rung":30}	0.012636	0.321	ok	
3975	{"family":"tabpfn_e16","fold":2,"repeat":4,"rung":30}	0.014924	0.321	ok	
3976	{"family":"tabpfn_e16","fold":3,"repeat":4,"rung":30}	0.042986	0.319	ok	
3977	{"family":"tabpfn_e16","fold":0,"repeat":5,"rung":30}	0.009374	0.318	ok	
3978	{"family":"tabpfn_e16","fold":1,"repeat":5,"rung":30}	0.039980	0.318	ok	
3979	{"family":"tabpfn_e16","fold":2,"repeat":5,"rung":30}	0.071742	0.323	ok	
3980	{"family":"tabpfn_e16","fold":3,"repeat":5,"rung":30}	0.006329	0.320	ok	
3981	{"family":"tabpfn_e16","fold":0,"repeat":6,"rung":30}	0.034485	0.318	ok	
3982	{"family":"tabpfn_e16","fold":1,"repeat":6,"rung":30}	0.056160	0.317	ok	
3983	{"family":"tabpfn_e16","fold":2,"repeat":6,"rung":30}	0.025553	0.320	ok	
3984	{"family":"tabpfn_e16","fold":3,"repeat":6,"rung":30}	0.026653	0.319	ok	
3985	{"family":"tabpfn_e16","fold":0,"repeat":7,"rung":30}	0.008933	0.318	ok	
3986	{"family":"tabpfn_e16","fold":1,"repeat":7,"rung":30}	0.022755	0.316	ok	
3987	{"family":"tabpfn_e16","fold":2,"repeat":7,"rung":30}	0.061718	0.316	ok	
3988	{"family":"tabpfn_e16","fold":3,"repeat":7,"rung":30}	0.025049	0.322	ok	
3989	{"family":"tabpfn_e16","fold":0,"repeat":8,"rung":30}	0.049310	0.324	ok	
3990	{"family":"tabpfn_e16","fold":1,"repeat":8,"rung":30}	0.007610	0.320	ok	
3991	{"family":"tabpfn_e16","fold":2,"repeat":8,"rung":30}	0.054342	0.320	ok	
3992	{"family":"tabpfn_e16","fold":3,"repeat":8,"rung":30}	0.062587	0.327	ok	
3993	{"family":"tabpfn_e16","fold":0,"repeat":9,"rung":30}	0.081676	0.321	ok	
3994	{"family":"tabpfn_e16","fold":1,"repeat":9,"rung":30}	0.027921	0.320	ok	
3995	{"family":"tabpfn_e16","fold":2,"repeat":9,"rung":30}	0.027940	0.316	ok	
3996	{"family":"tabpfn_e16","fold":3,"repeat":9,"rung":30}	0.010390	0.318	ok	
3997	{"family":"tabpfn_e16","fold":0,"repeat":10,"rung":30}	0.018405	0.324	ok	
3998	{"family":"tabpfn_e16","fold":1,"repeat":10,"rung":30}	0.063974	0.321	ok	
3999	{"family":"tabpfn_e16","fold":2,"repeat":10,"rung":30}	0.049157	0.320	ok	
4000	{"family":"tabpfn_e16","fold":3,"repeat":10,"rung":30}	0.025487	0.318	ok	
4001	{"family":"tabpfn_e16","fold":0,"repeat":1,"rung":20}	0.006878	0.245	ok	
4002	{"family":"tabpfn_e16","fold":1,"repeat":1,"rung":20}	0.007311	0.246	ok	
4003	{"family":"tabpfn_e16","fold":2,"repeat":1,"rung":20}	0.049410	0.246	ok	
4004	{"family":"tabpfn_e16","fold":3,"repeat":1,"rung":20}	0.026969	0.246	ok	
4005	{"family":"tabpfn_e16","fold":0,"repeat":2,"rung":20}	0.079601	0.244	ok	
4006	{"family":"tabpfn_e16","fold":1,"repeat":2,"rung":20}	0.001660	0.243	ok	
4007	{"family":"tabpfn_e16","fold":2,"repeat":2,"rung":20}	0.067058	0.243	ok	
4008	{"family":"tabpfn_e16","fold":3,"repeat":2,"rung":20}	0.050277	0.249	ok	
4009	{"family":"tabpfn_e16","fold":0,"repeat":3,"rung":20}	0.014312	0.248	ok	
4010	{"family":"tabpfn_e16","fold":1,"repeat":3,"rung":20}	0.044607	0.248	ok	
4011	{"family":"tabpfn_e16","fold":2,"repeat":3,"rung":20}	0.013742	0.245	ok	
4012	{"family":"tabpfn_e16","fold":3,"repeat":3,"rung":20}	0.006069	0.246	ok	
4013	{"family":"tabpfn_e16","fold":0,"repeat":4,"rung":20}	0.081036	0.245	ok	
4014	{"family":"tabpfn_e16","fold":1,"repeat":4,"rung":20}	0.017212	0.247	ok	
4015	{"family":"tabpfn_e16","fold":2,"repeat":4,"rung":20}	0.014266	0.247	ok	
4016	{"family":"tabpfn_e16","fold":3,"repeat":4,"rung":20}	0.053870	0.249	ok	
4017	{"family":"tabpfn_e16","fold":0,"repeat":5,"rung":20}	0.019821	0.245	ok	
4018	{"family":"tabpfn_e16","fold":1,"repeat":5,"rung":20}	0.043461	0.245	ok	
4019	{"family":"tabpfn_e16","fold":2,"repeat":5,"rung":20}	0.051415	0.246	ok	
4020	{"family":"tabpfn_e16","fold":3,"repeat":5,"rung":20}	0.002872	0.246	ok	
4021	{"family":"tabpfn_e16","fold":0,"repeat":6,"rung":20}	0.051393	0.249	ok	
4022	{"family":"tabpfn_e16","fold":1,"repeat":6,"rung":20}	0.082075	0.247	ok	
4023	{"family":"tabpfn_e16","fold":2,"repeat":6,"rung":20}	0.027735	0.245	ok	
4024	{"family":"tabpfn_e16","fold":3,"repeat":6,"rung":20}	0.030214	0.244	ok	
4025	{"family":"tabpfn_e16","fold":0,"repeat":7,"rung":20}	0.012973	0.244	ok	
4026	{"family":"tabpfn_e16","fold":1,"repeat":7,"rung":20}	0.007034	0.245	ok	
4027	{"family":"tabpfn_e16","fold":2,"repeat":7,"rung":20}	0.058966	0.248	ok	
4028	{"family":"tabpfn_e16","fold":3,"repeat":7,"rung":20}	0.015333	0.247	ok	
4029	{"family":"tabpfn_e16","fold":0,"repeat":8,"rung":20}	0.050282	0.246	ok	
4030	{"family":"tabpfn_e16","fold":1,"repeat":8,"rung":20}	0.011499	0.240	ok	
4031	{"family":"tabpfn_e16","fold":2,"repeat":8,"rung":20}	0.039206	0.245	ok	
4032	{"family":"tabpfn_e16","fold":3,"repeat":8,"rung":20}	0.061957	0.244	ok	
4033	{"family":"tabpfn_e16","fold":0,"repeat":9,"rung":20}	0.075961	0.248	ok	
4034	{"family":"tabpfn_e16","fold":1,"repeat":9,"rung":20}	0.007303	0.248	ok	
4035	{"family":"tabpfn_e16","fold":2,"repeat":9,"rung":20}	0.017992	0.245	ok	
4036	{"family":"tabpfn_e16","fold":3,"repeat":9,"rung":20}	0.020678	0.246	ok	
4037	{"family":"tabpfn_e16","fold":0,"repeat":10,"rung":20}	0.016777	0.247	ok	
4038	{"family":"tabpfn_e16","fold":1,"repeat":10,"rung":20}	0.103940	0.246	ok	
4039	{"family":"tabpfn_e16","fold":2,"repeat":10,"rung":20}	0.045146	0.249	ok	
4040	{"family":"tabpfn_e16","fold":3,"repeat":10,"rung":20}	0.027682	0.248	ok	
4041	{"family":"tabpfn_e16","fold":0,"repeat":1,"rung":12}	0.016866	0.236	ok	
4042	{"family":"tabpfn_e16","fold":1,"repeat":1,"rung":12}	0.024444	0.234	ok	
4043	{"family":"tabpfn_e16","fold":2,"repeat":1,"rung":12}	0.061154	0.234	ok	
4044	{"family":"tabpfn_e16","fold":3,"repeat":1,"rung":12}	0.055122	0.234	ok	
4045	{"family":"tabpfn_e16","fold":0,"repeat":2,"rung":12}	0.073042	0.236	ok	
4046	{"family":"tabpfn_e16","fold":1,"repeat":2,"rung":12}	0.007181	0.236	ok	
4047	{"family":"tabpfn_e16","fold":2,"repeat":2,"rung":12}	0.060254	0.237	ok	
4048	{"family":"tabpfn_e16","fold":3,"repeat":2,"rung":12}	0.046481	0.234	ok	
4049	{"family":"tabpfn_e16","fold":0,"repeat":3,"rung":12}	0.029835	0.232	ok	
4050	{"family":"tabpfn_e16","fold":1,"repeat":3,"rung":12}	0.059381	0.232	ok	
4051	{"family":"tabpfn_e16","fold":2,"repeat":3,"rung":12}	0.016133	0.234	ok	
4052	{"family":"tabpfn_e16","fold":3,"repeat":3,"rung":12}	0.003956	0.238	ok	
4053	{"family":"tabpfn_e16","fold":0,"repeat":4,"rung":12}	0.061889	0.237	ok	
4054	{"family":"tabpfn_e16","fold":1,"repeat":4,"rung":12}	0.041259	0.234	ok	
4055	{"family":"tabpfn_e16","fold":2,"repeat":4,"rung":12}	0.035508	0.233	ok	
4056	{"family":"tabpfn_e16","fold":3,"repeat":4,"rung":12}	0.071557	0.232	ok	
4057	{"family":"tabpfn_e16","fold":0,"repeat":5,"rung":12}	0.042021	0.234	ok	
4058	{"family":"tabpfn_e16","fold":1,"repeat":5,"rung":12}	0.116620	0.237	ok	
4059	{"family":"tabpfn_e16","fold":2,"repeat":5,"rung":12}	0.050371	0.236	ok	
4060	{"family":"tabpfn_e16","fold":3,"repeat":5,"rung":12}	0.022386	0.234	ok	
4061	{"family":"tabpfn_e16","fold":0,"repeat":6,"rung":12}	0.122928	0.236	ok	
4062	{"family":"tabpfn_e16","fold":1,"repeat":6,"rung":12}	0.066042	0.239	ok	
4063	{"family":"tabpfn_e16","fold":2,"repeat":6,"rung":12}	0.036745	0.238	ok	
4064	{"family":"tabpfn_e16","fold":3,"repeat":6,"rung":12}	0.030524	0.241	ok	
4065	{"family":"tabpfn_e16","fold":0,"repeat":7,"rung":12}	0.007310	0.238	ok	
4066	{"family":"tabpfn_e16","fold":1,"repeat":7,"rung":12}	0.002862	0.235	ok	
4067	{"family":"tabpfn_e16","fold":2,"repeat":7,"rung":12}	0.056209	0.234	ok	
4068	{"family":"tabpfn_e16","fold":3,"repeat":7,"rung":12}	0.005336	0.233	ok	
4069	{"family":"tabpfn_e16","fold":0,"repeat":8,"rung":12}	0.085676	0.233	ok	
4070	{"family":"tabpfn_e16","fold":1,"repeat":8,"rung":12}	0.084901	0.239	ok	
4071	{"family":"tabpfn_e16","fold":2,"repeat":8,"rung":12}	0.064692	0.238	ok	
4072	{"family":"tabpfn_e16","fold":3,"repeat":8,"rung":12}	0.091097	0.236	ok	
4073	{"family":"tabpfn_e16","fold":0,"repeat":9,"rung":12}	0.107799	0.235	ok	
4074	{"family":"tabpfn_e16","fold":1,"repeat":9,"rung":12}	0.015597	0.234	ok	
4075	{"family":"tabpfn_e16","fold":2,"repeat":9,"rung":12}	0.031521	0.233	ok	
4076	{"family":"tabpfn_e16","fold":3,"repeat":9,"rung":12}	0.053545	0.233	ok	
4077	{"family":"tabpfn_e16","fold":0,"repeat":10,"rung":12}	0.061333	0.237	ok	
4078	{"family":"tabpfn_e16","fold":1,"repeat":10,"rung":12}	0.108595	0.237	ok	
4079	{"family":"tabpfn_e16","fold":2,"repeat":10,"rung":12}	0.045763	0.236	ok	
4080	{"family":"tabpfn_e16","fold":3,"repeat":10,"rung":12}	0.038250	0.231	ok	
4081	{"family":"tabpfn_e16","fold":0,"repeat":1,"rung":8}	0.058853	0.197	ok	
4082	{"family":"tabpfn_e16","fold":1,"repeat":1,"rung":8}	0.021330	0.195	ok	
4083	{"family":"tabpfn_e16","fold":2,"repeat":1,"rung":8}	0.084532	0.195	ok	
4084	{"family":"tabpfn_e16","fold":3,"repeat":1,"rung":8}	0.060756	0.197	ok	
4085	{"family":"tabpfn_e16","fold":0,"repeat":2,"rung":8}	0.063017	0.198	ok	
4086	{"family":"tabpfn_e16","fold":1,"repeat":2,"rung":8}	0.030902	0.198	ok	
4087	{"family":"tabpfn_e16","fold":2,"repeat":2,"rung":8}	0.087390	0.196	ok	
4088	{"family":"tabpfn_e16","fold":3,"repeat":2,"rung":8}	0.057011	0.194	ok	
4089	{"family":"tabpfn_e16","fold":0,"repeat":3,"rung":8}	0.052966	0.195	ok	
4090	{"family":"tabpfn_e16","fold":1,"repeat":3,"rung":8}	0.060884	0.195	ok	
4091	{"family":"tabpfn_e16","fold":2,"repeat":3,"rung":8}	0.048636	0.195	ok	
4092	{"family":"tabpfn_e16","fold":3,"repeat":3,"rung":8}	0.052485	0.197	ok	
4093	{"family":"tabpfn_e16","fold":0,"repeat":4,"rung":8}	0.052705	0.198	ok	
4094	{"family":"tabpfn_e16","fold":1,"repeat":4,"rung":8}	0.098810	0.197	ok	
4095	{"family":"tabpfn_e16","fold":2,"repeat":4,"rung":8}	0.045677	0.197	ok	
4096	{"family":"tabpfn_e16","fold":3,"repeat":4,"rung":8}	0.067164	0.195	ok	
4097	{"family":"tabpfn_e16","fold":0,"repeat":5,"rung":8}	0.088638	0.199	ok	
4098	{"family":"tabpfn_e16","fold":1,"repeat":5,"rung":8}	0.093840	0.196	ok	
4099	{"family":"tabpfn_e16","fold":2,"repeat":5,"rung":8}	0.048909	0.199	ok	
4100	{"family":"tabpfn_e16","fold":3,"repeat":5,"rung":8}	0.063548	0.197	ok	
4101	{"family":"tabpfn_e16","fold":0,"repeat":6,"rung":8}	0.137704	0.198	ok	
4102	{"family":"tabpfn_e16","fold":1,"repeat":6,"rung":8}	0.106914	0.198	ok	
4103	{"family":"tabpfn_e16","fold":2,"repeat":6,"rung":8}	0.040381	0.196	ok	
4104	{"family":"tabpfn_e16","fold":3,"repeat":6,"rung":8}	0.054088	0.197	ok	
4105	{"family":"tabpfn_e16","fold":0,"repeat":7,"rung":8}	0.015420	0.193	ok	
4106	{"family":"tabpfn_e16","fold":1,"repeat":7,"rung":8}	0.035217	0.195	ok	
4107	{"family":"tabpfn_e16","fold":2,"repeat":7,"rung":8}	0.078837	0.199	ok	
4108	{"family":"tabpfn_e16","fold":3,"repeat":7,"rung":8}	0.040090	0.197	ok	
4109	{"family":"tabpfn_e16","fold":0,"repeat":8,"rung":8}	0.042894	0.198	ok	
4110	{"family":"tabpfn_e16","fold":1,"repeat":8,"rung":8}	0.065320	0.195	ok	
4111	{"family":"tabpfn_e16","fold":2,"repeat":8,"rung":8}	0.043868	0.196	ok	
4112	{"family":"tabpfn_e16","fold":3,"repeat":8,"rung":8}	0.113022	0.197	ok	
4113	{"family":"tabpfn_e16","fold":0,"repeat":9,"rung":8}	0.120188	0.195	ok	
4114	{"family":"tabpfn_e16","fold":1,"repeat":9,"rung":8}	0.048816	0.196	ok	
4115	{"family":"tabpfn_e16","fold":2,"repeat":9,"rung":8}	0.068654	0.199	ok	
4116	{"family":"tabpfn_e16","fold":3,"repeat":9,"rung":8}	0.078701	0.199	ok	
4117	{"family":"tabpfn_e16","fold":0,"repeat":10,"rung":8}	0.052783	0.197	ok	
4118	{"family":"tabpfn_e16","fold":1,"repeat":10,"rung":8}	0.122058	0.194	ok	
4119	{"family":"tabpfn_e16","fold":2,"repeat":10,"rung":8}	0.058669	0.230	ok	
4120	{"family":"tabpfn_e16","fold":3,"repeat":10,"rung":8}	0.076333	0.195	ok	
4121	{"family":"vote_soft","fold":0,"repeat":1,"rung":60}	NA	0.129	crash	"ValueError: Input contains NaN."
4122	{"family":"vote_soft","fold":1,"repeat":1,"rung":60}	NA	0.135	crash	"ValueError: Input contains NaN."
4123	{"family":"vote_soft","fold":2,"repeat":1,"rung":60}	NA	0.146	crash	"ValueError: Input contains NaN."
4124	{"family":"vote_soft","fold":3,"repeat":1,"rung":60}	NA	0.141	crash	"ValueError: Input contains NaN."
4125	{"family":"vote_soft","fold":0,"repeat":2,"rung":60}	NA	0.142	crash	"ValueError: Input contains NaN."
4126	{"family":"vote_soft","fold":1,"repeat":2,"rung":60}	NA	0.143	crash	"ValueError: Input contains NaN."
4127	{"family":"vote_soft","fold":2,"repeat":2,"rung":60}	NA	0.141	crash	"ValueError: Input contains NaN."
4128	{"family":"vote_soft","fold":3,"repeat":2,"rung":60}	NA	0.131	crash	"ValueError: Input contains NaN."
4129	{"family":"vote_soft","fold":0,"repeat":3,"rung":60}	NA	0.137	crash	"ValueError: Input contains NaN."
4130	{"family":"vote_soft","fold":1,"repeat":3,"rung":60}	NA	0.139	crash	"ValueError: Input contains NaN."
4131	{"family":"vote_soft","fold":2,"repeat":3,"rung":60}	NA	0.138	crash	"ValueError: Input contains NaN."
4132	{"family":"vote_soft","fold":3,"repeat":3,"rung":60}	NA	0.146	crash	"ValueError: Input contains NaN."
4133	{"family":"vote_soft","fold":0,"repeat":4,"rung":60}	NA	0.152	crash	"ValueError: Input contains NaN."
4134	{"family":"vote_soft","fold":1,"repeat":4,"rung":60}	NA	0.143	crash	"ValueError: Input contains NaN."
4135	{"family":"vote_soft","fold":2,"repeat":4,"rung":60}	NA	0.133	crash	"ValueError: Input contains NaN."
4136	{"family":"vote_soft","fold":3,"repeat":4,"rung":60}	NA	0.132	crash	"ValueError: Input contains NaN."
4137	{"family":"vote_soft","fold":0,"repeat":5,"rung":60}	NA	0.164	crash	"ValueError: Input contains NaN."
4138	{"family":"vote_soft","fold":1,"repeat":5,"rung":60}	NA	0.140	crash	"ValueError: Input contains NaN."
4139	{"family":"vote_soft","fold":2,"repeat":5,"rung":60}	NA	0.131	crash	"ValueError: Input contains NaN."
4140	{"family":"vote_soft","fold":3,"repeat":5,"rung":60}	NA	0.138	crash	"ValueError: Input contains NaN."
4141	{"family":"vote_soft","fold":0,"repeat":6,"rung":60}	NA	0.137	crash	"ValueError: Input contains NaN."
4142	{"family":"vote_soft","fold":1,"repeat":6,"rung":60}	NA	0.132	crash	"ValueError: Input contains NaN."
4143	{"family":"vote_soft","fold":2,"repeat":6,"rung":60}	NA	0.141	crash	"ValueError: Input contains NaN."
4144	{"family":"vote_soft","fold":3,"repeat":6,"rung":60}	NA	0.146	crash	"ValueError: Input contains NaN."
4145	{"family":"vote_soft","fold":0,"repeat":7,"rung":60}	NA	0.138	crash	"ValueError: Input contains NaN."
4146	{"family":"vote_soft","fold":1,"repeat":7,"rung":60}	NA	0.137	crash	"ValueError: Input contains NaN."
4147	{"family":"vote_soft","fold":2,"repeat":7,"rung":60}	NA	0.132	crash	"ValueError: Input contains NaN."
4148	{"family":"vote_soft","fold":3,"repeat":7,"rung":60}	NA	0.137	crash	"ValueError: Input contains NaN."
4149	{"family":"vote_soft","fold":0,"repeat":8,"rung":60}	NA	0.135	crash	"ValueError: Input contains NaN."
4150	{"family":"vote_soft","fold":1,"repeat":8,"rung":60}	NA	0.133	crash	"ValueError: Input contains NaN."
4151	{"family":"vote_soft","fold":2,"repeat":8,"rung":60}	NA	0.140	crash	"ValueError: Input contains NaN."
4152	{"family":"vote_soft","fold":3,"repeat":8,"rung":60}	NA	0.134	crash	"ValueError: Input contains NaN."
4153	{"family":"vote_soft","fold":0,"repeat":9,"rung":60}	NA	0.139	crash	"ValueError: Input contains NaN."
4154	{"family":"vote_soft","fold":1,"repeat":9,"rung":60}	NA	0.149	crash	"ValueError: Input contains NaN."
4155	{"family":"vote_soft","fold":2,"repeat":9,"rung":60}	NA	0.137	crash	"ValueError: Input contains NaN."
4156	{"family":"vote_soft","fold":3,"repeat":9,"rung":60}	NA	0.158	crash	"ValueError: Input contains NaN."
4157	{"family":"vote_soft","fold":0,"repeat":10,"rung":60}	NA	0.135	crash	"ValueError: Input contains NaN."
4158	{"family":"vote_soft","fold":1,"repeat":10,"rung":60}	NA	0.140	crash	"ValueError: Input contains NaN."
4159	{"family":"vote_soft","fold":2,"repeat":10,"rung":60}	NA	0.136	crash	"ValueError: Input contains NaN."
4160	{"family":"vote_soft","fold":3,"repeat":10,"rung":60}	NA	0.136	crash	"ValueError: Input contains NaN."
4161	{"family":"vote_soft","fold":0,"repeat":1,"rung":45}	NA	0.130	crash	"ValueError: Input contains NaN."
4162	{"family":"vote_soft","fold":1,"repeat":1,"rung":45}	NA	0.149	crash	"ValueError: Input contains NaN."
4163	{"family":"vote_soft","fold":2,"repeat":1,"rung":45}	NA	0.132	crash	"ValueError: Input contains NaN."
4164	{"family":"vote_soft","fold":3,"repeat":1,"rung":45}	NA	0.092	crash	"ValueError: Input contains NaN."
4165	{"family":"vote_soft","fold":0,"repeat":2,"rung":45}	NA	0.132	crash	"ValueError: Input contains NaN."
4166	{"family":"vote_soft","fold":1,"repeat":2,"rung":45}	NA	0.140	crash	"ValueError: Input contains NaN."
4167	{"family":"vote_soft","fold":2,"repeat":2,"rung":45}	NA	0.135	crash	"ValueError: Input contains NaN."
4168	{"family":"vote_soft","fold":3,"repeat":2,"rung":45}	NA	0.132	crash	"ValueError: Input contains NaN."
4169	{"family":"vote_soft","fold":0,"repeat":3,"rung":45}	NA	0.142	crash	"ValueError: Input contains NaN."
4170	{"family":"vote_soft","fold":1,"repeat":3,"rung":45}	NA	0.140	crash	"ValueError: Input contains NaN."
4171	{"family":"vote_soft","fold":2,"repeat":3,"rung":45}	NA	0.132	crash	"ValueError: Input contains NaN."
4172	{"family":"vote_soft","fold":3,"repeat":3,"rung":45}	NA	0.132	crash	"ValueError: Input contains NaN."
4173	{"family":"vote_soft","fold":0,"repeat":4,"rung":45}	NA	0.130	crash	"ValueError: Input contains NaN."
4174	{"family":"vote_soft","fold":1,"repeat":4,"rung":45}	NA	0.129	crash	"ValueError: Input contains NaN."
4175	{"family":"vote_soft","fold":2,"repeat":4,"rung":45}	NA	0.114	crash	"ValueError: Input contains NaN."
4176	{"family":"vote_soft","fold":3,"repeat":4,"rung":45}	NA	0.168	crash	"ValueError: Input contains NaN."
4177	{"family":"vote_soft","fold":0,"repeat":5,"rung":45}	NA	0.136	crash	"ValueError: Input contains NaN."
4178	{"family":"vote_soft","fold":1,"repeat":5,"rung":45}	NA	0.138	crash	"ValueError: Input contains NaN."
4179	{"family":"vote_soft","fold":2,"repeat":5,"rung":45}	NA	0.134	crash	"ValueError: Input contains NaN."
4180	{"family":"vote_soft","fold":3,"repeat":5,"rung":45}	NA	0.139	crash	"ValueError: Input contains NaN."
4181	{"family":"vote_soft","fold":0,"repeat":6,"rung":45}	NA	0.135	crash	"ValueError: Input contains NaN."
4182	{"family":"vote_soft","fold":1,"repeat":6,"rung":45}	NA	0.137	crash	"ValueError: Input contains NaN."
4183	{"family":"vote_soft","fold":2,"repeat":6,"rung":45}	NA	0.132	crash	"ValueError: Input contains NaN."
4184	{"family":"vote_soft","fold":3,"repeat":6,"rung":45}	NA	0.132	crash	"ValueError: Input contains NaN."
4185	{"family":"vote_soft","fold":0,"repeat":7,"rung":45}	NA	0.146	crash	"ValueError: Input contains NaN."
4186	{"family":"vote_soft","fold":1,"repeat":7,"rung":45}	NA	0.130	crash	"ValueError: Input contains NaN."
4187	{"family":"vote_soft","fold":2,"repeat":7,"rung":45}	NA	0.134	crash	"ValueError: Input contains NaN."
4188	{"family":"vote_soft","fold":3,"repeat":7,"rung":45}	NA	0.144	crash	"ValueError: Input contains NaN."
4189	{"family":"vote_soft","fold":0,"repeat":8,"rung":45}	NA	0.141	crash	"ValueError: Input contains NaN."
4190	{"family":"vote_soft","fold":1,"repeat":8,"rung":45}	NA	0.135	crash	"ValueError: Input contains NaN."
4191	{"family":"vote_soft","fold":2,"repeat":8,"rung":45}	NA	0.135	crash	"ValueError: Input contains NaN."
4192	{"family":"vote_soft","fold":3,"repeat":8,"rung":45}	NA	0.135	crash	"ValueError: Input contains NaN."
4193	{"family":"vote_soft","fold":0,"repeat":9,"rung":45}	NA	0.128	crash	"ValueError: Input contains NaN."
4194	{"family":"vote_soft","fold":1,"repeat":9,"rung":45}	NA	0.143	crash	"ValueError: Input contains NaN."
4195	{"family":"vote_soft","fold":2,"repeat":9,"rung":45}	NA	0.145	crash	"ValueError: Input contains NaN."
4196	{"family":"vote_soft","fold":3,"repeat":9,"rung":45}	NA	0.143	crash	"ValueError: Input contains NaN."
4197	{"family":"vote_soft","fold":0,"repeat":10,"rung":45}	NA	0.142	crash	"ValueError: Input contains NaN."
4198	{"family":"vote_soft","fold":1,"repeat":10,"rung":45}	NA	0.132	crash	"ValueError: Input contains NaN."
4199	{"family":"vote_soft","fold":2,"repeat":10,"rung":45}	NA	0.137	crash	"ValueError: Input contains NaN."
4200	{"family":"vote_soft","fold":3,"repeat":10,"rung":45}	NA	0.132	crash	"ValueError: Input contains NaN."
4201	{"family":"vote_soft","fold":0,"repeat":1,"rung":30}	0.029437	0.078	ok	
4202	{"family":"vote_soft","fold":1,"repeat":1,"rung":30}	0.023604	0.121	ok	
4203	{"family":"vote_soft","fold":2,"repeat":1,"rung":30}	0.048668	0.114	ok	
4204	{"family":"vote_soft","fold":3,"repeat":1,"rung":30}	0.016854	0.083	ok	
4205	{"family":"vote_soft","fold":0,"repeat":2,"rung":30}	0.064547	0.078	ok	
4206	{"family":"vote_soft","fold":1,"repeat":2,"rung":30}	0.003866	0.109	ok	
4207	{"family":"vote_soft","fold":2,"repeat":2,"rung":30}	0.062721	0.108	ok	
4208	{"family":"vote_soft","fold":3,"repeat":2,"rung":30}	0.038929	0.115	ok	
4209	{"family":"vote_soft","fold":0,"repeat":3,"rung":30}	0.030427	0.082	ok	
4210	{"family":"vote_soft","fold":1,"repeat":3,"rung":30}	0.055964	0.075	ok	
4211	{"family":"vote_soft","fold":2,"repeat":3,"rung":30}	0.027817	0.104	ok	
4212	{"family":"vote_soft","fold":3,"repeat":3,"rung":30}	0.021961	0.080	ok	
4213	{"family":"vote_soft","fold":0,"repeat":4,"rung":30}	0.129865	0.080	ok	
4214	{"family":"vote_soft","fold":1,"repeat":4,"rung":30}	0.017042	0.121	ok	
4215	{"family":"vote_soft","fold":2,"repeat":4,"rung":30}	0.030775	0.079	ok	
4216	{"family":"vote_soft","fold":3,"repeat":4,"rung":30}	0.044950	0.115	ok	
4217	{"family":"vote_soft","fold":0,"repeat":5,"rung":30}	0.020694	0.116	ok	
4218	{"family":"vote_soft","fold":1,"repeat":5,"rung":30}	0.032248	0.117	ok	
4219	{"family":"vote_soft","fold":2,"repeat":5,"rung":30}	0.080709	0.079	ok	
4220	{"family":"vote_soft","fold":3,"repeat":5,"rung":30}	0.014751	0.118	ok	
4221	{"family":"vote_soft","fold":0,"repeat":6,"rung":30}	0.032301	0.095	ok	
4222	{"family":"vote_soft","fold":1,"repeat":6,"rung":30}	0.061413	0.113	ok	
4223	{"family":"vote_soft","fold":2,"repeat":6,"rung":30}	0.026643	0.113	ok	
4224	{"family":"vote_soft","fold":3,"repeat":6,"rung":30}	0.011526	0.116	ok	
4225	{"family":"vote_soft","fold":0,"repeat":7,"rung":30}	0.034554	0.116	ok	
4226	{"family":"vote_soft","fold":1,"repeat":7,"rung":30}	0.024528	0.114	ok	
4227	{"family":"vote_soft","fold":2,"repeat":7,"rung":30}	0.069844	0.111	ok	
4228	{"family":"vote_soft","fold":3,"repeat":7,"rung":30}	0.036887	0.120	ok	
4229	{"family":"vote_soft","fold":0,"repeat":8,"rung":30}	0.048805	0.090	ok	
4230	{"family":"vote_soft","fold":1,"repeat":8,"rung":30}	0.011495	0.110	ok	
4231	{"family":"vote_soft","fold":2,"repeat":8,"rung":30}	0.039453	0.080	ok	
4232	{"family":"vote_soft","fold":3,"repeat":8,"rung":30}	0.040458	0.126	ok	
4233	{"family":"vote_soft","fold":0,"repeat":9,"rung":30}	0.083938	0.118	ok	
4234	{"family":"vote_soft","fold":1,"repeat":9,"rung":30}	0.038356	0.125	ok	
4235	{"family":"vote_soft","fold":2,"repeat":9,"rung":30}	0.027221	0.104	ok	
4236	{"family":"vote_soft","fold":3,"repeat":9,"rung":30}	0.006406	0.112	ok	
4237	{"family":"vote_soft","fold":0,"repeat":10,"rung":30}	0.022910	0.120	ok	
4238	{"family":"vote_soft","fold":1,"repeat":10,"rung":30}	0.051406	0.114	ok	
4239	{"family":"vote_soft","fold":2,"repeat":10,"rung":30}	0.053028	0.111	ok	
4240	{"family":"vote_soft","fold":3,"repeat":10,"rung":30}	0.032792	0.118	ok	
4241	{"family":"vote_soft","fold":0,"repeat":1,"rung":20}	0.033181	0.075	ok	
4242	{"family":"vote_soft","fold":1,"repeat":1,"rung":20}	0.017630	0.094	ok	
4243	{"family":"vote_soft","fold":2,"repeat":1,"rung":20}	0.044490	0.085	ok	
4244	{"family":"vote_soft","fold":3,"repeat":1,"rung":20}	0.018044	0.077	ok	
4245	{"family":"vote_soft","fold":0,"repeat":2,"rung":20}	0.078146	0.077	ok	
4246	{"family":"vote_soft","fold":1,"repeat":2,"rung":20}	0.003166	0.089	ok	
4247	{"family":"vote_soft","fold":2,"repeat":2,"rung":20}	0.066568	0.126	ok	
4248	{"family":"vote_soft","fold":3,"repeat":2,"rung":20}	0.042077	0.108	ok	
4249	{"family":"vote_soft","fold":0,"repeat":3,"rung":20}	0.029686	0.081	ok	
4250	{"family":"vote_soft","fold":1,"repeat":3,"rung":20}	0.035072	0.083	ok	
4251	{"family":"vote_soft","fold":2,"repeat":3,"rung":20}	0.021125	0.094	ok	
4252	{"family":"vote_soft","fold":3,"repeat":3,"rung":20}	0.017172	0.081	ok	
4253	{"family":"vote_soft","fold":0,"repeat":4,"rung":20}	0.099790	0.087	ok	
4254	{"family":"vote_soft","fold":1,"repeat":4,"rung":20}	0.017175	0.088	ok	
4255	{"family":"vote_soft","fold":2,"repeat":4,"rung":20}	0.031830	0.075	ok	
4256	{"family":"vote_soft","fold":3,"repeat":4,"rung":20}	0.043939	0.092	ok	
4257	{"family":"vote_soft","fold":0,"repeat":5,"rung":20}	0.036792	0.097	ok	
4258	{"family":"vote_soft","fold":1,"repeat":5,"rung":20}	0.030885	0.092	ok	
4259	{"family":"vote_soft","fold":2,"repeat":5,"rung":20}	0.054877	0.084	ok	
4260	{"family":"vote_soft","fold":3,"repeat":5,"rung":20}	0.015282	0.094	ok	
4261	{"family":"vote_soft","fold":0,"repeat":6,"rung":20}	0.036381	0.079	ok	
4262	{"family":"vote_soft","fold":1,"repeat":6,"rung":20}	0.072919	0.089	ok	
4263	{"family":"vote_soft","fold":2,"repeat":6,"rung":20}	0.024281	0.089	ok	
4264	{"family":"vote_soft","fold":3,"repeat":6,"rung":20}	0.028185	0.077	ok	
4265	{"family":"vote_soft","fold":0,"repeat":7,"rung":20}	0.015709	0.090	ok	
4266	{"family":"vote_soft","fold":1,"repeat":7,"rung":20}	0.029354	0.075	ok	
4267	{"family":"vote_soft","fold":2,"repeat":7,"rung":20}	0.074195	0.077	ok	
4268	{"family":"vote_soft","fold":3,"repeat":7,"rung":20}	0.019017	0.082	ok	
4269	{"family":"vote_soft","fold":0,"repeat":8,"rung":20}	0.051241	0.072	ok	
4270	{"family":"vote_soft","fold":1,"repeat":8,"rung":20}	0.023063	0.087	ok	
4271	{"family":"vote_soft","fold":2,"repeat":8,"rung":20}	0.055377	0.076	ok	
4272	{"family":"vote_soft","fold":3,"repeat":8,"rung":20}	0.063000	0.096	ok	
4273	{"family":"vote_soft","fold":0,"repeat":9,"rung":20}	0.058736	0.089	ok	
4274	{"family":"vote_soft","fold":1,"repeat":9,"rung":20}	0.011426	0.092	ok	
4275	{"family":"vote_soft","fold":2,"repeat":9,"rung":20}	0.022714	0.086	ok	
4276	{"family":"vote_soft","fold":3,"repeat":9,"rung":20}	0.007732	0.132	ok	
4277	{"family":"vote_soft","fold":0,"repeat":10,"rung":20}	0.024867	0.090	ok	
4278	{"family":"vote_soft","fold":1,"repeat":10,"rung":20}	0.093950	0.081	ok	
4279	{"family":"vote_soft","fold":2,"repeat":10,"rung":20}	0.052989	0.081	ok	
4280	{"family":"vote_soft","fold":3,"repeat":10,"rung":20}	0.055380	0.079	ok	
4281	{"family":"vote_soft","fold":0,"repeat":1,"rung":12}	0.035515	0.057	ok	
4282	{"family":"vote_soft","fold":1,"repeat":1,"rung":12}	0.030950	0.065	ok	
4283	{"family":"vote_soft","fold":2,"repeat":1,"rung":12}	0.137898	0.059	ok	
4284	{"family":"vote_soft","fold":3,"repeat":1,"rung":12}	0.025125	0.060	ok	
4285	{"family":"vote_soft","fold":0,"repeat":2,"rung":12}	0.075592	0.054	ok	
4286	{"family":"vote_soft","fold":1,"repeat":2,"rung":12}	0.014782	0.057	ok	
4287	{"family":"vote_soft","fold":2,"repeat":2,"rung":12}	0.092830	0.059	ok	
4288	{"family":"vote_soft","fold":3,"repeat":2,"rung":12}	0.080335	0.056	ok	
4289	{"family":"vote_soft","fold":0,"repeat":3,"rung":12}	0.037607	0.061	ok	
4290	{"family":"vote_soft","fold":1,"repeat":3,"rung":12}	0.120148	0.059	ok	
4291	{"family":"vote_soft","fold":2,"repeat":3,"rung":12}	0.035829	0.057	ok	
4292	{"family":"vote_soft","fold":3,"repeat":3,"rung":12}	0.021137	0.053	ok	
4293	{"family":"vote_soft","fold":0,"repeat":4,"rung":12}	0.040034	0.059	ok	
4294	{"family":"vote_soft","fold":1,"repeat":4,"rung":12}	0.051801	0.057	ok	
4295	{"family":"vote_soft","fold":2,"repeat":4,"rung":12}	0.037515	0.057	ok	
4296	{"family":"vote_soft","fold":3,"repeat":4,"rung":12}	0.065065	0.058	ok	
4297	{"family":"vote_soft","fold":0,"repeat":5,"rung":12}	0.038730	0.059	ok	
4298	{"family":"vote_soft","fold":1,"repeat":5,"rung":12}	0.099346	0.059	ok	
4299	{"family":"vote_soft","fold":2,"repeat":5,"rung":12}	0.071165	0.061	ok	
4300	{"family":"vote_soft","fold":3,"repeat":5,"rung":12}	0.032551	0.064	ok	
4301	{"family":"vote_soft","fold":0,"repeat":6,"rung":12}	0.238457	0.065	ok	
4302	{"family":"vote_soft","fold":1,"repeat":6,"rung":12}	0.069218	0.062	ok	
4303	{"family":"vote_soft","fold":2,"repeat":6,"rung":12}	0.030344	0.061	ok	
4304	{"family":"vote_soft","fold":3,"repeat":6,"rung":12}	0.019345	0.059	ok	
4305	{"family":"vote_soft","fold":0,"repeat":7,"rung":12}	0.008326	0.059	ok	
4306	{"family":"vote_soft","fold":1,"repeat":7,"rung":12}	0.027001	0.063	ok	
4307	{"family":"vote_soft","fold":2,"repeat":7,"rung":12}	0.090806	0.060	ok	
4308	{"family":"vote_soft","fold":3,"repeat":7,"rung":12}	0.008817	0.067	ok	
4309	{"family":"vote_soft","fold":0,"repeat":8,"rung":12}	0.073296	0.065	ok	
4310	{"family":"vote_soft","fold":1,"repeat":8,"rung":12}	0.092714	0.058	ok	
4311	{"family":"vote_soft","fold":2,"repeat":8,"rung":12}	0.070363	0.059	ok	
4312	{"family":"vote_soft","fold":3,"repeat":8,"rung":12}	0.097301	0.062	ok	
4313	{"family":"vote_soft","fold":0,"repeat":9,"rung":12}	0.113335	0.060	ok	
4314	{"family":"vote_soft","fold":1,"repeat":9,"rung":12}	0.020098	0.058	ok	
4315	{"family":"vote_soft","fold":2,"repeat":9,"rung":12}	0.058493	0.063	ok	
4316	{"family":"vote_soft","fold":3,"repeat":9,"rung":12}	0.030777	0.062	ok	
4317	{"family":"vote_soft","fold":0,"repeat":10,"rung":12}	0.035362	0.064	ok	
4318	{"family":"vote_soft","fold":1,"repeat":10,"rung":12}	0.117203	0.059	ok	
4319	{"family":"vote_soft","fold":2,"repeat":10,"rung":12}	0.056548	0.057	ok	
4320	{"family":"vote_soft","fold":3,"repeat":10,"rung":12}	0.055838	0.056	ok	
4321	{"family":"vote_soft","fold":0,"repeat":1,"rung":8}	0.194575	0.045	ok	
4322	{"family":"vote_soft","fold":1,"repeat":1,"rung":8}	0.067654	0.044	ok	
4323	{"family":"vote_soft","fold":2,"repeat":1,"rung":8}	0.126957	0.048	ok	
4324	{"family":"vote_soft","fold":3,"repeat":1,"rung":8}	0.102851	0.045	ok	
4325	{"family":"vote_soft","fold":0,"repeat":2,"rung":8}	0.123095	0.045	ok	
4326	{"family":"vote_soft","fold":1,"repeat":2,"rung":8}	0.195397	0.050	ok	
4327	{"family":"vote_soft","fold":2,"repeat":2,"rung":8}	0.217603	0.046	ok	
4328	{"family":"vote_soft","fold":3,"repeat":2,"rung":8}	0.095815	0.045	ok	
4329	{"family":"vote_soft","fold":0,"repeat":3,"rung":8}	0.098637	0.044	ok	
4330	{"family":"vote_soft","fold":1,"repeat":3,"rung":8}	0.105139	0.044	ok	
4331	{"family":"vote_soft","fold":2,"repeat":3,"rung":8}	0.090627	0.044	ok	
4332	{"family":"vote_soft","fold":3,"repeat":3,"rung":8}	0.072953	0.044	ok	
4333	{"family":"vote_soft","fold":0,"repeat":4,"rung":8}	0.088704	0.048	ok	
4334	{"family":"vote_soft","fold":1,"repeat":4,"rung":8}	0.144953	0.047	ok	
4335	{"family":"vote_soft","fold":2,"repeat":4,"rung":8}	0.084422	0.046	ok	
4336	{"family":"vote_soft","fold":3,"repeat":4,"rung":8}	0.177185	0.046	ok	
4337	{"family":"vote_soft","fold":0,"repeat":5,"rung":8}	0.118441	0.047	ok	
4338	{"family":"vote_soft","fold":1,"repeat":5,"rung":8}	0.174930	0.051	ok	
4339	{"family":"vote_soft","fold":2,"repeat":5,"rung":8}	0.116786	0.063	ok	
4340	{"family":"vote_soft","fold":3,"repeat":5,"rung":8}	0.144263	0.049	ok	
4341	{"family":"vote_soft","fold":0,"repeat":6,"rung":8}	0.149722	0.045	ok	
4342	{"family":"vote_soft","fold":1,"repeat":6,"rung":8}	0.157963	0.048	ok	
4343	{"family":"vote_soft","fold":2,"repeat":6,"rung":8}	0.067647	0.048	ok	
4344	{"family":"vote_soft","fold":3,"repeat":6,"rung":8}	0.165419	0.044	ok	
4345	{"family":"vote_soft","fold":0,"repeat":7,"rung":8}	0.070777	0.048	ok	
4346	{"family":"vote_soft","fold":1,"repeat":7,"rung":8}	0.092028	0.040	ok	
4347	{"family":"vote_soft","fold":2,"repeat":7,"rung":8}	0.152293	0.052	ok	
4348	{"family":"vote_soft","fold":3,"repeat":7,"rung":8}	0.146190	0.048	ok	
4349	{"family":"vote_soft","fold":0,"repeat":8,"rung":8}	0.087740	0.046	ok	
4350	{"family":"vote_soft","fold":1,"repeat":8,"rung":8}	0.170755	0.043	ok	
4351	{"family":"vote_soft","fold":2,"repeat":8,"rung":8}	0.091335	0.042	ok	
4352	{"family":"vote_soft","fold":3,"repeat":8,"rung":8}	0.129588	0.047	ok	
4353	{"family":"vote_soft","fold":0,"repeat":9,"rung":8}	0.195237	0.048	ok	
4354	{"family":"vote_soft","fold":1,"repeat":9,"rung":8}	0.073029	0.048	ok	
4355	{"family":"vote_soft","fold":2,"repeat":9,"rung":8}	0.232782	0.040	ok	
4356	{"family":"vote_soft","fold":3,"repeat":9,"rung":8}	0.095891	0.046	ok	
4357	{"family":"vote_soft","fold":0,"repeat":10,"rung":8}	0.107989	0.046	ok	
4358	{"family":"vote_soft","fold":1,"repeat":10,"rung":8}	0.139231	0.049	ok	
4359	{"family":"vote_soft","fold":2,"repeat":10,"rung":8}	0.100835	0.045	ok	
4360	{"family":"vote_soft","fold":3,"repeat":10,"rung":8}	0.101514	0.048	ok	
4361	{"family":"stack_logit","fold":0,"repeat":1,"rung":60}	0.031926	0.667	ok	
4362	{"family":"stack_logit","fold":1,"repeat":1,"rung":60}	0.027440	0.502	ok	
4363	{"family":"stack_logit","fold":2,"repeat":1,"rung":60}	0.051651	0.516	ok	
4364	{"family":"stack_logit","fold":3,"repeat":1,"rung":60}	0.062996	0.491	ok	
4365	{"family":"stack_logit","fold":0,"repeat":2,"rung":60}	0.063625	0.481	ok	
4366	{"family":"stack_logit","fold":1,"repeat":2,"rung":60}	0.008682	0.515	ok	
4367	{"family":"stack_logit","fold":2,"repeat":2,"rung":60}	0.037638	0.507	ok	
4368	{"family":"stack_logit","fold":3,"repeat":2,"rung":60}	0.043157	0.485	ok	
4369	{"family":"stack_logit","fold":0,"repeat":3,"rung":60}	0.018940	0.459	ok	
4370	{"family":"stack_logit","fold":1,"repeat":3,"rung":60}	0.045560	0.457	ok	
4371	{"family":"stack_logit","fold":2,"repeat":3,"rung":60}	0.029755	0.503	ok	
4372	{"family":"stack_logit","fold":3,"repeat":3,"rung":60}	0.006635	0.533	ok	
4373	{"family":"stack_logit","fold":0,"repeat":4,"rung":60}	0.099392	0.451	ok	
4374	{"family":"stack_logit","fold":1,"repeat":4,"rung":60}	0.006863	0.487	ok	
4375	{"family":"stack_logit","fold":2,"repeat":4,"rung":60}	0.049356	0.517	ok	
4376	{"family":"stack_logit","fold":3,"repeat":4,"rung":60}	0.057475	0.620	ok	
4377	{"family":"stack_logit","fold":0,"repeat":5,"rung":60}	0.017914	0.472	ok	
4378	{"family":"stack_logit","fold":1,"repeat":5,"rung":60}	0.038211	0.532	ok	
4379	{"family":"stack_logit","fold":2,"repeat":5,"rung":60}	0.027064	0.514	ok	
4380	{"family":"stack_logit","fold":3,"repeat":5,"rung":60}	0.018593	0.448	ok	
4381	{"family":"stack_logit","fold":0,"repeat":6,"rung":60}	0.027515	0.483	ok	
4382	{"family":"stack_logit","fold":1,"repeat":6,"rung":60}	0.054236	0.501	ok	
4383	{"family":"stack_logit","fold":2,"repeat":6,"rung":60}	0.024019	0.556	ok	
4384	{"family":"stack_logit","fold":3,"repeat":6,"rung":60}	0.035861	0.506	ok	
4385	{"family":"stack_logit","fold":0,"repeat":7,"rung":60}	0.023060	0.481	ok	
4386	{"family":"stack_logit","fold":1,"repeat":7,"rung":60}	0.025288	0.464	ok	
4387	{"family":"stack_logit","fold":2,"repeat":7,"rung":60}	0.055333	0.482	ok	
4388	{"family":"stack_logit","fold":3,"repeat":7,"rung":60}	0.032419	0.486	ok	
4389	{"family":"stack_logit","fold":0,"repeat":8,"rung":60}	0.015246	0.465	ok	
4390	{"family":"stack_logit","fold":1,"repeat":8,"rung":60}	0.016637	0.487	ok	
4391	{"family":"stack_logit","fold":2,"repeat":8,"rung":60}	0.038616	0.508	ok	
4392	{"family":"stack_logit","fold":3,"repeat":8,"rung":60}	0.027304	0.446	ok	
4393	{"family":"stack_logit","fold":0,"repeat":9,"rung":60}	0.047804	0.442	ok	
4394	{"family":"stack_logit","fold":1,"repeat":9,"rung":60}	0.036359	0.562	ok	
4395	{"family":"stack_logit","fold":2,"repeat":9,"rung":60}	0.021368	0.506	ok	
4396	{"family":"stack_logit","fold":3,"repeat":9,"rung":60}	0.005038	0.539	ok	
4397	{"family":"stack_logit","fold":0,"repeat":10,"rung":60}	0.022549	0.479	ok	
4398	{"family":"stack_logit","fold":1,"repeat":10,"rung":60}	0.037349	0.487	ok	
4399	{"family":"stack_logit","fold":2,"repeat":10,"rung":60}	0.038444	0.470	ok	
4400	{"family":"stack_logit","fold":3,"repeat":10,"rung":60}	0.019573	0.509	ok	
4401	{"family":"stack_logit","fold":0,"repeat":1,"rung":45}	0.028885	0.388	ok	
4402	{"family":"stack_logit","fold":1,"repeat":1,"rung":45}	0.027863	0.466	ok	
4403	{"family":"stack_logit","fold":2,"repeat":1,"rung":45}	0.047681	0.463	ok	
4404	{"family":"stack_logit","fold":3,"repeat":1,"rung":45}	0.086047	0.364	ok	
4405	{"family":"stack_logit","fold":0,"repeat":2,"rung":45}	0.069379	0.432	ok	
4406	{"family":"stack_logit","fold":1,"repeat":2,"rung":45}	0.004051	0.439	ok	
4407	{"family":"stack_logit","fold":2,"repeat":2,"rung":45}	0.040678	0.473	ok	
4408	{"family":"stack_logit","fold":3,"repeat":2,"rung":45}	0.048564	0.487	ok	
4409	{"family":"stack_logit","fold":0,"repeat":3,"rung":45}	0.021968	0.458	ok	
4410	{"family":"stack_logit","fold":1,"repeat":3,"rung":45}	0.061835	0.397	ok	
4411	{"family":"stack_logit","fold":2,"repeat":3,"rung":45}	0.039183	0.450	ok	
4412	{"family":"stack_logit","fold":3,"repeat":3,"rung":45}	0.007848	0.496	ok	
4413	{"family":"stack_logit","fold":0,"repeat":4,"rung":45}	0.112454	0.455	ok	
4414	{"family":"stack_logit","fold":1,"repeat":4,"rung":45}	0.008414	0.468	ok	
4415	{"family":"stack_logit","fold":2,"repeat":4,"rung":45}	0.040405	0.321	ok	
4416	{"family":"stack_logit","fold":3,"repeat":4,"rung":45}	0.040133	0.512	ok	
4417	{"family":"stack_logit","fold":0,"repeat":5,"rung":45}	0.012187	0.476	ok	
4418	{"family":"stack_logit","fold":1,"repeat":5,"rung":45}	0.038320	0.484	ok	
4419	{"family":"stack_logit","fold":2,"repeat":5,"rung":45}	0.037176	0.461	ok	
4420	{"family":"stack_logit","fold":3,"repeat":5,"rung":45}	0.019838	0.517	ok	
4421	{"family":"stack_logit","fold":0,"repeat":6,"rung":45}	0.037911	0.413	ok	
4422	{"family":"stack_logit","fold":1,"repeat":6,"rung":45}	0.048043	0.485	ok	
4423	{"family":"stack_logit","fold":2,"repeat":6,"rung":45}	0.028193	0.478	ok	
4424	{"family":"stack_logit","fold":3,"repeat":6,"rung":45}	0.020887	0.472	ok	
4425	{"family":"stack_logit","fold":0,"repeat":7,"rung":45}	0.035572	0.501	ok	
4426	{"family":"stack_logit","fold":1,"repeat":7,"rung":45}	0.029020	0.521	ok	
4427	{"family":"stack_logit","fold":2,"repeat":7,"rung":45}	0.068454	0.454	ok	
4428	{"family":"stack_logit","fold":3,"repeat":7,"rung":45}	0.041019	0.468	ok	
4429	{"family":"stack_logit","fold":0,"repeat":8,"rung":45}	0.030117	0.503	ok	
4430	{"family":"stack_logit","fold":1,"repeat":8,"rung":45}	0.018973	0.487	ok	
4431	{"family":"stack_logit","fold":2,"repeat":8,"rung":45}	0.040806	0.405	ok	
4432	{"family":"stack_logit","fold":3,"repeat":8,"rung":45}	0.060385	0.441	ok	
4433	{"family":"stack_logit","fold":0,"repeat":9,"rung":45}	0.067985	0.463	ok	
4434	{"family":"stack_logit","fold":1,"repeat":9,"rung":45}	0.041563	0.493	ok	
4435	{"family":"stack_logit","fold":2,"repeat":9,"rung":45}	0.028470	0.505	ok	
4436	{"family":"stack_logit","fold":3,"repeat":9,"rung":45}	0.008165	0.459	ok	
4437	{"family":"stack_logit","fold":0,"repeat":10,"rung":45}	0.027589	0.469	ok	
4438	{"family":"stack_logit","fold":1,"repeat":10,"rung":45}	0.052617	0.511	ok	
4439	{"family":"stack_logit","fold":2,"repeat":10,"rung":45}	0.039248	0.377	ok	
4440	{"family":"stack_logit","fold":3,"repeat":10,"rung":45}	0.032174	0.424	ok	
4441	{"family":"stack_logit","fold":0,"repeat":1,"rung":30}	0.027812	0.309	ok	
4442	{"family":"stack_logit","fold":1,"repeat":1,"rung":30}	0.035544	0.400	ok	
4443	{"family":"stack_logit","fold":2,"repeat":1,"rung":30}	0.049059	0.391	ok	
4444	{"family":"stack_logit","fold":3,"repeat":1,"rung":30}	0.019683	0.319	ok	
4445	{"family":"stack_logit","fold":0,"repeat":2,"rung":30}	0.070807	0.310	ok	
4446	{"family":"stack_logit","fold":1,"repeat":2,"rung":30}	0.008563	0.360	ok	
4447	{"family":"stack_logit","fold":2,"repeat":2,"rung":30}	0.064095	0.374	ok	
4448	{"family":"stack_logit","fold":3,"repeat":2,"rung":30}	0.049810	0.380	ok	
4449	{"family":"stack_logit","fold":0,"repeat":3,"rung":30}	0.035523	0.340	ok	
4450	{"family":"stack_logit","fold":1,"repeat":3,"rung":30}	0.061250	0.335	ok	
4451	{"family":"stack_logit","fold":2,"repeat":3,"rung":30}	0.038501	0.379	ok	
4452	{"family":"stack_logit","fold":3,"repeat":3,"rung":30}	0.023465	0.342	ok	
4453	{"family":"stack_logit","fold":0,"repeat":4,"rung":30}	0.136621	0.318	ok	
4454	{"family":"stack_logit","fold":1,"repeat":4,"rung":30}	0.018802	0.395	ok	
4455	{"family":"stack_logit","fold":2,"repeat":4,"rung":30}	0.036870	0.340	ok	
4456	{"family":"stack_logit","fold":3,"repeat":4,"rung":30}	0.041875	0.370	ok	
4457	{"family":"stack_logit","fold":0,"repeat":5,"rung":30}	0.022922	0.362	ok	
4458	{"family":"stack_logit","fold":1,"repeat":5,"rung":30}	0.034728	0.377	ok	
4459	{"family":"stack_logit","fold":2,"repeat":5,"rung":30}	0.079670	0.371	ok	
4460	{"family":"stack_logit","fold":3,"repeat":5,"rung":30}	0.030704	0.403	ok	
4461	{"family":"stack_logit","fold":0,"repeat":6,"rung":30}	0.046769	0.332	ok	
4462	{"family":"stack_logit","fold":1,"repeat":6,"rung":30}	0.085623	0.357	ok	
4463	{"family":"stack_logit","fold":2,"repeat":6,"rung":30}	0.038730	0.370	ok	
4464	{"family":"stack_logit","fold":3,"repeat":6,"rung":30}	0.025590	0.406	ok	
4465	{"family":"stack_logit","fold":0,"repeat":7,"rung":30}	0.023657	0.397	ok	
4466	{"family":"stack_logit","fold":1,"repeat":7,"rung":30}	0.044696	0.420	ok	
4467	{"family":"stack_logit","fold":2,"repeat":7,"rung":30}	0.075885	0.413	ok	
4468	{"family":"stack_logit","fold":3,"repeat":7,"rung":30}	0.042179	0.377	ok	
4469	{"family":"stack_logit","fold":0,"repeat":8,"rung":30}	0.059457	0.315	ok	
4470	{"family":"stack_logit","fold":1,"repeat":8,"rung":30}	0.023625	0.407	ok	
4471	{"family":"stack_logit","fold":2,"repeat":8,"rung":30}	0.044002	0.342	ok	
4472	{"family":"stack_logit","fold":3,"repeat":8,"rung":30}	0.068530	0.404	ok	
4473	{"family":"stack_logit","fold":0,"repeat":9,"rung":30}	0.098516	0.362	ok	
4474	{"family":"stack_logit","fold":1,"repeat":9,"rung":30}	0.044553	0.383	ok	
4475	{"family":"stack_logit","fold":2,"repeat":9,"rung":30}	0.050986	0.372	ok	
4476	{"family":"stack_logit","fold":3,"repeat":9,"rung":30}	0.016391	0.403	ok	
4477	{"family":"stack_logit","fold":0,"repeat":10,"rung":30}	0.038085	0.397	ok	
4478	{"family":"stack_logit","fold":1,"repeat":10,"rung":30}	0.074600	0.371	ok	
4479	{"family":"stack_logit","fold":2,"repeat":10,"rung":30}	0.047955	0.358	ok	
4480	{"family":"stack_logit","fold":3,"repeat":10,"rung":30}	0.045553	0.414	ok	
4481	{"family":"stack_logit","fold":0,"repeat":1,"rung":20}	0.041035	0.270	ok	
4482	{"family":"stack_logit","fold":1,"repeat":1,"rung":20}	0.030447	0.281	ok	
4483	{"family":"stack_logit","fold":2,"repeat":1,"rung":20}	0.062277	0.293	ok	
4484	{"family":"stack_logit","fold":3,"repeat":1,"rung":20}	0.032288	0.260	ok	
4485	{"family":"stack_logit","fold":0,"repeat":2,"rung":20}	0.089681	0.259	ok	
4486	{"family":"stack_logit","fold":1,"repeat":2,"rung":20}	0.026942	0.259	ok	
4487	{"family":"stack_logit","fold":2,"repeat":2,"rung":20}	0.084146	0.262	ok	
4488	{"family":"stack_logit","fold":3,"repeat":2,"rung":20}	0.052776	0.269	ok	
4489	{"family":"stack_logit","fold":0,"repeat":3,"rung":20}	0.046880	0.276	ok	
4490	{"family":"stack_logit","fold":1,"repeat":3,"rung":20}	0.051816	0.258	ok	
4491	{"family":"stack_logit","fold":2,"repeat":3,"rung":20}	0.047367	0.269	ok	
4492	{"family":"stack_logit","fold":3,"repeat":3,"rung":20}	0.021594	0.256	ok	
4493	{"family":"stack_logit","fold":0,"repeat":4,"rung":20}	0.098727	0.262	ok	
4494	{"family":"stack_logit","fold":1,"repeat":4,"rung":20}	0.032502	0.278	ok	
4495	{"family":"stack_logit","fold":2,"repeat":4,"rung":20}	0.038728	0.278	ok	
4496	{"family":"stack_logit","fold":3,"repeat":4,"rung":20}	0.055260	0.268	ok	
4497	{"family":"stack_logit","fold":0,"repeat":5,"rung":20}	0.054531	0.279	ok	
4498	{"family":"stack_logit","fold":1,"repeat":5,"rung":20}	0.064981	0.266	ok	
4499	{"family":"stack_logit","fold":2,"repeat":5,"rung":20}	0.071239	0.257	ok	
4500	{"family":"stack_logit","fold":3,"repeat":5,"rung":20}	0.029693	0.299	ok	
4501	{"family":"stack_logit","fold":0,"repeat":6,"rung":20}	0.073457	0.262	ok	
4502	{"family":"stack_logit","fold":1,"repeat":6,"rung":20}	0.116142	0.299	ok	
4503	{"family":"stack_logit","fold":2,"repeat":6,"rung":20}	0.047874	0.255	ok	
4504	{"family":"stack_logit","fold":3,"repeat":6,"rung":20}	0.040413	0.252	ok	
4505	{"family":"stack_logit","fold":0,"repeat":7,"rung":20}	0.030098	0.275	ok	
4506	{"family":"stack_logit","fold":1,"repeat":7,"rung":20}	0.043252	0.260	ok	
4507	{"family":"stack_logit","fold":2,"repeat":7,"rung":20}	0.081939	0.255	ok	
4508	{"family":"stack_logit","fold":3,"repeat":7,"rung":20}	0.035821	0.273	ok	
4509	{"family":"stack_logit","fold":0,"repeat":8,"rung":20}	0.090609	0.258	ok	
4510	{"family":"stack_logit","fold":1,"repeat":8,"rung":20}	0.032893	0.268	ok	
4511	{"family":"stack_logit","fold":2,"repeat":8,"rung":20}	0.065305	0.261	ok	
4512	{"family":"stack_logit","fold":3,"repeat":8,"rung":20}	0.093496	0.418	ok	
4513	{"family":"stack_logit","fold":0,"repeat":9,"rung":20}	0.072107	0.265	ok	
4514	{"family":"stack_logit","fold":1,"repeat":9,"rung":20}	0.020256	0.266	ok	
4515	{"family":"stack_logit","fold":2,"repeat":9,"rung":20}	0.052758	0.257	ok	
4516	{"family":"stack_logit","fold":3,"repeat":9,"rung":20}	0.031897	0.284	ok	
4517	{"family":"stack_logit","fold":0,"repeat":10,"rung":20}	0.035554	0.272	ok	
4518	{"family":"stack_logit","fold":1,"repeat":10,"rung":20}	0.103118	0.280	ok	
4519	{"family":"stack_logit","fold":2,"repeat":10,"rung":20}	0.057518	0.250	ok	
4520	{"family":"stack_logit","fold":3,"repeat":10,"rung":20}	0.047354	0.249	ok	
